id,izena,emaila,hiria,adina
1,Julián Joaquín Saavedra Cantero,izaguirreabraham@example.org,Alicante,26
2,Julie Correa Amores,alvarotorralba@example.net,Álava,29
3,Curro Lucena,custodia46@example.net,Tarragona,46
4,Sabina Noriega Cifuentes,estela75@example.com,Ciudad,34
5,Leticia de Carlos,rcabrera@example.net,Ceuta,42
6,Jaime Herrero Plaza,jimenezjuanita@example.org,Las Palmas,55
7,Hilario Carro Lago,amancioanaya@example.com,Tarragona,47
8,Asdrubal Viana Andreu,varregui@example.org,La Rioja,57
9,Salomé Gárate Castillo,efraincatala@example.org,Lleida,65
10,Mario Wálter Lladó Núñez,berenguersilvia@example.org,Navarra,34
11,Paca de Escalona,oscarpombo@example.org,Ávila,36
12,Inocencio Calzada,angelicaquintero@example.com,Huesca,73
13,Sofía Rico Acedo,florencia87@example.net,Toledo,35
14,Lisandro Bernad Salgado,xcoca@example.org,Huesca,18
15,Dora Andres Feliu,azeneth37@example.org,Ciudad,46
16,Salud Espejo,nsalom@example.com,Baleares,54
17,Nacho Soriano Arroyo,pinolmartirio@example.org,Navarra,29
18,Jafet Arellano Palau,aranzazu43@example.com,Santa Cruz de Tenerife,19
19,Rosendo del Meléndez,eustaquio79@example.org,Cádiz,71
20,Samu Díaz Paniagua,nalvarez@example.com,Almería,52
21,Anunciación Ledesma Oliver,burgosruben@example.org,Cantabria,21
22,Lucila Mendoza Coloma,estradadimas@example.org,Lleida,18
23,Severo Ávila-Prado,catalina35@example.com,Alicante,63
24,Demetrio Badía Galvez,baenaambrosio@example.net,Murcia,50
25,Amado Criado-Puga,jenniferserrano@example.org,Santa Cruz de Tenerife,62
26,Fabián Ángel Carreño,doritadiego@example.net,Almería,71
27,Encarnacion Fátima Álvarez Tejedor,leonel90@example.com,Valencia,38
28,Benigna Pelayo,caronuria@example.org,Álava,68
29,Elena Montalbán,maximinomadrid@example.org,Lleida,27
30,Anselma Tenorio Sanmiguel,eleuteriopolo@example.org,Navarra,27
31,Albano Acedo-Lillo,petrona23@example.org,La Rioja,49
32,Raimundo Medina Nuñez,mireia30@example.com,Guadalajara,23
33,Ofelia Amaya Carbajo,rtejada@example.net,Álava,61
34,Marcio del Arenas,buendiaeulalia@example.org,Ourense,73
35,José Manuel Guillen Pozo,gallonazario@example.com,Guadalajara,52
36,Elena Nélida Barreda Collado,rodrigo53@example.com,Salamanca,29
37,Jordi Donaire Vilanova,marta67@example.org,Barcelona,48
38,Miguel Ángel Ávila Fabregat,gil94@example.com,Lugo,45
39,Joaquina Cámara Dalmau,juliana02@example.net,Córdoba,73
40,Eutropio Gastón Jara Francisco,scasas@example.org,Albacete,64
41,Nicolás Comas Marin,cirinosalvador@example.com,Cáceres,64
42,Charo Sierra Nebot,priscilavaldes@example.com,Granada,20
43,Epifanio de Llopis,tlobo@example.org,Pontevedra,29
44,Abigaíl Albero Céspedes,rosario27@example.net,Barcelona,32
45,Gastón Jove Maza,rodolfo34@example.com,Cuenca,30
46,Francisco Jose Luján Somoza,pepitasabater@example.org,Pontevedra,45
47,Josué Sanchez Sosa,ricardoguijarro@example.org,Guipúzcoa,78
48,Águeda Ferrández,palmira17@example.com,Castellón,20
49,Rocío Arnal Granados,fvara@example.com,Girona,68
50,Abel Mariscal Pérez,salaleoncio@example.net,Baleares,79
51,Isa Donaire Barberá,sripoll@example.com,Almería,21
52,Jose Miguel Sanabria Téllez,gertrudissastre@example.com,Girona,48
53,Ariadna Juárez Santamaria,mconesa@example.com,Cádiz,26
54,Rogelio Aguirre Cuenca,igilabert@example.com,Lleida,48
55,Milagros Meléndez Cuervo,olegario77@example.org,Badajoz,31
56,Herminia Pascual Villa,rgimenez@example.org,Asturias,30
57,Armida Morera Peláez,juliana83@example.com,Murcia,30
58,Cruz Luján,teourena@example.org,Huesca,61
59,Nicodemo Folch Alvarez,ncuellar@example.org,Soria,68
60,Visitación Vendrell Mármol,gironaagustina@example.com,Salamanca,61
61,Horacio Manzanares Cervantes,jose-maria04@example.com,León,23
62,Lisandro Molins Sabater,riglesias@example.com,Valencia,71
63,Aura Vigil Barrena,xalcalde@example.net,Almería,34
64,Macaria Madrid Caballero,aristidessoler@example.org,Cuenca,56
65,Leoncio Sanjuan Mosquera,genoveva92@example.net,Ciudad,46
66,Morena Sanabria-Pujadas,benavidesjacobo@example.net,Badajoz,30
67,Alexandra Codina Ochoa,cerverarosalva@example.com,Albacete,21
68,Jose Antonio Álvarez Mayoral,ccasanova@example.org,Lugo,40
69,Natalia Amada Castilla Blanch,fernandoocana@example.org,Baleares,41
70,Diana del Galan,juliana56@example.org,Alicante,77
71,Martín Alberto Revilla,bautistaabascal@example.org,León,72
72,Bárbara Zurita-Robledo,graciapedrosa@example.com,Granada,72
73,Hernando Borrego Estrada,marinbonifacio@example.net,Girona,18
74,Edu Pereira Pino,alegriacalixto@example.net,Santa Cruz de Tenerife,53
75,Alicia Toro Mascaró,mamennoriega@example.net,La Rioja,21
76,Eli Pallarès Gallardo,qherranz@example.com,Santa Cruz de Tenerife,71
77,Cristina Aragonés Aramburu,antoniapalmer@example.net,Salamanca,38
78,Amador Segura,qvara@example.com,Las Palmas,55
79,Encarna Espinosa Sarabia,batllejenny@example.com,León,54
80,Sosimo Segovia Cózar,joanteruel@example.org,Valladolid,23
81,Ramona Aller Escrivá,dorita80@example.net,Barcelona,22
82,Cloe Cerdá Berenguer,toroelpidio@example.org,Almería,57
83,María Ángeles Noguera,pcampoy@example.com,Cáceres,52
84,Nilda Vallés Palomo,earmas@example.net,Lugo,27
85,Victoria Macaria Ribes Piñol,saturninaanguita@example.org,Girona,34
86,Pía Garriga Vallés,hsantos@example.org,Álava,40
87,Rosendo Bello Caballero,cesartello@example.com,Baleares,57
88,Hipólito Caro,judithmena@example.com,Segovia,27
89,Cesar Mancebo Palau,bacero@example.org,Murcia,78
90,Asdrubal Segura Alba,annacanellas@example.org,Ciudad,73
91,Daniel Alcázar-Vilanova,antoniosaura@example.net,Córdoba,27
92,Cecilio Peral-Menéndez,eliassilvio@example.org,Palencia,80
93,Paula Ricart-Sosa,cuevasjose-mari@example.net,Segovia,54
94,Amparo Aurora Andres Rozas,dminguez@example.org,Burgos,33
95,Óscar Baeza Menendez,bertagallart@example.com,Palencia,25
96,Yago Chaparro Haro,florenciavizcaino@example.org,Navarra,31
97,Severiano Herminio Juan Arroyo,coronadoluis@example.org,Ciudad,75
98,Teobaldo del Zabaleta,marinaflor@example.org,Palencia,33
99,Patricio Montes Gimenez,fajardocamilo@example.org,Zaragoza,52
100,Lisandro Montes Hernandez,aalmansa@example.net,Madrid,76
101,Nicolás Montaña,plinio15@example.com,Santa Cruz de Tenerife,56
102,Toribio de Valenciano,madrigalfelix@example.com,Soria,56
103,Gaspar Escalona,linamachado@example.com,Guipúzcoa,39
104,Sebastian Lucena-Fabra,nvelasco@example.com,Huesca,29
105,Rosenda Berrocal Yuste,antonvirgilio@example.org,Guipúzcoa,70
106,Ariel Márquez Mancebo,gimenezramon@example.com,La Coruña,75
107,Elodia del Llamas,panfilo34@example.org,Valencia,71
108,Mario Lucas López,renataestevez@example.net,La Coruña,25
109,Azahar Juliana Clavero Correa,pelayotecla@example.com,Lugo,25
110,Susana Aroa Sierra Ariño,emilianamalo@example.com,Huesca,20
111,Quique Bautista Larrañaga Delgado,iban30@example.org,Zaragoza,41
112,Pascual Grande Pallarès,pvall@example.com,Huelva,32
113,Chema Llano-Rebollo,nnadal@example.com,Ceuta,69
114,Pía Chamorro Sandoval,bauzatania@example.com,Córdoba,65
115,Yolanda Burgos Asensio,lsabater@example.org,Melilla,60
116,Armando Ciríaco Castejón Gálvez,nataliocortina@example.org,Huelva,80
117,Nicolás Luis Barral Alcalde,vilaplanaeloisa@example.net,Las Palmas,77
118,Clarisa Juliá Arteaga,almudenaprats@example.org,Palencia,65
119,Amaro Sarabia-Morante,lobatoadelaida@example.org,Salamanca,47
120,Primitiva Bernat Girón,pmartinez@example.net,Vizcaya,24
121,Rogelio Villalonga Riba,amadalozano@example.com,La Rioja,45
122,Amancio del Riba,marita67@example.net,Murcia,47
123,Valerio Tello,hvicente@example.com,Badajoz,23
124,Carlos Manjón Solsona,almazanjuan-luis@example.com,Murcia,31
125,Kike Flor Rios,estercortes@example.com,Navarra,43
126,Tito Cuéllar Bautista,comassigfrido@example.com,Córdoba,61
127,Albert Tena Villalobos,chuchocampoy@example.net,Guipúzcoa,54
128,Jesusa Landa Borrego,elisamur@example.com,León,46
129,Gil Nicolás,roperoesther@example.net,León,24
130,Itziar Cózar Belda,llopispaloma@example.com,La Coruña,77
131,Paulina Arnau,titoibarra@example.com,La Rioja,28
132,Casandra Andrés,zmarcos@example.org,Teruel,21
133,Maxi Nazario Mármol Echeverría,jose-marialcolea@example.org,Valladolid,25
134,Camilo Pintor Maza,flavio38@example.net,Valencia,67
135,Bautista José María Galván Pinto,roviramartirio@example.org,Huesca,54
136,Blanca Izaguirre Mínguez,amanda32@example.org,Teruel,53
137,Agustín Mas Mulet,msolana@example.org,Cáceres,56
138,Lara Carbonell Jáuregui,inescepeda@example.com,Murcia,30
139,Alonso Romeu-Calderón,hortensiabriones@example.org,Girona,40
140,Visitación Sandra Prats Manzano,samu51@example.com,Alicante,40
141,Hortensia Cases Palma,uriera@example.org,Burgos,24
142,Leyre Montes Botella,burgosflorinda@example.net,Soria,69
143,Leandra Requena Estrada,jdominguez@example.org,Álava,50
144,Cecilio Jafet Márquez Rius,chuspons@example.net,Zaragoza,51
145,Juan Manuel Carnero Vicens,paulinogoni@example.com,Madrid,55
146,Valentín Medina Ribera,vasco82@example.com,Guadalajara,28
147,Quirino de Mateos,timoteocaro@example.org,La Coruña,74
148,Azahar Alcázar,emarino@example.net,Murcia,31
149,Bibiana Izquierdo Puente,saldanavaleria@example.net,Ávila,70
150,Abel Niño-Ferrández,amadaberrocal@example.net,Guadalajara,57
151,Guillermo Rebollo,eusebiovillaverde@example.org,Girona,53
152,Carmela del Rios,fermin40@example.net,Cuenca,50
153,Ignacia Salomé Fernández Bravo,iker67@example.org,Barcelona,25
154,Fulgencio Tejedor-Antón,melisa06@example.org,La Coruña,58
155,Alba Sanmiguel,chita34@example.com,Vizcaya,54
156,Silvestre Pera Jurado,rmata@example.net,Cuenca,39
157,Diana Vigil,wpedro@example.net,Melilla,49
158,Andrés Miralles-Torre,emendez@example.net,Asturias,20
159,Dorita Ros,francisco-javiercamacho@example.com,León,61
160,Lisandro Girona Robles,jose-mari88@example.org,La Rioja,37
161,Magdalena Galiano Aller,maximino76@example.net,Barcelona,69
162,Chuy Amador Ferrández,deliavalderrama@example.com,Baleares,30
163,Teodora Escudero Casares,psoto@example.net,Cáceres,75
164,Eusebio Nadal-Mateos,fortunato96@example.com,Baleares,49
165,Zoraida Bayón-Pinto,maximiano45@example.com,Cádiz,25
166,Inocencio Ayuso-Carballo,bcalderon@example.com,Cáceres,53
167,Irma Morera Pulido,nayarasanjuan@example.com,Murcia,22
168,Abel Galindo,isegura@example.org,Huesca,39
169,Darío Soria Santana,diazreyes@example.org,Cantabria,44
170,Claudio Esteban Hernández Goñi,asoler@example.net,Almería,36
171,Raúl Ripoll Cantero,atejera@example.com,Teruel,66
172,Candelario Feijoo Ripoll,jose-manuel58@example.org,La Coruña,18
173,Tiburcio Beltrán Diaz,rpineda@example.org,Guadalajara,60
174,Marisela Vallés,lolamarti@example.org,Málaga,55
175,Natalio del Díez,dominguezfidela@example.org,Salamanca,26
176,Caridad Mancebo Mateu,iborracarmelo@example.net,Guipúzcoa,26
177,Samanta Francisca Segovia Figueroa,barcocustodio@example.net,Toledo,37
178,Azahara Cadenas Viña,bernardabadia@example.org,Castellón,50
179,Jerónimo Cerezo Vall,elpidio62@example.org,Ciudad,44
180,Javiera Castilla Cobo,ariadnafajardo@example.com,Cáceres,34
181,Sosimo Sotelo Antón,diezpaco@example.org,Toledo,19
182,Natanael Ureña Manuel,fsalom@example.com,Cádiz,38
183,Natanael del Vall,diegoparejo@example.net,Lugo,45
184,Calisto Amador Vilanova Tur,penalveraristides@example.net,Ourense,28
185,Pacífica de Cepeda,zamoraloreto@example.com,Santa Cruz de Tenerife,67
186,Alondra Mir Monreal,espananatanael@example.com,Palencia,49
187,Brunilda Catalán-Luz,jandres@example.net,Barcelona,50
188,Carina Marin,eric66@example.com,Ceuta,68
189,Rosalva Gibert Carmona,coboester@example.org,Melilla,45
190,Albert Río Bayona,gomilarufina@example.net,Palencia,22
191,Raquel Carbajo Lucas,salesjuan-francisco@example.net,Girona,30
192,Fátima del Pereira,teodorosaez@example.com,Huesca,61
193,Fortunato Lastra,rtenorio@example.org,Granada,31
194,Celestina Guillén Andreu,rosendomendez@example.com,Zaragoza,60
195,Bernarda Díez Montoya,novoamaribel@example.org,Girona,31
196,Marisa Salcedo Mosquera,belloflorencio@example.net,La Rioja,34
197,Melania Escobar Cuenca,conderogelio@example.org,Zaragoza,74
198,Abilio Roma Nadal,qborrell@example.net,Salamanca,18
199,Vicenta Chacón,tfuertes@example.net,Murcia,59
200,Clímaco Gras Paredes,jaumeyago@example.org,Alicante,43
201,Bonifacio Jurado,rene42@example.org,Lugo,70
202,Liliana Campos Izquierdo,pilicalderon@example.org,Guadalajara,50
203,Loreto Quintana,fausto79@example.org,Guadalajara,64
204,Melania Tecla Vigil Pareja,grauestrella@example.com,Murcia,60
205,Lisandro Rodrigo,moranepifanio@example.net,Barcelona,21
206,Encarnación Moreno Arregui,agudofaustino@example.org,Salamanca,79
207,Casandra Álamo Chamorro,sarmientofortunata@example.com,Huesca,62
208,Nazaret Cabezas Palau,kbarcena@example.net,Álava,20
209,Corona Ramón-Pineda,domingarodrigo@example.net,Ciudad,79
210,Casandra Jara Borrell,puertasofia@example.net,La Coruña,41
211,Áurea Contreras Crespi,halcantara@example.org,Ceuta,76
212,Inocencio Cepeda Anaya,noealegre@example.org,Murcia,40
213,Amada Pacheco Cazorla,pedrosajuan-francisco@example.org,Lugo,41
214,Ruth Montserrat Cabañas,gloria87@example.org,Asturias,50
215,Javier Neira Calderón,arevalotelmo@example.net,Lugo,59
216,Nerea Herranz,vascobarcelo@example.net,Girona,66
217,Chucho Tur,juan22@example.org,Teruel,80
218,Palmira de Falcón,jbarroso@example.net,Lleida,55
219,José Mari Lucena Somoza,lina60@example.net,Huelva,45
220,René Nacio Jordá Lluch,olgamontero@example.net,Huesca,79
221,Dalila Azahara Luna Cobo,claudiafranch@example.org,Badajoz,67
222,Eufemia Llanos Hernández,marricart@example.com,Ceuta,47
223,Clotilde Cantón Ángel,roperosilvio@example.org,Burgos,75
224,Florinda Julia Prado Arellano,nazarioazcona@example.net,Ávila,29
225,Mateo Busquets Juárez,aguadoperla@example.org,Alicante,75
226,Isidoro Benitez Cañellas,vargasisidro@example.com,Ciudad,60
227,Belen Chacón Almeida,chus55@example.org,Almería,37
228,Cebrián Barba,noriegapastora@example.net,Málaga,67
229,Benjamín del Ugarte,olegario66@example.com,Madrid,27
230,Herberto Ferrando Rozas,benigna80@example.org,Alicante,78
231,Florencio Alcaraz Castells,ariasseverino@example.com,Navarra,30
232,Fortunato Roig Talavera,eelorza@example.com,Ourense,72
233,Nilda Ledesma Cruz,qcalatayud@example.net,Ourense,69
234,Valeria Mínguez Molina,roldanpons@example.org,Toledo,41
235,Telmo Gelabert Gonzalez,fernandaesteban@example.org,Lugo,59
236,Aureliano Amor Poza,pascualpablo@example.net,Murcia,24
237,Andrea Escalona Milla,bernadnydia@example.net,Valladolid,61
238,Rafaela de Lopez,lupe48@example.net,Almería,31
239,Efraín Blanch,lorenzovictor-manuel@example.net,León,62
240,Nazario Nogués Lastra,bbosch@example.net,Melilla,20
241,Cayetana Acevedo-Salvador,dionisia95@example.com,Córdoba,42
242,Iván Cañas Quirós,eutimio30@example.org,Cáceres,69
243,Estefanía Atienza,salud19@example.org,León,66
244,Benigno Salvà Giner,domitila97@example.org,Pontevedra,69
245,Adora Palacios-Rosselló,maura27@example.org,Teruel,55
246,Tiburcio de Peralta,balmansa@example.com,La Rioja,21
247,Filomena Miró,amando70@example.org,Valladolid,70
248,Alejandra Evita Palacio Landa,jbellido@example.net,Badajoz,70
249,Juana Zorrilla-Cabañas,yroman@example.com,Lugo,48
250,Ricarda del Colom,arenasjordana@example.org,Ourense,56
251,Nicolasa Adoración Heredia Busquets,falcolea@example.net,Alicante,24
252,Teresita Domingo Villar,cabellocebrian@example.org,La Rioja,62
253,Edelmiro Aliaga Pérez,darribas@example.com,La Coruña,27
254,Marcial Sáez Castañeda,hidalgocarla@example.org,Madrid,73
255,Mauricio Nazario Llamas Mulet,coronadoana-sofia@example.com,Badajoz,33
256,Luciana Zamora Vera,oarevalo@example.org,La Rioja,58
257,Bibiana Coral Isern Bustos,umayol@example.net,Teruel,61
258,Vanesa Tapia-Martí,ipriego@example.net,Albacete,59
259,Bernardino Pedraza Blanes,oruiz@example.org,Melilla,21
260,Américo Alberto-Méndez,codinasamuel@example.net,Cuenca,40
261,Amanda del Doménech,iborramartina@example.com,Girona,18
262,Alejo Valera,pascuala10@example.com,Cáceres,39
263,Daniel Avilés Sola,robertomarques@example.com,Ciudad,39
264,Rosalina Peinado Farré,julio-cesarcuesta@example.com,Zaragoza,24
265,Andrés de Ramírez,margarita25@example.net,Cuenca,34
266,Belen Frías Borrás,jorgepinto@example.org,Soria,77
267,Serafina Cuesta-Marqués,wcastilla@example.net,Girona,27
268,Elba Ayala Jerez,marianovergara@example.net,Cantabria,62
269,Paz Beltrán Cruz,ale32@example.org,Cuenca,64
270,Santos Ibáñez Nicolau,nespanol@example.net,Toledo,68
271,Flor Reina Sandoval,tenareyes@example.com,Valencia,33
272,Lupe Fortuny Nebot,nginer@example.com,Castellón,35
273,Nidia del Aguiló,busquetsherberto@example.net,Álava,26
274,Octavio Pozo Company,debora47@example.com,Cádiz,31
275,Lucas del Rey,jlanda@example.com,Córdoba,39
276,Olalla Lucila Dueñas Hoyos,alvarezmanolo@example.org,Guadalajara,54
277,Anunciación Revilla Sierra,benavidessevero@example.com,La Coruña,59
278,Emilio del Vergara,brunildaescamilla@example.com,Ceuta,34
279,Paco Páez-Mancebo,simonllobet@example.net,Zaragoza,29
280,Cruz Gascón Reig,amparo49@example.org,Jaén,41
281,Pepito de Santos,expositojose-antonio@example.com,La Coruña,45
282,Lázaro de Amores,millansusana@example.org,Ourense,31
283,Diana Rodriguez Marin,herviamodesto@example.org,León,51
284,Borja Arnal Vall,cmendoza@example.net,Almería,50
285,José Manuel Azorin Baena,flor70@example.org,Lugo,50
286,Desiderio Riba Lladó,serafina02@example.net,Toledo,43
287,Natalio Cerdán Piñeiro,srosello@example.org,Cantabria,49
288,Bonifacio Castrillo Machado,jennifer36@example.net,Granada,64
289,María Dolores Cases-Valenzuela,pellicerlorenzo@example.net,Ciudad,18
290,Nélida Aragonés Arregui,nicodemo57@example.org,Girona,31
291,Virgilio Arrieta Llamas,angelicablanes@example.com,Salamanca,63
292,Plácido Arribas Ballester,slaguna@example.org,Madrid,66
293,Norberto Jose Ignacio Gabaldón Vilanova,gilberto61@example.net,Vizcaya,35
294,Perla Mateo Badía,tbartolome@example.org,Madrid,48
295,María Manuela Méndez-Terrón,maria-carmen42@example.net,Salamanca,28
296,Macaria Morán Sosa,onofre68@example.com,Girona,72
297,Jordi Guerrero Ferrera,xaroca@example.org,Cáceres,43
298,Valero Laguna Quintanilla,barralvito@example.org,Alicante,76
299,Basilio del Huguet,dulce01@example.com,Burgos,34
300,Isabela de Martinez,pacificafuentes@example.org,Ciudad,72
301,Jose Ramón Guitart Montenegro,carlosbaquero@example.net,Granada,68
302,Nacio Puig,xbeltran@example.net,Cáceres,56
303,Anselmo Coca Barrios,emacorbacho@example.com,León,51
304,Benita Garzón Bosch,salaesteban@example.com,Álava,35
305,Rolando Bello Company,uribecalisto@example.org,Valencia,18
306,Dan Alcalá-Moya,jovitasevilla@example.com,Málaga,66
307,Eliseo Mercader Valenciano,albano62@example.org,Girona,40
308,Cristina Valero-Piñeiro,tatianacuesta@example.org,Valladolid,73
309,Otilia Bermúdez Casanovas,farreileana@example.net,Cuenca,29
310,Abilio Espada-Garmendia,amarouriarte@example.com,Zaragoza,34
311,Jose Miguel Galiano Garrido,felix27@example.org,Alicante,23
312,Matías Collado-Roman,dviana@example.org,Lleida,57
313,Vicente de Uriarte,anastasio56@example.net,Pontevedra,68
314,Benigna Pou Palomares,benignamartin@example.org,Ceuta,19
315,Chelo Adriana Paniagua Iniesta,jordanaalcala@example.com,Toledo,62
316,Mónica Herrero Uría,miriamnicolau@example.com,Navarra,48
317,Eleuterio Cazorla Marqués,maria-cristinacalleja@example.com,Albacete,54
318,Martin Daniel Costa López,fanny49@example.net,Guadalajara,66
319,Delia Romero Carmona,wfajardo@example.org,Segovia,43
320,Ariel Barrera Escrivá,amorrosales@example.org,Salamanca,38
321,Odalys Seco Diaz,torrecillacleto@example.com,Segovia,50
322,Ámbar Torrecilla Vidal,alejandraroldan@example.org,Ceuta,48
323,Oriana Nélida Sanabria Gallart,marioporta@example.com,Jaén,67
324,Timoteo Santiago Gual,ljordan@example.net,Soria,28
325,Adelaida Blanca Tirado,barriospatricia@example.com,Burgos,48
326,Eloísa Aliaga Bauzà,anselmaocana@example.org,Alicante,75
327,Soraya Macias Osuna,marcialcastellanos@example.org,Salamanca,41
328,Eloy Ramón Sandoval,inocencio37@example.org,Lugo,46
329,Eduardo Iker Heredia Verdugo,tiburciotejero@example.com,Girona,32
330,Feliciana Báez Herrera,clemente51@example.net,Castellón,26
331,Carlos Diego Sanz Yáñez,ledesmasusana@example.org,Girona,48
332,Imelda Alegria Hernandez,esmeraldarozas@example.net,Ceuta,64
333,Ovidio Porras,lucila24@example.org,Teruel,58
334,Felicidad Cadenas-Coronado,luis-angel57@example.org,Ciudad,58
335,Joaquina Moll Almagro,jennifer05@example.org,Lugo,38
336,Eulalia Checa,irosales@example.net,Albacete,20
337,Nydia Puig Casado,trinidadmartorell@example.com,Lugo,58
338,Remedios Anglada Cases,walter59@example.com,Santa Cruz de Tenerife,40
339,Venceslás Cándido Vilaplana Manjón,aceroesther@example.net,Melilla,32
340,Mariano Espinosa Bonilla,ogomis@example.net,Guipúzcoa,23
341,Eva María Ariza Ródenas,custodia82@example.net,Alicante,61
342,Bruno Folch Rodríguez,pineiroariel@example.com,Albacete,24
343,Noé Arcos-Salvador,amilcargoni@example.net,Valencia,66
344,Casemiro Mínguez Maldonado,vfernandez@example.org,Huelva,72
345,Dorotea Buendía Villaverde,kamores@example.org,Ávila,66
346,Lourdes Nicolás Rivero,bernardacabanas@example.org,Ourense,35
347,Judith Lamas Varela,escolanojacobo@example.net,Valladolid,62
348,Emperatriz Morcillo,oartigas@example.org,Teruel,69
349,Geraldo Adadia Carreras,andresdomenech@example.org,Álava,43
350,Malena Lucía Jimenez Izaguirre,castrovicente@example.org,Badajoz,22
351,Lisandro Íñigo Briones Vilar,llamasflavia@example.org,Asturias,72
352,Chus Urrutia Llobet,jcarlos@example.com,Huesca,56
353,Virginia Leal Verdugo,mjauregui@example.org,Soria,64
354,Zacarías Solana,eligio49@example.com,Madrid,50
355,Ruperto Miguel Amo,jose-manuel35@example.com,Sevilla,22
356,Agustina Alfaro Pla,rochanarcisa@example.net,Guadalajara,58
357,Manola Viña Vazquez,macarenacasanovas@example.com,Lleida,73
358,Josefina de Porcel,vitosacristan@example.com,Ceuta,71
359,Mateo Morante Landa,ibanezaaron@example.net,Cádiz,46
360,Dulce Pellicer Gallart,amor29@example.org,Zaragoza,67
361,Martina Porcel Carrera,angelicacarbajo@example.com,Lugo,51
362,Chita Galán Diaz,consueloolive@example.net,Málaga,52
363,Arsenio Rueda Cañas,luisina32@example.net,Melilla,28
364,Julio Pina Gómez,jose-mari49@example.com,Castellón,21
365,Chema Casals,feijoolisandro@example.org,Córdoba,73
366,Arcelia Solera Larrañaga,moraledaeutropio@example.net,Valladolid,27
367,Yéssica Zabaleta Clavero,zagusti@example.net,Valencia,70
368,Margarita Barroso Guerra,paulino35@example.com,León,67
369,Heriberto Caro Alvarado,sabas01@example.com,Guadalajara,68
370,Adalberto Madrid,guadalupe75@example.org,Salamanca,46
371,Trini Luz,aguadobenigno@example.org,Teruel,77
372,Pepe de Castilla,xvillegas@example.com,Guipúzcoa,47
373,Bárbara Vigil Peinado,igonzalez@example.org,Lugo,40
374,Asunción Arcelia Guerrero Huerta,rico52@example.net,Girona,80
375,Maribel Torrent Oliva,amaya14@example.com,Vizcaya,69
376,Clotilde Ibarra,nandogascon@example.com,Vizcaya,61
377,Elías Armengol-Calatayud,santos25@example.com,Ávila,62
378,Martirio Roma Roma,nerea81@example.com,Huelva,62
379,Telmo Carvajal Asenjo,omenendez@example.org,Baleares,40
380,Teobaldo Miró Samper,francocruz@example.org,Santa Cruz de Tenerife,27
381,Iván Ugarte Aragón,encarna55@example.com,Ávila,76
382,Valerio del Daza,bermejorosa@example.net,Lleida,53
383,Esteban Clavero,xhoyos@example.com,Santa Cruz de Tenerife,52
384,Adán Sanmiguel Perelló,elpidio37@example.org,Ceuta,54
385,Rómulo Milla Cornejo,amandaramirez@example.net,Baleares,62
386,Teófilo Rocha Maestre,rhurtado@example.com,La Rioja,19
387,Emperatriz Noriega-Cabanillas,valcarcelamada@example.com,Huelva,37
388,Santos Guillermo Riera Gaya,sanzcarolina@example.com,Zaragoza,50
389,Gil Sanjuan Anglada,jacinta05@example.net,La Coruña,45
390,Emilia Villaverde Iglesias,wbertran@example.org,Valencia,62
391,Juan José Giner Suárez,zsierra@example.org,Valencia,22
392,Édgar Cisneros Uriarte,palmermelchor@example.net,Burgos,66
393,Gregorio Moreno Lastra,blancamarin@example.org,Burgos,28
394,Adriana Crescencia Domínguez Espada,ruben97@example.com,Segovia,59
395,Nilda Durán Jordá,carlosvaldes@example.net,Segovia,23
396,Tamara Camino Marin,romeroanacleto@example.com,Vizcaya,53
397,Manola Amigó Tolosa,bbarco@example.org,Zamora,56
398,Fátima Trillo Lloret,camat@example.com,La Coruña,64
399,Julio César Che Rivas Mir,gerardo62@example.net,Murcia,74
400,Reyes Soria Baquero,roldan44@example.org,Castellón,49
401,Leire Puig Ballesteros,emigdiogaliano@example.org,Almería,18
402,Alfredo Milla Agustí,manuquevedo@example.org,Salamanca,60
403,Armando Acuña Bauzà,evangelinasainz@example.com,Albacete,28
404,Conrado Gonzalo Albero,apolinarrecio@example.net,Las Palmas,46
405,Sandra Machado,cesar28@example.org,La Coruña,76
406,Ignacio del Ribera,pastor13@example.com,Castellón,49
407,Florentino Pont,fuenteoscar@example.com,Baleares,60
408,Hipólito Cobo Santos,yusteeliana@example.org,La Coruña,58
409,Teo Olmedo Villena,chema88@example.com,Ciudad,39
410,Rita Lillo-Urrutia,cristian66@example.org,Salamanca,44
411,Manola del Calzada,renesacristan@example.net,Girona,39
412,Teófilo Quirós Vélez,bernardo64@example.org,Salamanca,62
413,Asunción del Fuertes,navarropascual@example.net,Córdoba,47
414,Roberto Tirado,florencio04@example.com,Badajoz,56
415,Carina Sierra Lamas,cristian89@example.org,Ávila,32
416,Epifanio Uría Puerta,ariasjorge@example.net,Palencia,28
417,Curro Llanos-Ferrándiz,iagullo@example.net,La Coruña,52
418,Bautista Campoy Barreda,felix89@example.org,Badajoz,68
419,Adelina Guardia Balaguer,marciano59@example.org,Palencia,45
420,Lorenza Chacón,fernandeztrinidad@example.com,Álava,26
421,Ana Belén Guzmán Fabra,narcisa91@example.net,Sevilla,64
422,Ana Dafne Espada Aguilera,atilio59@example.net,Málaga,72
423,Emiliana Aragonés Ochoa,avilesbibiana@example.com,Castellón,66
424,Saturnina Taboada Escudero,pallaresmacarena@example.net,Ourense,69
425,Odalis Sonia Maza Duarte,nazaret48@example.com,Ciudad,49
426,Olalla Ripoll Lucena,umaldonado@example.net,Ávila,25
427,Casemiro Llopis-Ferrán,bayoche@example.org,Navarra,60
428,Ruth Roman Catalán,pinillamaria-belen@example.org,Girona,68
429,Domitila Cañete,salomon82@example.net,Segovia,59
430,Ildefonso Ribas Vega,fabianfrias@example.org,Guipúzcoa,80
431,Cecilio Martínez Benavent,zacarias40@example.org,Girona,44
432,Pía Garay,priegowilfredo@example.org,Palencia,26
433,Corona de Capdevila,perlaarnau@example.net,Valladolid,23
434,Álvaro del Redondo,benjamin27@example.com,Vizcaya,56
435,Mar Regina Tomás Valverde,nerea04@example.net,Sevilla,72
436,Emiliano Andres-Somoza,emigdio90@example.com,Castellón,78
437,Tiburcio Aragonés Palma,ricardobarranco@example.net,La Coruña,75
438,Fidel Jaime Portillo Gómez,yrodrigo@example.com,Ciudad,39
439,José Antonio del Blanco,nataliollano@example.org,La Rioja,49
440,Eduardo Salamanca Alcalde,amancio49@example.net,Soria,70
441,Pancho Cornejo Gomis,guzmancelestino@example.org,Vizcaya,41
442,Xavier Amador,barberojosefa@example.net,Guipúzcoa,47
443,Félix Mercader,lorena84@example.com,Santa Cruz de Tenerife,64
444,Miguel Márquez Campos,jose-angel29@example.net,Badajoz,22
445,Victoriano del Palma,dboix@example.com,La Rioja,19
446,Timoteo Ramos-Borrell,sbelda@example.net,Asturias,62
447,Ema Álamo Exposito,ctamayo@example.net,Toledo,44
448,Sabina Santos Burgos,calderonmartirio@example.org,Álava,55
449,Bartolomé Quintero,martinezalex@example.net,Girona,71
450,Selena Coll Yuste,rmoll@example.net,Cuenca,79
451,Tadeo Navarro-Gascón,africadiaz@example.net,Palencia,38
452,Bruno Gabaldón Vicens,marias@example.net,Málaga,55
453,Carmina Elías-Jurado,amatfelipe@example.org,Tarragona,48
454,Vilma Castro-Hernando,ppavon@example.com,Ceuta,61
455,Federico Óscar Lara Bolaños,jose-antonio97@example.net,Baleares,27
456,Luis Miguel Adrián Agudo Colomer,qcastells@example.com,Teruel,40
457,Noemí Galvez Estrada,jaguilera@example.com,Lugo,19
458,Horacio del Sevilla,elisabetcoronado@example.org,Ourense,35
459,Juana de Nicolás,quesadaberta@example.org,Córdoba,43
460,Ana Sofía Dueñas Briones,suredaalvaro@example.net,Guipúzcoa,33
461,Cayetano Cerro Acosta,maria20@example.com,Valladolid,72
462,Graciana Nicolasa Rubio Losada,octavio76@example.com,Las Palmas,45
463,Asdrubal Bernat Rocha,alfonsoayala@example.com,Almería,29
464,Lara Abascal Ibañez,concepcionpulido@example.net,Sevilla,45
465,Julieta Priego Bou,mcervera@example.org,Granada,39
466,Gerónimo Francisco-Ballester,tguardia@example.net,Cantabria,21
467,Ángela del Calleja,ibarrahermenegildo@example.org,Tarragona,79
468,Leandra Crespi Fuentes,baltasar13@example.com,Cáceres,56
469,Carina Vallejo-Lumbreras,armidapastor@example.com,León,41
470,Juan Pablo Pi Cabo,mataelena@example.com,Burgos,31
471,Ezequiel Vara Román,ruben12@example.org,Jaén,70
472,Xavier Flores Tapia,catalina58@example.com,Vizcaya,38
473,África Arellano-Ureña,dmillan@example.org,Guadalajara,18
474,Eloísa Pelayo,pacificachaparro@example.org,Cáceres,68
475,Ariel Codina Amo,ereig@example.net,Soria,41
476,Manu Cornejo Morcillo,guadalupe52@example.net,Cantabria,47
477,Alejo Heliodoro Perelló Montserrat,velascohaydee@example.com,Melilla,79
478,Urbano Revilla Huerta,rroca@example.com,Valladolid,21
479,Vera Quiroga Bertrán,alejandra39@example.net,Córdoba,63
480,Perlita Caballero Palmer,constanzaalonso@example.org,Granada,35
481,Horacio Trujillo Dávila,cobosrosario@example.com,Ourense,63
482,Roque Ledesma Armas,ferrandoleandra@example.net,Teruel,57
483,Juana Tomás Fuentes,emilio85@example.org,Lugo,38
484,Julio César Botella-Santamaría,chelo89@example.net,Córdoba,57
485,Daniel Poza Bueno,carmenverdu@example.com,Soria,33
486,Juan Antonio Martin Gomis,nicosastre@example.com,Murcia,70
487,Ainara Donaire Miguel,ggoicoechea@example.com,Álava,18
488,Gracia Carro Piña,guerrerosilvia@example.org,Badajoz,68
489,Rufina de Calvet,benitaazcona@example.com,Barcelona,48
490,Julio César Daniel Perelló Comas,ktrillo@example.net,Granada,57
491,Ámbar Comas Zabaleta,ftur@example.net,Huesca,79
492,Anunciación Jordana Vidal Larrea,capdevilaosvaldo@example.org,Cuenca,26
493,Rubén Gordillo Catalá,luis-angelcasado@example.org,Las Palmas,40
494,Che Rincón,adelardovillar@example.net,Girona,57
495,Aarón del Amores,villegasseve@example.org,Badajoz,71
496,Georgina Montes Echeverría,carnerosantiago@example.net,Asturias,53
497,Hernán Mascaró-Moliner,ameliamorales@example.com,Girona,68
498,Ibán Bautista Higueras,mpintor@example.com,Salamanca,51
499,Calisto Canet,secolucho@example.net,Murcia,23
500,Iker Villalba Ramón,porteronatanael@example.net,Sevilla,35
501,Amancio Guerrero Lledó,vazqueznazaret@example.com,Álava,27
502,Marina del Mercader,joaquinmoraleda@example.net,Álava,57
503,Salvador Ramón Cobos,solerflorinda@example.com,León,45
504,Cirino Porcel Ferrera,ani77@example.org,Córdoba,40
505,Carlos Velasco-Tejada,patricio29@example.net,Lleida,55
506,Asdrubal Guillén,godofredo18@example.com,Jaén,73
507,Regina Gomis Toledo,leyresedano@example.net,Málaga,67
508,Ariel Carreras Lucena,ksegarra@example.net,Cáceres,75
509,Bernardita Leal Cantón,rosalinaibanez@example.org,Segovia,71
510,Cayetano Lluch Hervia,nicolas96@example.org,Ávila,59
511,Ángel Uría Manzano,xbayona@example.net,Barcelona,49
512,Hipólito Castañeda Aguilar,roldan72@example.net,Navarra,27
513,Osvaldo del Ordóñez,dafneacedo@example.net,León,55
514,Paulino Rosales Ferrando,cirinogallego@example.org,Ávila,73
515,Pancho Reina Chaves,marita31@example.org,Ceuta,67
516,Melania del Zabala,ruanobrunilda@example.com,Valladolid,59
517,Virginia de Rozas,epena@example.org,La Rioja,33
518,José Mari Cisneros Barrios,lisandrodonaire@example.org,Baleares,22
519,Celia Peralta,erasmo63@example.com,Madrid,28
520,Melchor Tovar Mosquera,cervantesmateo@example.net,Guipúzcoa,50
521,Marcos José Mari Mascaró Verdú,artemio84@example.org,Guadalajara,67
522,Amador Cifuentes Orozco,smayo@example.net,Málaga,46
523,Cristina del Jódar,maria-luisamerino@example.com,Teruel,66
524,Luisa Elisabet Tovar Fabregat,torrijoscruz@example.net,Girona,42
525,Dorotea Pombo Manjón,galananita@example.net,Teruel,77
526,Aroa Melero Castillo,odalisperez@example.net,Badajoz,60
527,Basilio Perez Linares,spont@example.org,Girona,67
528,Selena de Amigó,climaco05@example.com,Almería,75
529,Amelia Robles Espinosa,roquepoza@example.org,Almería,36
530,Aura Barrio Simó,teofila43@example.com,Segovia,66
531,Marisol de Feliu,alexandra73@example.net,La Coruña,46
532,Virginia Ballesteros Viña,feliciagalvez@example.net,Vizcaya,53
533,Vilma Fuster Sola,mgisbert@example.com,Vizcaya,22
534,Bibiana Pinto Lastra,mansozaira@example.org,Jaén,65
535,Montserrat Lobo,juan-manuel46@example.com,Zaragoza,71
536,Alba Felisa Villena Casanovas,jvillar@example.org,Ceuta,52
537,Onofre del Bayón,osantamaria@example.com,Córdoba,41
538,Gabriel Melero Meléndez,consuelocordero@example.com,Burgos,55
539,Gertrudis Valencia Garcés,alonso25@example.net,Huesca,65
540,Magdalena Mendoza Ramírez,inocencio09@example.com,Palencia,36
541,Socorro Niño-Alemany,ysainz@example.com,Ourense,74
542,Vito Huguet Perelló,faustinocastro@example.org,Huelva,60
543,Baldomero Bustos Olmo,coliveras@example.com,Cantabria,55
544,Pepito Portillo Zabaleta,ricohidalgo@example.org,Álava,28
545,Lola Juan Aroca,riosmiguela@example.net,Córdoba,49
546,Felix Macías Saura,sosaadelina@example.com,Vizcaya,28
547,Goyo Manso Martorell,rbauza@example.net,Segovia,61
548,Chus del Valcárcel,palaciosmoreno@example.org,Lleida,55
549,Azahar Coll Caballero,wmorell@example.org,Ávila,75
550,Eutimio Correa Torralba,bartolomemaria-teresa@example.com,Granada,77
551,Íngrid Escamilla-Salamanca,testevez@example.net,Alicante,75
552,Virgilio Mur-Blasco,rosa-maria88@example.org,Burgos,49
553,Máximo Ramirez Roda,feijooetelvina@example.net,Huesca,71
554,Arcelia del Sanabria,kcabrera@example.com,Tarragona,20
555,Elvira Guzmán Avilés,pinoisabel@example.org,Córdoba,42
556,David Coll Haro,valentinamateo@example.com,Toledo,71
557,Malena Llorente Pomares,renato51@example.org,Tarragona,74
558,Valentina Pozuelo Barranco,dolores38@example.org,Huesca,51
559,Rodrigo Cordero Pina,valentin40@example.net,Santa Cruz de Tenerife,39
560,Marcela Soria,uribeinigo@example.org,Cantabria,71
561,Lalo Pozuelo Portero,reinacalixta@example.com,Sevilla,68
562,Maite Armengol,leandrocuevas@example.com,La Rioja,34
563,Loreto Núñez Querol,kalcalde@example.net,Guadalajara,37
564,Valentín Quintana Cazorla,nicolasalcolea@example.com,Valencia,61
565,Felix Quesada Chaves,kalberto@example.com,Teruel,50
566,Anita Capdevila Arroyo,noguesmaria-jesus@example.com,Almería,24
567,Carmelita Priego,abiliocordoba@example.org,Barcelona,32
568,Angélica Infante Bernal,tlaguna@example.net,Castellón,77
569,Candelas Gonzalez Comas,pedrosalgado@example.com,Las Palmas,38
570,Cornelio Wilfredo Lobo Carreras,maria-doloressole@example.com,Pontevedra,35
571,Silvia Rueda Plana,adoracion47@example.net,Teruel,34
572,Piedad Blanca Losada,mariosaavedra@example.com,Toledo,68
573,Ascensión Melero Pozuelo,villaverdeileana@example.net,Córdoba,80
574,Rómulo del Saez,gomisalbina@example.net,Cuenca,42
575,Camila América Folch Ferreras,giselasastre@example.com,Pontevedra,39
576,Graciano Canales Iriarte,gonzaloelorza@example.com,Navarra,56
577,Morena Fidela Casals Figueroa,jimena08@example.net,Jaén,34
578,Jacinto Rovira Azorin,fuentesclemente@example.com,Cantabria,38
579,Lupe Madrid-Guzman,aragonvalentin@example.com,Cuenca,55
580,Graciana Pedrero Roldán,valleamarilis@example.com,Lugo,26
581,Fabián Emilio Alberola Marti,ijuan@example.org,Almería,35
582,Alfredo Campillo Bustos,acostajuan-carlos@example.net,Cádiz,27
583,Florina Ángeles Catalán Durán,pulidomarino@example.com,Lugo,19
584,África Bueno Uría,noe51@example.net,Guipúzcoa,41
585,Consuela Téllez Cuenca,mendezcipriano@example.com,Santa Cruz de Tenerife,61
586,Diana Alcántara Pascual,concha95@example.net,Lleida,32
587,Gabriela Pintor Sanabria,carrascoetelvina@example.net,Valencia,61
588,Ulises Morata Martinez,ucuesta@example.org,La Rioja,61
589,Agustina Segarra Almagro,eric00@example.com,Segovia,25
590,Amaro Gordillo Cerro,pomboalcides@example.org,Ceuta,29
591,Carlos Bernardo Paredes Seco,regulo92@example.net,Vizcaya,54
592,Cándida Cano Coca,wnoguera@example.org,Toledo,65
593,Elisa Alcaraz Rodriguez,oherrera@example.org,Palencia,61
594,Ignacio de Vera,colomesteban@example.com,Salamanca,41
595,Lino Manzanares Escribano,azahara04@example.org,Toledo,25
596,Fanny Luís Quiroga,carlitodiaz@example.com,Álava,63
597,Visitación Crespo Bonet,barcenaespiridion@example.net,Lugo,69
598,Josué Torrecilla Salazar,elodia60@example.net,Valencia,39
599,Oriana Gil-Caballero,lamaspablo@example.org,Lleida,51
600,Luisa Coll Marcos,jessica15@example.com,Zamora,32
601,Evelia Reig Plaza,heribertoalberto@example.net,Zaragoza,18
602,Lucas Lasa-Carpio,spena@example.com,Cáceres,51
603,Feliciana Morell Zapata,norbertoarnal@example.net,Lugo,39
604,Almudena Ofelia Diego Larrañaga,primitivo45@example.net,Toledo,29
605,Roldán Azcona Pizarro,isola@example.org,Teruel,53
606,Virginia Viñas Maestre,ncastaneda@example.net,Ceuta,28
607,Damián Molina Rosa,fidela86@example.com,Albacete,63
608,Isidoro Reguera Gracia,jose-franciscofrancisco@example.org,Cantabria,52
609,María Ángeles Cabeza Santana,mborrell@example.com,La Rioja,32
610,Francisco Jose Moll Español,clarisacamacho@example.com,Alicante,21
611,Paulina Rodríguez Ruano,dgallardo@example.com,Badajoz,42
612,Herminia Diego Cabrero,herminiocifuentes@example.com,Zaragoza,71
613,Amelia Bayo Gil,julio87@example.net,León,27
614,Saturnina Estrada Román,torralbamarcelino@example.net,Salamanca,23
615,Alejandro de Salinas,robertovilaplana@example.com,Huesca,64
616,Azeneth Fonseca Jerez,tpineiro@example.com,Tarragona,21
617,Roldán Yuste,baldomerovalbuena@example.org,Zamora,36
618,Rosalva España Alegre,calvocalixta@example.com,Albacete,49
619,Malena Cepeda Caparrós,somozahoracio@example.org,Lleida,34
620,Gregorio Sans-Santamaria,ucasas@example.org,Cáceres,71
621,Natalio Verdú Andreu,ybenavente@example.net,Santa Cruz de Tenerife,40
622,Victoriano Juan Sureda,tovarcandida@example.net,Guipúzcoa,24
623,Andrés España Carrión,vvalle@example.com,Córdoba,34
624,Guiomar Gracia,busquetsruperto@example.com,Ceuta,75
625,Nazario de Gibert,epifanio98@example.net,Baleares,78
626,Celestina Tur Peñalver,atilioduran@example.net,Ceuta,63
627,Tiburcio Jáuregui,contrerasdelfina@example.com,Córdoba,64
628,Jaime Horacio Solera Mesa,dan90@example.net,Jaén,35
629,Aitor Rueda Campos,mcobo@example.com,Badajoz,35
630,Donato Alberola Egea,blujan@example.net,Córdoba,65
631,Alcides del Pareja,gcampos@example.net,Ávila,47
632,Angelita Villanueva Garmendia,loretovarela@example.org,Ourense,61
633,Ileana Ferrera Ramirez,hvalera@example.net,Pontevedra,55
634,Emigdio Mendizábal,auroracoronado@example.net,Granada,57
635,Feliciana de Bayón,leticia40@example.org,Castellón,59
636,Micaela Calatayud Gordillo,igomila@example.org,Murcia,77
637,Valeria Mancebo Domínguez,casanovajoel@example.net,Ceuta,61
638,Lorenza Santos Casares,castellsrosendo@example.com,Asturias,56
639,Maristela del Juárez,lpons@example.net,Valencia,66
640,Marcos Cuevas-Calderon,yaizaporcel@example.com,Burgos,42
641,Olivia del Tejero,mpintor@example.net,Guadalajara,56
642,Albino Ariño Hernando,wsoria@example.com,Lugo,55
643,Mariano Roldan Roig,telleznando@example.net,Alicante,28
644,Benito Camino Hoyos,jesus13@example.com,La Rioja,80
645,Sara Gordillo Sabater,mayofelix@example.com,Valencia,66
646,Marciano Higueras-Hierro,arseniofrias@example.net,Jaén,26
647,Consuelo Chacón Solís,roldanfabio@example.com,Álava,29
648,Valeria Mínguez Castillo,leonrecio@example.net,Málaga,49
649,Javier Victorino Delgado Lopez,delfina57@example.com,Huelva,61
650,Régulo del Almeida,bruno20@example.com,León,50
651,Noé Alberdi,roblesmaria-carmen@example.com,Pontevedra,19
652,Ruth de Terrón,xcoll@example.com,Toledo,23
653,Cayetana Calvet Galván,demetrio39@example.com,Soria,24
654,Adán Monreal,ildefonsopelayo@example.org,Ciudad,59
655,Cándida Samper Andrade,aznarbernabe@example.net,Ceuta,35
656,Edelmira Gárate Baños,eric31@example.com,Lugo,65
657,Vito Goicoechea-Amaya,evelia25@example.org,León,37
658,Buenaventura Baldomero Feijoo Figueras,kcorral@example.net,Valladolid,18
659,María Fernanda Aller Neira,inigo50@example.com,Girona,52
660,Emilia de Cabeza,ipuerta@example.com,Las Palmas,49
661,Delia Orozco Luna,adrianestevez@example.org,Ávila,38
662,Celestina Peralta,danilo37@example.org,Valladolid,40
663,Imelda Leiva Nicolau,eustaquio73@example.net,Murcia,67
664,Adoración Bejarano Tolosa,matilde48@example.net,Barcelona,68
665,Gerardo Cuadrado-Iniesta,jenniferurena@example.com,Palencia,48
666,Rosendo Ángel Sánchez,ujaen@example.org,Vizcaya,19
667,Conrado Guardia Gomis,calfonso@example.net,Asturias,32
668,Encarnita Sainz Solé,berta10@example.net,Burgos,63
669,Manu de Soria,marcelino38@example.org,Lleida,37
670,Socorro Manrique Moreno,gema85@example.com,Burgos,58
671,Reyes Mateos Jordá,baeztadeo@example.com,La Coruña,24
672,Cristina Cañizares Gallego,xiomara71@example.org,Zamora,51
673,Amado del Figuerola,iris83@example.org,Girona,41
674,Jaime Alejo Maza Cantón,salvadormaria-pilar@example.net,Barcelona,42
675,Ruperto Luque Nevado,pastorepifanio@example.com,Palencia,64
676,Telmo Pacheco Abella,darioarnal@example.com,Baleares,48
677,Marianela Ariza-Gimenez,bellidotrinidad@example.com,Las Palmas,71
678,Reina Cecilia Juan Casares,anguitalupita@example.net,Zamora,43
679,Manuela Río Ordóñez,emilia94@example.org,Córdoba,63
680,Segismundo Sarmiento España,dcampos@example.net,Ourense,37
681,Herminia Zamorano Grande,ntejero@example.org,Castellón,48
682,Fabio Batlle Fabregat,tonosanjuan@example.com,Castellón,73
683,Baudelio Andrade Santamaria,canellasevaristo@example.com,Huelva,32
684,Arturo Rios,fernanda97@example.com,Salamanca,27
685,Yéssica Tomas Barrio,primitivamoliner@example.com,Guadalajara,75
686,Leandra Eligia Lerma Diez,lcal@example.org,Asturias,78
687,Norberto Agudo,ines78@example.com,Valladolid,78
688,Valentina Durán Cabrera,lmiralles@example.com,Sevilla,56
689,Heliodoro Vilaplana Quiroga,lserra@example.org,Burgos,59
690,Palmira Consuela Fuente Benet,nbarragan@example.org,Salamanca,69
691,Brígida Juan,rupertocolomer@example.com,Teruel,60
692,Carlito Perez-Suarez,arellanoseveriano@example.net,Baleares,49
693,Dominga Rozas Mercader,rodenaschelo@example.com,Guipúzcoa,24
694,Yaiza Vázquez Barrio,blascoreyes@example.net,Huesca,53
695,Gregorio Abad Esteban,zpina@example.org,Barcelona,54
696,Yago Salinas Corral,oespana@example.net,Almería,52
697,Pascuala Simó Dominguez,feijooimelda@example.org,Ávila,36
698,Felix de Galvez,dionisiaavila@example.net,Huelva,74
699,Rómulo Vicente Quesada,cristinasantamaria@example.org,Cuenca,49
700,Bernardo de Lluch,mercedespeinado@example.org,Badajoz,38
701,Mayte de Ordóñez,leandra32@example.com,Ceuta,75
702,María Cristina Alsina Heras,norbertohoz@example.org,Girona,26
703,Glauco Lago Aragón,rogelio12@example.com,Badajoz,24
704,Mohamed Vilalta Álvaro,juan-bautista52@example.net,Málaga,67
705,Roque Osorio Vizcaíno,manolafabregas@example.com,Jaén,71
706,Albino Salvador Esparza,csacristan@example.net,Pontevedra,38
707,Jennifer Cabrera Piña,fsabater@example.org,Navarra,39
708,Antonia Estevez Bautista,riusdani@example.com,Ourense,41
709,Blas Rios,xmanuel@example.org,León,64
710,Ale Eustaquio Álvarez Murillo,genoveva92@example.com,Barcelona,69
711,Íngrid Julián Ariño,vidal94@example.org,Málaga,54
712,Rosenda de Prats,jaenleocadia@example.net,Santa Cruz de Tenerife,29
713,Ramona Candelas Paz Plana,itziar96@example.org,Ourense,47
714,Salvador Benito Contreras,amayaloreto@example.net,Madrid,25
715,Lourdes Buendía Velasco,krivero@example.org,Navarra,55
716,Elisabet Oller Castells,riosteofilo@example.com,Las Palmas,42
717,Basilio de Oller,salvaelias@example.org,Álava,45
718,Imelda del Luque,vbayon@example.com,Toledo,76
719,Benigna Bayona Cordero,robertarios@example.com,Soria,52
720,Pablo Canales Armengol,malenaalcala@example.net,Palencia,75
721,Joaquina Alegria Donaire,morenoduenas@example.net,Albacete,48
722,Delia Galván-Vives,malena43@example.org,Lugo,54
723,Francisca Zabala Mesa,flor46@example.org,Ceuta,62
724,Amarilis del Cañellas,pacificagomez@example.net,Álava,71
725,Paca Sanmartín,bibianasolano@example.com,Pontevedra,54
726,Delia Romero Bermúdez,quirino35@example.net,Girona,61
727,Eliana Valenciano Santana,zjimenez@example.net,La Rioja,47
728,Antonio Crespi Expósito,sanmartinpepito@example.net,Salamanca,22
729,Trinidad Borja,guiomar41@example.net,Navarra,34
730,Encarna Cámara-Pizarro,romulobarroso@example.com,Guadalajara,28
731,Emiliana Linares Leiva,malena13@example.com,Salamanca,77
732,Alfredo Roselló Ferrán,uriamaria-angeles@example.org,Vizcaya,60
733,Victor Manuel Lobato Galván,lorenzofuster@example.net,Guadalajara,57
734,Mauricio Coll Andrés,angelicabarrio@example.org,Madrid,75
735,Cesar Llorens Alegre,loidaquintero@example.com,Albacete,19
736,Dimas Franco Gámez,heriberto90@example.net,Vizcaya,43
737,Leonor Pont-Nogués,emelina41@example.net,Granada,39
738,Marcela Gálvez Cuenca,csolis@example.com,La Coruña,59
739,María Cristina Moles,gil99@example.com,Málaga,73
740,Aurelio Priego-Bayón,rodrigoginer@example.net,Alicante,52
741,Augusto Casanovas Giner,mar19@example.org,Las Palmas,36
742,Candelario Ibarra Aragonés,macarenapuente@example.com,Alicante,30
743,Cecilio de Durán,sandramoya@example.net,Jaén,22
744,Selena Gallart-Giménez,petronadavila@example.org,Ourense,56
745,Beatriz Carmona Tejero,lopebenavides@example.org,Las Palmas,22
746,Evelia Planas Ángel,pedroquique@example.org,Guadalajara,78
747,Fabiana Verdugo Tejada,epinilla@example.org,Cádiz,72
748,Carlito Vizcaíno Campillo,srobledo@example.net,Segovia,79
749,Fernanda Natalia Guardiola Tamayo,gil85@example.net,Córdoba,23
750,Consuelo Bello Guzmán,ggomez@example.com,Baleares,65
751,Alma de Aguilar,benita41@example.com,Zaragoza,27
752,Eloy Cristian Robles Checa,yvalentin@example.org,Baleares,69
753,Angelino Cordero Vélez,tbarral@example.org,Toledo,66
754,Cristina del Ortuño,wllobet@example.net,La Rioja,68
755,Alejo Meléndez Menendez,macariopujol@example.com,Navarra,27
756,Andrés Felipe Sanabria Expósito,hyuste@example.org,Huesca,46
757,Jordana Giménez Carbajo,colladorosalva@example.org,Almería,75
758,Tito Campillo Palomares,odaliscerdan@example.net,Ávila,70
759,Cipriano Portillo Pulido,manuel66@example.org,Vizcaya,44
760,Brunilda Aranda Guijarro,ccolomer@example.net,Lugo,62
761,Primitiva Arroyo Pujadas,remigio16@example.com,Tarragona,41
762,Lino Gil Domínguez,manuela42@example.net,Huesca,66
763,Evaristo Marti Arnaiz,rosario47@example.org,Burgos,34
764,Lino Jose Antonio Calvo Contreras,lucia54@example.net,Madrid,58
765,Edu Mínguez Zapata,njove@example.org,Cantabria,57
766,Fidel Villa,miriamaleman@example.org,Almería,69
767,Ildefonso Agullo Carreras,gomisaurea@example.org,Girona,55
768,Gustavo Pinilla Ripoll,agustin73@example.net,Zamora,38
769,Samuel Giménez Cadenas,dgarzon@example.com,Cuenca,54
770,Azahar Bueno Meléndez,imendizabal@example.com,Baleares,36
771,Manuela Gibert,masleandro@example.com,Zamora,24
772,Buenaventura Alonso-Lara,preal@example.org,Cuenca,62
773,Maxi Torrent Jordán,emoran@example.org,Toledo,21
774,Plácido Bartolomé Grau,juanita35@example.net,Barcelona,25
775,Agustina Expósito Ibañez,adeliaespanol@example.com,Baleares,45
776,Ignacia Busquets Fajardo,roman60@example.com,Cádiz,43
777,Leyre Peláez Revilla,mgodoy@example.org,Sevilla,49
778,Esmeralda de Paz,luciana77@example.com,Pontevedra,59
779,Tatiana Fuertes Santos,vescribano@example.net,Guipúzcoa,68
780,Sandalio Casanova,trilloteobaldo@example.org,Cádiz,71
781,Bernardo Tomás Olmedo,kalberdi@example.org,Lugo,28
782,Marcial Marcos Carpio,tnoriega@example.net,Valencia,76
783,Amarilis de Soler,baenafulgencio@example.com,Guadalajara,76
784,Olegario Querol-Pagès,mbernad@example.org,Vizcaya,38
785,Leopoldo del Molins,valero23@example.net,Tarragona,50
786,Ángeles Sevillano,fatima80@example.org,Ciudad,46
787,Benigno Ocaña Ortuño,valeriamolina@example.org,Lugo,41
788,Reyes Piquer Padilla,ofeliu@example.net,Cantabria,68
789,Modesto Boix Tudela,asosa@example.net,Pontevedra,69
790,Maricruz Corral Rosales,carboileana@example.net,Ávila,27
791,Sandalio Criado Amo,dionisiobarba@example.com,Alicante,64
792,Emilia Marta Andrés Cabezas,queroljose@example.com,Toledo,26
793,Santiago Armengol Linares,vinasfidel@example.org,Badajoz,35
794,Pili Pellicer,khurtado@example.net,Santa Cruz de Tenerife,40
795,Ana Sofía Azahara Lillo Agustí,teclabelmonte@example.com,Vizcaya,29
796,Sara Pardo-Escamilla,fernandopalomar@example.net,Pontevedra,54
797,Elodia Peña-Llamas,marianabellido@example.org,Alicante,71
798,Francisco Javier Millán Higueras,aranzazufigueroa@example.com,Castellón,69
799,Custodia Dalmau,maciasnydia@example.org,Huesca,52
800,Germán Ruano-Codina,francisco-javier83@example.net,Cádiz,56
801,Graciano Figueroa-Borrás,enrique18@example.net,Málaga,20
802,Maximiliano Estrada-Somoza,javiercases@example.com,Ourense,43
803,Modesto Victoriano Aznar Alonso,elvira74@example.org,Salamanca,26
804,Daniela Requena Exposito,fabiola83@example.org,León,29
805,Anabel Pedro Naranjo,barberaefrain@example.org,Soria,29
806,Benito Gargallo Mendizábal,olimpiaclavero@example.org,Teruel,26
807,Daniel Solé Aramburu,riusramon@example.com,Vizcaya,18
808,Cirino Vizcaíno Cortina,qplaza@example.net,Córdoba,49
809,Manuelita Alejandra Lladó Antúnez,xgisbert@example.org,Asturias,30
810,Cirino del Iglesias,orodrigo@example.com,Cuenca,65
811,Serafina Galiano Bauzà,luzponce@example.net,Teruel,62
812,Maricela Hoyos Grande,fatimamiguel@example.com,Toledo,59
813,Ainara Pintor Iriarte,cramirez@example.com,Murcia,42
814,Isabela Asensio Figuerola,marcialrobledo@example.com,Navarra,67
815,Benigna Fuente Céspedes,eballesteros@example.org,Cantabria,37
816,Nicanor Ezequiel Tur Camps,zropero@example.org,Ciudad,25
817,Agustina Perea Iborra,encarnacionperea@example.org,Santa Cruz de Tenerife,44
818,Cipriano Gárate-Pol,aurelianopazos@example.com,Palencia,19
819,Fidel Gálvez Villegas,zhidalgo@example.com,Palencia,29
820,Rosalía Montserrat Viña,armida84@example.org,Álava,40
821,Cándida Rosa Carballo,vizcainoainoa@example.net,Las Palmas,77
822,Salomón Aguilar-Burgos,planaspia@example.com,Guadalajara,21
823,Hernán del Barroso,pascual88@example.com,Álava,56
824,Isaías Conde Valle,ignacioplanas@example.com,Salamanca,25
825,Pía Valderrama Parra,palomarescelestina@example.com,Murcia,48
826,Paloma Ochoa,jodarcebrian@example.net,Albacete,36
827,Mohamed Heras Jordán,azahara05@example.org,Melilla,74
828,Mateo Salinas Ávila,lucilaneira@example.org,Huesca,43
829,Claudio Montalbán Palomar,nayara10@example.net,Segovia,54
830,Loreto del Belmonte,upujol@example.com,Palencia,75
831,Débora Teodora Pagès Torrents,cesarchacon@example.org,Lugo,46
832,Ágata Dalmau Alcázar,cfortuny@example.net,Castellón,62
833,Maxi Samper Font,evita66@example.net,Melilla,68
834,Marino Manso Bustamante,perezroque@example.org,Asturias,36
835,Marisa Angulo,sandaliobalaguer@example.org,Sevilla,52
836,Lupita Bou-Tejedor,osvaldoroda@example.com,Granada,58
837,Nazaret Ferrero-Vilalta,alarconmaria-angeles@example.org,Santa Cruz de Tenerife,63
838,Dionisio Vila Linares,izaguirretomas@example.com,Córdoba,74
839,Juana Solsona,hgonzalo@example.org,Navarra,80
840,Ignacio Urrutia Berrocal,silviomarquez@example.org,Melilla,29
841,Ibán Xavier Expósito Hoyos,charo32@example.net,Las Palmas,35
842,Goyo Bosch,rafa58@example.net,Asturias,78
843,Albano Pacheco Barrio,icanizares@example.org,Pontevedra,35
844,Ovidio Porcel Blanca,jmolins@example.org,La Rioja,67
845,Lara Acero Sánchez,rvaldes@example.org,Navarra,34
846,Clara Naranjo Quintanilla,niglesia@example.org,Ceuta,78
847,Benito de Moraleda,vidal63@example.com,Badajoz,48
848,Miguel Ángel Fuente Cabo,macariaaller@example.org,Lleida,29
849,Fernando Mercader,svallejo@example.com,Segovia,19
850,Yolanda Elorza Falcón,calderonnacho@example.com,Tarragona,31
851,Tomás Escamilla Melero,ariel76@example.com,Segovia,67
852,María Teresa Vendrell,ypareja@example.org,Cuenca,51
853,Fortunata Cabanillas Larrea,ximena72@example.org,Lugo,42
854,Margarita de Yáñez,noemi53@example.org,Asturias,20
855,Nazaret Echevarría,hipolitoballester@example.org,Huesca,48
856,Jerónimo Severino Blanch Baquero,nayuso@example.net,Pontevedra,32
857,Ainara Silva Marcos,socorro11@example.com,Córdoba,62
858,Alejandra Garriga Bueno,uguzman@example.net,Melilla,78
859,Feliciano Martorell Guillen,anicolas@example.org,Alicante,61
860,Claudio Reyes Colom Borrás,tovarfeliciano@example.net,La Coruña,46
861,Jose Ignacio Armengol Trujillo,sebastianmerino@example.org,Ourense,20
862,Rosalía Sierra,pascualamariscal@example.net,Navarra,37
863,Dominga Cañellas-Larrea,alcantarasonia@example.com,Teruel,42
864,Sancho Expósito Ricart,hectormarquez@example.com,Santa Cruz de Tenerife,43
865,Reyes Godoy Puente,manolacarpio@example.org,Valencia,77
866,Joan Cadenas Padilla,manola22@example.org,Cantabria,61
867,Máximo Navarrete,omate@example.com,Pontevedra,34
868,Merche Abella Carbonell,filomenarozas@example.com,Burgos,46
869,Eusebio Tello-Navas,cristian61@example.net,Lleida,73
870,Anselma Pi Hierro,ortegaaureliano@example.net,Guipúzcoa,44
871,Elisa Albina Ferrández Barrios,brigida62@example.net,Teruel,60
872,Chus Serna-Castells,ubosch@example.org,Lugo,28
873,Irene Azcona Alberola,pazduarte@example.net,Cuenca,31
874,Paulina del Rebollo,bernardino64@example.com,Huesca,19
875,María Belén de Boada,luciano18@example.com,Guipúzcoa,32
876,Consuelo Hierro Ródenas,martineznicolas@example.com,Sevilla,28
877,Ileana Matas,ferrercristian@example.org,Granada,42
878,Geraldo Ocaña Prado,nico33@example.com,Toledo,71
879,Mayte Casas Morillo,dafneramos@example.net,Ciudad,72
880,Haroldo Pou-Cabo,omachado@example.org,Barcelona,31
881,Teobaldo Esteban Mateu Piñeiro,bayonagodofredo@example.net,Huelva,63
882,Primitivo del Salvador,mateuisidora@example.com,Barcelona,18
883,Guiomar Rosselló,laracasanovas@example.org,Asturias,77
884,Azucena del Cerro,kroman@example.net,Cáceres,32
885,Nicanor Ros Maldonado,humberto99@example.org,Pontevedra,44
886,Gerónimo Vázquez Torralba,joelrebollo@example.org,Asturias,29
887,Telmo Bonet Moliner,maria-fernanda60@example.net,León,72
888,Francisco de Cárdenas,lisandro72@example.com,Granada,41
889,Augusto Pera Bru,heliodorosastre@example.org,Teruel,52
890,Belén Casas Maza,xvazquez@example.com,Palencia,64
891,Herberto Casals-Cabrera,candidaespinosa@example.net,Pontevedra,25
892,Plácido Puga-Gibert,escrivamarianela@example.org,Tarragona,27
893,Tomasa Exposito-Tena,oquintana@example.com,Murcia,72
894,Imelda Peinado Viñas,carmina98@example.com,Castellón,43
895,María Ángeles Palomares-Aguiló,rhervia@example.com,Castellón,63
896,Julia Fabregat Solís,juradomaria@example.net,Las Palmas,64
897,Hernando Adán Oliver,dgallart@example.com,Murcia,30
898,Amado del Garay,marinbaudelio@example.net,Guipúzcoa,68
899,Pelayo de Berenguer,uposada@example.com,Girona,25
900,Josefina Campo Pizarro,somozamorena@example.com,Álava,62
901,Aitor Mínguez,amormontserrat@example.com,Álava,30
902,Lourdes Corbacho Sarabia,yolanda73@example.net,Cantabria,24
903,Epifanio Riba Mendez,pirosalinda@example.com,Huesca,59
904,Claudia Rocamora Alcántara,reyes61@example.org,Asturias,34
905,María Belén Melero Albero,carrerasdelia@example.org,Ourense,71
906,Andrea Peñas Gómez,annacarnero@example.org,Castellón,80
907,Ruth del Yáñez,gimenezevaristo@example.net,Cuenca,67
908,Heliodoro Calderon,ljuarez@example.org,Álava,48
909,Segismundo Caparrós Benitez,gallardopaloma@example.net,Ceuta,57
910,Rolando Arribas Pavón,paz02@example.com,Lleida,45
911,Lupita del Salgado,gabino71@example.org,Lleida,62
912,Anastasia Perla Juliá Porcel,ursulaguillen@example.com,Girona,44
913,Felicia Alba Nadal Bartolomé,suarezbienvenida@example.net,Girona,69
914,Paco del Escamilla,eroura@example.net,Alicante,53
915,Zaira Arcos-Tejera,severinocastells@example.org,Ávila,48
916,Maximiano Guitart Camacho,dalmaupedro@example.net,Madrid,68
917,Juan Gracia Osuna,amparocompany@example.com,Toledo,47
918,Severino Moliner Cobo,melaniacriado@example.com,Sevilla,71
919,Etelvina Samper Torre,corbachopatricio@example.com,Córdoba,60
920,Ramona Montenegro Fiol,vidal25@example.com,Huesca,31
921,Eugenia Julia Bautista Bermejo,bibianazorrilla@example.net,Guipúzcoa,25
922,Efraín Pedrero Bou,nochoa@example.org,Lleida,66
923,Eutropio Martínez Morera,isuarez@example.com,Lugo,27
924,María Belén Riba Cuenca,qvalbuena@example.com,Cáceres,55
925,Toni Sacristán Cabanillas,toledoamado@example.org,Granada,59
926,Victor Villena Guerrero,gtello@example.net,Córdoba,55
927,Pepe Palmer Cózar,camila31@example.net,Zamora,74
928,Griselda Azorin Agudo,pinolflorencio@example.com,Las Palmas,31
929,Ángela Roura Núñez,mauricio36@example.com,Tarragona,40
930,Tere Vall Barriga,minguezartemio@example.org,Albacete,24
931,Bernardino de Cid,maria58@example.com,Cantabria,76
932,Jose Miguel Nogués Alberola,barrosoeduardo@example.com,Sevilla,51
933,Duilio Mendez-Alcázar,zuritasusanita@example.net,Almería,59
934,Valero Mate Valdés,rosselloolga@example.com,Palencia,41
935,Haydée Godoy Iñiguez,rosendalucas@example.net,Málaga,74
936,Germán Cabezas-Pereira,irma65@example.com,Burgos,66
937,Emilio Julián Julián,vmercader@example.net,Alicante,30
938,Filomena Talavera-Marti,redondosilvia@example.org,Cádiz,43
939,Charo Granados Carranza,febearoca@example.net,Badajoz,55
940,Jafet Moisés Rivera Agullo,jose-manuel06@example.org,Cantabria,33
941,Hector Cuéllar Elorza,rufina67@example.net,Tarragona,21
942,Guiomar Ibáñez-Ariza,valleselpidio@example.org,Tarragona,75
943,Yolanda de Barranco,natalialago@example.net,La Rioja,65
944,Guadalupe Coca Gargallo,jose-franciscoverdugo@example.com,Sevilla,45
945,Pancho Palacio Vall,ulises05@example.org,León,53
946,Jenny Salom Merino,ericcervantes@example.org,Lleida,19
947,Cristian Mínguez Rius,bernardo47@example.org,Burgos,66
948,Victoria Estrada-Granados,climaco30@example.com,Ceuta,25
949,Timoteo Castellanos Abellán,rcarballo@example.org,Baleares,49
950,Ruperto Navarrete Cánovas,jennifer92@example.org,León,41
951,Ezequiel Toribio Robles Tormo,ypla@example.org,Málaga,77
952,Lalo Amor,hcomas@example.net,La Rioja,71
953,Tadeo Reina Galiano,gayaascension@example.org,Burgos,52
954,Elba del Bustos,hvila@example.com,Cantabria,71
955,Ignacia Lucena Calzada,cayetanaolive@example.net,Huesca,37
956,Benita del Cabañas,ujove@example.com,Badajoz,70
957,Paca Verdú Uriarte,dmontesinos@example.org,Vizcaya,40
958,Horacio Vallejo Naranjo,curroaramburu@example.net,Melilla,31
959,Calista Olmo Pacheco,santos55@example.com,Guadalajara,39
960,Fabio Baños Font,gironaamilcar@example.net,Cantabria,72
961,Eugenio Palomo-Mancebo,zuritaleopoldo@example.com,Las Palmas,44
962,Casemiro Andrés-Marquez,gmulet@example.net,Ourense,33
963,Constanza Ropero Bou,elviragaliano@example.org,Barcelona,69
964,Flor Azahara Izquierdo Manuel,dvillalba@example.org,Las Palmas,56
965,Brunilda Vall,matilde08@example.org,Jaén,79
966,Sandra de Ochoa,corderoalbert@example.net,Almería,38
967,Estefanía del Alcázar,nadaljudith@example.org,Burgos,53
968,Edelmira Pascual Duarte,fortunatopalacios@example.net,Zamora,38
969,Epifanio Barberá,espanaleonor@example.net,Alicante,20
970,Graciela Tolosa Montenegro,higuerasberto@example.com,Navarra,58
971,Natividad Luís Alemán,fabiandonoso@example.net,Cádiz,69
972,Eugenio Escudero Gámez,obusquets@example.com,Almería,28
973,Teodora Múgica Sanmiguel,dnaranjo@example.org,Navarra,20
974,Juan Bautista Lillo,hector31@example.com,Melilla,58
975,Encarnación Hoyos,inigo58@example.net,La Coruña,60
976,Montserrat del Tormo,dalila33@example.org,Málaga,32
977,Fabiola Perea,graciano50@example.net,Teruel,23
978,Carlota Sola Cañellas,dionisioclemente@example.org,Las Palmas,61
979,Piedad Ferrera Riquelme,lperera@example.org,Lugo,29
980,Tito Olegario Valcárcel Blanes,bonetelba@example.org,Ceuta,50
981,Evita Lola Esteve Ricart,angelita52@example.net,Melilla,70
982,Vicente Blazquez Alfaro,ingrid04@example.net,Granada,37
983,Fabiola Marín Suarez,andradedorita@example.com,Palencia,51
984,Marisela Aznar-Pla,azconalucia@example.net,Girona,28
985,Marisela Calvo Lopez,climaco50@example.net,Granada,43
986,Joan Celso Cantón Viñas,kvazquez@example.com,Salamanca,78
987,Nydia Tejedor Marcos,cuadradoaroa@example.com,Toledo,52
988,Ana Sofía Merino Naranjo,alvaro63@example.org,Zamora,37
989,Samuel Carbó,abriltomasa@example.org,Baleares,36
990,Rodolfo Lucena-Ortiz,ortizbienvenida@example.com,Girona,46
991,Marcio Torrent Mulet,jpera@example.com,Huelva,39
992,Violeta Echevarría Ramis,custodia40@example.org,Zamora,54
993,Goyo Royo,azahara47@example.com,Albacete,56
994,Marco Clavero Jiménez,salome01@example.net,Cuenca,51
995,Amanda Manjón Amorós,hplanas@example.net,La Coruña,67
996,Camila de Sánchez,bmanzanares@example.org,Navarra,31
997,Juan Ortuño Peláez,zfont@example.org,Navarra,48
998,Jose Antonio Sáez Macias,bperal@example.net,Valladolid,79
999,María Belén Pelayo Alcántara,cocachus@example.com,Cuenca,37
1000,Eligia Fortuny Lluch,obarriga@example.net,Málaga,80
1001,Felix Infante Castejón,basilio01@example.com,Madrid,66
1002,Abraham Arellano Benavente,cobocurro@example.net,Madrid,18
1003,Fito Castell-Pavón,arcefabiola@example.org,Ciudad,80
1004,Alonso Barral Verdejo,cayetanacuevas@example.org,Málaga,73
1005,Esther Revilla Uriarte,nydiacomas@example.org,Segovia,27
1006,Rosa María Sosa-Esteve,ysarmiento@example.org,Barcelona,38
1007,Graciana Camps Batalla,miriamamat@example.com,Girona,53
1008,Omar Trillo,pozaeloisa@example.org,Navarra,80
1009,Filomena Borrell Guitart,valencianosofia@example.org,Murcia,32
1010,Consuelo Posada Guijarro,ulopez@example.org,Vizcaya,67
1011,Salud Rosell Sanchez,aguilareliseo@example.org,Toledo,79
1012,Virgilio Tapia Gracia,esparzafabiana@example.net,Almería,69
1013,Hermenegildo Alberto Pedraza,vicenta42@example.org,Vizcaya,77
1014,María Luisa Quesada Núñez,abraham83@example.net,Lugo,29
1015,Florinda Paniagua-Fábregas,qangel@example.com,Lugo,79
1016,Jose Antonio Ángel Canet,trinidadvilla@example.net,Burgos,65
1017,Eva María Fabra Ugarte,obernal@example.net,Melilla,20
1018,María Sola Beltran,sanabrianilda@example.org,La Coruña,78
1019,Juanita Miguel Terrón,soledad96@example.net,Navarra,76
1020,Manuelita Llorente Rocha,amandaolivera@example.net,Murcia,33
1021,Alfredo Larrañaga Clavero,violetaaliaga@example.net,Badajoz,25
1022,Lara Concepción Cámara Sarmiento,bcalvo@example.com,Huelva,33
1023,Gilberto Cifuentes Arnaiz,leirebenavente@example.net,Madrid,41
1024,Américo Torrens-Aguado,ogallardo@example.org,Alicante,59
1025,Flor Linares Palomino,nacio57@example.org,Lleida,74
1026,Lola Ripoll-Barba,idominguez@example.com,Huesca,56
1027,Eloísa Azorin-Caro,vmayoral@example.com,León,38
1028,Amada del Tena,lilianaleal@example.com,Lugo,40
1029,Glauco Germán Macías Palau,jonatanhernandez@example.net,Salamanca,56
1030,Pelayo Diez Folch,pastoramor@example.com,Granada,61
1031,Fabián de Sanchez,alicia97@example.net,Murcia,71
1032,Dalila Adora Vila Piñeiro,vallssusana@example.org,Huelva,42
1033,Brunilda Rocha,joaquinibarra@example.org,Valencia,51
1034,Timoteo Agullo Román,lucilalledo@example.org,Las Palmas,21
1035,Graciana Santamaría Ferrera,sanjuanraimundo@example.com,Murcia,75
1036,Hipólito Modesto Ruano Puig,rgil@example.org,Cantabria,79
1037,Irene Tejera Almansa,felix50@example.org,Palencia,63
1038,Ileana Moreno Pagès,azucena09@example.org,Álava,25
1039,Dalila Carrión Losa,sorayabarrena@example.net,Álava,41
1040,Carmelo Ferrando Pavón,asobrino@example.org,Murcia,80
1041,Pascuala Campillo Porta,agulloambrosio@example.net,Tarragona,66
1042,Rogelio Bernal Cordero,aporta@example.net,Cáceres,38
1043,Américo Germán Contreras Asensio,aledomingo@example.org,Segovia,68
1044,Ágata Agullo,hplanas@example.org,Madrid,51
1045,Miguela Pavón Camps,ninofeliciana@example.net,Salamanca,53
1046,Pascuala Higueras Estevez,marisela19@example.com,Tarragona,26
1047,León Tenorio,carlosllado@example.com,Tarragona,37
1048,Nico Amor Llanos,izaguirreadela@example.org,Ávila,33
1049,Alba de Viña,emontero@example.org,Córdoba,41
1050,Nereida Castelló Montaña,alexandrablanch@example.org,Madrid,76
1051,Mohamed Navarro Guerra,rosellmalena@example.com,Guadalajara,48
1052,Ainoa Agustina Torrents Vega,jcastillo@example.com,Pontevedra,73
1053,Azucena Jovita Larrañaga Agustí,eloylamas@example.net,Murcia,61
1054,Luis Vilar Barrena,gvives@example.org,Vizcaya,42
1055,Samuel Chuy Campos Bartolomé,ayalateresa@example.org,La Rioja,47
1056,Manuelita del Reyes,oblanch@example.com,La Coruña,50
1057,Martin Roldán Adadia,villegasfederico@example.net,Albacete,68
1058,Julia Zamora Llorente,eladio73@example.net,Cuenca,54
1059,Adelaida Villena Peiró,josefa41@example.net,Córdoba,43
1060,León Gelabert-Benítez,zaliaga@example.org,Cáceres,20
1061,Fanny Castejón Caballero,obadia@example.com,Soria,75
1062,Custodia Camps,gallomarita@example.net,Palencia,75
1063,Francisca Sara Clemente Benitez,ofelialloret@example.org,Salamanca,68
1064,Dora Ros Salvador,dizquierdo@example.org,Álava,47
1065,Erasmo Cabo,goyo23@example.net,Granada,63
1066,Venceslás Cuadrado Sola,irmacamino@example.org,Valencia,77
1067,Gala Lorena Aguado Amorós,benitezandrea@example.com,Huelva,18
1068,Lucía del Palmer,fsoto@example.com,La Coruña,28
1069,Guadalupe Sainz,simocayetano@example.net,Álava,73
1070,Chus Izaguirre Marín,ursulariera@example.com,Toledo,71
1071,Rosa Sánchez Gomis,clarisagimeno@example.com,Pontevedra,79
1072,Horacio Pallarès Mateo,conradochaves@example.org,Jaén,22
1073,Carmina Frías Maza,alesolsona@example.com,Madrid,63
1074,María Ángeles Fuertes Pla,gimenezpaulino@example.org,Castellón,78
1075,José Antonio Santamaria Cañete,colladoleocadio@example.com,Cuenca,46
1076,Lucas Vallés Pons,malmeida@example.com,Vizcaya,75
1077,Severiano del Diez,eliseoboada@example.com,Valencia,45
1078,Adolfo Arco Hurtado,trueda@example.org,Alicante,76
1079,Salvador Landa-Bolaños,dfiguerola@example.net,Tarragona,36
1080,Natalio Escribano,xsantamaria@example.org,Ciudad,31
1081,Micaela Sánchez Marti,gasconjimena@example.com,Las Palmas,53
1082,Felicia Barberá Busquets,ramiromadrigal@example.org,Valencia,47
1083,Pilar Bayo Pinedo,castrilloale@example.org,Ourense,66
1084,Gaspar del Bernat,nadiaarribas@example.org,Málaga,26
1085,Nidia Julián Boada,barberagloria@example.org,Madrid,41
1086,Graciano José Ángel Sarabia Murillo,german46@example.com,Alicante,38
1087,Ramiro Carvajal-Andres,viviana75@example.org,Lleida,26
1088,Dalila de Belmonte,planaspatricia@example.org,Valencia,70
1089,Jovita Cano Calleja,nacho79@example.org,Castellón,49
1090,Guiomar Gaspar Cifuentes Almansa,salomonarenas@example.com,Baleares,22
1091,Ester Consuela Villa Arcos,mendezhector@example.com,Barcelona,64
1092,Eustaquio Fuentes Palomar,francisco-javierlucena@example.org,Vizcaya,52
1093,Adriana del Vega,ymugica@example.net,Badajoz,75
1094,Noé Perelló Riera,fpeiro@example.net,Castellón,73
1095,Delia Galindo-Abril,arenasnico@example.com,Jaén,39
1096,Eliseo Asdrubal Cornejo Almazán,calistacarbo@example.org,Cádiz,19
1097,Fito del Fortuny,ecabezas@example.org,Cantabria,48
1098,Juan Carlos Benet Gárate,aceroemigdio@example.com,Toledo,22
1099,Urbano Llamas Gárate,raul07@example.org,Lugo,53
1100,Anselmo Serra Albero,jenniferpalacios@example.net,Córdoba,74
1101,Fidela Lumbreras,julianasalamanca@example.org,Valladolid,63
1102,Cristian Faustino Arenas Chaves,timoteoandrade@example.org,Castellón,75
1103,Anacleto Andres Muro,rocamoraviviana@example.org,Huelva,44
1104,Elisabet Cisneros Quirós,ucapdevila@example.net,Álava,63
1105,Ruben Barberá Sanmiguel,amayarovira@example.com,Madrid,43
1106,Jordi Valera Salinas,bamaya@example.net,Soria,42
1107,Manola del Palomino,sandra56@example.com,La Rioja,24
1108,Jenaro Estrada Esteve,roldannilda@example.org,Zamora,41
1109,Alba Jaume Lobo,arceliatudela@example.net,Santa Cruz de Tenerife,43
1110,María Rey Miguel,mriera@example.com,Ceuta,37
1111,Amelia Galindo Anguita,lunasureda@example.com,Málaga,21
1112,Yago Viana-Ramón,amor57@example.org,Castellón,44
1113,Olimpia Benavides Olmo,pascualjoaquin@example.com,Jaén,80
1114,Manu Alberola-Salvà,coronarevilla@example.org,Álava,25
1115,Luisina Alemany Herranz,ayalamartin@example.net,Ceuta,59
1116,Anabel Ileana Hernández Calvo,wredondo@example.org,Segovia,51
1117,Balduino Sebastian Priego Bayona,noacabanillas@example.net,Asturias,30
1118,María José Morcillo Sánchez,abarrera@example.com,Cantabria,25
1119,Felicia Juárez Galan,samuel88@example.com,Lugo,75
1120,Olimpia Cobo Ayala,rvicens@example.org,Baleares,70
1121,Anabel Macias Acosta,anita19@example.org,Granada,27
1122,Primitiva del Cerezo,conradopablo@example.com,Baleares,42
1123,Carmen Rueda Ferrero,benitoruben@example.com,Palencia,59
1124,Onofre Gutierrez Moll,remigiomur@example.net,Sevilla,61
1125,Cándida Rozas Barrios,teruelaurora@example.org,Huelva,33
1126,Aurora de Espinosa,frutosruben@example.com,Cáceres,19
1127,Pepita Llorente,cornelio03@example.net,Toledo,62
1128,Agapito de Raya,adelardotudela@example.org,Barcelona,71
1129,Sandalio Gámez,emigdio89@example.org,Melilla,60
1130,Isidro Nieto,reyes22@example.com,Lugo,27
1131,Marcos de Río,avalencia@example.com,Murcia,26
1132,Haroldo Castells Andres,leticia61@example.com,Vizcaya,37
1133,Rafa Erasmo Daza Sandoval,bartolome41@example.com,Valladolid,73
1134,Aurora Débora Cuervo Alegre,oesteban@example.com,Córdoba,34
1135,Graciano Chacón Báez,fernandochamorro@example.net,Salamanca,18
1136,León Ochoa Nadal,diegocurro@example.org,Las Palmas,29
1137,Juanito Granados Castell,amandoreguera@example.org,Zaragoza,52
1138,Zacarías Lobo Montoya,ygalvez@example.org,Madrid,40
1139,Wálter Llobet Villena,palomarcarmen@example.org,Asturias,54
1140,Imelda Valero-Almazán,fusterariel@example.com,Melilla,45
1141,Gonzalo Calzada-Prado,kmontserrat@example.net,Huelva,57
1142,Eleuterio Arco Becerra,alfarocasemiro@example.org,Cantabria,33
1143,Carla Abellán Ortega,castrillobibiana@example.net,Ciudad,67
1144,Sofía Granados,mamaya@example.org,Málaga,53
1145,Jovita Garmendia Córdoba,maria-del-carmenpallares@example.org,Barcelona,67
1146,Pascual Bello Gomez,jenarogalan@example.org,Ceuta,29
1147,Jacobo Ropero Martínez,gervasiovalderrama@example.org,Cuenca,37
1148,Obdulia Tamara Segovia Carrillo,plazamaria-fernanda@example.com,Asturias,33
1149,Candelas Donaire Vilanova,rpriego@example.com,Cuenca,23
1150,Fabiola Roca Castelló,dimas33@example.org,Badajoz,78
1151,Emelina Azorin Quesada,busquetsvanesa@example.net,Murcia,72
1152,Delia Casares Múgica,esther35@example.org,Córdoba,30
1153,Rufino Cirino Cáceres Carpio,sedanogertrudis@example.org,Zamora,27
1154,Ángeles Camps Peiró,baldomerotorrens@example.net,Ciudad,24
1155,Adalberto Barranco,vanesa90@example.net,Lugo,31
1156,Buenaventura Wálter Beltran Carnero,ramonrosendo@example.org,Ávila,72
1157,Eladio Patiño,bcampos@example.net,Melilla,50
1158,Esperanza Orozco Miró,rosajose-angel@example.net,Huelva,80
1159,Lola Almazán,lillocelso@example.com,Ciudad,37
1160,Armida Juana Machado Lastra,ortunoanibal@example.org,León,71
1161,Merche Ropero Roldan,leandro05@example.net,Cáceres,57
1162,Dafne Macías,lauranicolas@example.net,Ceuta,64
1163,Febe Cueto Gárate,alberto16@example.org,Las Palmas,39
1164,Sabina Plana Bellido,barbara99@example.com,Salamanca,25
1165,Agustina Rosalina Ortega Novoa,jesusa82@example.com,Guadalajara,65
1166,Aurelio Gonzalez Jurado,ferrandezamparo@example.org,Teruel,23
1167,Marino Sainz Baró,mmiranda@example.com,Cáceres,58
1168,Jose Ramón Esteban Monreal,jose-carlosmarmol@example.net,Alicante,73
1169,Eliana Vilalta Mendez,josecarrera@example.com,Almería,26
1170,Alma Pereira,kike20@example.net,Soria,63
1171,Eloy Arnaiz Cadenas,dagudo@example.com,Vizcaya,35
1172,Marc Serrano Martinez,evangelinaguzman@example.com,Ciudad,78
1173,Anastasio Valero Arco,bellidowalter@example.net,Girona,41
1174,Gervasio Alonso-Ferrer,olga47@example.net,Baleares,51
1175,Eva Hurtado Collado,diazjose-ramon@example.com,Navarra,40
1176,Juan Antonio Carro-Herrero,felixgimenez@example.org,Córdoba,22
1177,Trinidad Murillo Alfaro,daniheredia@example.net,Cáceres,56
1178,Osvaldo Isidro Roura Meléndez,hnicolau@example.org,Cuenca,35
1179,Dalila Herrero Rincón,aranaencarna@example.net,Huelva,45
1180,Seve de Rosales,josefahuertas@example.net,Barcelona,80
1181,Custodio del Nogueira,zaragozapalmira@example.org,Ourense,74
1182,Jordán Zorrilla Duran,abril76@example.com,Soria,62
1183,Cesar Gargallo Berrocal,hortensiatrujillo@example.com,Huesca,67
1184,Jeremías Sabater,morcilloseveriano@example.net,Alicante,18
1185,Alejo del Querol,artigascorona@example.net,Alicante,78
1186,Cipriano Carmona Guijarro,magdalena65@example.com,Sevilla,51
1187,Damián Simó Rovira,bernabehernando@example.org,Santa Cruz de Tenerife,58
1188,Marcia Velasco Girona,rsala@example.net,Cantabria,48
1189,Leoncio Nuñez Moll,acaparros@example.com,Granada,32
1190,Victor Vila Ojeda,mauricio04@example.net,Huesca,73
1191,Luís Carlito Robles Sabater,pbarrena@example.net,Guipúzcoa,55
1192,Pablo Talavera Alba,paca46@example.net,Guipúzcoa,27
1193,Jeremías Duran-Villalonga,camilacuervo@example.net,Álava,28
1194,Borja Nicodemo Segarra Esparza,labascal@example.com,Ciudad,55
1195,Alejo Gonzalo-Vázquez,federicoborrell@example.com,La Rioja,68
1196,Teobaldo Villena,adelina15@example.org,Murcia,33
1197,Baltasar de Castell,cebriansimo@example.net,Valencia,58
1198,Josefina Torrijos Barrena,fcanizares@example.com,Ceuta,49
1199,Leticia Vega-Parra,manjoneva-maria@example.com,Salamanca,43
1200,Amando Clemente Tomé,yolanda28@example.com,Cádiz,50
1201,Edu Llano Fabregat,qelorza@example.org,Ceuta,27
1202,Agapito Ocaña Frías,gironamarta@example.net,Almería,25
1203,Dan Bejarano Aroca,luz01@example.org,Alicante,64
1204,Estela Ros,ttrillo@example.org,Málaga,33
1205,Pablo Oliveras Padilla,perlita70@example.org,Salamanca,79
1206,Reyna Gelabert Puerta,guiomar43@example.org,Granada,37
1207,Micaela Campo Prada,chuchobeltran@example.net,Badajoz,35
1208,Lino Caparrós Iriarte,andradealejo@example.com,Soria,26
1209,Román de Espinosa,aheredia@example.com,La Coruña,67
1210,Raquel Cifuentes Cuervo,cmontero@example.net,Lugo,65
1211,Isidro Duque Alegre,jose-antonio56@example.org,Albacete,36
1212,Leyre Marti Llamas,adrianamador@example.net,Ceuta,22
1213,Dorotea Galindo Salinas,aaron09@example.net,Castellón,48
1214,Bruno Moll Mancebo,nereaelias@example.net,Pontevedra,58
1215,Gloria del Amor,pinillabenigna@example.net,Santa Cruz de Tenerife,35
1216,María Manuela Oliva Losada,diegoocana@example.org,Santa Cruz de Tenerife,27
1217,Juan Manuel Melchor Maza Polo,wcarrion@example.com,Palencia,79
1218,Fabricio Lledó Gonzalez,ainoahernandez@example.com,Sevilla,46
1219,Iván Barranco Pagès,catalinacid@example.net,Zamora,55
1220,Isidoro Lerma Osuna,jcalatayud@example.net,Sevilla,56
1221,Aroa Palmer Arnal,rosalia21@example.org,Girona,58
1222,Esmeralda del Porras,teresita61@example.org,Segovia,48
1223,Morena Ibarra Álvaro,godofredobertran@example.com,Málaga,70
1224,Marino Garay,pintomarianela@example.net,Guadalajara,51
1225,Alicia Folch Galindo,valerovalenzuela@example.org,Ciudad,59
1226,Adalberto Verdú Peral,lsole@example.net,León,49
1227,Saturnino Acosta Leiva,soledadlinares@example.org,Segovia,58
1228,Bautista Vicens Bonet,dgual@example.net,Córdoba,79
1229,Sol Moya Pozo,ana-sofiaadadia@example.com,Córdoba,68
1230,Martirio Jáuregui-Echeverría,florentinavicente@example.com,Castellón,30
1231,Susana Quevedo Chaves,loidatapia@example.net,Baleares,46
1232,Loida Salvà-Esteban,lauramoreno@example.net,León,26
1233,Balduino Tomás Vives,milagrosyanez@example.org,Murcia,18
1234,Noé Castelló Guardiola,anselma72@example.org,Girona,26
1235,Román Castejón Peralta,jose-manuel30@example.com,Santa Cruz de Tenerife,64
1236,Celso Franch Doménech,sierraedgar@example.net,Segovia,50
1237,Nuria Rita Arana Castells,lisandropelayo@example.com,Ávila,38
1238,Plinio Torres Rozas,apolinar95@example.com,Almería,55
1239,Jose Luis Ferrer Campo,emelendez@example.org,Cádiz,64
1240,Clara Palomar Macías,simoflora@example.net,Cantabria,38
1241,Anselma Prieto Álamo,matias38@example.org,León,36
1242,Rafaela Camps Sales,losaroberta@example.com,Cádiz,74
1243,Ana Chaparro-Bas,lcuervo@example.net,Albacete,37
1244,Sandalio Asenjo Parra,sancho76@example.net,Cádiz,24
1245,Yésica Mendizábal Zaragoza,navasangel@example.org,Zamora,50
1246,Elena Pino Vives,romulo07@example.com,Ciudad,54
1247,Nicodemo Arias Cornejo,pio46@example.net,Palencia,69
1248,Emiliano del Chaparro,joelfalcon@example.org,Ourense,72
1249,Hector Chaves Ballesteros,halcantara@example.org,Cáceres,73
1250,Yago Fidel Ayala Vergara,trinipeinado@example.org,Las Palmas,71
1251,Juana Calvo Esteve,lunacoral@example.net,Cáceres,59
1252,Belén Goñi Barón,juanitamoles@example.com,Cádiz,32
1253,Pastor Manjón Villena,avinas@example.net,Las Palmas,78
1254,Socorro Trillo Hoz,apalomo@example.net,Lugo,22
1255,Vito Amor Canals Huertas,angeles96@example.org,Álava,67
1256,Marita Cano-Enríquez,benigno45@example.net,Málaga,20
1257,Ale Malo Solís,carla83@example.com,Málaga,37
1258,Reyes Bas Vives,florinda79@example.org,Ávila,23
1259,Amelia Ibarra Santos,amaya25@example.net,Las Palmas,70
1260,Eutropio Lasa Vallejo,celestinomateo@example.com,Teruel,39
1261,Zaida Alegre Monreal,garridomarta@example.net,Jaén,60
1262,Angelina Delgado Vilar,ricardaabril@example.net,Huelva,62
1263,Adán del Garcés,romulo94@example.org,Barcelona,21
1264,Eleuterio Rebollo-Rios,reyes04@example.net,Albacete,41
1265,Matías Almansa,salomegalindo@example.net,Santa Cruz de Tenerife,45
1266,Fidel Quiroga Mena,pazosnatalio@example.net,La Coruña,69
1267,Clara Escalona Aragonés,lmendizabal@example.net,Salamanca,79
1268,Florinda María Pilar Fiol Marín,palauetelvina@example.com,Cuenca,71
1269,Elías Polo Barba,seguizacarias@example.org,Burgos,51
1270,Mohamed Duarte Tamayo,aroalujan@example.com,Murcia,57
1271,María Cristina Garzón,pedrerosofia@example.com,Córdoba,57
1272,Rodolfo Lobo,roigrebeca@example.org,Las Palmas,25
1273,Fabricio Cordero Dominguez,josepabad@example.com,Lugo,77
1274,Alonso Cortes España,jaureguifelicidad@example.org,Almería,18
1275,Alma Abascal Carbó,merinoitziar@example.net,Barcelona,23
1276,Liliana Pérez Caballero,eusebiaaguilar@example.org,Ceuta,77
1277,Cristina de Luna,juliana89@example.org,Vizcaya,34
1278,Azahara Elisa Elías Tena,pascual47@example.net,Las Palmas,21
1279,Isabel Boada-Campos,graujeremias@example.com,Soria,19
1280,Clotilde Becerra Ramis,anabel46@example.org,Badajoz,52
1281,Laura Pla Blázquez,qnaranjo@example.com,Las Palmas,51
1282,Santiago Romeu Gisbert,aitana69@example.net,Ávila,35
1283,Candelaria Cardona Zabala,segoviaserafina@example.org,Ávila,21
1284,Haroldo del Tejedor,noguesjuan-carlos@example.org,Murcia,79
1285,Graciela Vallejo Sanabria,marquezgracia@example.com,Navarra,72
1286,Aroa Pérez Aznar,edgardopons@example.org,Zamora,63
1287,Marita Aznar Vicente,aleprada@example.net,Córdoba,26
1288,Aura Alfaro Valencia,torresursula@example.org,Toledo,56
1289,Blas de Casanova,maricelablanes@example.net,Las Palmas,26
1290,María Dolores Alcázar Barral,teresacastells@example.com,Ávila,42
1291,Emma Tomas Hervás,ribasjose-manuel@example.org,Albacete,54
1292,Ágata Planas Aller,roberta16@example.net,Guipúzcoa,60
1293,Carmina Pozuelo-Patiño,petronaangel@example.org,Ceuta,18
1294,Blanca Pinilla Anguita,manjonmaria-teresa@example.net,Cantabria,32
1295,Ciríaco del Peiró,veronicavazquez@example.net,Navarra,49
1296,Consuelo Cadenas Fuente,candido53@example.net,Cáceres,18
1297,Isabel Cánovas Ripoll,falcobenjamin@example.net,Lleida,23
1298,Erasmo de Mateo,canalsfilomena@example.org,Cádiz,30
1299,Olegario Acero Niño,marc82@example.com,Badajoz,56
1300,Francisco Jose Eustaquio Duarte Bautista,chita82@example.com,Zaragoza,74
1301,Noa Pedrero-Ribes,claudio58@example.net,Santa Cruz de Tenerife,68
1302,Leonel Puga-Vilar,noriegaangela@example.net,Lleida,64
1303,Jacobo Salas-Bayón,diriarte@example.org,Sevilla,25
1304,Roque Mora,lclavero@example.com,Málaga,73
1305,Kike Andreu,porrasdiana@example.net,Las Palmas,57
1306,Josué Bustamante Ferrándiz,cerdanprudencia@example.com,Teruel,37
1307,Edelmira Sáez,anselmo19@example.net,Toledo,45
1308,Delia Cerdá Pombo,nfernandez@example.net,Segovia,66
1309,Carlota Iglesias Abril,sabatervenceslas@example.com,Melilla,76
1310,Sandalio Juan Pablo Elorza Mata,alba63@example.org,Guipúzcoa,70
1311,Paz de Vigil,doloresescudero@example.org,Málaga,71
1312,Cayetano Llamas Samper,ividal@example.org,Cádiz,30
1313,Catalina Ale Sosa Pavón,elvira50@example.com,Valencia,34
1314,Delia Dávila,rcarpio@example.org,Cáceres,25
1315,Paco Aguilera Villa,tellezleticia@example.net,Teruel,32
1316,Francisco Javier del Peñas,chitavilar@example.org,Ciudad,60
1317,Juan Aguiló Valle,quirinobas@example.com,Segovia,30
1318,Eloy Donato Rosales Blanca,modesta77@example.org,Huesca,48
1319,Malena Piñeiro Urrutia,pepe62@example.org,Huelva,28
1320,Febe Carpio Villanueva,amadomarino@example.org,Granada,24
1321,Enrique Quevedo Araujo,wseco@example.org,Navarra,35
1322,Sabas Dalmau-Barceló,maxinunez@example.net,Zaragoza,25
1323,Socorro Casanovas Múgica,domingoduilio@example.net,Guipúzcoa,45
1324,Rocío Company Agustín,micaelacabezas@example.net,Valladolid,60
1325,Ibán Capdevila Mendizábal,fabianibanez@example.net,La Coruña,66
1326,Leandra Hervia Iñiguez,esther13@example.org,Navarra,21
1327,Jenaro Folch Benítez,maria-del-carmen41@example.com,Vizcaya,27
1328,Trinidad Higueras-Huerta,nquevedo@example.org,Cádiz,62
1329,Viviana José Flores Casal,avicens@example.org,Tarragona,22
1330,Clarisa Montserrat Carlos Rosa,mercedesduran@example.org,Ciudad,72
1331,Pastora Villalba Río,ncarrillo@example.net,Cádiz,51
1332,Teodora de Bosch,jtejero@example.org,Burgos,47
1333,Iván Giralt Benitez,duquesoraya@example.net,Ceuta,46
1334,Carlos Pardo,wpastor@example.com,Badajoz,70
1335,Maximiliano Marino Cobos Guillén,segismundo95@example.com,Pontevedra,57
1336,Paulina Roca Raya,bernarda51@example.org,Córdoba,18
1337,Miriam Polo Llano,jcortina@example.org,Vizcaya,19
1338,Albina Marí,maria-angelesmulet@example.org,Valencia,46
1339,Amarilis del Román,juanitarodriguez@example.org,Pontevedra,53
1340,Marisa Nicolás-Navarro,pinolvanesa@example.net,Sevilla,69
1341,Miriam Martínez,xrozas@example.net,Soria,45
1342,Sonia Morillo Ródenas,roxana78@example.com,Madrid,41
1343,Marcela Enríquez Aguado,plinioibarra@example.org,Girona,46
1344,Maribel Mínguez Ferrando,querolmartina@example.org,Cáceres,46
1345,Baldomero del Cazorla,panfilo39@example.net,Toledo,41
1346,Teodora Raquel Catalán Amores,maricruzgomila@example.org,Santa Cruz de Tenerife,71
1347,Salomón Barros-Velasco,mireia17@example.org,Toledo,40
1348,Fortunata Casares Barranco,ealamo@example.org,Navarra,20
1349,Albino Herranz-Caballero,zaragozaguillermo@example.com,Sevilla,43
1350,Gil Lasa,franchblanca@example.net,Sevilla,50
1351,Nilo Montesinos Arana,roperopio@example.org,Jaén,40
1352,Candelas Graciela Anglada Sastre,ecoloma@example.com,Cuenca,78
1353,Dolores Vera Valentín,alberdijose-carlos@example.org,Castellón,19
1354,Macario Rufino Roda Almazán,estebanleonel@example.org,Melilla,32
1355,Felicidad Ramos Romeu,mayoesperanza@example.net,Melilla,24
1356,Eloy Ariza Priego,emendizabal@example.com,Jaén,24
1357,Diego de Sanjuan,horaciosacristan@example.net,Álava,41
1358,Josefa Arroyo Guillén,marcos78@example.net,Teruel,34
1359,Blanca Becerra Company,hmoles@example.net,Córdoba,37
1360,Victor Manuel Carrillo Giménez,prudencia72@example.net,Ceuta,41
1361,Jacinta Ropero Castellanos,caridadlinares@example.net,Granada,73
1362,Adelina Hortensia Castellanos Yuste,ogallego@example.org,Valencia,62
1363,Adela Mendizábal,sgarmendia@example.org,Zaragoza,70
1364,Heriberto del Sanmartín,sangel@example.com,Ávila,64
1365,Ciriaco Caro-Criado,qduran@example.com,Guipúzcoa,18
1366,Charo Boix,cabrerajoaquin@example.net,Cuenca,26
1367,Wilfredo Sanjuan Bermúdez,solvina@example.com,Ourense,46
1368,Zoraida Leandra Navarro Llorens,blancojennifer@example.org,Cádiz,69
1369,Américo Almeida,octavioenriquez@example.org,Segovia,47
1370,Ibán del Vélez,ereguera@example.net,Toledo,54
1371,Encarnita Mulet-Goicoechea,mireiaarribas@example.org,Huelva,44
1372,Laura Mur,marciafernandez@example.net,León,23
1373,Sancho Nazario Araujo Cuenca,vripoll@example.org,Santa Cruz de Tenerife,57
1374,Cristian Beltran Bonet,paulinoguerrero@example.com,Las Palmas,57
1375,Bernabé Criado Belmonte,baldomero01@example.org,Valladolid,73
1376,Dominga Toro Perales,nadalluz@example.net,Albacete,23
1377,Azahara Cañete Frías,ginerroberta@example.com,Lleida,30
1378,Belén Calvo Tello,npuente@example.org,Cantabria,39
1379,Verónica Soriano Huertas,piquerreynaldo@example.org,Valladolid,44
1380,Chus de Jordán,gregorio86@example.net,Castellón,52
1381,Angelino Barreda-Fabra,feijoovalero@example.org,León,23
1382,Filomena Carla Ibáñez Larrea,manu32@example.com,Toledo,39
1383,Toribio Poncio Escrivá Querol,pamoros@example.org,La Coruña,51
1384,Che Marquez Sosa,mateuraimundo@example.com,Zaragoza,51
1385,Julieta Conde-Orozco,olivecandelaria@example.com,Barcelona,42
1386,Alonso Querol Fuentes,plinio73@example.com,Guipúzcoa,47
1387,Irene Torre Silva,anastasiagonzalo@example.com,Cáceres,24
1388,Tere Gálvez-Madrigal,ileana70@example.com,Alicante,76
1389,Elpidio Carro Tolosa,fabratomasa@example.com,Granada,23
1390,Cleto Campo Segarra,cepedaedmundo@example.org,Almería,49
1391,Albina Torres Mora,demetrio54@example.org,Santa Cruz de Tenerife,66
1392,María Jesús Carreras-Arjona,mburgos@example.net,Barcelona,30
1393,Clemente Marcelino Nadal Valcárcel,maciasernesto@example.net,Ávila,76
1394,Alfonso del Cuevas,olallagalan@example.com,La Rioja,42
1395,Aureliano Camacho Mateu,posadalourdes@example.com,Guipúzcoa,49
1396,Damián Galán Benito,ogarrido@example.org,Málaga,37
1397,Encarnación del Bonet,olivia06@example.com,Jaén,30
1398,Pedro Trillo Rivero,ocastells@example.com,León,56
1399,Poncio Apolinar Alemany Antúnez,abellajuan-pablo@example.com,Córdoba,24
1400,Edelmira Maldonado Chacón,qquintero@example.org,La Coruña,66
1401,Antonia Yuste Montserrat,magdalena67@example.net,Málaga,26
1402,Manu Lillo Tena,azaharatormo@example.com,Barcelona,27
1403,Mercedes Pintor-Espinosa,gquintana@example.com,Lleida,70
1404,Marc Tadeo Gimeno Gabaldón,bsalmeron@example.org,Pontevedra,37
1405,Andrés Maza,gomezregina@example.com,Cádiz,78
1406,Socorro Pacheco Crespo,expositolorenzo@example.org,Navarra,30
1407,Urbano Blanca Uría,sernabaldomero@example.com,Ciudad,77
1408,Simón Contreras Menéndez,lermadebora@example.net,Palencia,40
1409,Calixta Rufina Villena Prada,apolinarmoll@example.net,Zaragoza,53
1410,Octavio Castellanos Doménech,egalvez@example.net,Madrid,68
1411,Begoña Borja Cortés,casalmartin@example.com,Cantabria,52
1412,Adriana Gual Paredes,ariadna02@example.net,La Coruña,57
1413,Cruz Apolonia Álvarez Amo,duiliocasanovas@example.org,Barcelona,21
1414,Azahar Águila Rocha,obautista@example.org,Segovia,62
1415,Ramona Salvador Barrios,ripollrufina@example.com,Cádiz,41
1416,Fausto Ribera Rodriguez,palomaritziar@example.net,Vizcaya,79
1417,Marcial Luna,aragondani@example.org,Sevilla,20
1418,Anacleto Miguel Haro Estevez,coboselena@example.com,Valladolid,63
1419,Germán Navas-Montoya,romanmorera@example.net,Huesca,62
1420,Maite Roma Márquez,hvinas@example.org,Cáceres,70
1421,Adora del Dominguez,leandro45@example.net,La Coruña,50
1422,Modesto Tormo Arco,hguerrero@example.com,La Coruña,64
1423,Luciana Bayo Bou,rita75@example.net,Barcelona,59
1424,Hugo Torrecilla-Oliveras,marcia44@example.org,La Coruña,19
1425,Ricarda Carolina Chico Bru,baltasar81@example.net,Zamora,71
1426,Hortensia del Carnero,angelasandoval@example.org,Barcelona,33
1427,Maura Zurita Soler,cuervobasilio@example.net,Alicante,67
1428,Diego Alcalá Duarte,mercadermacarena@example.net,Jaén,80
1429,Samu Pozo Torrents,namat@example.com,Asturias,79
1430,Guadalupe Granados Terrón,pedroetelvina@example.org,Palencia,75
1431,Encarnacion del Esparza,lucia42@example.com,Ourense,66
1432,Adolfo Patricio Busquets Morillo,fustercosme@example.net,Barcelona,51
1433,Dolores Mora Tenorio,zgarrido@example.com,Badajoz,52
1434,Isa Tomas Barba,eutimiocal@example.net,Vizcaya,26
1435,Adelina Jáuregui Ibáñez,osvaldo35@example.net,Granada,30
1436,Máximo Grau Benet,clarisa02@example.net,Álava,23
1437,Julie Gracia,rtorrent@example.org,Almería,79
1438,Alejandro del Abad,esperanza64@example.net,Soria,49
1439,Ulises del Gárate,daniela70@example.org,Ávila,63
1440,Luís Téllez-Calvo,pcortes@example.org,Zaragoza,52
1441,Celestino Galvez-Rosado,fortunytadeo@example.org,Almería,66
1442,Prudencio Jiménez Mayo,cabonerea@example.net,Ourense,29
1443,Fausto Ayllón Moles,uriaclementina@example.org,Guadalajara,78
1444,Amílcar Gaspar Cabo Higueras,soledad14@example.org,Córdoba,33
1445,Julie Gomis Terrón,rieragloria@example.org,Castellón,41
1446,Edu Casado Menéndez,amaliaalcantara@example.net,Navarra,39
1447,Manuela Carreras Valencia,francisco-josemoya@example.org,Ceuta,78
1448,Albino Carro Villalba,alonso51@example.com,Barcelona,61
1449,Pía Ignacia Solano Cabeza,msoler@example.com,Jaén,34
1450,Miguel Ángel Ocaña Bayo,sanjuancayetana@example.org,Cádiz,46
1451,Corona Juliana Ródenas Caro,pelayo27@example.net,Guipúzcoa,42
1452,Emilio Castillo Vilanova,raulamo@example.com,La Rioja,56
1453,Susanita Zurita,anacleto23@example.com,Guadalajara,54
1454,Lucio Chus Iglesias Pera,malenadominguez@example.org,Almería,75
1455,Carmina Petrona Calderon Bayón,bonifacio83@example.com,Lleida,72
1456,Juliana Verónica Elías Elorza,gomezsantiago@example.com,Asturias,47
1457,Severiano Jaume Sáenz,elba17@example.org,Soria,31
1458,Timoteo Caro Álamo,marquezdavid@example.com,Ourense,48
1459,Adelaida Guitart Portillo,juan19@example.org,La Coruña,36
1460,Vinicio Mate Tejada,gomilaofelia@example.com,La Coruña,69
1461,Leandro Olmo Uribe,xsaez@example.net,Albacete,48
1462,Isidro Ferrándiz Acedo,tomas12@example.net,Jaén,33
1463,José Mari Alcaraz-Jara,albayessica@example.net,Albacete,77
1464,Armando Sancho Caparrós Lloret,reyes02@example.net,Pontevedra,45
1465,Emelina del Asenjo,angel25@example.com,Castellón,40
1466,Manuelita Conesa Ferrer,luisarranz@example.com,La Coruña,19
1467,Dimas del Yáñez,leonciopinedo@example.com,Córdoba,52
1468,Teófila Zoraida Vallejo Rueda,azconajulieta@example.org,Córdoba,35
1469,Pascuala Hidalgo Cases,kguzman@example.net,Lugo,43
1470,Silvestre Bernad,amado48@example.com,Alicante,42
1471,Edgardo Guijarro,rieraamelia@example.com,Sevilla,18
1472,Encarnacion Alvarez Espinosa,severianoferrera@example.com,La Rioja,56
1473,Lola Exposito-Montes,lmarti@example.org,Lugo,50
1474,Eusebia Báez Serna,carminafernandez@example.com,Sevilla,38
1475,Mamen Luís Barros,otilia52@example.org,Alicante,51
1476,Francisca Vallejo Caballero,ngalvez@example.org,Zamora,60
1477,Erasmo Bautista-Santamaría,saturninaalvarado@example.org,Castellón,19
1478,Anselmo Feliu Galan,albasebastian@example.org,Alicante,21
1479,Asunción Jara,danilocalderon@example.com,Álava,19
1480,Santiago Hoyos Casares,bienvenidacamacho@example.net,Cuenca,68
1481,María Pi,ritabarcelo@example.org,Granada,77
1482,Selena Esteban-Miranda,sobrinocayetana@example.com,Granada,62
1483,Juan Manuel Méndez Manzanares,morenoroman@example.org,Cáceres,73
1484,Victorino Cuesta Luna,mauracid@example.org,Pontevedra,61
1485,Hugo Salgado-Torralba,jose-miguel06@example.net,Girona,51
1486,Cirino Puig Salamanca,palmerinocencio@example.com,Baleares,19
1487,Dorotea Grau León,zfernandez@example.net,Albacete,42
1488,Ángeles Jordá Ayala,harcos@example.net,Guadalajara,76
1489,Toño Seguí Perea,lquero@example.net,Teruel,80
1490,Álvaro Márquez,lilianacamara@example.org,Guadalajara,75
1491,Luís Natanael Fuente Ricart,fortunyesmeralda@example.com,Murcia,62
1492,Concepción Muñoz-Ros,qgaya@example.net,León,39
1493,Perlita Heras Marquez,dolores92@example.org,Soria,75
1494,Rebeca de Amo,arteagadani@example.org,Zamora,38
1495,Azahar Barón Oliveras,zmontenegro@example.com,Pontevedra,45
1496,Felicidad Céspedes,calixtogomez@example.com,Burgos,58
1497,Ulises Quero Águila,bartolome42@example.net,Navarra,76
1498,Nando Carlos,tatiana09@example.net,Cuenca,64
1499,Gaspar Iglesia-Franch,calixtapera@example.com,Ávila,19
1500,Corona Sánchez Pol,herminio05@example.net,Lleida,37
1501,María Del Carmen Mendez Pombo,ytejada@example.net,Pontevedra,76
1502,José Luis Jara Ávila,arnaizruben@example.net,Málaga,70
1503,Pilar Adán,toni76@example.org,Cádiz,63
1504,Heriberto Noriega,ugalvez@example.com,Las Palmas,79
1505,Marisol Yésica Lamas Barberá,rafa57@example.net,Almería,56
1506,Wilfredo del Anguita,esperanzabarroso@example.com,Asturias,18
1507,Ani Amador Hernando,bonetjosefa@example.net,Badajoz,27
1508,Marco Tormo,estercabrera@example.com,Baleares,28
1509,Augusto de Hervia,eutropio09@example.net,Ciudad,56
1510,Laura Somoza Beltrán,hpalomino@example.net,Melilla,38
1511,Salomón Girón Benito,ndonaire@example.org,Ourense,44
1512,María Jesús Azeneth Alegre Raya,olivechus@example.org,La Coruña,20
1513,Amelia Niño Oliver,moranamparo@example.net,Melilla,74
1514,Ariel Torres-Pellicer,avendrell@example.org,Cádiz,49
1515,Concha Franco Mulet,azamorano@example.com,Madrid,74
1516,Porfirio Mascaró-Castells,salvadorsantana@example.com,Cantabria,30
1517,Adán Roig Ibañez,alondra40@example.net,Albacete,64
1518,Eloy Campo Osorio,fdelgado@example.net,Vizcaya,38
1519,Albano Criado Lucas,lluis@example.org,La Coruña,40
1520,Estrella Salas-Montes,araujoencarnacion@example.net,Ciudad,68
1521,Emigdio Eric Juliá Asenjo,albertogalindo@example.net,Soria,79
1522,María Cristina Barba-Guillén,becerramarcelino@example.com,Las Palmas,45
1523,Victorino Daza,evangelinablanco@example.net,Girona,20
1524,Rómulo Navas Robledo,gonzalezpaco@example.com,Álava,53
1525,Adelardo Jordán Gual,pazbarbero@example.net,Madrid,36
1526,Emiliana Rivera Aranda,leonorferrandiz@example.org,Tarragona,38
1527,Julie Ropero-Salgado,bravocarmelita@example.org,León,77
1528,Nazaret Sosa Bustamante,hgonzalez@example.org,Jaén,54
1529,Anselmo Torrijos,aureacalderon@example.org,Burgos,23
1530,Marcelino Moles-Villa,baezacustodia@example.org,Valencia,42
1531,Vito del Guillén,taguilar@example.com,Palencia,21
1532,Elodia Mascaró Carrasco,iarmas@example.com,Guipúzcoa,20
1533,Delia Castilla Bernad,fabril@example.org,León,48
1534,Maxi Montes Zaragoza,estevezedmundo@example.com,Salamanca,25
1535,Fortunato Miró Cruz,eutimio03@example.org,Santa Cruz de Tenerife,52
1536,Cándido Bonifacio Serna Ródenas,guillermo75@example.org,La Rioja,57
1537,Saturnino Capdevila Pereira,geraldoanglada@example.net,Murcia,75
1538,Nadia de Paredes,armida87@example.org,Zamora,59
1539,Noemí Gutiérrez,melisaecheverria@example.com,Santa Cruz de Tenerife,55
1540,Calixta Lamas Serna,xcortes@example.com,Asturias,26
1541,Alberto Vilaplana-Almansa,pfarre@example.net,Albacete,40
1542,Raúl Juan Carlos Ruiz Peláez,molinsrosaura@example.net,Álava,47
1543,Custodia Benavente Núñez,quintanillaanna@example.org,Ciudad,60
1544,Violeta Cortina Sanjuan,cpuga@example.com,Pontevedra,48
1545,Pascual Bastida,figuerasyago@example.com,Segovia,71
1546,Calixta Gaya,ejulian@example.org,La Coruña,65
1547,Herberto Barrios,vicensmanola@example.com,Cádiz,55
1548,Teresa Porcel,zaleman@example.net,Cuenca,63
1549,Felipa Quintana-Galván,wcabezas@example.com,Málaga,40
1550,Cirino Marcos Mesa Garmendia,silvestrebatlle@example.net,Jaén,60
1551,Reina Cerro Iglesia,filomenaesteban@example.org,Zaragoza,37
1552,Jovita Mendizábal Tejero,tsosa@example.net,Asturias,55
1553,Casandra Hervia Montoya,coellojudith@example.org,Madrid,48
1554,Juliana Peiró Figueras,petrona55@example.com,Albacete,47
1555,Cayetano Parra Peralta,aureliorovira@example.org,Jaén,78
1556,Isaura Manzanares Álvaro,americo37@example.org,Sevilla,50
1557,Caridad Gibert Rivera,zacarias13@example.net,Asturias,45
1558,David Sierra Canet,pgallardo@example.net,Murcia,54
1559,Guillermo Carballo Rios,imarti@example.net,Burgos,22
1560,Luz del Crespo,segismundosarabia@example.org,Guipúzcoa,46
1561,Florencia Blazquez Cobos,zlosada@example.org,Castellón,31
1562,Purificación Camino Roura,avalenzuela@example.net,Segovia,75
1563,Azeneth Iglesias-Alcolea,patricio79@example.org,La Coruña,43
1564,Bienvenida Pedraza,jose-antonio84@example.org,Salamanca,44
1565,Ezequiel Augusto Cobo Arnau,frivero@example.net,Pontevedra,21
1566,Jesús de Falcó,dcuenca@example.org,Ceuta,56
1567,Andrés Felipe Sureda Soler,toniazcona@example.net,Segovia,27
1568,Ismael Higueras Camino,candelaguardiola@example.net,Pontevedra,33
1569,Marco José Luis Juárez Delgado,cmorillo@example.net,Ciudad,28
1570,Catalina Palau Miguel,pepito71@example.net,Ciudad,54
1571,Román de Gomis,maria-pilar23@example.net,Ciudad,52
1572,Santos Barrera Valenzuela,noe46@example.net,Valencia,76
1573,Ámbar Vázquez Enríquez,donosoconcepcion@example.org,Burgos,36
1574,Coral Guzmán,matilde12@example.com,La Rioja,41
1575,Adán Seguí Martínez,angelbelda@example.com,Girona,36
1576,Erasmo Castelló-Reguera,rnarvaez@example.org,Teruel,20
1577,Gabriela Belda Clavero,judithsaldana@example.com,Alicante,52
1578,Victoriano Guzmán Losada,julio-cesarcontreras@example.org,Valencia,22
1579,José Antonio Lucena Gonzalo,javiercorrea@example.com,Ávila,69
1580,Nicanor Bartolomé Calderon,consuela94@example.net,Málaga,47
1581,Brígida Arcos Azorin,humberto90@example.net,Vizcaya,19
1582,Francisco Jose Fortuny Bárcena,crespopepita@example.org,Barcelona,70
1583,Arsenio del Castrillo,gustavomiranda@example.org,Teruel,72
1584,Tadeo Castellanos,lorenzogibert@example.com,Salamanca,24
1585,Pastor Azcona Barbero,eva-maria52@example.org,Palencia,76
1586,Irene Espinosa Riba,clementerocha@example.com,Lleida,49
1587,Adoración Huerta Salamanca,arnauamada@example.org,Lugo,62
1588,Adora del Prieto,solanamargarita@example.net,Segovia,24
1589,Sosimo Calzada Bernal,espinosacharo@example.org,Madrid,68
1590,Atilio Artemio Ballester Esparza,ytorrent@example.com,Tarragona,33
1591,Javiera Lladó Pont,candidoferreras@example.com,Valencia,21
1592,Adrián Bru Becerra,arreguirodrigo@example.net,Cantabria,23
1593,Víctor Requena Tejedor,gargalloernesto@example.org,Valladolid,48
1594,Belen Hoyos Marín,gabrielaolmedo@example.com,Valencia,75
1595,Liliana Castrillo Lastra,jeremiascordero@example.org,Murcia,51
1596,Nicolás Francisco Acedo,carlotaaragon@example.com,Ceuta,75
1597,Rosa María Castañeda-Bosch,lbernal@example.com,Ourense,38
1598,Nerea Cuadrado Girón,roberta71@example.org,Zaragoza,36
1599,Araceli Salmerón Cardona,riusjavier@example.com,Tarragona,27
1600,Ariel Solera Mata,cecilioledesma@example.org,Salamanca,73
1601,Marcio del Aparicio,fbelda@example.net,Asturias,42
1602,Rosa María Machado Figueroa,jacinto05@example.org,Teruel,62
1603,Rogelio Sabas Macias Ramirez,cecilio48@example.org,Madrid,51
1604,Lorenza del Rivera,tadeo70@example.org,Lleida,77
1605,Alexandra de Riquelme,azaharcervera@example.org,Valladolid,26
1606,Pastora Chaparro Cabezas,qaguado@example.org,Córdoba,48
1607,Sosimo Grau Peñalver,lupita75@example.com,Cádiz,26
1608,Roque Humberto Mayo Ramón,gquero@example.org,Melilla,58
1609,Amada Cisneros Pablo,xfont@example.net,Vizcaya,62
1610,Ani del Acevedo,castejontiburcio@example.net,Almería,35
1611,Augusto Abad Alcalá,uribeflor@example.net,Zaragoza,52
1612,Amparo Segura Arribas,zescobar@example.org,Álava,54
1613,Socorro de Figueroa,planagertrudis@example.net,Santa Cruz de Tenerife,61
1614,Feliciano Cardona Gracia,qcalzada@example.org,Navarra,79
1615,Carmen Serra Pizarro,jennybayo@example.net,Lleida,59
1616,Patricia Alberdi Peñalver,gimenezmaite@example.com,Cádiz,38
1617,Etelvina Sala Iglesia,maria-fernanda26@example.net,Badajoz,62
1618,Judith Daniela Arenas Lobato,graciapriego@example.net,Granada,30
1619,José Manuel Ibañez-Guerra,sergioromeu@example.org,Badajoz,31
1620,Jorge de Abril,barbasofia@example.com,Cantabria,42
1621,Ruben Isidoro Menendez Castillo,ztejero@example.com,Pontevedra,50
1622,Chuy Alcaraz Córdoba,uharo@example.net,León,52
1623,Mariano Jódar Gutierrez,francisco-javier25@example.net,Navarra,36
1624,Tania Pina Reyes,vtirado@example.net,Zaragoza,68
1625,Conrado Tejera,domingamorales@example.org,Cantabria,62
1626,Esperanza Pedraza Huguet,caborafael@example.net,Ávila,76
1627,Hilda Quesada Quintana,delfina17@example.net,Valencia,68
1628,Lucila Aller Sobrino,maria-carmen20@example.com,Almería,23
1629,Maxi Raya,edmundolumbreras@example.org,Álava,39
1630,Alonso de Lladó,mdonoso@example.org,Albacete,57
1631,Jovita Blasco Soria,alvarezjafet@example.net,Cádiz,63
1632,Eleuterio Batalla,zpla@example.net,Ávila,21
1633,Haroldo Conrado Vives Alcalá,eusebiogutierrez@example.org,Cádiz,26
1634,Apolinar Torre Murillo,acuadrado@example.net,Lugo,43
1635,Eric Bejarano,nico48@example.net,Álava,21
1636,María Pilar Feijoo Sans,nereidaarias@example.org,Huesca,37
1637,Emelina Castell,bouamador@example.com,Madrid,64
1638,Hortensia Maribel Soler Aparicio,neiramayte@example.com,Salamanca,34
1639,Rosalina Herrera Puig,valderramaalba@example.com,Córdoba,36
1640,Lorenza Macías Céspedes,diezlupe@example.org,Soria,62
1641,Ciro Martinez Borrás,marianosierra@example.net,Navarra,60
1642,Íñigo Alejo Guillen Benet,martinfuente@example.net,Sevilla,73
1643,Vera Bautista Peiró,dionisia51@example.org,Ciudad,40
1644,Jordán Raya González,dimas02@example.net,Tarragona,31
1645,Laura Belda-Villegas,nicozabala@example.org,Zaragoza,24
1646,Eladio Fabricio Bartolomé Zapata,mnieto@example.com,Almería,23
1647,Cristian Gaya Escobar,silviaangulo@example.net,Las Palmas,19
1648,Santos Iñiguez Torre,javiera34@example.org,La Rioja,48
1649,Rogelio Zamorano Conde,ibanezblas@example.net,Granada,40
1650,Jenaro Gallego Gabaldón,dporras@example.org,Sevilla,76
1651,Reyna Ruano Cal,cpalacio@example.org,Álava,30
1652,Eutimio Escribano Gras,menendezascension@example.org,Murcia,20
1653,Clemente Cabezas-Morell,tadeoroca@example.net,La Rioja,27
1654,María Luisa Almansa Salvador,albina70@example.org,Albacete,66
1655,Maristela Navarro Quirós,nazaretmariscal@example.net,Guadalajara,54
1656,José Luis Canales-Marín,doroteaalmagro@example.org,Vizcaya,38
1657,Celestino Pagès Abellán,lucianorequena@example.org,Navarra,34
1658,Maricela Anglada,sosimolucas@example.net,Asturias,40
1659,Marta Pulido-Juliá,pperea@example.org,Ourense,33
1660,Conrado Fabregat Cañellas,villasalome@example.com,Murcia,22
1661,Olalla Soria Cardona,jose34@example.net,Guadalajara,37
1662,Guiomar Simón Saez Sobrino,teredavila@example.net,Navarra,79
1663,Palmira Serna Bertrán,narvaezeli@example.net,Zamora,29
1664,Leonor Diana Pardo Mercader,jvicente@example.net,Navarra,43
1665,Noa España Puga,mendezfortunato@example.com,Burgos,68
1666,Nilo Llobet Salom,eduardovazquez@example.net,Las Palmas,35
1667,Atilio Baquero,ferrereligia@example.net,Alicante,40
1668,Armando Luís,fatimaparejo@example.com,Baleares,47
1669,Dafne Laguna Ribera,ltrillo@example.com,Alicante,49
1670,Clementina Sancho Font,eustaquio02@example.com,Santa Cruz de Tenerife,39
1671,Narciso Campoy Romero,otilia27@example.org,Baleares,56
1672,Concha Bejarano Godoy,gertrudis99@example.org,Sevilla,77
1673,Ariel Ayuso-Morales,uricart@example.org,León,28
1674,Raimundo Murillo Valenciano,benjamincompany@example.org,Valencia,80
1675,Edelmiro Trujillo Quintanilla,cabreraflora@example.com,Burgos,36
1676,Cosme de Arribas,beldacelso@example.net,Lugo,75
1677,Gustavo Franco Aguilar,marcial82@example.org,Las Palmas,61
1678,Aitana Méndez Garcés,wpelaez@example.com,Burgos,51
1679,Flora Moya Vilalta,bartolomemarcos@example.com,La Rioja,30
1680,Ámbar Jover,alma77@example.org,Lleida,26
1681,Adelia del Pulido,abellanceferino@example.net,Badajoz,78
1682,Leandro Pol Marco,yagoguijarro@example.com,Barcelona,24
1683,Candelario Jiménez Navas,ribarra@example.net,Soria,19
1684,Quique Sáez González,lupeprieto@example.org,Cuenca,21
1685,Gaspar Aznar Llanos,nicolasavallejo@example.net,León,60
1686,Régulo Sans Prada,raulruano@example.com,Álava,74
1687,Anselma Chico Villegas,teodoroneira@example.org,Ciudad,34
1688,Carina Tirado Soto,sosimosureda@example.com,Zamora,70
1689,Borja Vidal Acosta,ptenorio@example.org,Madrid,57
1690,Kike Porcel,maximapujadas@example.com,Ciudad,71
1691,Adalberto Ramón Burgos,maximo77@example.com,Jaén,38
1692,Bienvenida Peñalver Torrents,atiliobelmonte@example.com,Melilla,52
1693,Caridad de Escolano,kibanez@example.org,Málaga,60
1694,Emperatriz Huertas,kbejarano@example.net,Ávila,33
1695,Isabela Arnau Salgado,arenasgodofredo@example.com,Baleares,73
1696,Felicidad Alsina Colom,zayllon@example.net,Guipúzcoa,27
1697,Pancho del Guijarro,sigfridosacristan@example.com,Alicante,62
1698,Raúl Barragán Colomer,fcalatayud@example.org,Guipúzcoa,49
1699,Victoriano Manjón,antoniomorante@example.org,Vizcaya,21
1700,Juan Bautista de Grau,kbarroso@example.net,Segovia,30
1701,Martirio Sanchez,ileanarozas@example.org,Burgos,30
1702,Hector Villar Fiol,figuerasimelda@example.net,Girona,58
1703,Amor del Alberdi,menareyes@example.com,Ceuta,45
1704,Gerónimo Pablo Bernad,millangisela@example.com,Zamora,50
1705,Hermenegildo de Mur,candelanicolas@example.net,Vizcaya,35
1706,Juan Luis Huerta Jaume,ihoz@example.org,Teruel,60
1707,Máxima Cobo Iborra,guillennicolas@example.net,Alicante,20
1708,Consuela Sandoval Diéguez,vcisneros@example.com,Almería,20
1709,José Mari Pinedo Valcárcel,nblanch@example.net,Lleida,42
1710,Dora Garriga Sala,huertamaria-del-carmen@example.com,Guipúzcoa,72
1711,Marcelo del Lamas,riveroclemente@example.com,Guadalajara,22
1712,Eliseo Guardiola Galán,qperales@example.com,Asturias,38
1713,Tomasa Solsona Torrents,casemiro41@example.com,Palencia,79
1714,Armida Georgina Zapata Solís,jose85@example.net,Burgos,49
1715,Arturo Vilaplana Plana,dafne57@example.com,Huesca,31
1716,Virginia de Salom,torrentjose-ignacio@example.net,Cáceres,80
1717,Vasco de Cabanillas,ariasplinio@example.org,Zamora,71
1718,Rafaela Puig Alegria,xsevillano@example.net,Lugo,62
1719,Felix de Rius,regulojuan@example.com,Albacete,37
1720,Paulino Girón-Guillén,abril85@example.org,Granada,32
1721,Edelmira Urrutia Benet,ayusoguillermo@example.com,Córdoba,34
1722,Eli Ramírez Niño,scontreras@example.net,Tarragona,32
1723,Daniel Román Cabrero Toledo,ariadnagallego@example.net,Guipúzcoa,28
1724,Macario Ariza-Pablo,angelosorio@example.net,Pontevedra,28
1725,Reyna del Cerdá,roxana82@example.net,Cáceres,26
1726,Luis Riba Collado,barrioshernando@example.com,Ourense,70
1727,María Ángeles Cabrera Zabala,falconflavio@example.com,Ávila,50
1728,Humberto Alex Mir Viñas,pastorllopis@example.com,Álava,79
1729,Ceferino de Cañizares,lucia15@example.com,Palencia,28
1730,Chus Pineda,jose-miguel71@example.com,La Rioja,43
1731,Florentino Lillo,esthercepeda@example.net,Vizcaya,38
1732,Nicolás Jaén Collado,tadeo04@example.net,Valladolid,67
1733,Lucho Galan,npozo@example.com,Ourense,55
1734,Carmela Brunilda Olivé Almagro,sevillanofelisa@example.com,Toledo,34
1735,Candela Mir Piña,segarradanilo@example.org,Ávila,70
1736,Araceli Salmerón Muro,francisco-javier06@example.com,Salamanca,63
1737,Montserrat de Quero,manjonpia@example.com,Guipúzcoa,74
1738,Remigio Bernardo Bou Vall,wjodar@example.org,Girona,25
1739,Margarita Blasco-Velasco,oliveranydia@example.net,La Coruña,19
1740,Ester Garcia Alcaraz,albino05@example.org,Cádiz,64
1741,Guadalupe Reig Cuenca,bleiva@example.org,Almería,21
1742,Óscar Criado Barba,edmundo10@example.org,Huesca,53
1743,Inmaculada Alba Cuevas,ramosgraciela@example.com,Barcelona,62
1744,Merche Osuna Juan,carmenlosa@example.net,Barcelona,43
1745,Emigdio Juanito Rosado Esteban,ramisbernardita@example.net,Toledo,62
1746,Francisco Montero,heribertogodoy@example.net,Baleares,63
1747,Loreto Riquelme Daza,simon16@example.net,Guadalajara,47
1748,Mariana Graciana Zaragoza Moliner,jbarba@example.com,Zaragoza,62
1749,Macaria del Tudela,adelinacastells@example.net,Zaragoza,75
1750,Flor Nicolau Durán,guitartmar@example.net,Santa Cruz de Tenerife,58
1751,Fabián Teodosio Macias Ferrero,bauzacalixto@example.org,Badajoz,75
1752,Mauricio Pujol Ayuso,fmarques@example.net,Las Palmas,61
1753,Cruz Solsona-Palacio,hvives@example.org,Zamora,29
1754,Hilda del Arnaiz,manuaznar@example.com,Granada,70
1755,Lilia Rebeca Villanueva Dávila,escuderoalbert@example.net,Huesca,38
1756,Bernardo Nando Bartolomé Acero,fannypareja@example.org,León,22
1757,Pastora Amalia Ródenas Manzano,efrainsobrino@example.net,Barcelona,26
1758,Martín Varela Bilbao,valentinadelia@example.net,Málaga,32
1759,Jovita Clemente,delfina95@example.org,Granada,42
1760,Lucas Palacios Grande,monrealimelda@example.net,Ciudad,47
1761,Marisa Juliá Bustamante,zairafernandez@example.org,Castellón,58
1762,María Belén Mariño Redondo,rangulo@example.net,Valencia,23
1763,Florina Torrent,elisa61@example.com,Álava,62
1764,Herminia Sanchez Calderon,barberacosme@example.org,Soria,28
1765,Nereida Juliá Román,benignoestevez@example.org,Pontevedra,18
1766,Ernesto Guzman Boada,ema23@example.net,Palencia,35
1767,Yésica Lupita Alberdi Pol,anitamarin@example.com,Pontevedra,34
1768,Raimundo Almazán,encarnitamate@example.net,Sevilla,72
1769,Sandalio de Toro,ngibert@example.org,Cáceres,73
1770,Encarnacion Grande-Leal,paniagualorena@example.net,Sevilla,34
1771,Arcelia Peñas Silva,caridad83@example.net,Barcelona,38
1772,Nayara Noriega Posada,gilberto87@example.org,Huelva,74
1773,Anita Bernarda Lladó Armas,jpineda@example.com,Cantabria,54
1774,Felicidad Alvarez Morillo,claudio62@example.com,Melilla,20
1775,Crescencia Salmerón Vergara,encarnacion43@example.org,Guipúzcoa,36
1776,Hipólito de Donaire,calatayudmonica@example.com,Pontevedra,44
1777,Bienvenida Franco Fajardo,bonillaherminia@example.com,Albacete,74
1778,Felicia Alegria Pla,macariomelendez@example.org,Huesca,36
1779,Manu Sedano Galván,villegasloreto@example.org,Sevilla,50
1780,Almudena Murcia Garzón,gordilloadalberto@example.org,Murcia,25
1781,Cleto Calderon Casado,voller@example.com,Cáceres,35
1782,Gerónimo Garrido-Marquez,lastraseve@example.com,Álava,72
1783,Adelina del Alonso,salvador93@example.net,Alicante,28
1784,Rosaura Vazquez,manuelitaesparza@example.org,Las Palmas,61
1785,Sebastian Ochoa Pinto,oriana57@example.net,Valladolid,40
1786,Alberto Carbajo Cantón,leyre46@example.net,Melilla,73
1787,Amando Tena Cal,sanjuancarmelo@example.org,Ávila,38
1788,Josefa Donaire Iglesias,maria-manuela90@example.org,Barcelona,18
1789,Natalia Abellán,ppadilla@example.com,Sevilla,55
1790,Samuel Valls Marí,floressaturnino@example.com,Albacete,71
1791,Gerónimo Aguiló Puente,faustinovicens@example.org,Cuenca,65
1792,Carlota Carpio-Amor,montescasemiro@example.com,Málaga,51
1793,Mauricio de Fuertes,encarnabernad@example.net,Girona,70
1794,Judith Ferrándiz Romeu,tplaza@example.net,Málaga,41
1795,Antonio del Collado,tomassalome@example.org,Burgos,60
1796,Zoraida de Lucena,osvaldo88@example.com,Córdoba,70
1797,Natanael Crespo-Vizcaíno,nunezmaria-fernanda@example.com,Ciudad,65
1798,Lorenza de Hoyos,barrenabarbara@example.net,Ávila,53
1799,Lorenza Reig Vall,bautistanavas@example.com,Barcelona,35
1800,Lorenzo Wilfredo Dueñas Gallo,pamoros@example.net,Baleares,32
1801,Aura Oliver Redondo,agustilidia@example.com,Álava,30
1802,Aurelio Carbonell,wluna@example.com,Murcia,24
1803,Javiera Román Figueroa,trini05@example.org,Guadalajara,31
1804,Raúl Giner,mohamed78@example.net,La Coruña,31
1805,Águeda Burgos Bernat,herbertorobles@example.net,Barcelona,79
1806,Filomena Mate Azcona,pradamaria-angeles@example.com,Alicante,62
1807,Nacho Leiva-Villena,modesto09@example.org,Jaén,22
1808,Chelo Villanueva Pujol,piquerpaz@example.org,Barcelona,70
1809,Domitila Díez,wbaron@example.org,Asturias,29
1810,Lázaro Jaén Peralta,tpuga@example.net,Alicante,75
1811,León Boada Chacón,alfredocervera@example.org,Cuenca,47
1812,Joel Sosa,damian70@example.org,Guadalajara,53
1813,Amparo Agustina Navarro Mateo,andreshumberto@example.com,Burgos,52
1814,Alondra Rebollo-Avilés,rroman@example.com,Tarragona,61
1815,Rodrigo Jaume,hermenegildo63@example.net,Sevilla,48
1816,Bautista Martinez Plaza,cipriano21@example.net,Pontevedra,30
1817,Aarón Castejón Gaya,pascualexposito@example.org,Segovia,36
1818,Úrsula Vives,marceloaviles@example.org,Pontevedra,30
1819,Rómulo del Mir,esthergomez@example.net,Segovia,65
1820,Jorge Bilbao Mena,smadrigal@example.com,Granada,43
1821,Hilario Navarrete Berenguer,xdavila@example.net,Zaragoza,39
1822,Miriam Morante Pino,guiomar66@example.org,Girona,67
1823,Édgar Barranco Herrera,robertabarragan@example.com,Alicante,27
1824,Lourdes Estela Segura Cuesta,eribes@example.net,Navarra,60
1825,Fernanda Verdú Ferrando,alegrianestor@example.net,Baleares,69
1826,Dani Soriano Machado,ana-belenseco@example.org,Ciudad,29
1827,Fabio Echevarría Ureña,donato44@example.org,Girona,65
1828,Roxana Valderrama-Linares,montserratadora@example.com,Toledo,27
1829,Blas Blanes Piña,moisesvilar@example.com,Alicante,47
1830,Ignacio Cuenca Serra,chemaleon@example.com,Guipúzcoa,19
1831,Concha Becerra Almazán,zfabregas@example.net,Segovia,70
1832,Irene Ortega Porras,morenoberrocal@example.org,Zamora,79
1833,Marciano Flor-Manrique,ocamps@example.com,Ourense,27
1834,Erasmo Blanch Izaguirre,leoncio29@example.com,Girona,52
1835,Adora Porcel Montalbán,coral95@example.net,León,44
1836,Arturo Maximiliano Alberola Cerdá,benetartemio@example.net,Lugo,22
1837,Delfina Arnau,celestino20@example.net,Almería,59
1838,Maxi Bayona-Roselló,paulinoecheverria@example.net,Salamanca,54
1839,Che Joel Alcántara Toro,calvetalfonso@example.org,Albacete,52
1840,Teófila Vicente Piñol,bernardita27@example.com,Santa Cruz de Tenerife,66
1841,Rosario Cabello Téllez,mcabrero@example.org,Navarra,29
1842,Vinicio Vila Miró,gisela16@example.net,Ciudad,65
1843,Rosalina Ariadna Castelló Rovira,adelaidacoca@example.net,Girona,29
1844,Jose Ramón Hidalgo Cano,fuentesfidel@example.org,Zaragoza,78
1845,Cristian Cifuentes Estevez,arozas@example.org,Baleares,37
1846,Felipa Llopis-Jódar,maria15@example.net,Vizcaya,24
1847,Leocadio Falcón Busquets,solanajuan-antonio@example.net,Córdoba,60
1848,Ezequiel Herranz Puig,dalila84@example.org,Ceuta,20
1849,Eutimio Casares-Peláez,maria-dolorescanales@example.com,Málaga,80
1850,Martín Grau Juárez,narciso08@example.com,Girona,47
1851,Cipriano Hernando,kizquierdo@example.com,León,20
1852,Ofelia Arnal Blanca,amaromanso@example.com,Sevilla,27
1853,Luz Iborra Antúnez,ramona55@example.net,Cáceres,70
1854,Ulises Valderrama Morera,orianapons@example.net,Jaén,65
1855,Herminio Mesa Salas,ramirocastell@example.net,Palencia,41
1856,Nerea del Quirós,bartolomemurillo@example.org,Vizcaya,59
1857,María Dolores Barbero Molina,juan-francisco79@example.com,Alicante,22
1858,Anabel Bueno Valera,pedrofernanda@example.org,Santa Cruz de Tenerife,63
1859,Eladio de Vera,elodiaserra@example.com,Albacete,21
1860,Maite Galván,ojuan@example.com,Badajoz,30
1861,Dalila del Gabaldón,jerezeli@example.com,Las Palmas,42
1862,Sandra Ferreras Juliá,carmela99@example.net,Burgos,65
1863,Maxi del Morell,sebastianinfante@example.com,Vizcaya,76
1864,Micaela Arellano Raya,modestabriones@example.net,Castellón,71
1865,Reyes Arana Pla,ortegadalila@example.org,Tarragona,37
1866,Margarita Adadia Galan,fonsecageorgina@example.com,León,31
1867,Poncio del Noriega,doloresbaquero@example.org,Álava,76
1868,Renata Carmela Cerdán Benet,cruiz@example.org,Ciudad,55
1869,Gema Ribera,maristela28@example.com,Ourense,60
1870,Delia Piñeiro,lmata@example.net,Barcelona,55
1871,Lalo Jara Patiño,dbarbero@example.net,Guipúzcoa,53
1872,Guiomar Pacheco Díaz,danigalindo@example.com,Cáceres,55
1873,Amada Gomis-Páez,jose-antoniobuendia@example.com,Badajoz,39
1874,Victoriano Bastida,cayetananoguera@example.com,Salamanca,57
1875,Baldomero Ibañez Aguilar,tpinilla@example.com,Ceuta,72
1876,Estrella de Soto,galindofelix@example.org,Jaén,23
1877,Benito Aníbal Lumbreras Muro,cobosisidora@example.org,Segovia,80
1878,María Teresa Lerma Neira,asalgado@example.net,León,61
1879,Duilio Duarte,carlos29@example.com,Girona,18
1880,Juan Pablo del Royo,artemio33@example.net,Granada,50
1881,Pascuala Pol Doménech,qestrada@example.org,Asturias,25
1882,Juan Bautista Juliá,jsalvador@example.org,Madrid,25
1883,Eladio Méndez Santamaría,ale40@example.org,Tarragona,65
1884,Pascuala del Mateo,acardenas@example.net,Badajoz,59
1885,Joaquín Borrego Vera,ciriaco59@example.net,Huelva,57
1886,Celso Villaverde Quevedo,rosalina95@example.net,Ourense,60
1887,Tomasa Selena Roig Fabregat,edelmira52@example.org,Valencia,20
1888,Andrea Ferrándiz Puerta,bginer@example.com,Málaga,40
1889,Benito Planas-Echevarría,pratcharo@example.com,Tarragona,77
1890,Adriana Verdugo Redondo,ledesmavisitacion@example.org,Málaga,60
1891,Galo Andres-Navarro,jennyagustin@example.org,Navarra,33
1892,Fortunata Dávila Novoa,arroyomaria-jose@example.org,Albacete,41
1893,Conrado Luz Chaves,evelasco@example.com,Lugo,57
1894,Faustino Sabas Baró Jaume,lina07@example.net,León,69
1895,Asunción Infante-Izquierdo,mbou@example.org,Valladolid,19
1896,Noelia Guardiola Olivé,amorbello@example.org,Barcelona,72
1897,Curro Redondo Alfaro,wcortes@example.com,Las Palmas,61
1898,Miguel Ricardo Elorza Salamanca,kbonet@example.net,Alicante,25
1899,Calixta Duran Egea,crespijose-carlos@example.net,Jaén,30
1900,Jonatan Gordillo Silva,gallardonoelia@example.org,Cádiz,65
1901,Cosme García Vilaplana,icarreras@example.com,Cantabria,19
1902,Rosalva Lamas Donaire,herreroclaudia@example.org,Castellón,26
1903,Chus Dalmau Yáñez,toribioalcolea@example.net,Almería,56
1904,Consuela del Salvà,cazorlafortunata@example.com,Ourense,59
1905,Eusebia Juan-Pallarès,lorenasaez@example.net,Palencia,74
1906,Eugenio Paredes Báez,gallartdiego@example.org,Asturias,59
1907,Segismundo Sanjuan Mayol,vilma48@example.com,Navarra,32
1908,Eugenia Agullo Márquez,santiago54@example.net,Cantabria,45
1909,José Blanch,felicianodelgado@example.com,Las Palmas,66
1910,Ciriaco Mateo,lmontoya@example.net,Soria,78
1911,Carolina Ayllón Gonzalo,querolcruz@example.net,La Rioja,18
1912,Teodoro Alcántara Nogués,narvaeztomasa@example.net,León,62
1913,Saturnino Roman-Ibañez,pedrosabartolome@example.org,Ceuta,50
1914,Saturnina Moya Giner,jacero@example.com,León,78
1915,Anita Benigna Roselló Pujadas,lpina@example.net,Soria,65
1916,Genoveva Barco,gcoloma@example.net,Palencia,69
1917,Sonia Vilalta Otero,elorzaluciano@example.com,Barcelona,61
1918,Marta Delgado Rius,abel96@example.net,Badajoz,29
1919,Serafina Tomás,mgonzalez@example.org,Soria,36
1920,Celestino Castejón Olivares,ritanavarro@example.org,Huesca,42
1921,Fidel Palmer Olivera,alexandra87@example.com,Valladolid,24
1922,Angelita de Camps,pinicolasa@example.net,Valencia,77
1923,Albina Ariza,lprada@example.net,Sevilla,48
1924,Victoriano Valencia-Pinilla,sigfridorojas@example.net,Guipúzcoa,73
1925,Graciana Rebollo-Amor,montesinosvisitacion@example.com,Madrid,73
1926,Reina Badía Ríos,falcohugo@example.org,Tarragona,32
1927,Nicanor Echevarría Alvarado,vidalandres-felipe@example.com,Ceuta,45
1928,Florencia del Blasco,xsalom@example.net,Málaga,76
1929,Severo Salmerón Morante,mriba@example.net,Guadalajara,76
1930,Ulises Gámez Figueras,luisaperea@example.com,Cuenca,37
1931,Paola Villaverde Gonzalez,secocarmen@example.org,Ávila,37
1932,Sigfrido Carpio Fuente,phervia@example.com,Asturias,51
1933,Tristán Malo Merino,torrentsmalena@example.org,Melilla,37
1934,Lucía Mateos-Puerta,jimenahigueras@example.com,Navarra,76
1935,Marcia Casals Elorza,garzonvalentin@example.org,Madrid,35
1936,Marcia Pascual Jordá,bienvenida98@example.org,Lugo,76
1937,Abraham Echevarría Pintor,onofregaliano@example.net,Soria,67
1938,Josefa Figuerola Barba,verduloida@example.com,Ceuta,57
1939,Eligia Llanos Cerro,pedroamoros@example.com,Palencia,66
1940,Diego Gibert Plaza,artemio73@example.com,Navarra,74
1941,Eugenia Rey Delgado,eladio27@example.com,Toledo,57
1942,Régulo Ballesteros Colom,riusrocio@example.com,Málaga,20
1943,Patricia Toledo,lillocarlota@example.com,Sevilla,69
1944,Yésica Pi Ferrero,lesteban@example.net,Jaén,25
1945,Albina Luz Jurado,bernabe61@example.net,Burgos,39
1946,Roxana Ureña Adán,marianaalberola@example.net,Huelva,49
1947,Corona Montesinos Santana,castrillorene@example.com,Alicante,56
1948,Pancho Alsina Jurado,maria-manuelapablo@example.com,Asturias,75
1949,Roberta Barranco Román,saezfabricio@example.net,Melilla,74
1950,Juan Carlos Rufino Galan Hernando,eladio67@example.net,La Rioja,19
1951,Erasmo Andres Frías,escrivaonofre@example.org,La Coruña,73
1952,Amor Campos Amorós,perelloaitor@example.net,Ourense,42
1953,Trini Giralt-Núñez,martiriovilalta@example.net,Sevilla,41
1954,Narciso de Iniesta,lluchfabiana@example.org,Alicante,31
1955,Aránzazu Espejo,beldaisa@example.org,Pontevedra,58
1956,Ruperto Ovidio Vargas Lastra,qlobo@example.org,Burgos,39
1957,Eusebia Emiliana Ros Acero,arnautelmo@example.net,Valladolid,41
1958,Plinio Armengol Armas,leonelenriquez@example.net,Segovia,21
1959,Consuelo Bejarano Ferrández,lpuerta@example.com,Jaén,56
1960,Hilda Marquez-Coloma,romancanizares@example.com,Girona,42
1961,Dora del Company,cortesjesusa@example.net,Lugo,23
1962,Clotilde Piñol Lillo,antonia39@example.com,Baleares,52
1963,Maricruz de Fuertes,flaviobravo@example.com,Valencia,54
1964,Paulina Arrieta Belmonte,camilamedina@example.org,Soria,74
1965,Baldomero Bernal Pino,maria-cristina83@example.net,Cáceres,63
1966,Ruperto Zamora Bejarano,albertojuliana@example.org,Las Palmas,36
1967,Fanny Tenorio-Galvez,gloria79@example.org,Ourense,63
1968,Lisandro Cabañas,bcuadrado@example.com,Jaén,76
1969,Leonor Tena Borrás,espejoheraclio@example.com,León,43
1970,Alejandro Teodosio Castillo Roma,pilisalas@example.net,Granada,39
1971,Teresita Cánovas Huguet,itziarcaceres@example.com,Sevilla,33
1972,Bernardino Ale Carretero Romeu,jsantos@example.com,Valencia,76
1973,Nayara Calderón Ayala,montenegroyago@example.net,Las Palmas,23
1974,Sancho Rosales-Báez,sarmientoevangelina@example.com,Málaga,63
1975,Clotilde Adadia Barragán,augustorosa@example.net,Barcelona,76
1976,Jonatan Solana Antón,andrea75@example.net,Ávila,65
1977,Epifanio Teruel Huertas,pborras@example.net,Palencia,55
1978,Vito del Ureña,rcanas@example.org,Cantabria,61
1979,Rosenda Arana Olmo,cipriano02@example.org,Lleida,73
1980,Patricio Segarra Valentín,bizquierdo@example.com,Cantabria,49
1981,Lalo Rey Gonzalez,cortesruben@example.org,Lleida,68
1982,Primitivo Luján Somoza,bernardoangulo@example.com,Toledo,43
1983,Marianela Azahara Arévalo Beltrán,descudero@example.com,Las Palmas,58
1984,Emilio Coca Zorrilla,mercaderjulieta@example.org,Teruel,75
1985,Basilio Casares Barco,jmartin@example.com,Huelva,47
1986,Alicia Cañellas Hoz,plosa@example.net,Guipúzcoa,20
1987,Melania Uría Corominas,jgalvez@example.com,Ourense,56
1988,Pepita Fonseca Alberola,sbayona@example.org,Ciudad,68
1989,Manuelita Iriarte Ros,martin76@example.net,Santa Cruz de Tenerife,65
1990,Reina de Gomila,eisern@example.org,Córdoba,41
1991,Luna Rosado Caro,macariosarabia@example.org,León,38
1992,Amancio Paredes Donaire,jugarte@example.com,Palencia,27
1993,Leocadio Cisneros-Quero,macario08@example.com,Ceuta,69
1994,Asunción Fernandez Castrillo,lorenzopatricia@example.net,Baleares,28
1995,Moisés Ramiro Cal Villanueva,ncifuentes@example.com,Badajoz,70
1996,Ciríaco Cecilio Tejada Peralta,dibarra@example.org,Asturias,23
1997,Irene Pizarro,paulinajimenez@example.net,Granada,65
1998,Luis Ángel Rivas Suárez,losaazahara@example.net,Albacete,26
1999,Pascual Alegria,maria-carmencastellanos@example.com,Asturias,39
2000,Oriana Bou Lasa,purificacionecheverria@example.net,Soria,47
2001,Cesar Morán Cortina,alvaromoles@example.net,Cantabria,45
2002,Urbano Sola Rodríguez,leocadio87@example.org,Lleida,53
2003,Rosario Manjón-Villalba,bertafranco@example.net,Cádiz,26
2004,Socorro Romero Andres,jesus03@example.com,Ávila,37
2005,Alondra Higueras Seco,palomaperez@example.org,Guipúzcoa,69
2006,José Manuel Lago Borja,villalongapaulino@example.org,Cádiz,34
2007,Cosme Galván-Marquez,rguerrero@example.net,Sevilla,38
2008,Vasco Castelló Cerezo,marinemilio@example.org,Ourense,51
2009,Anacleto Roig Bolaños,basilio48@example.net,Cuenca,41
2010,Rolando Juliá Cabeza,ngimeno@example.org,Asturias,37
2011,Yéssica Solana Vicens,eprada@example.com,Murcia,76
2012,Felipe de Rovira,vsalinas@example.net,Badajoz,77
2013,Ileana Aranda Gordillo,pagesagustin@example.org,Salamanca,68
2014,Vanesa Ascensión Vidal Rojas,doritagilabert@example.net,Zaragoza,64
2015,Jimena Rocha Aguirre,bernardinoramos@example.com,Salamanca,19
2016,Almudena Casas Jove,usoler@example.org,Burgos,19
2017,Candela Millán,mauriciofuertes@example.org,Santa Cruz de Tenerife,32
2018,Valentina Páez Jordá,bsanchez@example.org,Alicante,18
2019,Coral Agudo,ana-sofia62@example.com,Santa Cruz de Tenerife,57
2020,Tomasa Espada Sans,leandro64@example.net,La Rioja,49
2021,Roberta Moles Hervia,tatianatur@example.org,Madrid,67
2022,Haydée Escolano,hugogarces@example.net,Girona,18
2023,Perla Huerta Pareja,djulian@example.com,Lleida,51
2024,Amalia Cuervo Pi,bienvenida59@example.com,Palencia,40
2025,Octavio del Aragón,lourdesibanez@example.com,Segovia,49
2026,Berto del Boix,matias75@example.net,Badajoz,55
2027,Manuela Checa Ayala,gonzalogutierrez@example.org,Valladolid,62
2028,Marcos Cuenca Blázquez,calcantara@example.com,Albacete,72
2029,Severino Blasco Montalbán,vcabrero@example.org,Albacete,33
2030,Samuel Coronado Bertrán,hfeliu@example.net,Burgos,46
2031,Seve Bou Amores,sampernicolas@example.net,Jaén,39
2032,Pastora del Mayoral,wlosa@example.com,Málaga,20
2033,Eligia Duran-Abella,pedrosamiriam@example.org,Ourense,71
2034,Gabriel Chamorro,isauragoicoechea@example.com,Sevilla,23
2035,Baltasar Cuesta Amores,cristianquerol@example.net,Cuenca,21
2036,Rufina Grau Larrañaga,polevelia@example.org,Cuenca,43
2037,Ernesto Villena Falcó,acadenas@example.net,Ourense,66
2038,Charo Crespi Crespo,crosell@example.net,Ciudad,65
2039,Renato Ferrando-Falcón,maria79@example.net,Zamora,69
2040,Piedad Mascaró Ibáñez,eblanch@example.org,Lugo,55
2041,Alma Infante Farré,upujol@example.org,Almería,69
2042,Celestino Benavides Mendizábal,epellicer@example.net,Ceuta,28
2043,Juliana Gallego Diez,norberto19@example.net,Las Palmas,44
2044,Daniela Aura Canet Lledó,roperobibiana@example.org,Lugo,51
2045,Haydée Díaz-Roura,hernandoandres-felipe@example.org,Cádiz,50
2046,Melania Ligia Beltrán Cañete,osilva@example.org,León,76
2047,Mamen Vigil Asenjo,escolanowilfredo@example.org,Cantabria,50
2048,Flora Santos Ayala,camilo90@example.org,Huesca,62
2049,Alonso de Valverde,ofelia04@example.com,La Rioja,47
2050,Ismael Ordóñez Ureña,palaciosfelix@example.org,Valladolid,61
2051,Ester Casandra Ordóñez Catalán,micaela51@example.net,Álava,37
2052,Nazaret José Manuel Quevedo Aliaga,olmedofrancisca@example.com,Palencia,51
2053,Javier Recio Tejada,carinaestrada@example.net,Navarra,60
2054,Yéssica Tapia Toledo,gallardogaspar@example.net,Madrid,42
2055,Otilia Mendizábal Cantón,elias21@example.org,Girona,56
2056,Piedad Zabala Carro,vbermejo@example.net,La Rioja,79
2057,Germán Gómez,yagofuentes@example.com,Ávila,76
2058,Pepito Prudencio González Aragonés,brunovargas@example.com,Navarra,40
2059,Olegario de Mariscal,vilarchita@example.com,Las Palmas,34
2060,Jesusa Teófila Serna Beltrán,micaelagallego@example.org,Zaragoza,52
2061,Ciríaco Cuadrado-Valdés,josevicens@example.net,Jaén,43
2062,Lorenzo Losada-Bosch,dcalderon@example.com,Tarragona,78
2063,Ascensión del Pulido,canovasjulieta@example.net,Valladolid,78
2064,Armida Paola Gibert Romero,asdruballarranaga@example.org,Ceuta,56
2065,Modesta Feijoo Alarcón,tito70@example.net,Vizcaya,78
2066,Isa Barceló Vicente,pcanet@example.org,Álava,76
2067,Crescencia Delgado Tirado,angelicaprieto@example.org,Girona,31
2068,Primitiva Tomé Heras,zllabres@example.com,Cuenca,48
2069,Renato del Andrés,ivazquez@example.org,Teruel,37
2070,Eufemia Bermejo Monreal,elenacazorla@example.com,Guipúzcoa,71
2071,Rebeca Torre Garrido,urodriguez@example.com,Córdoba,62
2072,Francisco Jose Alvarado Pagès,yago01@example.org,Albacete,37
2073,Rafa Cardona Solís,igarmendia@example.net,Melilla,40
2074,Victorino Sancho-Guardiola,flaviomorillo@example.com,Málaga,60
2075,Yésica Teruel Corbacho,mariaduarte@example.net,Guipúzcoa,50
2076,Paola Ríos,amigoperla@example.net,Ávila,29
2077,Silvestre Perera Bernal,elpidio58@example.com,Baleares,20
2078,Emma Bou,imena@example.net,Segovia,39
2079,Eligio Rivas Prats,anna27@example.net,Asturias,23
2080,Olalla Riera Zabaleta,ayaladomingo@example.net,Sevilla,24
2081,Maura Prats Clemente,spuente@example.net,Cantabria,52
2082,Constanza Jiménez Fuentes,pguzman@example.net,Valencia,63
2083,Emilia Amador Mendoza,trini63@example.net,Cádiz,47
2084,León Córdoba Vega,larranagalisandro@example.com,Albacete,65
2085,Cosme Borrego Segura,zaraujo@example.org,Burgos,32
2086,Rosario Poza Cuéllar,kmachado@example.org,Baleares,47
2087,Maxi Roig Vizcaíno,mayte43@example.com,Zaragoza,24
2088,Ana Bermúdez Carro,aballester@example.net,Valladolid,46
2089,Régulo Rosselló Luz,jenaro32@example.net,Badajoz,21
2090,Eva de Pascual,sigfrido19@example.com,Melilla,20
2091,Andrés Felipe Arsenio Gárate Barba,inmaculada85@example.net,Baleares,35
2092,Roldán Mayo-Cabeza,aragonleonardo@example.net,La Coruña,72
2093,Jose Ramón Mora Tapia,nsola@example.net,Badajoz,68
2094,Zaida de Agustí,vidal10@example.net,Cádiz,58
2095,Germán Vaquero Guzman,duranmaxi@example.com,Asturias,69
2096,Fabián Heredia Álvaro,alvaradosandalio@example.net,Palencia,30
2097,Nacho Paulino Baquero Luna,monterocandelaria@example.com,Castellón,60
2098,Juan Pablo Bonilla Lasa,chelocerezo@example.net,Valladolid,44
2099,Saturnino Reyes-Pazos,ihoz@example.net,La Rioja,53
2100,Fanny Vargas Paniagua,hcarrion@example.org,Navarra,71
2101,Martina Peláez Lumbreras,juanserra@example.org,Ourense,29
2102,Gertrudis Murcia Pons,marc55@example.net,Madrid,32
2103,Febe Abril Pombo,lcordoba@example.com,Valencia,63
2104,Porfirio Saez Valle,psacristan@example.com,Albacete,69
2105,Hermenegildo Borrás-Atienza,juan-bautista01@example.org,Valladolid,60
2106,Juan José Germán Múñiz Carreras,pulidoemperatriz@example.net,Navarra,73
2107,Maristela Agustín Mercader,boadadesiderio@example.com,Murcia,55
2108,Salomón del Flor,sblanes@example.net,Alicante,22
2109,Agustina Guzmán Alemany,azaharacastillo@example.org,Murcia,45
2110,Victoriano Sales Román,bustamanteroldan@example.com,Toledo,76
2111,Loreto Esmeralda Perea Morcillo,hernan39@example.org,Málaga,36
2112,Arturo Costa Barranco,agulloseverino@example.net,León,31
2113,Noa Ramirez Puig,dionisio98@example.com,Burgos,57
2114,Morena Rosales-Ramírez,cobopaz@example.org,Baleares,58
2115,Sosimo Ballesteros,cifuenteslazaro@example.net,Cantabria,23
2116,Paloma Goicoechea Larrañaga,chuchopena@example.net,Teruel,71
2117,Morena del Meléndez,olgaaviles@example.net,Zaragoza,63
2118,David Blanca Navarro,clarabosch@example.net,Álava,29
2119,Jerónimo de Barroso,fernandomendez@example.net,Madrid,52
2120,Eligia Castell-Solano,ybeltran@example.org,Ávila,70
2121,Zaira Jimenez Reyes,gaston35@example.org,Valladolid,66
2122,Erasmo Méndez,iborraangelino@example.com,Girona,44
2123,Alex Gimenez-Tejero,marcosperello@example.org,Castellón,54
2124,Hilda Palacio Tejedor,qacedo@example.net,Murcia,23
2125,Ani Pino Sales,rpizarro@example.org,Cáceres,41
2126,Emperatriz del Cobo,doroteabilbao@example.org,Lleida,78
2127,Abilio Santos Rosa,ale79@example.org,Palencia,38
2128,Gracia del Prado,benjamin67@example.com,Santa Cruz de Tenerife,18
2129,Adelia Pacheco Vaquero,calixto41@example.org,Navarra,68
2130,Adelardo Gallego Perera,peralesfabiola@example.net,Sevilla,79
2131,Mariana Solano-Mateu,domitilanavarro@example.net,Soria,51
2132,Ceferino Melchor Otero Maldonado,scorrea@example.org,Salamanca,40
2133,Margarita Duarte Carreño,apoloniasancho@example.org,Murcia,47
2134,Chucho Castellanos Fuente,quirogaesperanza@example.net,Palencia,29
2135,Gala Alberto Paz,asdrubalcarrera@example.net,Lleida,49
2136,Petrona del Mosquera,gsarabia@example.net,Cantabria,59
2137,Celia Gil-Blanch,lermaartemio@example.org,Granada,47
2138,Irene Alcalde-Ferrán,evatrillo@example.org,Tarragona,55
2139,Catalina Poza,qibarra@example.com,Murcia,27
2140,Rosario Baró Gallo,prietochuy@example.org,Córdoba,46
2141,Paco Cobos Rius,fidela43@example.com,Castellón,41
2142,Elisa Rivas Perera,prudencio57@example.net,Álava,51
2143,Natividad Llopis Cadenas,roldan91@example.com,Murcia,57
2144,Cayetano Viña-Sans,eli44@example.org,Cádiz,22
2145,Angelita Llopis-Maestre,chaconberta@example.net,Barcelona,20
2146,Chus Río-Solís,mayoralmartin@example.org,Cádiz,70
2147,Lorenzo Morcillo Cueto,alvaroseco@example.net,Huelva,44
2148,Florencia de Ayala,nazaret17@example.net,Valladolid,50
2149,Antonio Salmerón-Cazorla,nando19@example.net,Ceuta,76
2150,Ciríaco Vazquez Colomer,vgalvez@example.net,Vizcaya,20
2151,Narcisa Calvet Terrón,canetcarlota@example.org,Girona,46
2152,Marta Sala Armas,ycheca@example.org,Palencia,44
2153,Vilma Solano-Cobo,bmachado@example.com,Toledo,66
2154,Febe Gaya Arellano,maximiliano11@example.net,Vizcaya,46
2155,Augusto Llabrés Larrañaga,sramon@example.net,Cáceres,36
2156,Reyes Agustí-Dalmau,ernestogalindo@example.com,Córdoba,75
2157,Paulino Sáez Merino,qllorente@example.com,Cuenca,66
2158,Tito del Juan,pliniogomila@example.org,Badajoz,38
2159,Moisés Nevado-Jurado,arcelia70@example.org,Alicante,44
2160,Berta Pineda Díez,mirandaluis@example.org,Las Palmas,47
2161,Marta Puerta Álamo,alcoleanatanael@example.org,Huesca,21
2162,Aurelia Vázquez Bermúdez,herviahugo@example.net,Salamanca,18
2163,Irma Pérez Linares,rodateofila@example.net,Las Palmas,47
2164,Ana Belén Franco Company,vegaonofre@example.net,Soria,23
2165,Javiera Montalbán Barranco,garmendiaseveriano@example.org,Zaragoza,71
2166,Candela Aurelia Ibañez Román,ciriacocarlos@example.org,Cuenca,28
2167,Jordi Querol Sola,juanseve@example.org,Baleares,68
2168,Malena Gómez Carranza,placidogabaldon@example.org,Las Palmas,28
2169,Flor Iborra Cadenas,palomarnydia@example.com,Lleida,45
2170,Berta Fabra Nuñez,gasparneira@example.com,Ceuta,60
2171,Dani Natanael Estevez Cueto,gracielapascual@example.org,Segovia,66
2172,Viviana Iniesta Toro,aalmansa@example.org,Ciudad,63
2173,Caridad Hilda Gras Hidalgo,teo37@example.org,Murcia,38
2174,Pánfilo Delgado Carrión,efont@example.net,Cádiz,35
2175,Corona Almeida Navarrete,fortunataparedes@example.org,Sevilla,66
2176,Maribel Codina Calleja,matias00@example.org,Ourense,78
2177,Pepita Valbuena Collado,palmerteresita@example.com,Murcia,68
2178,Ignacio Juliá-Bolaños,alarconagustina@example.org,Álava,71
2179,Leyre Prieto Escudero,poudominga@example.com,Valladolid,33
2180,Vanesa Lorenza Leal Losa,rosario54@example.net,Valencia,57
2181,Leyre Piñol Ripoll,claudio47@example.org,Burgos,28
2182,Adelardo Giralt Rey,gabrielarroyo@example.net,Tarragona,19
2183,Javi de Corominas,eladio86@example.net,Jaén,31
2184,Joel Paz,pcarlos@example.com,Sevilla,53
2185,Renata de Tomas,saritaarevalo@example.org,Córdoba,46
2186,Zaida Lillo Fajardo,icid@example.com,Ourense,40
2187,Ámbar Diez Palmer,zjordan@example.net,Segovia,45
2188,Manuelita Aguado Hernandez,mcarrasco@example.com,Guipúzcoa,19
2189,Fortunata Pomares,ugartegalo@example.com,Girona,21
2190,Bernarda Mas,eutimioribes@example.com,Málaga,54
2191,Dorotea Tur Cobo,vcasares@example.org,Córdoba,67
2192,Palmira Badía Contreras,jose-miguelalmansa@example.net,Granada,69
2193,Maura Ávila Sevilla,mateocolomer@example.net,Asturias,24
2194,Aarón Vallés,melaniagual@example.org,Huelva,74
2195,Esther Jove Núñez,marisa23@example.com,Badajoz,21
2196,Loreto Gual Agullo,cosmesoriano@example.org,Pontevedra,49
2197,Primitivo Almazán Franch,salud55@example.com,Segovia,54
2198,Cándido Gutierrez Carballo,cyuste@example.net,Cádiz,73
2199,Ciriaco de Bellido,osvaldo70@example.com,Baleares,26
2200,Teófila Santana Tello,bautistaluis-angel@example.org,Soria,24
2201,Gabino Rafael Quesada Gelabert,aibanez@example.com,Ávila,57
2202,Amaro Montserrat Riquelme,dbarranco@example.net,Guadalajara,24
2203,Morena Arenas-Manzanares,felipesalmeron@example.net,Murcia,53
2204,Cándida Pérez Benet,pmartinez@example.net,Soria,54
2205,Pilar Cañas Hervás,ztomas@example.com,Ávila,64
2206,Renato Tolosa Miranda,clopez@example.com,Lugo,75
2207,Genoveva Alberto Correa,duiliobusquets@example.com,Huelva,27
2208,Jose Manuel López,halvarado@example.net,La Rioja,78
2209,Elpidio Llamas Herrero,manoloagusti@example.com,Burgos,19
2210,Sabas Mateo Heras,nicolasalcantara@example.org,Santa Cruz de Tenerife,19
2211,Antonia Tomas Vilar,hgonzalez@example.net,Valladolid,63
2212,Soraya Planas Otero,clarisa01@example.com,Burgos,65
2213,Pilar Pol Rodríguez,nfernandez@example.net,Sevilla,79
2214,Rafa Venceslás Pardo Rosa,aranzazu16@example.net,Ciudad,55
2215,Lola Elisabet Rovira Rosales,qbarranco@example.com,Zaragoza,59
2216,Raúl Niño Cárdenas,grius@example.net,Salamanca,39
2217,Gerónimo Arjona Costa,ecobos@example.org,Lugo,75
2218,Augusto Herrera-Perera,anguitajacinta@example.net,Soria,43
2219,Isaura Palomo Baeza,mpelaez@example.org,Toledo,77
2220,Cruz Miranda Pozuelo,azconaeugenio@example.net,Santa Cruz de Tenerife,58
2221,Onofre del Hernandez,sevecespedes@example.org,Valencia,56
2222,Evelia Beltran Bermudez,alvaropascuala@example.net,Toledo,57
2223,Amalia Solsona,zquesada@example.com,Soria,68
2224,Trini Borrego Carvajal,amariliscanete@example.org,Zamora,80
2225,Edelmiro Escobar Colom,aroafuster@example.com,León,70
2226,Ciriaco Bauzà Dueñas,badiaemma@example.org,Zamora,48
2227,Cayetano de Mesa,terueljoaquin@example.org,Badajoz,67
2228,Federico del Herrero,cornejomarcos@example.net,Baleares,59
2229,Mateo Cózar,gilbertolarrea@example.org,Cuenca,28
2230,Ramona Montero Rosselló,sansdelfina@example.net,Valladolid,67
2231,Victorino Machado Arregui,bjover@example.net,Albacete,40
2232,Marcelo Bilbao Perera,duranjuan-bautista@example.net,Zaragoza,40
2233,Iker Basilio Talavera Mesa,jose-antonioamores@example.org,Pontevedra,41
2234,Elpidio de Portero,jvillar@example.com,Granada,56
2235,Celestino Alegre Requena,iglesiasflavia@example.com,Valencia,66
2236,Mayte Quesada Garcés,ferrergerardo@example.com,Pontevedra,69
2237,Roldán del Huertas,griselda65@example.com,Baleares,62
2238,Lupita Echevarría Barrena,obdulia32@example.org,Barcelona,56
2239,Américo Pedraza Solé,vidal87@example.com,Ávila,55
2240,Roberto de Morante,dionisia91@example.net,Teruel,73
2241,Modesto Morcillo,kvargas@example.org,Melilla,48
2242,Lucio Demetrio Clavero Peralta,tpadilla@example.com,Teruel,80
2243,Dora Carpio,primitivo78@example.net,Pontevedra,47
2244,Isidro Rovira-Bustamante,lpallares@example.org,Huelva,76
2245,Magdalena Salmerón Gonzalez,nazaretmanuel@example.com,Cuenca,37
2246,Demetrio Maestre Moreno,pmendez@example.com,Tarragona,56
2247,Flavia Arnaiz Marin,mercedescozar@example.com,Albacete,21
2248,Francisca Sabater Bravo,kescobar@example.com,Las Palmas,75
2249,Severiano Pérez Fortuny,aitor85@example.org,La Rioja,42
2250,Seve Cosme Alvarez Zapata,pmate@example.net,Jaén,55
2251,Máxima Moles-Alarcón,floringrid@example.net,Cuenca,32
2252,Elisa del Carrión,jesusmerino@example.org,Álava,50
2253,Santiago Llabrés Iniesta,zsaura@example.org,Álava,24
2254,Rogelio de Espejo,menendezbenigna@example.org,Toledo,22
2255,Adolfo Alegre Soler,hurena@example.com,Murcia,47
2256,Remigio Royo Alfaro,xrivas@example.org,Burgos,79
2257,Carina Graciela Barbero Torrens,rosa-mariafigueras@example.net,Segovia,59
2258,Maximiliano Solé Morell,colomeligio@example.com,Valencia,72
2259,Inmaculada Carrillo Morillo,timoteogoicoechea@example.org,Pontevedra,61
2260,Marcos del Arco,ziborra@example.com,Castellón,56
2261,Joan Ramis Sosa,rheredia@example.net,Lugo,49
2262,José Bermudez Contreras,cruz51@example.net,Asturias,70
2263,Aroa Anunciación Valero Andrés,larasantamaria@example.com,Santa Cruz de Tenerife,27
2264,Concha del Mateo,vivianamenendez@example.org,Segovia,46
2265,Benjamín Vara-Morera,gracia03@example.org,Las Palmas,53
2266,Flor Blanch-Barba,encarnacionasensio@example.com,Barcelona,39
2267,Chelo Baeza Casas,xbenitez@example.org,Navarra,39
2268,Calixta Mariño Vera,ema81@example.com,Jaén,55
2269,Federico Zabala Gonzalo,montserrat24@example.com,Tarragona,34
2270,Fabiola Pulido Garcés,paulino65@example.com,Burgos,66
2271,Aristides Leal Pagès,haroldo66@example.com,Asturias,38
2272,Bienvenida Montaña Mulet,rufinocompany@example.net,Segovia,58
2273,Agustina Rey Bonilla,maxiblanes@example.com,Alicante,43
2274,Mar Eloísa Cerezo Asensio,maria-angelesmora@example.org,La Coruña,34
2275,Ofelia Rosselló Alcaraz,elena41@example.net,Lugo,80
2276,Hernán Guerra Sabater,escalonaelvira@example.org,Cádiz,71
2277,Casemiro Muñoz,dpina@example.org,Cantabria,80
2278,Jordi Medina Alfonso,nelidabas@example.org,Madrid,55
2279,Primitivo del Exposito,znavarrete@example.com,Zaragoza,27
2280,Jonatan Valbuena Asensio,castellanosdan@example.org,Granada,28
2281,Loreto Díez Romero,alcalateresita@example.net,Lleida,28
2282,Nacho Gonzalo Llano Valenciano,piaplanas@example.net,Barcelona,54
2283,Rodolfo Roig Novoa,franciscabosch@example.org,Lugo,21
2284,Nayara Quintanilla Campos,xpinedo@example.net,Álava,48
2285,Dalila Domitila Fortuny Camino,pepito99@example.net,Burgos,18
2286,Teodoro Aliaga,anabelangulo@example.org,Barcelona,79
2287,Aránzazu Sureda-Reig,gloriacoello@example.org,Ceuta,25
2288,Emilio Miranda Jáuregui,llucharmida@example.net,Valencia,22
2289,Alfredo Barriga Haro,sabina93@example.com,Ceuta,65
2290,Pedro de Mesa,juan-manuel97@example.org,Asturias,43
2291,Gala Milla,carino@example.com,Zaragoza,64
2292,Flora Ponce-Izaguirre,amadorrodrigo@example.net,Zaragoza,25
2293,Juan Pablo Quirós Lucena,giselasalcedo@example.net,Lugo,41
2294,Calixta Mulet Peñas,juana26@example.org,Ourense,35
2295,Yésica Zapata Ojeda,nestor45@example.org,Pontevedra,25
2296,Felix Gallardo Lumbreras,alfonsocarla@example.com,Ciudad,47
2297,Macario Acero Manso,tcalderon@example.net,Sevilla,21
2298,Jafet Casares,leyrecifuentes@example.org,Segovia,33
2299,Ale Barrio,esegura@example.com,Granada,24
2300,Julián Isidro Malo Llorente,lina60@example.net,Guipúzcoa,31
2301,Danilo Mur Carpio,fernandobautista@example.org,Santa Cruz de Tenerife,48
2302,Ambrosio de Roldán,barbaartemio@example.com,Melilla,28
2303,Teresita Casado Bernad,parce@example.org,Cuenca,20
2304,Plácido Fuster Gomis,milagros31@example.org,Albacete,69
2305,Manuelita Pino,itziar85@example.com,Zamora,76
2306,Zaira Bosch-Anaya,orozcoaureliano@example.net,Cáceres,54
2307,Enrique Mayol-Navarro,dpalacios@example.com,Melilla,60
2308,Yaiza Belen Montesinos Navarro,ignacia62@example.org,Zamora,63
2309,Horacio Barreda Gras,zcornejo@example.net,Valencia,68
2310,Ema Pellicer Iniesta,margarita14@example.org,Asturias,40
2311,Visitación Guerra Ramis,vmatas@example.net,Badajoz,26
2312,Omar Iniesta,gbustos@example.org,Lleida,46
2313,Quirino Reguera Ariza,gcobo@example.net,Cantabria,24
2314,Lorena Acevedo Girón,goyo73@example.com,Palencia,26
2315,Silvia Palomino Pereira,garridolorenzo@example.com,Huelva,45
2316,Mireia Guardiola Machado,sararoda@example.net,Palencia,69
2317,Gilberto Serrano Bernal,valeriaponce@example.net,Soria,59
2318,Tito Acero Campo,silvio62@example.com,León,66
2319,Berto Noriega Cortés,hernandobauza@example.org,Vizcaya,48
2320,Jacinto Peiró-Barragán,paulaparedes@example.org,Lugo,44
2321,Lupita Palma Rocamora,evitatoledo@example.net,Navarra,71
2322,Corona Esteve Alemany,nvelez@example.com,Zamora,32
2323,Valentina Codina Mendizábal,rafa11@example.org,Las Palmas,41
2324,Febe Barros Esteve,mauricio64@example.net,Guadalajara,75
2325,María Pilar Gonzalo-Viña,rgabaldon@example.com,Tarragona,28
2326,Íngrid Salamanca Mayoral,victorbarbero@example.net,Sevilla,79
2327,Amada Villaverde Mayo,jennyadadia@example.com,Huesca,71
2328,Renato Alberto Cordero,pbonilla@example.net,Sevilla,27
2329,Isaura Aznar Frutos,jalcaraz@example.net,Murcia,23
2330,Darío Casas Alcaraz,herediajuanita@example.net,Soria,21
2331,Hector Ayala Mate,wlanda@example.net,Cáceres,73
2332,Abraham Pedrosa Alonso,hherranz@example.org,Segovia,40
2333,Elisabet Nebot-Rovira,baldomero59@example.net,Álava,70
2334,Maxi Lledó,evangelina00@example.com,Granada,67
2335,Manu Ramírez,estebanolalla@example.net,Ceuta,77
2336,Jordana Cepeda Santamaria,calista91@example.org,Valladolid,58
2337,Heriberto Ruano Segarra,sosimosoriano@example.net,Córdoba,44
2338,Isidoro Roberto Cortes Moraleda,villaverdesusana@example.com,Santa Cruz de Tenerife,38
2339,Pacífica Estrella Ibáñez Puerta,ignaciaespejo@example.org,Cantabria,80
2340,Noa Pons Ferreras,lupecanales@example.org,Granada,59
2341,Martirio Arroyo Bou,maritavillena@example.net,Guadalajara,53
2342,María José Casanovas Lluch,cortinainmaculada@example.com,Murcia,75
2343,Anacleto de Carrasco,valeroabellan@example.net,Ourense,47
2344,Nicolasa Ramona Pozo Cabrero,amoressandalio@example.org,Barcelona,69
2345,Dominga Maricela Gallart Ripoll,cornelioegea@example.net,Cáceres,77
2346,Guadalupe Vilaplana Fuertes,nrozas@example.net,Salamanca,80
2347,Rómulo Blanch Jódar,virginia40@example.net,Ávila,34
2348,Guiomar Ochoa Vázquez,conradogarcia@example.org,Ourense,50
2349,Miguel Fuster Naranjo,florinda34@example.com,Murcia,64
2350,Manuela Benavides Amor,vsalgado@example.net,Ceuta,21
2351,Silvio Borrell Alcolea,mirallesinocencio@example.net,Almería,52
2352,Rosa Tur,quique41@example.net,Cuenca,73
2353,Itziar Benavent Lobato,estevezazucena@example.net,Lugo,29
2354,Cintia Bartolomé Oliveras,qsantiago@example.net,Valladolid,26
2355,Ruben del Perera,nildallano@example.net,La Coruña,46
2356,Jaime Corral Quiroga,dazafidela@example.com,Castellón,48
2357,Anselmo Abel Gálvez Sastre,joaquina33@example.net,Lleida,56
2358,Édgar Núñez Otero,ecolom@example.net,Murcia,44
2359,Lázaro Benítez Ferrán,mauricio22@example.net,León,62
2360,Paula Rita Tovar Pablo,olumbreras@example.com,Ceuta,76
2361,Florentina Morante Pazos,fdomenech@example.net,Castellón,72
2362,Pía Pedraza Marín,avillalba@example.com,Ceuta,65
2363,Emilia Vicente,qugarte@example.org,León,65
2364,Timoteo Abascal Badía,ecoll@example.org,Salamanca,56
2365,Chus Marquez Pazos,eugeniopedrero@example.net,Castellón,36
2366,Silvia Alvarez Bru,anitaribera@example.com,Murcia,42
2367,Juan Manuel Fonseca Pujol,horacioriera@example.org,Badajoz,21
2368,Noelia Diez Ribera,moralesjonatan@example.net,Palencia,71
2369,Carolina Roca Porta,poujulieta@example.com,Guipúzcoa,77
2370,Hermenegildo Hector Falcó Millán,remigiocasals@example.net,Melilla,75
2371,Maricruz de Pintor,alegrialuciano@example.com,Asturias,49
2372,Desiderio del Casal,dpastor@example.org,Barcelona,20
2373,Francisco Javier Pi Rodríguez,revillanatanael@example.net,Lleida,40
2374,Carmen Elena Carpio Torrent,isacabrero@example.net,Tarragona,25
2375,Zaira Cisneros Bru,beatriz94@example.org,Zaragoza,73
2376,Bienvenida Marisol Luís Caro,cornejoamilcar@example.org,Cantabria,71
2377,Elvira del Llanos,munozcipriano@example.net,Murcia,41
2378,Ana Ferreras Angulo,pepita56@example.com,Murcia,27
2379,Bienvenida Hidalgo Goicoechea,omora@example.net,Guadalajara,34
2380,Joan Vila Arenas,pbartolome@example.org,Valladolid,74
2381,Ruperto Juan Rios,azenethvelez@example.net,Málaga,40
2382,Eusebio Ruiz Segura,mirandacleto@example.org,Asturias,34
2383,Daniela Ortuño Villalonga,villamirta@example.org,Baleares,57
2384,Catalina Alcolea Ibáñez,qpenalver@example.org,Málaga,28
2385,Lorenza Miguela Vega Andreu,viviana35@example.net,Guipúzcoa,18
2386,Calixto Manso Ojeda,flor11@example.com,Cuenca,30
2387,Marcelino Rios Solé,uribealejo@example.org,Valencia,31
2388,Tadeo Atilio Mosquera Cerdá,barberonayara@example.org,Cáceres,47
2389,Juan Bautista Machado Rozas,bernarditagaya@example.net,Toledo,39
2390,Daniel Rosell Ribes,ogimenez@example.com,Sevilla,74
2391,Lara Falcó,antoniocampo@example.org,Huesca,72
2392,Adelardo Aroca Giner,prudencio02@example.net,Madrid,78
2393,Carla Cánovas,nicobenavente@example.net,Guipúzcoa,21
2394,Áurea Beltrán Fiol,hurtadojesusa@example.com,Tarragona,54
2395,Socorro Enríquez Estrada,lnicolau@example.net,Girona,73
2396,Felicidad Gual Casal,ariel49@example.org,Zaragoza,59
2397,Encarna Uribe,vgiralt@example.net,Melilla,34
2398,Evelia Ribera Solé,sacristandiego@example.com,Ourense,68
2399,Odalys Valverde Torrens,martin41@example.org,Guadalajara,63
2400,Jenny Peralta Barrena,baronnacio@example.net,Ourense,36
2401,Hortensia Nuñez Frías,alexenriquez@example.org,Vizcaya,49
2402,Balduino Diaz Gómez,jpareja@example.com,Álava,21
2403,Amílcar Mendoza,cesarartigas@example.org,Huesca,20
2404,Esteban Anselmo López Paniagua,luisagalindo@example.com,Badajoz,40
2405,Fabiola Garcés Lorenzo,abrilsebastian@example.org,Girona,19
2406,Flavio Marino Huguet Hernandez,rcrespi@example.org,La Coruña,67
2407,Manuelita del Sierra,ycanete@example.org,La Rioja,31
2408,Bonifacio Vergara Verdejo,eromeu@example.net,Madrid,34
2409,Teodoro Nicolás Sarmiento,adorabayon@example.com,Madrid,37
2410,Apolinar Herberto Pons Mir,oscar17@example.org,Toledo,24
2411,Cayetana Royo Amorós,rosalina95@example.net,Salamanca,76
2412,Araceli Franch Román,guadalupesans@example.org,Guipúzcoa,68
2413,Fausto Parra-Salvador,samuel61@example.com,Huesca,63
2414,Azahara Solé Morcillo,efiguerola@example.net,Barcelona,23
2415,Macaria Quirós Terrón,knavas@example.com,Granada,56
2416,Aránzazu Ferrández Aragonés,tamayosara@example.net,Barcelona,58
2417,Azahar Rojas-Román,eugenio28@example.com,Murcia,69
2418,Juan Bautista Domingo Noriega,boixeutropio@example.net,Barcelona,59
2419,Adelia Barón Coloma,tperello@example.net,Almería,30
2420,Calixta Gil-Peralta,robertauria@example.com,Cuenca,75
2421,Eusebia del Román,aguedaibanez@example.net,Soria,19
2422,Zaida Estévez Suárez,eliseoblazquez@example.net,Soria,58
2423,Gaspar Torralba Baena,qbermudez@example.net,Baleares,47
2424,Lope Reig,nydianicolas@example.com,Tarragona,50
2425,Leandra Calvo Estevez,eloy31@example.net,Jaén,62
2426,Jerónimo Lluch Aguirre,bferrandiz@example.net,Zaragoza,51
2427,Fanny Tejedor Mata,zpablo@example.com,Zamora,79
2428,Ibán Pera Rodrigo,jolivares@example.com,Girona,34
2429,Sarita Pi Baquero,dalila29@example.com,Navarra,31
2430,Tomás Diego Carballo,gimenojulian@example.net,Alicante,42
2431,Hortensia Salas Ferrándiz,hverdu@example.net,Albacete,72
2432,Jonatan Arias,canascayetano@example.net,Las Palmas,24
2433,Saturnina Delgado Garriga,oriana83@example.com,Álava,33
2434,Melania Castrillo-Beltran,arnauruperta@example.com,Tarragona,75
2435,Candela del Román,ceferinoleon@example.net,Asturias,59
2436,Vicenta Solís Yáñez,emiliano85@example.org,Almería,72
2437,Inés Dueñas,tadeocabanas@example.org,Málaga,63
2438,Eladio Molina Andrés,xcortes@example.com,Cádiz,77
2439,Ruperta Castillo Castells,hjimenez@example.org,Cuenca,36
2440,Eliseo Bernat Salgado,gabriela49@example.org,Las Palmas,65
2441,Macarena Chacón Alcántara,tono94@example.net,Burgos,72
2442,Charo Antón Roca,natalia36@example.net,Huelva,37
2443,Máxima Ayala Marco,leire88@example.com,Cantabria,25
2444,María Dolores Bernad Balaguer,isidoroclemente@example.com,Álava,45
2445,Xiomara Pastora Luz Segovia,moralesgodofredo@example.org,Pontevedra,65
2446,Esperanza Casas Cerezo,eveliamontesinos@example.org,Murcia,50
2447,Celso Rivera Carnero,amarocozar@example.org,Huelva,64
2448,Ovidio Velázquez,acortina@example.org,Ourense,60
2449,Heraclio Rubén Escolano Vargas,graciana33@example.org,Barcelona,22
2450,Francisco Jose Omar Moraleda Quero,danielalorenzo@example.com,Guadalajara,34
2451,Silvestre Miró Cerro,umercader@example.net,Ciudad,35
2452,Casemiro Caro Camino,mirheliodoro@example.net,Lugo,36
2453,Pelayo Zorrilla,ayuste@example.net,Valladolid,60
2454,Ángel Guardia,elisabet37@example.org,Zamora,66
2455,Eladio del Cantón,ucases@example.net,Melilla,73
2456,Ainoa Olmedo,jherrero@example.org,Madrid,39
2457,Pacífica Elías Espejo,piedad68@example.com,Las Palmas,65
2458,María Jesús Esteve Lumbreras,candelasbosch@example.net,La Rioja,73
2459,Salud Ramón,daniugarte@example.com,Palencia,33
2460,Ruperto Montalbán Prat,arceliaiglesias@example.com,Castellón,39
2461,Jeremías Ramírez-Calvet,royoleandro@example.com,Guadalajara,55
2462,Aarón Goicoechea Hervia,velazquezeustaquio@example.org,Cádiz,65
2463,Alex Puga Domínguez,dani49@example.org,Palencia,51
2464,Azeneth Orozco,victor68@example.org,Ceuta,51
2465,Pedro Blasco Merino,maximiano50@example.com,Guadalajara,36
2466,Leopoldo Medina Verdejo,tejerocandela@example.com,Burgos,66
2467,Ana Belén Salas Mayoral,macaria09@example.org,Álava,34
2468,Priscila Arnal Oliveras,fontcosme@example.org,Navarra,41
2469,Tomás Valcárcel,sanchoanna@example.net,Huesca,68
2470,Reina Domingo Comas,esperanza43@example.net,Navarra,25
2471,Isaías Severo Muñoz Barriga,adan43@example.net,Granada,24
2472,Luis Ángel Álamo,toledofidela@example.net,Burgos,43
2473,Paz Palomo Redondo,mayoraltania@example.net,Las Palmas,72
2474,Bernabé Seguí Ruiz,maristela19@example.org,Guadalajara,26
2475,Enrique Josué Pujol Montero,chelo71@example.org,Girona,71
2476,Ariel Ribes-Pujol,ggarcia@example.org,Zamora,49
2477,Valeria Fabregat Bernad,mayolidia@example.org,Murcia,64
2478,Odalis Tudela Anglada,ugomila@example.com,Ávila,59
2479,Gema Campos Torrecilla,ifranch@example.org,Salamanca,61
2480,Rita Isidora Olmedo Benítez,santiagoheriberto@example.org,Tarragona,66
2481,Nilo de Anguita,armengolvaleria@example.org,Valencia,65
2482,Inés Cabeza Mayoral,yessicaizquierdo@example.net,Almería,61
2483,Francisco Jose Aguirre Vilalta,ealvaro@example.org,Lleida,79
2484,Rubén Carbajo,valleamparo@example.org,Las Palmas,70
2485,Timoteo Garriga Armengol,dbarreda@example.org,Ceuta,33
2486,Rómulo Rivero Cortes,cisnerosruben@example.org,Ciudad,57
2487,Nando Bautista-Durán,severino27@example.com,Ourense,53
2488,Dafne Bello-Valera,pereranatalia@example.net,Granada,68
2489,Eloísa del Carpio,felicidad67@example.net,Zaragoza,76
2490,Tiburcio Melero Saavedra,acevedopia@example.net,Palencia,19
2491,María Belén Ponce Estevez,aitana72@example.net,Lugo,56
2492,José Luis Fiol Casas,jose-mari27@example.org,Tarragona,61
2493,Gisela Catalá Rodríguez,roque21@example.com,Granada,72
2494,Gema Daniela Casanova Jódar,eugenia05@example.com,Lleida,78
2495,Paco Mate Bravo,mramirez@example.org,Vizcaya,60
2496,Martirio Mayo Figueroa,albanopriego@example.com,Murcia,55
2497,Cayetana Linares,cpages@example.com,Ceuta,30
2498,María Carmen Rozas Meléndez,natalioacevedo@example.com,Huesca,46
2499,Abigaíl Casanovas Castells,mar66@example.org,Valencia,61
2500,Celestino Noriega Ramírez,silvio59@example.net,Pontevedra,21
2501,Elpidio Ripoll-Ferrer,zgranados@example.net,Soria,58
2502,Severo Villalba Aguilera,carrosabas@example.net,Pontevedra,46
2503,Angelita Maxi Mesa Ramis,mayopelayo@example.com,Palencia,73
2504,Maxi Ricart Colomer,iprada@example.org,Cádiz,51
2505,Quique León Niño,uarias@example.net,Teruel,20
2506,Rufino Valenciano Canales,marta64@example.org,Ciudad,57
2507,Jose Ignacio Hernando Expósito,severino56@example.net,La Rioja,57
2508,Enrique Trujillo,romulo62@example.com,Valladolid,59
2509,Gerónimo Teruel Cornejo,ferreroomar@example.net,Huelva,21
2510,Nico Vallés Naranjo,boixadelaida@example.com,Navarra,60
2511,Cintia Donoso-Godoy,oruano@example.com,Pontevedra,31
2512,Chuy Melchor Tamarit Castejón,yesparza@example.com,Cádiz,58
2513,Natalia Falcón Ramírez,cecilio20@example.net,Granada,63
2514,Petrona Méndez Pla,herminio98@example.org,Madrid,32
2515,Claudio Agustín Dueñas,elorzatimoteo@example.org,Córdoba,72
2516,Cristina Claudia Gárate Carmona,kmora@example.com,Málaga,68
2517,Graciana Adadia Vélez,lblazquez@example.net,Jaén,58
2518,Ámbar Barroso Torrens,sanmartinrosalinda@example.com,Sevilla,21
2519,Fidel Guzman Cabeza,joseamoros@example.net,Alicante,35
2520,Magdalena Sandoval Arévalo,qvaldes@example.com,Baleares,32
2521,Jeremías Nicolau Donaire,adelardo88@example.net,Soria,22
2522,Casandra Salomé Reyes Huerta,amor21@example.net,Navarra,53
2523,Alberto Castro Sainz,merinoapolonia@example.org,Ourense,25
2524,Olga Guitart Catalá,romanmilagros@example.org,Sevilla,66
2525,Marcela Gras,zuritanarcisa@example.com,León,25
2526,Rodolfo Miró Sabater,aragonesleandro@example.org,Pontevedra,36
2527,Octavia Ochoa Cuevas,vduenas@example.com,Valencia,46
2528,Amor Leiva Bello,penalverruy@example.com,Huesca,57
2529,Araceli Eloísa Vallés Tomas,gargalloartemio@example.com,Málaga,54
2530,Cruz Escalona Serrano,valeramaria-angeles@example.org,Soria,47
2531,Faustino Fajardo-Castellanos,ugallego@example.org,Valencia,71
2532,Dalila Noriega Mascaró,linarivera@example.org,Huesca,52
2533,Augusto Blanes Roda,juan-carlosgordillo@example.net,Barcelona,63
2534,Manuela Manzano-Flores,tejerapilar@example.net,Cáceres,80
2535,Zacarías Yago Iglesia Barreda,eaguirre@example.com,Lleida,68
2536,Teo Quevedo Mariño,estefania78@example.com,Álava,34
2537,Gerardo Crespo Guzmán,abigailbarrera@example.com,Cádiz,29
2538,Maricruz Hoz Escolano,rhuguet@example.org,Granada,71
2539,Ildefonso Vergara Millán,maria-jose18@example.com,Valladolid,22
2540,Marita Trillo Salinas,jafetmorera@example.org,Córdoba,74
2541,Luciano del Melero,schacon@example.org,Zamora,29
2542,Concha Elorza Villalba,hector49@example.org,Navarra,54
2543,Manolo Arévalo Garzón,maria-pilaraviles@example.net,Asturias,18
2544,Chus Catalán Lastra,canellasmanolo@example.net,Huesca,80
2545,Edelmiro Galindo-Pino,martina07@example.com,Asturias,33
2546,Almudena Moliner,fabradaniel@example.com,Huelva,20
2547,Mateo Martín Alsina,herminiosotelo@example.org,Valencia,79
2548,Aitor Lasa Ruano,ksanchez@example.org,Barcelona,78
2549,Anita Virginia Checa Antúnez,epedrero@example.org,Segovia,38
2550,Guadalupe Hoyos-Riera,flaviobalaguer@example.com,Guadalajara,33
2551,Dionisio Valls Losada,svives@example.org,Sevilla,70
2552,Berto Crespi Azorin,marcos95@example.com,Cádiz,32
2553,Marcial Figuerola Blanco,demetriomolins@example.org,Madrid,29
2554,Daniel Rubén Olivé Porras,vgoicoechea@example.org,Albacete,25
2555,Federico Morillo Diego,arturobravo@example.com,Barcelona,36
2556,Lucía Cuesta,regina24@example.com,Córdoba,77
2557,Amelia Aparicio,carolina48@example.com,Almería,36
2558,Leandro Meléndez Escobar,trinidadtamarit@example.com,Albacete,56
2559,Chucho Molina Julián,corderoiker@example.com,Burgos,36
2560,Trinidad Valera Alcaraz,anacletogamez@example.net,Girona,76
2561,Jordana Nogués Pina,almeidaadela@example.org,Salamanca,22
2562,Pedro Damián Álamo Cuervo,flormartinez@example.net,Lugo,72
2563,Modesto Carreño-Bermúdez,echacon@example.com,Toledo,75
2564,Albert Toro Olivares,juan-antonio49@example.org,Zamora,48
2565,Gerónimo del Ferreras,arsenio35@example.net,Cáceres,49
2566,Florina Heredia Mascaró,evergara@example.net,Santa Cruz de Tenerife,24
2567,Hilario Pinto-Nebot,leoncio91@example.com,Palencia,55
2568,Ernesto Quevedo Sala,elenagutierrez@example.net,Cuenca,45
2569,Custodio Bueno Viña,marcela24@example.org,Madrid,50
2570,Magdalena de Novoa,cmontesinos@example.net,Segovia,27
2571,Juan Carlos Pintor Ortiz,dhurtado@example.com,Cantabria,35
2572,Otilia Moya Garzón,icastello@example.com,La Coruña,27
2573,Lino Franch,pepemunoz@example.org,Cuenca,35
2574,Aránzazu Tejero Burgos,salaobdulia@example.org,Las Palmas,70
2575,Bibiana Bayo Barriga,jose-ignaciovelasco@example.net,Jaén,54
2576,Rocío Fabregat Uría,candelas40@example.com,Valladolid,53
2577,Heliodoro Teófilo Lara Luís,bperez@example.net,Teruel,43
2578,Toño Toledo Carreño,sobrinoheraclio@example.com,Ciudad,31
2579,Espiridión Santiago Bermudez,eulaliasaenz@example.org,Santa Cruz de Tenerife,18
2580,Fabricio Dueñas Sanabria,olmedoceferino@example.net,Salamanca,50
2581,Humberto Posada-Elorza,yromeu@example.net,Las Palmas,77
2582,Ricarda Galvez Abril,cebrian47@example.com,Madrid,26
2583,Marta Samper Ayala,ainoa76@example.org,La Coruña,79
2584,Silvia Tere Palmer Vicente,maximilianomartinez@example.com,Segovia,48
2585,Nicolasa Criado Posada,scobo@example.com,Huesca,30
2586,Nicolasa Caballero,basilio28@example.com,La Rioja,73
2587,Fausto Riera-Barriga,ycastro@example.org,Guadalajara,75
2588,Ariel Artigas,javi27@example.net,Málaga,65
2589,Áurea Cecilia Vergara Coll,xizquierdo@example.net,Tarragona,26
2590,Nadia Gil Mendez,carotere@example.com,Girona,44
2591,Carlos Jose Manuel Cazorla Blazquez,manolabustamante@example.net,Córdoba,54
2592,Cristian Ferrero Olivera,andresfrancisco@example.net,Guadalajara,50
2593,Samu Quintanilla Godoy,yvalero@example.net,Santa Cruz de Tenerife,49
2594,Lidia Cuesta Agullo,pcarnero@example.net,Cantabria,32
2595,Victor Manuel Guitart-Landa,aacero@example.net,Toledo,76
2596,Aroa Lledó Gordillo,oriana34@example.net,Segovia,28
2597,Íngrid Elena Benet Grau,ariaseric@example.org,Burgos,49
2598,Américo Ramirez-Neira,rogeliomartin@example.org,Cantabria,20
2599,Julia Marta Martinez Riquelme,nico55@example.com,Navarra,26
2600,Primitivo Fernández,uordonez@example.com,Málaga,45
2601,Isaura Andrea Reig Galán,querolgloria@example.org,Madrid,58
2602,Feliciano Donoso Rueda,jperales@example.com,Teruel,57
2603,Onofre de Cárdenas,ebru@example.com,Soria,66
2604,Yago Samper Cazorla,jnavas@example.org,Málaga,49
2605,Benito Antúnez Salazar,maria-pilarvazquez@example.net,Toledo,68
2606,Lidia Criado,jovitavarela@example.com,Valladolid,18
2607,Alejandra de Agudo,izquierdoisaac@example.com,Jaén,44
2608,Urbano Ciriaco Pozuelo Real,oquintero@example.org,Ceuta,25
2609,Tomás Pont Palomo,armida14@example.net,Granada,63
2610,Lucila Morales Bas,german28@example.org,Lugo,58
2611,Anselma Palomino Amador,dario45@example.net,Albacete,80
2612,Adolfo del Hidalgo,sanmartiniker@example.com,Madrid,37
2613,Ciriaco Merino Cañete,amilcar02@example.net,Albacete,41
2614,Íngrid Sabater Ortuño,leonardocordero@example.net,La Rioja,27
2615,Nilo Fausto García Vazquez,kcastell@example.com,Alicante,26
2616,Iker Robles Solé,lolaalmagro@example.net,León,73
2617,Anselmo Talavera-Carrera,olivernydia@example.org,Badajoz,72
2618,Lucila Ribera Espinosa,csaldana@example.org,León,29
2619,Ligia Naranjo Fernandez,blancaroldan@example.org,Barcelona,38
2620,Cesar Goñi Gaya,ygelabert@example.org,Ceuta,52
2621,Alex del Sebastián,cerrolucila@example.org,Asturias,43
2622,Virgilio Giralt Chacón,zescobar@example.net,Santa Cruz de Tenerife,56
2623,Ramón de Collado,olimpia43@example.com,Córdoba,75
2624,Clarisa Martorell-Posada,luzcamila@example.org,Santa Cruz de Tenerife,76
2625,José Peñas Garriga,somozaarmida@example.net,Guipúzcoa,64
2626,Valentín Espejo-Baeza,africa06@example.net,Cantabria,27
2627,Alexandra Antúnez Nadal,candido87@example.com,Zamora,50
2628,Alex Camacho Arias,zviana@example.org,Jaén,29
2629,Hernán Ariza-Guzman,arecio@example.net,Zamora,44
2630,Francisco Javier Gallardo Muñoz,maria-cristinamascaro@example.net,Huesca,42
2631,Juan Manuel Salgado Méndez,jose74@example.org,Segovia,23
2632,Cristóbal Sala,claverocasemiro@example.org,Sevilla,78
2633,Dalila Colom Zabaleta,antoniodiez@example.org,Huesca,56
2634,Lilia Benavent,hbarriga@example.com,Pontevedra,55
2635,Rosalía Bernad Gomila,inmaculadapinedo@example.com,Huesca,42
2636,Belén Garriga Garmendia,alejo51@example.net,Pontevedra,25
2637,Eusebia Mora Casanova,rufinaagusti@example.net,Cádiz,62
2638,Ámbar Silva Vendrell,ruben52@example.com,León,43
2639,Carmela Bueno,buenaventuramontserrat@example.net,Girona,66
2640,Geraldo Hoyos-Macias,raquel05@example.net,Zaragoza,65
2641,Cipriano Dávila Chamorro,rebollogenoveva@example.com,Guadalajara,71
2642,Luciana Carvajal Raya,andres89@example.net,Pontevedra,56
2643,Javier Soto Nicolau,rodaclimaco@example.net,Cádiz,62
2644,Gabino Roig Cases,dmarino@example.net,Ourense,77
2645,Regina Pou Chaparro,llabresalmudena@example.net,Madrid,47
2646,Regina Granados Macías,nicolaubruno@example.com,Alicante,55
2647,Candela Peláez-Arribas,reguerareinaldo@example.org,Melilla,20
2648,Yaiza Suarez Pallarès,haroldoespinosa@example.net,León,56
2649,Ruperta Bueno Luís,ivan90@example.net,La Rioja,79
2650,Concha Salamanca Morán,auraolive@example.com,Castellón,50
2651,Alfonso Garay Benitez,iisern@example.net,Tarragona,20
2652,César Galindo Hidalgo,vendrellgervasio@example.com,Soria,40
2653,Úrsula Amparo Colomer Tamayo,banosgeraldo@example.net,Castellón,67
2654,Elena Águeda Duran Aguirre,virginia82@example.org,Ourense,31
2655,Elpidio Armengol Ávila,roldanpilar@example.org,Málaga,33
2656,Rafaela Gibert-Cazorla,cebrianquesada@example.com,Castellón,80
2657,Macaria Barral,bmontserrat@example.org,Guadalajara,18
2658,Fito Osorio Ayuso,cirino85@example.com,Ceuta,68
2659,Severino Pera-Mayol,viniciojaen@example.org,Barcelona,46
2660,Eduardo Iriarte Ureña,luis-miguellopez@example.com,Ourense,78
2661,Jovita Sanz Villar,monteroteofilo@example.org,Segovia,20
2662,Filomena Gomis Lucena,esperanza46@example.org,Las Palmas,34
2663,Tito Carbó,mariana07@example.org,Jaén,27
2664,Micaela del Fuentes,smatas@example.net,Huesca,53
2665,Alma Santamaría Robles,pazosreyes@example.org,Valencia,55
2666,Luisina Barreda Juan,morillovisitacion@example.org,Almería,18
2667,Coral Alonso Pelayo,arturo36@example.org,Almería,67
2668,Nicolás Julián Acosta,sorianoamalia@example.net,Ávila,52
2669,Casandra de Amat,roperoamerico@example.com,León,62
2670,Rómulo del Araujo,pujolmaximo@example.com,La Rioja,71
2671,Anselma Montenegro,bdiaz@example.org,Segovia,45
2672,Ismael Pujol,fulgencio19@example.org,Baleares,71
2673,Milagros Ayuso,arranzabilio@example.net,Las Palmas,39
2674,Gabriela Bellido Pinilla,alcazarlalo@example.com,Las Palmas,54
2675,Angelina Quintero Carrión,ruedaariel@example.net,Barcelona,46
2676,Nayara Reguera Sosa,america48@example.org,Córdoba,19
2677,Pilar Pacheco Muro,pujadasevangelina@example.org,Teruel,66
2678,Miguel Ángel Marcio Pulido Bartolomé,marcrovira@example.net,Girona,55
2679,Leonardo Sebastián Muro Bas,mendezleire@example.net,Ourense,53
2680,Vera Ocaña Mendizábal,abrilalcaraz@example.org,Huesca,66
2681,Reyna Bello Alfaro,hinfante@example.com,Toledo,41
2682,Gloria Dueñas Casas,ana65@example.com,Guadalajara,54
2683,Lupe Gomez Jaume,candelaria44@example.net,Palencia,47
2684,Rodrigo Ferrer Calvo,bruno47@example.net,Sevilla,80
2685,Herminio Valle Torrecilla,ucervera@example.org,Córdoba,23
2686,Antonio Jose Antonio Recio Mate,maricelapelaez@example.org,Cáceres,58
2687,Nazario Pineda Márquez,onofre41@example.org,Guadalajara,79
2688,Benita Cid Rosado,bsantos@example.net,Cádiz,57
2689,Rosenda Eliana Esteve Calatayud,silvio06@example.com,Vizcaya,30
2690,Clementina Sarmiento Colom,nespada@example.org,Girona,29
2691,Heriberto Aguado Sans,gerardo12@example.org,Guadalajara,39
2692,Mario Almeida,angulopaulina@example.com,Burgos,31
2693,Rosaura Modesta Porcel Novoa,canizaresfortunata@example.com,Albacete,53
2694,Ariel Galindo Guitart,gervasionogueira@example.org,Burgos,47
2695,Ángeles Herrero Pera,jadadia@example.net,Cáceres,20
2696,Julio de Quirós,selenacarrasco@example.com,Palencia,18
2697,Ximena Alarcón Acedo,xmuniz@example.net,Vizcaya,64
2698,Reinaldo Laguna Boada,dnavarro@example.net,Ceuta,44
2699,Salvador Higueras Campo,xcarlos@example.org,Navarra,39
2700,Feliciana Araujo Gabaldón,lucas94@example.net,Tarragona,48
2701,Marisa Estela Casanova Barberá,umontes@example.org,Badajoz,70
2702,Angélica Pizarro Neira,salomisa@example.com,Zamora,49
2703,Carolina Leon Royo,julianzacarias@example.org,Badajoz,73
2704,Josefina Mateos Camps,aranzazu03@example.net,Madrid,51
2705,Erasmo Efraín Carmona Barral,pujadasazeneth@example.net,Ávila,28
2706,Hipólito Nieto Cueto,aramon@example.com,Álava,40
2707,Esperanza Carlos Mariscal,pinogabriela@example.com,Palencia,64
2708,Juan Manuel Rebollo Quevedo,clementeinfante@example.org,Alicante,29
2709,Graciana Domínguez Luján,severinovila@example.com,Baleares,53
2710,Asdrubal Rosell Corral,amugica@example.org,Ávila,30
2711,Samu Jose Miguel Martí Gomez,judithmesa@example.net,La Rioja,73
2712,Nicolasa Sanmiguel Quero,qjurado@example.com,Burgos,32
2713,Graciano Llorens Elías,campsjenaro@example.net,Asturias,63
2714,Evelia Chico Pont,ymancebo@example.org,Sevilla,35
2715,Galo Verdú-Carrera,qvergara@example.com,Girona,79
2716,Obdulia Dueñas Crespi,mendizabalariel@example.com,Las Palmas,52
2717,Guillermo Baquero Manrique,utalavera@example.org,Girona,18
2718,Inmaculada del Olmo,enrique48@example.com,Melilla,30
2719,Rosario Lledó Mateu,galo16@example.com,Huelva,79
2720,Camila Pina Nogués,usalgado@example.com,Teruel,35
2721,Arsenio Chaparro Bayona,carminaalonso@example.org,Madrid,72
2722,Lara Tejedor Goñi,calzadacamila@example.net,Castellón,47
2723,Reyes Nebot Vilalta,moyamiguel-angel@example.net,Salamanca,38
2724,Coral del Vega,uvigil@example.org,Tarragona,21
2725,Joaquín Bernad-Borrás,selena96@example.org,Vizcaya,66
2726,Paula Benavides Alegria,qcorral@example.net,Asturias,80
2727,Amado Royo,chelo43@example.com,Huelva,49
2728,Evangelina Escolano-Crespo,inigomanrique@example.net,Sevilla,28
2729,Sancho Arnau Elías,pfalco@example.net,Melilla,44
2730,Carmela Domingo Pedro,camila38@example.net,Lleida,22
2731,Amaya Pedrosa Vargas,jorgemorell@example.org,Cáceres,30
2732,Carmela Guerrero Codina,planastiburcio@example.net,Almería,43
2733,Irene Garrido Agustín,bcabrera@example.com,Zaragoza,61
2734,Narcisa Cámara Rosell,rclavero@example.net,Navarra,65
2735,Nazaret Reguera Torre,roberto96@example.net,Córdoba,65
2736,Dalila Navarrete Fábregas,sanchezconsuela@example.com,Teruel,60
2737,Desiderio Salinas Solana,emilia81@example.com,Palencia,48
2738,Jenaro Llanos Ros,carmelavidal@example.net,Guadalajara,65
2739,Calixta Cuevas-Barco,flaviomanso@example.org,Madrid,21
2740,Verónica Maestre Jara,luis-miguelsacristan@example.com,Castellón,36
2741,Áurea Ruano,jose-maria15@example.com,Huesca,30
2742,Fidel Sarmiento-Cerdán,carcos@example.org,Zamora,78
2743,Valeria Quirós Salvador,balduino98@example.com,Valladolid,18
2744,Nacho Francisco,qaller@example.com,Navarra,55
2745,Maite Mamen Puga Escrivá,palomaremiliana@example.net,Córdoba,23
2746,Manuelita Lluch Moya,garzonmarcelo@example.net,Girona,29
2747,María Ángeles Téllez Cornejo,royojuan-jose@example.org,Málaga,66
2748,Laura Hoz Bello,reinaldovizcaino@example.org,Alicante,57
2749,Pepita Balaguer Silva,eliribera@example.org,Palencia,62
2750,Manu Elorza Calzada,socorrosantana@example.com,Lleida,72
2751,Eligio Moya Llorente,nachorocha@example.org,Madrid,42
2752,Pili Becerra Querol,vitocerro@example.net,Jaén,51
2753,Vanesa Conde-Lozano,migueljose-miguel@example.net,Ciudad,68
2754,Carina López Aragón,gabrielauria@example.com,Almería,71
2755,Clementina Sotelo,baezamarcela@example.net,Valencia,34
2756,Nazario Guardiola Prada,rita31@example.org,Ourense,77
2757,Íñigo Cobo Manso,encarnagalvez@example.com,Cuenca,51
2758,Joan Rios Alegre,javi23@example.org,Granada,50
2759,Mohamed de Peral,armidaguzman@example.com,Granada,24
2760,Sandra Ayala Ramirez,octaviasierra@example.org,Toledo,56
2761,Julieta Salcedo Núñez,mariano60@example.org,Zaragoza,63
2762,Desiderio Montaña Alberola,lfeijoo@example.com,Huesca,44
2763,Marisol Mercedes Fernández Hernando,oriana15@example.com,Pontevedra,52
2764,Calista Tapia Álamo,svillaverde@example.net,Asturias,41
2765,Anunciación Nazaret Mateu Juan,montanaeugenio@example.org,Valencia,21
2766,Marisol Sáenz-Fonseca,hmolins@example.org,Murcia,25
2767,María Luisa Aguiló Canales,oriana30@example.org,Las Palmas,79
2768,Glauco Virgilio Neira Garriga,danblanch@example.org,Lleida,32
2769,Xiomara Cid Rosales,amaya11@example.com,Toledo,25
2770,Montserrat Barreda Quevedo,cgiron@example.net,Córdoba,19
2771,María Cristina Acosta Oliva,warribas@example.org,Álava,64
2772,Adelina Armas Canales,reinaldoanguita@example.com,Huelva,59
2773,Aitor Padilla Ibarra,pozaabril@example.org,Ourense,56
2774,Óscar Tomás-Pallarès,vcanals@example.net,Teruel,61
2775,Ildefonso Galo Palacios Pou,zmateu@example.com,Ávila,79
2776,Cruz Quintanilla-Barberá,albina20@example.net,Zamora,74
2777,Ale Gabriel Muñoz Guillén,selena55@example.org,Las Palmas,71
2778,Eloy Pedraza Morcillo,herberto75@example.org,Córdoba,20
2779,Román Toledo Pastor,maria-dolores88@example.com,Valladolid,26
2780,Paula Mayo Ramirez,ebaena@example.net,Valencia,48
2781,Cebrián Jordá Noguera,olga98@example.org,Huelva,43
2782,Dimas Olmedo Quintanilla,eva53@example.net,Valencia,80
2783,Pastora Esteve Abad,catalina97@example.org,Cádiz,26
2784,Joel Somoza Olivé,socorro90@example.net,Cáceres,44
2785,Jose Miguel Suárez Amat,oriana48@example.net,Ávila,19
2786,Maribel Valbuena Tamarit,dllanos@example.com,Barcelona,76
2787,Viviana Ugarte,amandosanjuan@example.com,Madrid,61
2788,Consuelo Quevedo Rubio,nnevado@example.net,Murcia,50
2789,Dorita Domingo Gallego,isidro69@example.com,La Coruña,20
2790,Socorro Parra,nachogaliano@example.net,Salamanca,76
2791,Alicia Machado Abellán,seve44@example.org,Ourense,38
2792,Toribio Gárate Almansa,jmontana@example.org,Málaga,59
2793,Fabiola Echeverría Cabañas,ireneandreu@example.net,Barcelona,68
2794,Eliana Borrás Torrent,npareja@example.net,Barcelona,36
2795,Virgilio Jordá Tomé,miguelagonzalo@example.org,Zamora,44
2796,José Antonio Bustamante Vara,calvoanibal@example.com,Madrid,72
2797,Fito Cámara-Ramirez,xinfante@example.com,Melilla,40
2798,Belen Andrés Ibáñez,torralbaleopoldo@example.com,Tarragona,29
2799,Tomasa Suárez Pont,arocajose-angel@example.net,Baleares,77
2800,Lope Egea-Feliu,veraperez@example.net,Cádiz,57
2801,Cecilia Anita Porta Corominas,gsuarez@example.com,Ceuta,40
2802,Valerio Vara Belmonte,leon09@example.com,Sevilla,33
2803,Imelda Gallardo Batlle,andresjuan@example.net,Ourense,77
2804,Horacio Cañas,amilcar16@example.com,Castellón,66
2805,Pastor Barral Fabregat,americapera@example.org,Ciudad,72
2806,Felicidad Alberola,hdelgado@example.com,Ciudad,73
2807,Florina Pedrero Salinas,hectorpina@example.com,Las Palmas,29
2808,Andrés Felipe Mata-Sotelo,tvarela@example.net,Baleares,26
2809,Pablo Vidal-Carbonell,cesar97@example.net,La Coruña,77
2810,Adriana Vicenta Nieto Font,belen73@example.com,Pontevedra,66
2811,Dominga de Benítez,dionisialopez@example.com,Cuenca,65
2812,Adelia del Ferrando,puigmagdalena@example.com,Murcia,58
2813,Eliseo de Burgos,eli76@example.com,Valladolid,18
2814,Ramona Bermudez Riba,regueramamen@example.org,Tarragona,26
2815,Calisto Sevilla-Duran,jamor@example.org,Cádiz,60
2816,Roberta Barragán Martinez,cabanasgaspar@example.com,Valencia,28
2817,Dalila Heras,nneira@example.net,Málaga,52
2818,Abigaíl Menendez Segovia,martina61@example.net,Castellón,52
2819,Vanesa Valenciano,vhuguet@example.org,Soria,71
2820,Gervasio Santos,cobogoyo@example.net,Ávila,78
2821,Lucho Diéguez Santamaría,carpioxiomara@example.org,Girona,26
2822,Socorro Azorin-Cuevas,mariselaroyo@example.com,Huelva,79
2823,Ale Cabañas-Mas,consuela86@example.com,Castellón,66
2824,Onofre Roselló Galindo,ujuan@example.org,Navarra,19
2825,Fernando Gallart Agustí,carinapastor@example.org,Cantabria,30
2826,Jose Antonio Arsenio Fábregas Rocamora,celsoizquierdo@example.org,Murcia,55
2827,Lucio Manjón,ajara@example.com,Málaga,80
2828,Marcelino Tejedor Casado,barredabautista@example.net,Murcia,70
2829,Fausto Leon Perez,irmacarbonell@example.org,Ourense,27
2830,Rosendo del Castro,torrecillaquique@example.org,Guadalajara,51
2831,Etelvina Rovira Sáez,bermejoeliseo@example.com,Murcia,67
2832,Sandra Izaguirre Castelló,reinauriarte@example.org,Murcia,20
2833,Tecla Godoy-Velasco,guiomarcortes@example.net,Melilla,34
2834,Omar del Losa,vmachado@example.org,Melilla,59
2835,Ani Cabrero Lerma,berenguerdelia@example.net,Navarra,52
2836,Custodia Tejada-Ruiz,pacificacuervo@example.org,Burgos,32
2837,Roberta Garzón Ramírez,elisaneira@example.net,Huesca,34
2838,Godofredo Herranz Monreal,sacosta@example.net,Álava,59
2839,Maricruz Español Durán,quirino15@example.org,Vizcaya,32
2840,Anastasio Galiano Carpio,olimpiamugica@example.net,Madrid,25
2841,Etelvina Guillén-Quevedo,nievesacosta@example.org,Alicante,79
2842,Heraclio Cabañas Cifuentes,valentinaduarte@example.com,Granada,25
2843,Atilio Arteaga Soria,carlitojurado@example.org,Sevilla,18
2844,Germán Agustín Solano,mosqueratamara@example.com,Melilla,30
2845,Amarilis Gálvez,doroteacastrillo@example.com,Toledo,63
2846,Herminio Jerez Nevado,campillodaniel@example.net,Cádiz,69
2847,Anselma Jimena Escudero Montalbán,xprada@example.com,Badajoz,45
2848,Pilar Mora Pereira,varacornelio@example.org,Toledo,58
2849,Edelmiro Torre Moraleda,peiroeufemia@example.com,Melilla,44
2850,Samu Lago Múgica,cesaragustin@example.org,León,41
2851,Santiago Vargas,luisina00@example.net,Barcelona,34
2852,Julio del Fonseca,xsancho@example.com,Guipúzcoa,69
2853,Soraya Cardona Burgos,izaguirrerosario@example.org,Valladolid,24
2854,Maxi Palomo Duque,spalomares@example.com,Álava,34
2855,Américo Carbonell,xiomara89@example.com,Albacete,68
2856,Silvestre Comas-Armas,gutierrezmonica@example.com,Ceuta,45
2857,Teo Ángel Vigil,glucas@example.org,Segovia,40
2858,Rodrigo Cirino Boix Beltran,vmerino@example.org,Zamora,31
2859,Primitivo Cazorla Raya,tadeo06@example.com,Burgos,51
2860,Pepe Renato Chamorro Villena,yolandallopis@example.com,Toledo,59
2861,Plinio Sevillano-Llamas,hnaranjo@example.net,Cáceres,36
2862,Nico Jordán Ibañez Segura,cvizcaino@example.org,Salamanca,69
2863,Nacho Viña Rivas,porrasnoa@example.org,Zaragoza,62
2864,Joaquín Bonet Abad,joan83@example.com,Ceuta,36
2865,Aitana Alexandra Caballero Ballester,guadalupe01@example.org,Salamanca,34
2866,Isabela Agudo Álvarez,vmaldonado@example.net,Córdoba,63
2867,Octavia del Acuña,heriberto14@example.org,Murcia,27
2868,Esther Lastra-Bermúdez,artigasmiguel@example.org,Cáceres,52
2869,Javiera Santana,sgaray@example.org,Ourense,21
2870,Fortunato Segarra Amigó,avinas@example.net,Huelva,78
2871,Roque Palomo Casanovas,melania28@example.com,Burgos,18
2872,Valentina Anguita Prats,tdonaire@example.com,Palencia,39
2873,Beatriz Lillo Sacristán,nebotbenita@example.net,Guadalajara,69
2874,Agustín Anguita Vargas,whoyos@example.org,Navarra,30
2875,Pilar Nicolau,orueda@example.org,Toledo,37
2876,Aurelio Neira,guerraalondra@example.com,Toledo,55
2877,Casandra Duque Arcos,marciaponce@example.net,Melilla,47
2878,Inmaculada del Crespo,doroteagarcia@example.com,Almería,40
2879,Rico Rosado-Cuadrado,eulaliarodriguez@example.org,Navarra,57
2880,Heraclio Bonilla,glaucotejedor@example.com,Almería,66
2881,Mariano Pablo Sevilla,menendezjuan-carlos@example.com,Sevilla,30
2882,Gala Mascaró-Rodríguez,psarmiento@example.org,Baleares,30
2883,Charo Ripoll Casas,jleon@example.org,Vizcaya,76
2884,Moisés Mercader Camacho,bbenitez@example.net,Huelva,56
2885,Almudena Bastida-Cruz,emas@example.net,Palencia,21
2886,Hugo Simón Martorell Quevedo,nborras@example.org,Valladolid,51
2887,Pablo Juliá-Batlle,tserna@example.com,Murcia,79
2888,Paulina Bastida-Cañas,albertovazquez@example.net,Almería,74
2889,Noelia Trillo Marco,perla81@example.net,Valladolid,48
2890,Noemí Lobato Solís,silviocastejon@example.com,Cáceres,58
2891,Isaura Vicente,jacintoricart@example.net,Cádiz,34
2892,Carlos del Verdú,salome37@example.org,Córdoba,65
2893,Flor Querol,evitareig@example.org,Almería,31
2894,Germán Uriarte Ramírez,carla96@example.net,Huelva,50
2895,Rosario Ballesteros,alberto82@example.org,Huesca,42
2896,Mauricio Domingo Ayala,ramisadora@example.org,Toledo,41
2897,Roque Arnau Ruano,herastono@example.com,Santa Cruz de Tenerife,51
2898,Oriana Cañellas Girón,kgilabert@example.net,Ciudad,70
2899,Carmela Céspedes Diego,orianamontalban@example.org,Asturias,27
2900,Glauco Caparrós Donoso,dgarriga@example.net,Málaga,37
2901,Román Casares-Gaya,jose-francisco55@example.com,Málaga,39
2902,Marisela Calleja Ródenas,eduardocarpio@example.com,Ávila,74
2903,Raquel Martinez-Valls,tolosamoreno@example.com,Cádiz,75
2904,Pepe Correa Molins,amando10@example.org,Madrid,68
2905,Apolonia de Anaya,iris33@example.com,Tarragona,72
2906,Salomé Caparrós-Porta,yanezjulian@example.com,Jaén,77
2907,Noa Mayo-Verdú,gala22@example.com,Ávila,59
2908,Silvio Mate Amo,correachelo@example.org,Valencia,26
2909,Noa Sainz Quevedo,adrianaarrieta@example.org,Cantabria,51
2910,Mireia de Rivas,teodorogarrido@example.com,Ourense,19
2911,Olalla Solera Tolosa,valeriabarco@example.com,Soria,61
2912,Alma Peralta-Cerro,maria-fernandabaeza@example.org,Baleares,33
2913,Claudia Rita Echevarría Sandoval,morillomerche@example.org,Zamora,74
2914,Marina del Huguet,milagros39@example.org,Guipúzcoa,29
2915,Borja Ortuño Bauzà,soraya38@example.net,León,21
2916,Micaela del Reig,alcantaracarmen@example.org,Huelva,62
2917,Fabricio Santos Sánchez Avilés,renato65@example.com,Huelva,80
2918,María Luque Catalá,julio-cesartoledo@example.org,Las Palmas,66
2919,Luciano Vall Sanz,lalo16@example.net,Castellón,26
2920,Filomena del Escrivá,mirtaortiz@example.net,Almería,61
2921,Máxima Rubio Fernandez,miguelamolins@example.org,Barcelona,36
2922,Elena de Solsona,linaborrell@example.net,Asturias,52
2923,Laura Garriga Barroso,folchchita@example.net,Asturias,25
2924,Ignacia Pablo Rivas,roldangerardo@example.com,Sevilla,69
2925,Fausto del Suárez,vicentablanch@example.org,Valladolid,31
2926,Segismundo Domingo Hoz,cantonclimaco@example.org,Teruel,34
2927,Lucía Vergara Carnero,avilagalo@example.com,Málaga,78
2928,Víctor del Francisco,eufemia52@example.org,Lugo,20
2929,Ainara Calvet Galvez,escrivajenaro@example.org,Burgos,23
2930,Isaura Rocamora Hervia,liliana09@example.net,Almería,23
2931,Javiera Campoy Barroso,herminianebot@example.org,Barcelona,30
2932,Nereida Garzón Amigó,charo48@example.org,Sevilla,68
2933,Rodolfo Salom Pelayo,macaria35@example.com,Ceuta,27
2934,Abigaíl Cuesta Sobrino,paloma94@example.com,Córdoba,27
2935,Sofía Rebeca Sancho Chico,vasco98@example.com,Castellón,76
2936,Samuel Prada Taboada,chita92@example.org,Sevilla,56
2937,Calisto Chamorro Ortega,qbarrio@example.com,Valencia,33
2938,Emma Villena,apolonia99@example.net,Huelva,78
2939,Noelia Lluch Morán,abrilalcolea@example.org,Pontevedra,21
2940,Agustín Castells Ramírez,leocadio75@example.net,Castellón,60
2941,Adolfo Herrero Esteve,maria-angeles49@example.com,La Rioja,77
2942,Dora Marisa Mariscal Moreno,vquerol@example.com,Valencia,62
2943,Conrado Guzman Aranda,bvizcaino@example.net,Segovia,29
2944,Victoria Jaén Carpio,casalscharo@example.net,Lugo,22
2945,Sebastian Ibarra Hierro,loreto26@example.net,Segovia,58
2946,Julio César Bautista-Sacristán,cobopanfilo@example.com,Cádiz,44
2947,Encarnación del Roldán,josue58@example.com,Málaga,32
2948,Alejandra Ojeda-Castrillo,martirio89@example.net,Madrid,65
2949,Arturo Mateu Cañete,pllamas@example.net,Valladolid,38
2950,Sergio Cerro-Sobrino,salomlorena@example.org,Navarra,53
2951,Ulises Escobar Miranda,armida05@example.com,Madrid,49
2952,Elena Mayoral Agullo,jeronimo53@example.org,Ciudad,30
2953,Julia Garmendia Girón,palfaro@example.net,Ávila,60
2954,Joan Ballester,tnino@example.org,Ciudad,22
2955,Coral Peña Tamayo,zpalacios@example.net,Santa Cruz de Tenerife,73
2956,Teobaldo Sala Castrillo,fidelaferran@example.org,Baleares,50
2957,Ana Sofía Cabezas Rueda,andrea09@example.com,Ávila,76
2958,Marcelo Piñeiro Mármol,agustinobdulia@example.org,Ciudad,63
2959,Leire Bou Ros,malenaanton@example.net,Castellón,62
2960,Donato Piquer,alillo@example.org,Castellón,29
2961,Lucila Macías Ariza,bouvirginia@example.net,Huelva,60
2962,Macaria Cobos Alemany,crovira@example.org,Albacete,75
2963,Jose Ignacio Grau Martí,emmasegovia@example.com,Huesca,76
2964,África Becerra Cabo,kbarrios@example.org,Ceuta,28
2965,Flavio Rovira-Marín,edgarruiz@example.com,Burgos,45
2966,Cleto Rico Linares Guillén,pcamps@example.net,Badajoz,72
2967,Mateo Roldán,rebecahoz@example.net,Almería,22
2968,Amalia Alegria Arcos,osvaldoochoa@example.com,Málaga,30
2969,Rufino Solé Aroca,jose-luisarnaiz@example.net,Guipúzcoa,49
2970,Tristán Boada Palacio,ernesto01@example.net,Álava,66
2971,Vicenta Caparrós Sierra,elisabetarnau@example.com,Navarra,80
2972,Cayetana Ferrando,jorgetapia@example.com,Huelva,65
2973,Anselmo Solsona Murillo,clotilde43@example.com,Huelva,50
2974,Vasco Carbajo Ordóñez,gcasal@example.net,Jaén,30
2975,Cosme Paniagua Saldaña,patriciabuendia@example.net,Navarra,32
2976,Antonio Solé Ibarra,cabezasalexandra@example.net,Castellón,37
2977,Daniel Carbajo Viñas,mpuga@example.com,Huesca,36
2978,Gloria Llamas Coll,raguilar@example.net,Albacete,45
2979,Araceli Isern,fulgencio22@example.org,Sevilla,60
2980,Salomé Menéndez Sans,vazquezmanu@example.net,Cantabria,66
2981,Paula Maristela Rocha Rosselló,carmenmerino@example.net,Ciudad,76
2982,Danilo del Robledo,pereiratoni@example.com,Cádiz,52
2983,Aurelio Tur Gelabert,chema99@example.org,Badajoz,21
2984,Luis Ángel Almagro Mate,bavila@example.org,Madrid,39
2985,Chus Menendez Iglesia,qadan@example.org,Castellón,64
2986,Juan Carlos Aguado Andrés,carboamerica@example.net,Guipúzcoa,40
2987,María Manuela Milagros Almagro Grande,bastidabernardita@example.com,Huelva,50
2988,Zaira Montaña Font,arielsevilla@example.net,Castellón,67
2989,Camilo Pomares Dalmau,smacias@example.org,Pontevedra,41
2990,Nicolasa Anastasia Blanca Carreño,tramirez@example.net,Teruel,61
2991,Jose Antonio Rosell-Páez,quevedoarmando@example.net,Baleares,37
2992,Eloy Verdú Trillo,guadalupe13@example.net,Tarragona,62
2993,Pelayo Simón Bayón Monreal,armengolbenigna@example.com,Zaragoza,35
2994,Griselda Ponce-Bermúdez,poncio44@example.net,Salamanca,37
2995,Camilo del Velázquez,chus68@example.com,Salamanca,29
2996,Amada de Cerdán,javiera83@example.org,Ourense,63
2997,Iker Mercader Macías,pouflavio@example.net,Cádiz,43
2998,Apolonia Belda Bonet,carlotagallart@example.org,Santa Cruz de Tenerife,58
2999,Marisela Aguiló Rozas,parejaricardo@example.org,Palencia,52
3000,Amparo Infante Capdevila,castanedahortensia@example.net,Málaga,29
3001,Olegario Garrido-Mateu,julietasierra@example.com,León,24
3002,Goyo Cabrera,agapitojodar@example.net,Valladolid,49
3003,Irma Exposito-Vall,pazosrita@example.org,Ciudad,38
3004,Marino Quintanilla Mendoza,godoyofelia@example.org,Baleares,32
3005,Epifanio Navarro Alberola,armengolmanolo@example.net,Huelva,67
3006,Chus Pedraza Feijoo,severoestevez@example.net,Asturias,36
3007,Bautista Albero-Rosselló,samantamur@example.com,Valladolid,36
3008,Ramón Ferrán Ramis,blancaleonardo@example.net,Girona,20
3009,Bautista Santiago Galiano,qibanez@example.net,Guadalajara,74
3010,Íngrid Reina Iglesia,artemio91@example.net,Cuenca,76
3011,Chema Almeida Cortina,anayaleticia@example.net,Valencia,54
3012,Haroldo Mayol Baquero,tcalderon@example.net,Tarragona,73
3013,Liliana de Luís,javier36@example.com,Melilla,23
3014,Leonardo Pedrosa Machado,salinassosimo@example.net,Pontevedra,34
3015,Rosenda de Jaén,agustinrubio@example.com,Guipúzcoa,39
3016,Cipriano Arévalo Torre,hugo98@example.com,Burgos,56
3017,Ulises Carnero Carranza,selenacorbacho@example.com,Huesca,18
3018,Saturnino Blazquez Lorenzo,eandres@example.com,Jaén,40
3019,Jose Manuel de Llorens,palomoduilio@example.com,Huelva,23
3020,Tiburcio Vázquez Asenjo,sergio45@example.com,Lleida,28
3021,Gala Bustos Pablo,tejadaramon@example.org,Salamanca,43
3022,Isa Muñoz Paniagua,fuertesjordan@example.com,Valencia,19
3023,Zaira Iglesia Iriarte,nhigueras@example.net,Soria,48
3024,Berta Carlos Torrent,mgodoy@example.com,Badajoz,47
3025,Marta Gallo,pili46@example.com,Málaga,34
3026,Brunilda Bayo Alcaraz,matildehernandez@example.org,Vizcaya,41
3027,Epifanio Goñi-Dueñas,victorino50@example.org,León,73
3028,Fanny Moliner Ferrando,aroaperera@example.com,León,45
3029,Armando Antonio Roura Guardiola,kabril@example.org,La Coruña,78
3030,José Luis Roura Puente,igomez@example.org,Albacete,31
3031,Vilma Carreño Jódar,agueda78@example.net,Zamora,50
3032,Georgina Verdú Rius,yquintero@example.net,Melilla,60
3033,Javiera Vilaplana Sancho,ferrandizreyna@example.net,Málaga,44
3034,Victor de Ruiz,venceslasbilbao@example.net,Valencia,78
3035,Haroldo Torrecilla Gras,dfuertes@example.org,Melilla,40
3036,Haroldo del Ojeda,casadotania@example.com,Soria,57
3037,Imelda Sara Soriano Riera,vzapata@example.com,Murcia,67
3038,Rosario Zabala Rojas,ovendrell@example.com,Jaén,49
3039,Leopoldo Buendía Vilanova,fcuellar@example.com,Jaén,42
3040,Blanca Viñas Aller,horaciocordero@example.com,Girona,67
3041,Reyna Dulce Tamayo Navarro,haroldovara@example.com,Huelva,46
3042,Carolina del Vilaplana,tsolano@example.net,Santa Cruz de Tenerife,63
3043,Adelaida Rocamora Duque,alecifuentes@example.net,Guadalajara,36
3044,Tiburcio Rico Peña,rieraazahar@example.com,Ceuta,41
3045,Francisco Javier del Solé,uduque@example.com,Madrid,58
3046,Rosario del Portero,panfilo08@example.org,Ávila,37
3047,Juan Pablo Fonseca Torralba,ncampillo@example.com,Cádiz,78
3048,Trinidad Sastre Duran,marinonunez@example.org,Zaragoza,43
3049,Vinicio Solera Carmona,bayonaitor@example.net,Murcia,31
3050,Albino Martin Céspedes,rcastro@example.org,La Coruña,53
3051,Chuy Casares Roca,quintanillanicanor@example.org,Ceuta,40
3052,Agustina Pinto Ferrera,pozavinicio@example.com,Vizcaya,67
3053,Rogelio del Bejarano,cayetanaperello@example.com,Santa Cruz de Tenerife,43
3054,Feliciano Montes López,ealmagro@example.net,Girona,74
3055,Florina Yáñez Plana,talvarez@example.net,Murcia,38
3056,Cristian Márquez Huerta,wramirez@example.net,La Coruña,27
3057,Aarón de Tejera,begonatoro@example.com,Teruel,56
3058,Cloe González-Serrano,anitabelda@example.com,Jaén,52
3059,Eulalia Vives Barroso,fsanz@example.org,Pontevedra,56
3060,Francisco Jose Manuel Ferrando Prada,marcio68@example.net,La Coruña,57
3061,Ambrosio de Menéndez,dimas23@example.org,Tarragona,42
3062,Eugenia Pi Aparicio,canteromarisol@example.org,Castellón,30
3063,Marina del Santos,sabas05@example.net,Murcia,30
3064,Paulino Fuster Catalá,bautistaalma@example.net,Huelva,35
3065,Bernabé Roldan-Salinas,icarrion@example.net,Zaragoza,60
3066,Melisa Castillo Carbonell,ileanacarro@example.net,Huesca,35
3067,Violeta María Del Carmen Arias Mateos,victoriamaza@example.org,Lugo,42
3068,Evelia Sainz Arias,pilar18@example.org,Castellón,26
3069,Maristela Cerdán,aliciabarrera@example.com,Málaga,58
3070,Simón Crespo Alcaraz,wbarco@example.com,Málaga,23
3071,Dalila Solano Escudero,nereamunoz@example.com,Huesca,47
3072,Albino Ballesteros Guillén,riusemilia@example.com,Valladolid,68
3073,Itziar Garcia Herrera,edominguez@example.org,Lleida,79
3074,Lorenza María Pedro Valls,begonaamigo@example.net,Huesca,70
3075,Flavio Olivera,julio35@example.org,Guipúzcoa,61
3076,Araceli Blasco-Ramos,lucila03@example.org,Jaén,50
3077,Consuelo Vázquez-Delgado,nferrandez@example.net,La Rioja,32
3078,Valentina Alvarez-Torre,stormo@example.net,Madrid,25
3079,Isabela Noa Alcalde Roig,ebusquets@example.org,León,57
3080,Mariana del Márquez,herreroluis-angel@example.net,Barcelona,53
3081,Aristides Río Briones,pugamarcelo@example.net,Huelva,66
3082,Blas Isidoro Garriga Antúnez,anastasioalberdi@example.org,Palencia,27
3083,Elba Sanmartín Amador,miguelchaparro@example.org,León,27
3084,Marisela Machado-Palmer,rafaelapol@example.net,Cantabria,72
3085,Ani del Garriga,valeriosancho@example.com,Albacete,54
3086,Rafaela Medina,jose-luis87@example.com,Lleida,47
3087,Palmira Ureña Fabregat,vcardona@example.org,Ávila,36
3088,Asunción Vizcaíno,dolmedo@example.net,Badajoz,67
3089,Alonso Celestino Robles Garrido,badiafrancisco-javier@example.com,Cádiz,76
3090,Natanael Higueras-Pol,jose-luis51@example.net,Segovia,71
3091,Amor Gálvez Llopis,sllado@example.org,Guipúzcoa,43
3092,Noa Otero Feliu,harellano@example.net,Santa Cruz de Tenerife,61
3093,Alfonso Jerónimo Castejón Acuña,herberto32@example.com,Girona,48
3094,Albina Sabina Ferrando Amor,flaviogalvez@example.org,Zaragoza,58
3095,Cayetana Porta Mas,robledoteresa@example.com,Castellón,44
3096,Gertrudis Cobos Camps,fustermaria-luisa@example.com,Jaén,39
3097,Augusto Valentín Zapata,toribio64@example.net,Baleares,62
3098,Abraham Palma Baena,german01@example.org,Granada,21
3099,Valentín de Alcolea,qbarragan@example.net,Vizcaya,29
3100,Porfirio Carretero,operea@example.net,Palencia,59
3101,Aarón Collado Álvaro,kbelmonte@example.com,Almería,64
3102,Sofía Pía Bárcena Vicente,guadalupevazquez@example.net,Badajoz,51
3103,Diego Ramis Cánovas,raimundo52@example.net,León,68
3104,Joan Feliciano Armengol Palau,iris07@example.com,Huelva,33
3105,Juan Luis Carrillo-Barranco,ignacia96@example.org,Toledo,26
3106,Lino Mas Roda,rebolloale@example.com,Barcelona,74
3107,Mirta Antonia Carreras Frutos,xalamo@example.net,Alicante,59
3108,Tomás Díez Macias,ncampo@example.org,Álava,32
3109,Felipe Grande Bayona,castilloseve@example.net,Valencia,20
3110,Victor Iniesta-Lamas,beatrizdelgado@example.net,Almería,74
3111,Celestino Gras Salom,paezildefonso@example.org,Baleares,23
3112,Violeta Mónica Elorza Villalobos,fernanda25@example.com,Girona,30
3113,Guadalupe Díez,roberto77@example.net,Teruel,28
3114,Cloe Herranz Dalmau,soraya99@example.org,Cantabria,77
3115,Trinidad Jovita Antúnez Egea,susana19@example.org,Málaga,67
3116,Marina Farré Catalán,aacevedo@example.com,Córdoba,76
3117,Dora de Ávila,bonifacio33@example.com,Navarra,18
3118,Pastora Hernández Gárate,emilioguardiola@example.net,Zamora,80
3119,Teobaldo Carnero Cabeza,yesicaadan@example.net,Zamora,69
3120,Juan Portero Millán,lopezluciana@example.org,Málaga,45
3121,Martín Calderón Sales,americamolina@example.net,Granada,39
3122,Pelayo Ariño Murillo,folchjeremias@example.com,Guadalajara,20
3123,Fernanda Acero Carbonell,canasrolando@example.net,Madrid,34
3124,Rosalina Villalobos Moliner,miguel-angel21@example.org,Valladolid,59
3125,Édgar Gutiérrez Torrens,judith52@example.com,Segovia,65
3126,Delfina Correa-Rosado,primitivabarranco@example.org,Álava,40
3127,Eric Huguet,clementina93@example.org,Cuenca,49
3128,Humberto Solano Montaña,hortiz@example.net,Cuenca,76
3129,Dafne Lorena Sandoval Mendez,wmate@example.org,Castellón,39
3130,Horacio Berrocal Uriarte,silviaacero@example.com,Girona,38
3131,Albino Pozo,nacho14@example.com,Navarra,71
3132,Miguel Ángel Sanabria Higueras,rabascal@example.net,Almería,53
3133,Obdulia Bayo Acero,vesparza@example.net,Lugo,30
3134,Federico Toledo-Jimenez,eustaquio41@example.com,León,60
3135,Regina Lobato Moraleda,ggonzalez@example.org,Valencia,36
3136,Eligio Sarabia Egea,guadalupeegea@example.net,Asturias,71
3137,Modesta Porta,uaramburu@example.com,Granada,47
3138,Fabiana Marti-Solé,mcortes@example.com,La Coruña,62
3139,Ainoa Marco Cardona,juradopaloma@example.com,Jaén,54
3140,Obdulia Rodriguez Arnau,uluque@example.net,Pontevedra,47
3141,Aránzazu Mancebo Navarro,zllabres@example.net,Jaén,52
3142,Bernarda del Benitez,ufigueroa@example.com,Melilla,35
3143,Francisco Plana Morante,ramon65@example.org,Soria,72
3144,Jimena del Marín,begona27@example.com,Alicante,67
3145,Toribio Vera Fonseca,martin43@example.org,Ceuta,78
3146,Eli Romeu Alsina,djimenez@example.org,Zamora,72
3147,Melchor Manso Gálvez,pujolguadalupe@example.org,Toledo,19
3148,Faustino Alberto Santamaria,lucioiniesta@example.com,Barcelona,44
3149,Jose Carlos Landa Nicolás,jordipulido@example.net,Sevilla,39
3150,Sebastian del Campos,qblanco@example.org,Vizcaya,34
3151,Augusto Francisco Jose Mercader Villena,eduvives@example.net,Baleares,32
3152,Hugo Puga Molins,prudencio56@example.net,Ciudad,50
3153,Omar Mata Fuentes,borrassevero@example.net,Pontevedra,77
3154,Emiliano Andreu-Palma,amandopuga@example.com,Granada,78
3155,Sandalio de Vargas,ucarmona@example.org,Burgos,40
3156,Clementina Avilés Duarte,palmira26@example.com,Las Palmas,42
3157,Teófilo Espinosa Verdugo,aliagaileana@example.net,Zamora,50
3158,Victor Tomé Gálvez,eloisasalinas@example.net,Zaragoza,51
3159,Celso Mur-Gimenez,maria-carmenferrero@example.org,León,54
3160,Aroa Manu Ayllón Ariño,genovevaleiva@example.com,Tarragona,23
3161,Chelo Haro Porta,murciaalbina@example.org,Jaén,44
3162,Jonatan Verdejo Santamaria,flora11@example.com,Barcelona,75
3163,Pía del Borrego,pio60@example.org,Álava,71
3164,Américo Bernal-Pintor,mirandabelen@example.net,Las Palmas,69
3165,Joel Peiró Luque,valentinabarrio@example.org,Granada,65
3166,Hilario Diaz Rosselló,jmorante@example.com,Ourense,52
3167,Hernán Pinto Palomares,galanhoracio@example.net,Ávila,23
3168,Edgardo Silva Coca,kroldan@example.net,Madrid,43
3169,María Cobos,ksans@example.net,Álava,49
3170,Ignacia Serra,eustaquiotormo@example.net,Valladolid,23
3171,Candelario Uriarte Perelló,martiriobolanos@example.net,Cáceres,66
3172,Cayetana Puerta Arranz,terecalderon@example.org,Pontevedra,49
3173,Gilberto Marciano Paniagua Gutierrez,alvarodiego@example.com,Cuenca,43
3174,Concha Saavedra-Valdés,ldiaz@example.com,Murcia,42
3175,Bartolomé Piñeiro Cid,woliveras@example.com,Valencia,75
3176,Guadalupe Gallart Bernal,julio44@example.net,Cádiz,41
3177,Teresita Ochoa Fajardo,duqueflavio@example.org,Valencia,79
3178,Tere Blasco Figuerola,zdiez@example.org,Huesca,49
3179,Benita del Nogués,spena@example.com,Huelva,53
3180,Azahara Olivera Pedrero,hipolito09@example.com,Huesca,66
3181,Luis Juliá Torralba,maximianocosta@example.com,Soria,65
3182,Gastón Fermín Folch García,estefaniamateo@example.net,Sevilla,41
3183,Trinidad del Polo,ubernal@example.com,Castellón,75
3184,Alma Talavera Viñas,rodrigo46@example.net,Barcelona,68
3185,Marita Casal Armengol,juan-manuelagustin@example.com,Cádiz,62
3186,Diana Casares Huerta,benitotadeo@example.com,Ciudad,46
3187,Martina Nuñez-Rey,sandra13@example.org,Zaragoza,48
3188,Severiano Quintanilla-Tovar,victoriano70@example.com,Toledo,76
3189,América Sacristán,maxizamora@example.com,Cáceres,50
3190,Moreno Rodríguez-Seguí,tripoll@example.net,Murcia,75
3191,Pascual Cazorla Sanmartín,berta69@example.com,Teruel,65
3192,Xavier Rosado Conde,nblazquez@example.com,Guipúzcoa,56
3193,Nayara Sebastián Gámez,cebrianandrade@example.com,Cáceres,76
3194,Pedro Torrent Valle,itome@example.com,Tarragona,31
3195,Isaac Ponce Crespo,pombogabriela@example.net,Valladolid,47
3196,Bárbara Clavero Zamorano,valerioalvarado@example.net,Lleida,34
3197,Marcela Naranjo Badía,nbarrio@example.org,Córdoba,18
3198,Emelina Frías Segura,maria-doloresprat@example.net,Las Palmas,49
3199,Salud Calatayud Boix,ariel12@example.org,La Rioja,64
3200,Toribio Carrillo Escalona,valentinasevilla@example.org,Huelva,20
3201,María Carmen Rivero Sevillano,melanianavarrete@example.net,Barcelona,71
3202,Eutimio Lara Agustí,imorell@example.com,Navarra,54
3203,Luis Ángel Aguilera Ortuño,pgual@example.net,Huesca,73
3204,Buenaventura Galiano Carnero,luisnadia@example.org,La Rioja,36
3205,Anastasio Ródenas-Atienza,ksaenz@example.com,Lugo,68
3206,Conrado Meléndez Arévalo,goicoecheacristina@example.com,Cáceres,74
3207,Ximena Victoria Tirado Espejo,toni87@example.com,Segovia,52
3208,Sandalio Nacho Frutos Mas,hermenegildozamora@example.net,Valencia,57
3209,Asdrubal Luján Baena,abigailcompany@example.com,Ávila,27
3210,Encarnacion Jiménez Guillen,bartolome75@example.net,Melilla,20
3211,Natanael Olivares Bauzà,valderramaepifanio@example.org,Ávila,62
3212,Efraín Fuertes Pablo,gomisdulce@example.com,Pontevedra,71
3213,Estrella del Peñalver,iros@example.com,La Rioja,50
3214,Rosenda Riera,selena40@example.com,Lleida,48
3215,Gema Alegria,cruz89@example.org,Burgos,51
3216,Asdrubal Ortuño Heredia,linaribes@example.net,León,42
3217,Emperatriz Escribano Berrocal,rodrigo57@example.org,Navarra,70
3218,Juan Piquer Ibarra,grasmontserrat@example.org,Sevilla,66
3219,César Colomer Miranda,wtudela@example.net,Vizcaya,41
3220,Emiliano Cabrera Escalona,montserrat48@example.org,Palencia,30
3221,Pepita Alsina Carrasco,felipemedina@example.org,Melilla,32
3222,Teodoro Olmedo Solé,bjorda@example.org,Madrid,64
3223,Osvaldo del Blázquez,nicodemocaro@example.com,Palencia,21
3224,Sara Cantón,ngallart@example.org,Barcelona,18
3225,Osvaldo Arroyo Galindo,german56@example.org,Madrid,76
3226,Noé Urbano Padilla Plana,vleiva@example.com,Guipúzcoa,50
3227,Basilio Recio Peiró,magdalena65@example.org,La Rioja,46
3228,Evangelina Lobato-Fernandez,florencio73@example.net,Castellón,25
3229,Casemiro Varela Serna,kblanco@example.net,Ciudad,55
3230,Roberta Barbero Almazán,gerardolarrea@example.org,León,71
3231,Candela Acevedo Serra,jalemany@example.com,La Rioja,67
3232,Soledad Escalona Figuerola,rufino53@example.net,Badajoz,69
3233,Clemente Gonzalez Pavón,roperoleire@example.org,Jaén,70
3234,Fabio Arribas Álamo,svalentin@example.net,Castellón,20
3235,Rosenda Campo Cabañas,dmulet@example.com,Huelva,65
3236,Angelino de Serna,krebollo@example.net,Pontevedra,34
3237,Heliodoro Núñez-Sureda,escribanoeva-maria@example.org,Ávila,52
3238,Ceferino Jover,ablanco@example.com,Madrid,48
3239,Febe Suárez Carvajal,egalvan@example.com,León,52
3240,Anselmo Iriarte Rosselló,orebollo@example.com,Zamora,32
3241,Nicolás Bejarano Redondo,chucho10@example.net,Huesca,18
3242,Georgina Brígida Matas Valcárcel,roquepujol@example.com,Murcia,62
3243,Matilde Becerra Pedro,iniguezamada@example.net,Vizcaya,78
3244,Noé de Amor,qpazos@example.net,Badajoz,71
3245,Felipe Sevillano Moliner,clementinagomez@example.org,Cantabria,38
3246,Fidela Estévez Toro,albina98@example.net,Lugo,48
3247,Albino del Quintero,prueda@example.org,Baleares,30
3248,Leopoldo Rivero Farré,felix31@example.net,Cáceres,66
3249,Ani Cuéllar Amaya,noeferreras@example.net,Castellón,23
3250,Trinidad Menendez Romeu,umorante@example.net,Las Palmas,26
3251,Quique Nogueira Iriarte,gertrudis09@example.com,Toledo,68
3252,María Luisa Morante Agustín,atiliopinedo@example.com,Lleida,72
3253,Leocadio Jódar Rocamora,emilianogarate@example.org,Ciudad,48
3254,Pascual Macías Luz,bonillajordana@example.net,Almería,60
3255,Adán Ramos Amaya,manueltolosa@example.com,Baleares,24
3256,Tito Valcárcel Sarabia,tomasmoreno@example.net,Castellón,43
3257,Isidora Miguel-Leiva,joverfelicia@example.com,Ceuta,44
3258,Tecla Roig Pujadas,haydee12@example.org,Palencia,46
3259,Cornelio Norberto Pedro Barbero,rubencoca@example.net,Jaén,62
3260,Estrella Alcázar,yvalentin@example.com,Lleida,64
3261,Angélica Soto España,ualcolea@example.com,Ávila,62
3262,Manuelita Sainz,lorenamesa@example.com,Vizcaya,43
3263,Gustavo Rocamora Tejada,jcaparros@example.net,Cuenca,65
3264,Quirino Moya-Vargas,tovarapolonia@example.org,Almería,63
3265,Carmela Pazos Arco,jenaroiniesta@example.com,Ourense,73
3266,Dolores Acuña Lamas,barbara61@example.com,Toledo,28
3267,Elodia Doménech Verdugo,zabalaandrea@example.com,Guipúzcoa,54
3268,Teófilo Mendizábal Herranz,wprat@example.org,Zamora,57
3269,Purificación Casanova Sureda,ulisescampoy@example.net,Burgos,29
3270,Tecla del Moles,bayonaclarisa@example.net,Salamanca,27
3271,Aura de Roldan,agimenez@example.com,Ávila,44
3272,Maricruz Pujol Silva,jbriones@example.net,Guipúzcoa,60
3273,Manu Font Terrón,juan-manuel82@example.com,Salamanca,74
3274,José Manuel Losada-Morcillo,sergiolosa@example.org,Guipúzcoa,38
3275,Azahara Galindo Ballesteros,marcossandoval@example.org,Teruel,49
3276,Francisco Javier Cleto Gilabert Alarcón,primitivadominguez@example.net,Baleares,79
3277,Glauco de Vega,epalmer@example.com,Ciudad,68
3278,Teobaldo Amores Corral,espanolariel@example.org,Lleida,19
3279,Edgardo Sancho Múñiz,dgimenez@example.org,Cádiz,72
3280,Marco Valverde Merino,marcosabas@example.com,Zamora,52
3281,Fausto Escudero,candida53@example.net,Cádiz,40
3282,Guillermo Narváez Herranz,landaomar@example.com,Granada,48
3283,Lucía Pascuala Núñez Bermejo,spinilla@example.org,Teruel,38
3284,Ainoa Mayoral Benet,ingridzabala@example.net,León,41
3285,Loreto de Olivares,alebarcelo@example.net,Álava,29
3286,Faustino Camacho Menendez,anselmovillalba@example.com,Badajoz,35
3287,Olga Belmonte Salvà,peiroedmundo@example.net,Toledo,52
3288,Ainara del Jimenez,hervascustodio@example.net,Soria,21
3289,Jordi del Alfaro,navasprudencio@example.org,Asturias,37
3290,Sebastian Giralt,victorgomez@example.org,Granada,33
3291,Amanda de Cabanillas,armidaabellan@example.org,Cáceres,34
3292,Elpidio Calatayud Escudero,gamezfito@example.net,Madrid,34
3293,Inés Andrade Melero,casareschema@example.com,Soria,70
3294,Agapito Lillo Morera,benitabayo@example.com,La Coruña,53
3295,Félix Quesada-Cabeza,mansonarciso@example.net,Madrid,28
3296,Matías Manzanares Moliner,cardonamaxima@example.org,Huelva,44
3297,Reyes Pla Mendez,ufigueroa@example.net,Asturias,77
3298,Marcial Donoso Martorell,oliverateofila@example.com,Santa Cruz de Tenerife,33
3299,Elodia Padilla Casares,cuervogustavo@example.org,Baleares,34
3300,María Manuela Iniesta Lledó,nblazquez@example.net,Granada,65
3301,Enrique Méndez Ochoa,gisbertricardo@example.org,Ciudad,26
3302,Hugo Heraclio Roma Castro,variza@example.net,Cádiz,74
3303,Albina Ribas Juliá,salcolea@example.net,Jaén,47
3304,Dimas Pont Navas,jordan67@example.com,Lleida,34
3305,Maximiano de Badía,sgil@example.org,Teruel,79
3306,Sara Alcalde Yuste,lorenzagonzalo@example.net,Guadalajara,32
3307,Efraín Pereira Giménez,dfuertes@example.net,Murcia,39
3308,Casemiro Bustamante Pinilla,leonporfirio@example.org,La Rioja,22
3309,Bernardo Camino-Alcántara,danquintero@example.com,Madrid,37
3310,Nacho Serrano Vera,nuria41@example.net,León,62
3311,María Ángeles Villar Ramis,qgomez@example.com,Segovia,48
3312,Epifanio de Nevado,qcomas@example.com,Santa Cruz de Tenerife,21
3313,Teodoro Álvarez Piñeiro,armidapuig@example.com,Baleares,50
3314,Amado Amigó Canales,estelavera@example.net,Tarragona,54
3315,Miguel de Tovar,tgracia@example.org,Valladolid,72
3316,Malena Toledo Corral,jgalan@example.com,Salamanca,62
3317,Pastora Millán Catalán,hernandovalencia@example.net,Madrid,35
3318,Elisabet Ferrán Rivera,gpalau@example.org,La Coruña,54
3319,Leonel Casal Bayona,diana53@example.com,Cuenca,31
3320,Jafet Asensio,kferrando@example.org,Zaragoza,35
3321,Julie Calleja Perera,qvicens@example.com,Cádiz,60
3322,Maximino Ocaña Morales,oparejo@example.com,Valladolid,24
3323,Juan José Sancho Morán,qlerma@example.net,Ciudad,38
3324,Jaime del Mena,valentina11@example.org,Badajoz,51
3325,Leonel Sevillano Cárdenas,barraganale@example.net,Jaén,24
3326,Candelas Guijarro,serafinafrias@example.net,Huesca,67
3327,Jose Francisco Alcaraz Tejero,larana@example.org,Cantabria,56
3328,Dani Bas Aranda,asuncion75@example.net,Álava,56
3329,Soledad Pulido Navarrete,fnicolas@example.net,Ávila,56
3330,Luís Albino Vizcaíno Martinez,gabriel20@example.net,Málaga,32
3331,Toño Amat-Alarcón,moraambrosio@example.net,Barcelona,30
3332,Pilar Calatayud Roldan,azahara06@example.org,Zaragoza,74
3333,Estrella Castells-Caro,imoya@example.com,Soria,62
3334,Manuela Lozano Vilar,albano00@example.net,León,20
3335,Obdulia Ibañez Suárez,javi75@example.net,Málaga,34
3336,Paulina Fortuny Narváez,ftirado@example.com,Sevilla,59
3337,Lisandro Palacios Plana,rodolfo90@example.net,Cádiz,73
3338,Matías Isidro Angulo Vidal,jose-miguel32@example.com,Teruel,66
3339,Máxima Verdejo Oller,jesusanavarro@example.net,Valencia,28
3340,Augusto Bustamante Martí,bauzaana@example.com,La Rioja,19
3341,Pacífica Morcillo,granadosariel@example.org,Jaén,25
3342,Maximino del Varela,gomilagabino@example.com,Sevilla,65
3343,Melisa Tolosa,joseegea@example.com,Madrid,37
3344,Nélida del Bru,salaroldan@example.com,Guadalajara,59
3345,Máxima Lara Llano Martin,victoriacorrea@example.org,Alicante,80
3346,Lupe Espinosa Ayala,atudela@example.com,Guipúzcoa,34
3347,Abilio Lalo Porras Burgos,hilario05@example.com,Castellón,32
3348,Prudencia del Tomas,ccastillo@example.com,Guipúzcoa,22
3349,Inmaculada Garzón,edelmira87@example.net,Sevilla,80
3350,Gracia Benavides Cobos,hmulet@example.net,Palencia,39
3351,Felipa Canales Jáuregui,juan-carlos94@example.com,Álava,61
3352,Jorge Caro,kduarte@example.net,Jaén,60
3353,Pelayo Almansa Quintanilla,leonursula@example.org,Córdoba,35
3354,Nacho Lozano Llabrés,arseniotalavera@example.com,Castellón,60
3355,Anselma Evelia Collado Marqués,benito13@example.net,Burgos,77
3356,Gabino Frutos Ochoa,paola64@example.com,Asturias,59
3357,Valentín Pazos Haro,perla47@example.net,Toledo,45
3358,Andrea Macías Amores,mandreu@example.org,Granada,44
3359,Inmaculada Samper Corbacho,pmoliner@example.net,Navarra,64
3360,Ximena de Sacristán,emigdiobartolome@example.net,Jaén,46
3361,Paco Barrena Nicolás,rcortina@example.net,Badajoz,37
3362,Demetrio José Manuel Font Rocamora,cayetanagimenez@example.net,Melilla,27
3363,Evangelina Valle Rodrigo,qreina@example.net,Palencia,66
3364,Severiano Esteban Pera,reina72@example.net,Baleares,51
3365,Cándida Gisela Franco Agudo,guitartariel@example.net,La Rioja,24
3366,Ariadna Marcos Barros,somozaencarnacion@example.org,Navarra,34
3367,Manolo Cuervo Planas,leoncio14@example.net,Navarra,32
3368,Sarita Rey-Viñas,jose-antonio19@example.org,Las Palmas,52
3369,Jesús Leiva-Fuente,carreraponcio@example.net,La Coruña,26
3370,Pili Galindo-Montaña,gabrielacarreno@example.net,Álava,78
3371,Custodia Cuenca Larrea,amanda85@example.net,Ourense,64
3372,Renato Tur Duran,melisa66@example.com,Huelva,19
3373,Domitila Machado Blazquez,benjaminesteban@example.com,Albacete,39
3374,Elena Batalla Cortina,noealsina@example.com,Girona,72
3375,Lorenzo Mate Villegas,seveesteve@example.org,Las Palmas,24
3376,Dulce Gutiérrez Bustos,climacovallejo@example.com,Santa Cruz de Tenerife,51
3377,Inocencio Páez Vilar,amorjosefa@example.com,Pontevedra,42
3378,Benjamín Sierra Manso,emelinatormo@example.org,Málaga,53
3379,Gertrudis Salmerón Gisbert,iripoll@example.org,Guipúzcoa,71
3380,Tomás Garzón,roberto28@example.com,Girona,52
3381,Dorita Ferrando Cardona,brionesalejandro@example.com,Málaga,41
3382,Anselma Vall Carro,landres@example.com,Tarragona,78
3383,Imelda Narcisa Echevarría Tejera,salasamerico@example.com,Cantabria,66
3384,Iris Herrero Serna,blanca04@example.com,Málaga,54
3385,Epifanio Tur-Saura,martinezvidal@example.org,Baleares,69
3386,Amparo Sancho Gargallo,dionisio38@example.org,La Rioja,23
3387,Lola del Alemán,dgoni@example.com,Ceuta,32
3388,Valerio Galvez Garcia,peinadojavier@example.org,Las Palmas,79
3389,Amancio Sedano Cid,smarin@example.net,Salamanca,48
3390,Osvaldo Alsina-Borrell,silvio71@example.com,Las Palmas,31
3391,Ámbar Báez Castellanos,toledoencarnita@example.org,Toledo,58
3392,María José Aragón Valero,angelcristian@example.org,Segovia,29
3393,Isidora Benavides Montenegro,ncasanovas@example.net,Salamanca,62
3394,María Del Carmen Cervera Echevarría,fcastellanos@example.org,Murcia,30
3395,Dafne Aramburu Rodríguez,yrius@example.net,Tarragona,72
3396,Rosalinda Santamaria Santamaria,lasasantos@example.org,Burgos,24
3397,Aura Vera Osuna,gastoncarro@example.com,Zamora,80
3398,Felicidad Montaña Aguado,ksanchez@example.com,Salamanca,56
3399,Perla de Pomares,soraya57@example.net,Jaén,35
3400,Jenaro Alfonso-Soriano,candelasalegria@example.net,Soria,39
3401,Fortunata Yáñez Royo,castroobdulia@example.net,La Rioja,59
3402,Obdulia Duarte Aznar,lgoicoechea@example.com,Vizcaya,54
3403,Francisco Javier Salinas Gutierrez,ufiguerola@example.net,Málaga,29
3404,Edgardo Ricart Tolosa,jcasanovas@example.com,Castellón,27
3405,Adora Escribano,vvigil@example.com,Almería,28
3406,Xavier Mariño-Espinosa,qfuster@example.com,Murcia,51
3407,Quique del Peinado,rariza@example.net,Córdoba,57
3408,Eutimio Cornejo Barón,calixtosureda@example.net,Almería,40
3409,Marisela Jaén Daza,maria-cristina90@example.com,Córdoba,35
3410,Ariel Barrera Vélez,jhigueras@example.org,Lleida,50
3411,Aurelia Arranz Mate,tudelavictorino@example.org,Baleares,46
3412,Elena Calzada Plana,tomasbegona@example.net,Madrid,47
3413,Héctor Pombo Nadal,fabianagelabert@example.com,Guadalajara,44
3414,Ale Pablo Camacho,barceloperla@example.org,Vizcaya,63
3415,Etelvina Vall Miguel,jimenezleonel@example.net,Cantabria,25
3416,Diego Carro Alfonso,jose-manuel50@example.net,Asturias,39
3417,Eloy Parra Jáuregui,amanda93@example.org,Segovia,39
3418,Donato Figuerola,phierro@example.net,Álava,22
3419,Lupe Maza,alamograciana@example.org,Ciudad,18
3420,Cruz de Paz,juliana03@example.com,Ciudad,42
3421,Quirino Borja Echevarría Bastida,hcasado@example.com,Navarra,43
3422,Apolonia Berrocal Barreda,hildamorcillo@example.org,Palencia,37
3423,Olalla Vaquero-Lastra,eliasescobar@example.com,Córdoba,29
3424,Agustín Arcos Catalá,maldonadonatividad@example.net,Valladolid,39
3425,Remigio Roca-Bilbao,celsomacias@example.org,Cáceres,38
3426,Yéssica Fernandez Romero,arinoplacido@example.com,La Rioja,54
3427,Nadia Avilés,garcesoctavio@example.org,Lleida,39
3428,Ciriaco Santamaría Corbacho,abigail97@example.org,Cantabria,50
3429,Josué del Martin,agapito18@example.org,Cáceres,68
3430,Eufemia Donoso,nereidacastello@example.net,Lugo,43
3431,Gaspar Cabeza Gargallo,bartolomeisern@example.net,León,62
3432,Alba Zamorano Mas,casaresmilagros@example.net,Valladolid,74
3433,Mireia Parejo Zapata,grauremedios@example.net,Madrid,40
3434,Marcelo Aguilera Sola,macariobalaguer@example.net,Segovia,55
3435,Américo Pedro Ramón Juliá,ileana86@example.org,Lugo,20
3436,Concha Canals-Morell,lupegoicoechea@example.org,Málaga,32
3437,Aristides Rios,ibermudez@example.com,Barcelona,63
3438,Rosa del Ramirez,pepe29@example.net,Zamora,61
3439,Alonso Ibañez Recio,larranagaapolonia@example.org,Santa Cruz de Tenerife,61
3440,Lara Alberdi Palacio,plucena@example.com,Burgos,33
3441,Martina Tomás Cortes,gsalva@example.net,Murcia,48
3442,Salud Lozano-Morcillo,bustamantetono@example.org,Álava,49
3443,Cornelio Raya,felipecampo@example.org,Huelva,79
3444,Benigno Rodríguez Haro,chelonoriega@example.net,Asturias,74
3445,Marciano Muro Ojeda,cristianmosquera@example.org,Asturias,79
3446,Ámbar del Torrens,porcelpancho@example.com,Toledo,63
3447,Fermín Tena Díaz,smoran@example.net,Cádiz,26
3448,Alondra Rincón Vives,aaronolmedo@example.org,León,20
3449,María Pilar Castro Antón,laranda@example.org,Ávila,70
3450,Florencia Iglesia,galvanjacinta@example.com,Cáceres,25
3451,Marino Ramis,rtejedor@example.com,Burgos,35
3452,Kike Gabaldón Fabra,joelbou@example.org,Tarragona,27
3453,Vito Cuervo Rivera,vergarajuan-francisco@example.net,Cádiz,55
3454,Onofre Reina-Cobo,dario19@example.net,Baleares,48
3455,Jose Antonio Fabregat Osorio,groda@example.com,Lugo,39
3456,Tito de Balaguer,yhervas@example.net,Granada,63
3457,Daniel Niño Arranz,qrequena@example.com,Alicante,23
3458,Aurora Viana Arce,regueraamerica@example.com,Salamanca,59
3459,Azucena Adelina Domínguez Salazar,teruelsandra@example.net,La Rioja,55
3460,Herminia Gibert Piquer,pdavila@example.com,Castellón,40
3461,Anselma Bellido-Cisneros,ehernandez@example.net,Murcia,21
3462,Lola Cantón Segovia,purificacionreal@example.org,Toledo,73
3463,Carmina Montes Palomares,guiomarmartinez@example.net,Pontevedra,52
3464,Marcial Royo Lopez,eleuterio33@example.net,Girona,36
3465,Ezequiel Albert Pujadas Sedano,jizquierdo@example.com,Melilla,31
3466,Macario Abril Nevado,remedios90@example.net,Burgos,80
3467,Eugenio Pascual Valdés,pallaresjuan-bautista@example.net,Zamora,46
3468,Hugo Lillo Aparicio,mamen59@example.com,Murcia,73
3469,Albano de Tomas,gustavo32@example.org,Cáceres,53
3470,Juliana Serna Pozo,dorita04@example.com,Granada,46
3471,Carmina Mancebo-Osorio,oliverasnarcisa@example.com,Baleares,24
3472,Jorge Rolando Sales Navarro,jose-luis31@example.org,Cuenca,66
3473,Aníbal Salamanca,adelaidabonet@example.org,Ciudad,45
3474,Marcial Barrera Bayona,hvillanueva@example.com,Almería,36
3475,Angelita Carrillo Blasco,qgaliano@example.com,Almería,76
3476,Quique Murillo Perez,parrafortunata@example.org,Soria,59
3477,Fermín Cano-Fuentes,santiagocampoy@example.com,Almería,64
3478,Olga Armas,encarnacion78@example.org,León,61
3479,Anastasia Salgado Codina,xmunoz@example.org,Zamora,79
3480,Tiburcio Morata-Bellido,daliaga@example.com,Santa Cruz de Tenerife,61
3481,Clotilde Soria Torralba,maloelena@example.org,Girona,53
3482,Olga Arias Vargas,luciano57@example.net,Segovia,44
3483,Lorena Ariza Cifuentes,eutimiosantamaria@example.com,Vizcaya,61
3484,Rodolfo Pinedo Chico,juan-carlosmendez@example.net,Granada,64
3485,Eloy Tur,clarisa51@example.net,Valladolid,57
3486,Maura Alfonso,cerveranoa@example.org,Valladolid,53
3487,Paloma Llabrés Milla,nando73@example.org,Málaga,45
3488,Federico Bustamante,hpriego@example.com,Huelva,47
3489,Tristán Guardia,ciriacolobo@example.net,Cádiz,74
3490,Rita Estévez Alcázar,cabezasmaria-fernanda@example.com,Cantabria,49
3491,Lucila José Becerra Valenzuela,maria-manuelaavila@example.org,Valladolid,75
3492,Custodia Lucena Beltran,malena61@example.com,Almería,79
3493,Máximo Valenciano Sabater,riverajulia@example.com,Castellón,38
3494,Vera Pera Grande,mayolursula@example.com,La Coruña,74
3495,Jose Díez Sanchez,zaidaquintero@example.net,Zamora,44
3496,Ema Uriarte Téllez,castellanosabilio@example.net,Lugo,38
3497,Luis Losada Adán,gonzalezlope@example.net,Segovia,39
3498,Aroa Delgado,lagorosario@example.com,Segovia,34
3499,Victor Nazaret Roldan Campillo,olimpia17@example.org,Barcelona,44
3500,Trini Gargallo-Reina,gsola@example.org,Zamora,63
3501,Julián Páez,quiqueparejo@example.org,Álava,29
3502,David Darío Canals Cerezo,cabezamontserrat@example.org,Guipúzcoa,29
3503,Emma Fábregas,ptorralba@example.net,Albacete,36
3504,Irma Morillo Cadenas,lucio99@example.org,Zaragoza,69
3505,Micaela Dominguez Galván,obenitez@example.net,Álava,35
3506,Ester Ramón-Chaves,dulcecarranza@example.net,Melilla,18
3507,Norberto Sandoval Alegre,micaela58@example.com,Jaén,43
3508,Roberto Tapia-Alcaraz,arebollo@example.net,Baleares,48
3509,Margarita Leiva Cervera,ogual@example.com,Álava,46
3510,Isabela Abellán Francisco,lortiz@example.net,León,61
3511,Pepita Saavedra,acerodonato@example.org,Madrid,21
3512,Jacobo Casal Rocamora,teo05@example.org,Madrid,31
3513,Jennifer Berta Miralles Villalobos,alonso50@example.net,Baleares,18
3514,Teodora Ariza Laguna,alberonidia@example.net,Málaga,74
3515,Ágata Palomo-Clemente,verdejociro@example.org,Teruel,49
3516,Miguela Montesinos-Figuerola,vferrero@example.org,Murcia,56
3517,Angélica Sanmiguel Cerro,oliviasaez@example.net,Santa Cruz de Tenerife,19
3518,Amílcar Bermúdez Borrell,yfrias@example.net,Granada,43
3519,Amor de Arcos,jonatan98@example.com,Tarragona,39
3520,Néstor Hernández Llanos,jordan47@example.org,Valencia,34
3521,Rufino Josep Casas Tomé,villenafausto@example.net,Álava,77
3522,Cruz de Conde,lcervera@example.com,Badajoz,48
3523,Marc Arnal Hernandez,edelmiro45@example.com,La Coruña,63
3524,Juan Francisco Bayo Crespo,brigida99@example.org,Zaragoza,71
3525,Pablo Vives Ponce,iaguilo@example.org,Santa Cruz de Tenerife,41
3526,Rosario del Rosselló,ambrosio54@example.com,Málaga,33
3527,Dorotea Rojas Alvarado,solanacasandra@example.org,Lugo,50
3528,Adela Manuel Sierra,iegea@example.com,Santa Cruz de Tenerife,62
3529,Berto Vendrell Vall,leon26@example.com,Segovia,66
3530,Rosalinda Cañete Quintero,cvalles@example.com,Teruel,19
3531,Raúl Somoza,rarana@example.net,Zamora,25
3532,Matilde Baños Arce,ernesto01@example.net,Palencia,68
3533,Gala Nieves Solera Maza,salamanuel@example.net,Cádiz,60
3534,Calista Sanz Mesa,farmas@example.org,Almería,42
3535,Azeneth Roda,ebelda@example.com,Santa Cruz de Tenerife,26
3536,Albino Méndez Abascal,rlerma@example.org,Ceuta,79
3537,Marco Eduardo Mateo Reyes,rodolfobarbera@example.net,Teruel,78
3538,Alejandra Benavent Paredes,domitila93@example.net,León,55
3539,Rosaura Palomares Figueras,tatiana06@example.org,Girona,64
3540,Adriana Marcos Camino,victor-manuelelias@example.net,Zamora,55
3541,Juliana Cabrera Duque,costaligia@example.net,Salamanca,42
3542,Emma Arranz Mascaró,constanza52@example.net,Huelva,53
3543,Óscar Villalonga Bertrán,ambrosio68@example.net,Guadalajara,77
3544,Natanael Cañete Bueno,ofeliaarrieta@example.com,Córdoba,77
3545,Mercedes del Carreño,sebastianciriaco@example.org,Guadalajara,55
3546,Ismael del Gonzalo,joanvilla@example.org,Alicante,65
3547,Belén Vilanova Luque,ttellez@example.org,Asturias,45
3548,Paola de Carbó,teofilo63@example.net,Asturias,25
3549,Isaura Escolano Sebastián,talmansa@example.net,Asturias,56
3550,Ximena Iglesias-Ochoa,salcedojosefa@example.com,Albacete,40
3551,Felicidad del Morales,guadalupesanmartin@example.net,La Coruña,52
3552,Abigaíl del Madrigal,marcelo15@example.com,Pontevedra,31
3553,Isidro del Melero,ariel82@example.org,Guipúzcoa,61
3554,Josefina Sáez Viña,iniestajuan-manuel@example.com,Salamanca,72
3555,Bautista Bou Tur,ezequielcorominas@example.com,Salamanca,19
3556,Marisa Paz Torrens,leonamor@example.net,Huelva,34
3557,Onofre del Arteaga,qhervas@example.org,Lugo,21
3558,Benigna del Torre,amandoayala@example.com,Cuenca,52
3559,Viviana Rebollo Canals,lupitacabezas@example.org,Santa Cruz de Tenerife,76
3560,Cloe Rosell Amores,fernandopujadas@example.com,Guipúzcoa,52
3561,Seve Carreño-Alvarado,cduenas@example.com,Albacete,44
3562,Ciríaco Aguiló Pareja,claudio02@example.org,Cáceres,36
3563,Pascuala Canals Quintanilla,gutierrezcruz@example.com,Alicante,67
3564,Josep Osvaldo Sarmiento Otero,irisarmengol@example.com,La Rioja,42
3565,Yésica Barranco-Zabala,mayoralmauricio@example.org,Las Palmas,66
3566,Victoria Miralles Domingo,lllorente@example.org,Salamanca,55
3567,Amor Porras Fábregas,pcrespi@example.com,La Coruña,71
3568,Eva Román Garrido,ciriaco78@example.org,Navarra,25
3569,Odalis Alcántara Bermejo,lamador@example.com,Zaragoza,73
3570,Cruz Guardiola-Aguirre,simonpalomares@example.net,Valencia,37
3571,Alonso del Almeida,jose-mari76@example.org,Salamanca,51
3572,Encarnita Benita Sanmartín Gimeno,fmata@example.net,Huesca,77
3573,José Neira Portillo,imelda79@example.com,Toledo,42
3574,Casemiro Castillo Lamas,nadia13@example.org,Burgos,37
3575,Charo Losa,carmelitamontes@example.net,Zamora,28
3576,Judith Pinto-Girona,eloyduque@example.com,Ourense,28
3577,Gala Roda Mínguez,morenocuellar@example.net,Zaragoza,68
3578,Jafet Plana-Valbuena,carlos73@example.com,Girona,65
3579,Jesús Pardo-Raya,baudelio75@example.net,Toledo,69
3580,Ileana Campoy Sanmiguel,pacacueto@example.com,Murcia,61
3581,Manu Lloret Quiroga,cristian16@example.net,La Rioja,27
3582,Jose Angel Agustí Abellán,linaochoa@example.net,Teruel,22
3583,Bernardita Peral,bernadamado@example.com,Lleida,25
3584,Albino Amat-Cases,maribel10@example.org,Navarra,24
3585,Milagros Llopis Roma,soliseliana@example.org,Santa Cruz de Tenerife,57
3586,Alex Perea Moles,lcoca@example.com,Valencia,77
3587,Fabiana Larrañaga Salcedo,brueulalia@example.org,Barcelona,48
3588,Genoveva Belen Aranda Alemán,valleadelina@example.org,Ceuta,33
3589,Reinaldo Moles,esmeraldaarco@example.com,Tarragona,42
3590,Lucila Palma Pi,lujanmanu@example.com,Baleares,58
3591,Cirino Pedro Rivas,petrona63@example.org,Granada,71
3592,Jose Ramón Montoya Boix,fulgencio24@example.net,Asturias,56
3593,Elodia Escribano Vallejo,melchorcaparros@example.net,Ceuta,72
3594,Emma Español Meléndez,etejera@example.com,Cáceres,49
3595,Calixto Amor Ricart Lobo,mbenitez@example.net,Melilla,24
3596,Mohamed Perelló Esparza,angelicanadal@example.net,Guadalajara,19
3597,Concepción Ayuso-Villanueva,roquepedrosa@example.org,Zaragoza,67
3598,Ricardo Saavedra Lozano,severianoduran@example.com,Baleares,49
3599,Óscar Gómez,juanitogaliano@example.net,Málaga,62
3600,Jerónimo Salazar Benavent,paola26@example.net,Baleares,58
3601,Amador Serra Espejo,cgual@example.com,Guipúzcoa,27
3602,Flora Arnau-Izaguirre,fortunytoribio@example.com,Melilla,21
3603,Germán Ariño-Araujo,pratslucia@example.net,Ourense,36
3604,Marino Carrasco Villegas,pacacerro@example.com,Granada,44
3605,Juan Luis Ródenas Segovia,talaveragonzalo@example.com,Alicante,49
3606,Paulino Fuentes,lisandro30@example.com,Segovia,28
3607,Jose Carlos Gárate Vega,ripolldesiderio@example.org,Lugo,27
3608,Rosalva Nogueira Juan,iborrayaiza@example.net,Cuenca,61
3609,Guadalupe Ortuño Torrens,crosado@example.com,Zamora,75
3610,Martín Peralta,amada52@example.com,Lleida,73
3611,Luís Bartolomé Asenjo,armidasuarez@example.com,Ávila,51
3612,Nieves Campo,ponciocampo@example.net,Guipúzcoa,63
3613,Miriam Aura González Lasa,kacosta@example.net,Girona,46
3614,Sarita Frutos Saldaña,fbeltran@example.net,Huelva,23
3615,Marc del Piña,ariel47@example.org,Pontevedra,52
3616,Sabina Amor Fabra,roberta72@example.com,Guipúzcoa,25
3617,Fito Batalla Rey,sandrajaen@example.org,Baleares,33
3618,Gertrudis Mora,feijooespiridion@example.org,Valencia,35
3619,Teófila Llopis,amparojulia@example.net,Teruel,60
3620,Primitivo Aramburu Albero,veraflor@example.com,Álava,66
3621,Graciano Pelayo Cañizares,parejoclimaco@example.com,Ciudad,78
3622,María Jesús Porras Carrión,itziar23@example.com,Córdoba,55
3623,Aurelio Lucho Raya Huguet,nayararebollo@example.net,Ciudad,64
3624,Pancho Hidalgo Alcaraz,olegariocarmona@example.org,Valladolid,77
3625,Bienvenida Poza Moraleda,fnicolau@example.com,León,64
3626,María Manuela Lago-Batlle,lucianaparejo@example.com,Huelva,29
3627,Emperatriz Vicens Escrivá,marana@example.com,Burgos,22
3628,Yésica Jiménez Gelabert,albino06@example.com,Toledo,67
3629,Ulises del Chico,espiridionvillaverde@example.org,Navarra,27
3630,Jeremías Sobrino Piña,capdevilanilda@example.net,Castellón,20
3631,Iker Lopez Palomares,kalmazan@example.org,Girona,37
3632,Marta Sarabia Juliá,cristiantaboada@example.com,Álava,23
3633,Elisabet del Milla,manulillo@example.net,Girona,56
3634,Santos de Bellido,haleman@example.net,Burgos,79
3635,Rogelio Estevez Herranz,azconagalo@example.net,Álava,45
3636,Diana Carro Gargallo,alejandrolosa@example.org,Salamanca,43
3637,Febe Iriarte Elorza,teobaldo19@example.org,Baleares,66
3638,Marisela Manso Barba,riverocruz@example.net,Sevilla,55
3639,Victorino Valera Blanch,barrigareyes@example.com,Córdoba,49
3640,Severino Miguel,santiagodiaz@example.net,Valladolid,78
3641,Rocío Soler Hurtado,jbello@example.net,León,34
3642,Matías Bernad Aroca,fatima73@example.com,Zaragoza,56
3643,Eugenio Rebollo Mur,abrilcandelaria@example.com,Guipúzcoa,65
3644,Calixto Villena,sheredia@example.net,Granada,71
3645,Emigdio Gallart Campillo,elisabet06@example.org,Baleares,42
3646,Bonifacio Benet Zurita,lucianonogues@example.net,Segovia,29
3647,Chus Sevilla Montes,rosaliatellez@example.net,Huesca,56
3648,Eusebio Jara Flores,ofeliaribes@example.net,Ourense,23
3649,Judith Ramirez Salazar,barbaramorales@example.org,Tarragona,32
3650,Adalberto Blazquez Iglesia,esperanza70@example.org,Jaén,72
3651,Olimpia Carla Rosselló Pla,donatomoraleda@example.org,Cantabria,74
3652,Severino Godoy Mayo,romanmontserrat@example.com,Jaén,36
3653,Cloe Asensio Quesada,angelapatino@example.org,Alicante,39
3654,Juan Luis Mínguez-Duarte,edmundosobrino@example.org,Granada,36
3655,Margarita Gallart Tomé,cazorlacarlota@example.com,Ceuta,66
3656,Abigaíl Almeida Marcos,solanapatricio@example.org,Albacete,77
3657,Abilio Ariza Artigas,eugenio31@example.com,Jaén,71
3658,Lope Lucho Maza Blanes,pastoraegea@example.com,Segovia,47
3659,Baldomero Fabregat,jguillen@example.net,Valladolid,77
3660,Calixto Nazaret Boix Llano,dquintana@example.org,Ávila,38
3661,Florina Serrano Jordán,andresgisbert@example.org,Ceuta,73
3662,Armida Evangelina Calleja Barbero,wherrero@example.com,Huelva,54
3663,Néstor Vara Galan,salesteofilo@example.net,Lleida,31
3664,Ambrosio Pereira Vara,emigdioantunez@example.com,Valladolid,45
3665,Perla Quirós Menéndez,sedanoalbert@example.org,Zamora,76
3666,Norberto Jaume Giménez,victoria43@example.com,Lleida,28
3667,Valentina Crespo,portasergio@example.net,Cáceres,42
3668,Marisol Marisol Blanca Llabrés,marinocerdan@example.net,Sevilla,20
3669,Lucho Carbonell Grau,jimenezmaria-teresa@example.org,La Coruña,35
3670,Candela Lerma Espejo,kgalan@example.com,Ourense,34
3671,Úrsula Alvarez Pérez,tamayosantiago@example.com,Vizcaya,30
3672,Lalo de Gutiérrez,florinda72@example.com,Zaragoza,29
3673,Nadia Villaverde Soria,xbalaguer@example.com,Alicante,54
3674,Calixta Torrens Costa,antunezroman@example.com,Granada,66
3675,Esther Borrás,ncalderon@example.net,Cuenca,52
3676,Jacobo Simó Flores,amormaxi@example.net,Barcelona,48
3677,Gisela Silvia Porras Ibáñez,recioleocadio@example.org,Vizcaya,77
3678,Hernando Solís,serranodaniel@example.org,Huesca,52
3679,Esther Emma Bayona Solana,carrerasebastian@example.org,Las Palmas,79
3680,Emma Natalia Arribas Terrón,echico@example.org,Granada,70
3681,Nacio Ribes,ocanales@example.org,Guipúzcoa,68
3682,Bruno Costa Garmendia,micaeladuenas@example.org,Ciudad,33
3683,Ana Villar-Querol,nievesduque@example.com,Cáceres,45
3684,Alejandro Guzmán Nevado,obarranco@example.org,Navarra,76
3685,Leticia Valera,vpelayo@example.net,Cáceres,68
3686,Leocadia Montero Palomo,donato72@example.com,Girona,23
3687,María Carmen Palomo,czamorano@example.net,Teruel,48
3688,Alberto Ibarra-Sastre,acardenas@example.net,Guipúzcoa,79
3689,Nicolasa Tejedor Domingo,kromero@example.org,Jaén,20
3690,Azeneth Cueto Cárdenas,roperocelestino@example.com,Álava,22
3691,Rolando Aliaga,elisajuan@example.org,Málaga,60
3692,Miriam de Goicoechea,adrian94@example.org,Guipúzcoa,22
3693,Fulgencio Castrillo-Giner,iduarte@example.org,Albacete,37
3694,Angelino Correa,paula03@example.com,Huelva,70
3695,Eutropio Cornejo Pazos,deborabenet@example.org,Segovia,49
3696,Dominga Jaume,asdrubalosuna@example.net,Almería,73
3697,Gerardo Rojas Jódar,sergio57@example.net,Cantabria,28
3698,Flor Roma Larrea,corralrosalinda@example.net,Madrid,68
3699,Ale Mosquera Valdés,ponciooliveras@example.net,Ávila,34
3700,Jose Luis Cal-Zorrilla,odalys50@example.net,Girona,35
3701,Brunilda Tatiana Cánovas Fernández,pnogues@example.org,Cádiz,37
3702,Jacinto Bárcena Ribes,yaiza51@example.com,Pontevedra,52
3703,Eliseo Beltrán Querol,olivefabricio@example.com,Córdoba,53
3704,Herminia Monreal Lucas,amador77@example.com,Madrid,34
3705,Charo Pou Reina,enriqueacero@example.net,Huesca,44
3706,Evaristo Patricio Solís Montaña,rrosello@example.org,Navarra,79
3707,Irma Blanes Vallejo,dmendez@example.com,León,45
3708,Guiomar del Zorrilla,trinidadaguado@example.net,Huesca,67
3709,Anselmo Frutos Seguí,hidalgolucho@example.org,Teruel,75
3710,Marcelino Gálvez Varela,hnino@example.com,Barcelona,46
3711,Adoración de Salgado,montalbangabriela@example.com,Cantabria,54
3712,Ovidio Villalobos Arrieta,rcarrasco@example.com,Cádiz,80
3713,Jose Angel Mesa-Jordá,carlota74@example.net,Granada,31
3714,Cornelio Narciso Capdevila Puga,edmundo58@example.org,Ciudad,32
3715,María Carmen del Grande,gimenopedro@example.org,Alicante,21
3716,Tomasa Parra Meléndez,camiloaznar@example.com,Zaragoza,33
3717,Flavio del Pineda,francisco-joselluch@example.com,Segovia,23
3718,Anunciación Rios Salamanca,azahara33@example.com,La Rioja,31
3719,Esperanza Cabrero Zabaleta,manuel75@example.com,Almería,26
3720,Salomón Cañas Lobato,spedrosa@example.net,Lleida,38
3721,Calisto Sevillano Pascual,rolando13@example.net,Málaga,25
3722,Cintia Grande Conesa,yessicamanso@example.com,Almería,25
3723,Edmundo Noriega Trillo,dlanda@example.net,Málaga,59
3724,Fortunato Farré Balaguer,victor72@example.org,Lleida,35
3725,Marianela Amor Sevilla,jennifer37@example.org,Badajoz,67
3726,Adalberto Pomares Llamas,agataabascal@example.org,Ourense,48
3727,Bruno Maestre Crespo,hnino@example.org,Baleares,58
3728,Gerardo Montaña-Campillo,slara@example.com,Ávila,61
3729,Roque Salom Aznar,juliaroyo@example.com,Ávila,68
3730,Jessica Albero Leal,ana-belen59@example.org,Jaén,25
3731,Sol Guillén,alonso10@example.com,Málaga,52
3732,Carlito Lluch,upintor@example.com,La Coruña,47
3733,Sigfrido Barberá Perera,feliciapallares@example.org,Baleares,34
3734,Narcisa Rosell Río,fernandezjafet@example.net,Pontevedra,28
3735,Caridad Castañeda-Gallego,priscilablasco@example.org,Guipúzcoa,73
3736,Lupe Tamayo Diego,jose-franciscoamores@example.com,Toledo,75
3737,Alba Riba,nbenitez@example.org,Alicante,62
3738,Azeneth Cornejo Alfonso,andres64@example.net,Palencia,32
3739,Dorita Chamorro Juárez,palvarado@example.org,Granada,46
3740,Águeda Rosselló Zapata,charo10@example.org,La Rioja,18
3741,Erasmo Abellán Artigas,florentino87@example.net,Melilla,73
3742,Maximiano Sala Arroyo,lbatlle@example.org,Baleares,76
3743,Adelina Mayoral Pinto,che75@example.net,Barcelona,24
3744,Gerardo de Aguirre,penazoraida@example.com,Cantabria,39
3745,Águeda del Escribano,marquezcelia@example.net,Huesca,64
3746,Pascuala Echevarría-Mariscal,ainarapascual@example.org,Santa Cruz de Tenerife,36
3747,Reinaldo Solana Becerra,cerroregulo@example.org,Ceuta,35
3748,Beatriz Salvà Riera,fernando17@example.net,Granada,36
3749,Andrés Blazquez Vargas,torrecillasevero@example.com,Melilla,57
3750,Abril Samper Recio,gcampillo@example.org,Toledo,44
3751,Rodrigo Anaya Pedrosa,aniconde@example.com,La Rioja,66
3752,Patricia Gallo,gironolivia@example.net,Madrid,55
3753,Visitación Pinedo Moles,gregoriobru@example.com,Badajoz,19
3754,Antonio Bosch Zamora,btorrens@example.org,Baleares,36
3755,Consuela del Roselló,ceciliocano@example.net,Palencia,79
3756,Modesta Guerra,agustinleandra@example.com,Santa Cruz de Tenerife,36
3757,Jorge Anaya Sáenz,amparobarriga@example.net,Ceuta,57
3758,Andrea Ayala Aragón,rufino17@example.net,Sevilla,28
3759,Evelia Mancebo,toroazucena@example.com,Baleares,54
3760,Lourdes Grande Carrasco,matelucas@example.net,Alicante,39
3761,Mercedes Estrada Cal,zmerino@example.net,Palencia,38
3762,Carla Rafaela Chacón Naranjo,ctalavera@example.net,Zaragoza,27
3763,Mariana Sobrino Valenzuela,eveliaaragones@example.net,Castellón,74
3764,María Del Carmen Benet Llorente,kcalvet@example.com,Las Palmas,22
3765,Lalo Nogueira Chamorro,atienzapalmira@example.org,Vizcaya,54
3766,Manu Machado Cordero,ciprianopastor@example.org,La Coruña,22
3767,Francisca Reina Aragón,zbernat@example.com,Valladolid,53
3768,Primitiva de Aguilera,anayaelba@example.com,Almería,56
3769,Josep Otero Lastra,urenaedelmiro@example.org,Baleares,47
3770,Lupe Robles Villanueva,ubenitez@example.net,Asturias,62
3771,Macario Reina-Páez,arceliallorente@example.org,Melilla,79
3772,Jessica Lumbreras-Cerdán,eric46@example.net,Toledo,20
3773,Bruno del Vidal,campoyisidoro@example.com,Alicante,80
3774,Noelia Nogueira Pineda,augustoprado@example.org,Tarragona,20
3775,Juanita Soria Blazquez,celia31@example.net,León,58
3776,Bonifacio Bermejo Ibáñez,htenorio@example.com,Ávila,50
3777,Verónica Reyna Reguera Sarabia,pazmaria-luisa@example.com,La Rioja,48
3778,Gerónimo Pintor Urrutia,bartolome95@example.net,Guadalajara,55
3779,Eusebio Zacarías López Contreras,fcrespo@example.org,Valencia,44
3780,Custodio Fuentes Tormo,maria-luisaberenguer@example.com,Huesca,23
3781,Candelaria Perelló Bosch,luciano77@example.net,Ciudad,80
3782,Fernando Cáceres Pinedo,ingrid76@example.net,Teruel,67
3783,Elodia de Parra,rosendarevilla@example.net,Valencia,63
3784,Jose Antonio Calderón Zabala,octaviatamarit@example.org,Soria,76
3785,Hermenegildo Tudela Sebastián,villegasrosario@example.org,Lugo,44
3786,José Luis Peiró Amo,acostajacinto@example.org,Melilla,52
3787,Hugo Andrade Zamora,calixtoluis@example.net,Ciudad,22
3788,Alonso del Alcolea,carmina51@example.net,Cantabria,49
3789,Narciso Villar,jcrespo@example.net,Zamora,68
3790,Danilo Mena Marti,qcerdan@example.org,Toledo,37
3791,Margarita de Perelló,juan-manuel67@example.com,Guadalajara,19
3792,Beatriz Natalia Barco Aguiló,candidosolano@example.com,Guipúzcoa,33
3793,Carlota Calderón Lillo,robertoalberola@example.net,Valladolid,28
3794,Silvestre Valero Chico,simon93@example.com,Guadalajara,24
3795,Soraya Sureda Asensio,alvarotrujillo@example.net,Asturias,51
3796,Xiomara Moraleda Carro,inmaculadamilla@example.org,Zamora,59
3797,Dominga Rius Cerro,donairebonifacio@example.net,Alicante,66
3798,Isabel Flor Alegre,joansotelo@example.org,Toledo,41
3799,Martirio Azahar Vargas Montalbán,josefinafernandez@example.org,Madrid,80
3800,Matías Torralba,vallejoursula@example.net,Valladolid,24
3801,Crescencia Tomasa Rueda Benavent,erasmo51@example.com,Almería,40
3802,Rosalinda del Dávila,eulalia39@example.org,Segovia,50
3803,Trinidad Morcillo Almagro,ereina@example.org,La Coruña,74
3804,Yago Español Polo,salomerasmo@example.org,Huelva,67
3805,Mercedes Lupe Páez Ballesteros,mvalcarcel@example.net,Alicante,76
3806,Toribio Marquez-Garzón,lazarolujan@example.com,Girona,53
3807,Erasmo Quiroga,leticia52@example.com,Zaragoza,68
3808,Delia Real Arellano,alejandro13@example.com,Toledo,38
3809,Macarena Huertas Lago,esteban59@example.net,Murcia,45
3810,Ema de Cobos,ccerdan@example.com,León,36
3811,Tomasa Escrivá-Hernando,cadenasanastasia@example.com,Zamora,45
3812,Jose Luis Juárez Agullo,bellidosebastian@example.com,Salamanca,42
3813,Heraclio del Torrens,ricartantonia@example.com,Teruel,20
3814,Nuria Enríquez,paulaalvarez@example.org,Huelva,75
3815,Pelayo Calatayud,sabastirado@example.com,La Coruña,32
3816,Remedios Palacio Gabaldón,verdugoeligio@example.net,Ciudad,63
3817,Bruno Coca Castro,ignacia22@example.net,Valladolid,62
3818,Rosario Prats Escrivá,abraham51@example.org,Ourense,68
3819,Gastón Villanueva,palmersergio@example.org,Santa Cruz de Tenerife,72
3820,Dionisio Rebollo Pedro,martinfelipa@example.com,Guadalajara,30
3821,Montserrat Mendez Alvarez,abrilcampo@example.com,Albacete,35
3822,Ángela Tolosa Palomar,violeta92@example.com,Guadalajara,43
3823,Lina Zurita Farré,mugicamohamed@example.com,Baleares,51
3824,Remigio Villar Pereira,manolomarti@example.org,Murcia,50
3825,Gregorio Moraleda-Falcón,amadorcheca@example.com,Cantabria,78
3826,Teresa Busquets Arribas,ema68@example.com,Girona,28
3827,Isidoro Vara Coello,eliseo65@example.com,Burgos,34
3828,Francisco Corbacho Corbacho,vicenteulises@example.net,Alicante,29
3829,Amarilis Boada Reina,angel55@example.com,Cantabria,23
3830,Samanta Barral Royo,conchasalas@example.com,Girona,66
3831,Milagros Crespo Dávila,conradoarcos@example.net,Huelva,77
3832,Valero Gárate Barrera,duranmargarita@example.net,Soria,68
3833,Asunción Alvarado Batalla,gertrudis48@example.com,Santa Cruz de Tenerife,37
3834,Paco Marco Echevarría,qcalleja@example.org,Pontevedra,37
3835,Santos Sastre-Molins,abadnarciso@example.org,Huesca,56
3836,Emma Porta Lobo,nereidapedraza@example.org,Castellón,71
3837,Raúl Nieto Sanabria,sanabriaadela@example.net,Zamora,75
3838,Jose Corbacho Moll,qdominguez@example.net,Asturias,30
3839,Luisa del Mancebo,mauratrillo@example.net,Valencia,37
3840,Luis Miguel Adelardo Donoso Echevarría,pizarropio@example.org,Madrid,58
3841,Alejandro Ignacio Sarabia Pedro,smontalban@example.org,Cuenca,27
3842,Emma Vilar,sabina33@example.org,Cuenca,28
3843,Beatriz Ibáñez Cervantes,nvigil@example.com,Valladolid,75
3844,Angélica Pozo Sans,pomaresjulia@example.org,Vizcaya,40
3845,Humberto Riera Múgica,phurtado@example.net,Asturias,19
3846,Poncio Navarrete Palomino,epolo@example.com,Ávila,63
3847,Maribel Vargas Blanch,uribejose-carlos@example.net,Teruel,48
3848,Patricio Antón,aguadocarolina@example.com,Toledo,65
3849,Zaira Carlos,aureliano10@example.net,Salamanca,19
3850,Quique Tello,saritacastillo@example.org,Granada,76
3851,Damián Bolaños Tejedor,miriam45@example.net,Girona,25
3852,Maristela Torralba Orozco,asenjomacaria@example.net,Alicante,36
3853,Enrique Cases Barrios,ariadnaclemente@example.net,Palencia,60
3854,Ruperto Perelló Berenguer,iporta@example.org,Zamora,58
3855,Calisto Vazquez-Carbó,obduliajover@example.com,Cádiz,65
3856,Fabiola Vaquero Casado,nunezlourdes@example.org,Jaén,75
3857,Evita Bautista,tadeo23@example.org,Tarragona,54
3858,Carolina Martínez-Zapata,murena@example.org,Soria,47
3859,Dorita Carmona Checa,santamariacarmelo@example.com,Salamanca,33
3860,Jesusa Espada-Ledesma,lelias@example.net,Albacete,30
3861,Anastasia Lobo Sobrino,inmaculadasotelo@example.com,Zaragoza,46
3862,Victorino Sanchez Maldonado,ordonezflorencio@example.com,Huelva,20
3863,Julián Roman Asenjo,qescriva@example.org,Zamora,50
3864,Genoveva García-Morcillo,dulce14@example.org,Melilla,59
3865,Fulgencio Tenorio Morales,fhuerta@example.org,Alicante,23
3866,Miguel Porras Romero,gastonvigil@example.com,Lleida,21
3867,Artemio Bárcena Goicoechea,ribesmarcial@example.net,Segovia,80
3868,Ignacio Calisto Catalán Ropero,donato06@example.org,Málaga,44
3869,Ignacia Lillo Pastor,saturnino31@example.com,Jaén,52
3870,Encarna Palmer Sanmiguel,carmelo14@example.com,Cáceres,29
3871,Josefina Torrecilla Aparicio,lisandro13@example.net,Ourense,47
3872,Victoriano Malo Mulet,ugarrido@example.net,La Coruña,62
3873,Encarnita Andrea Nieto Escalona,maxima46@example.net,Huesca,57
3874,Teo Uribe García,bernardino41@example.org,Baleares,62
3875,Melisa Bastida Méndez,juan-pablolopez@example.net,Salamanca,29
3876,Pepe Giménez Casanova,marinambrosio@example.org,Valencia,42
3877,Agapito Guardiola Alcalde,avillalonga@example.org,Salamanca,42
3878,Montserrat Costa Castellanos,ciriaconavarro@example.org,Albacete,43
3879,Olalla Ibarra Osuna,severiano42@example.net,Lugo,43
3880,Sofía Salgado Téllez,riberaepifanio@example.org,Málaga,78
3881,Nazario Rincón Palacio,telmollopis@example.org,Jaén,26
3882,Nélida Arranz Cabello,alejandro48@example.org,Guipúzcoa,30
3883,Gaspar Piñeiro,qguardiola@example.net,Almería,54
3884,Eli del Moya,hbeltran@example.org,Guipúzcoa,27
3885,Ismael de Ruano,lagunaefrain@example.com,Palencia,34
3886,Saturnino Montserrat-Tejera,saurajose-manuel@example.com,Palencia,23
3887,Teo de Gutierrez,lauracalzada@example.com,Córdoba,70
3888,Heliodoro Gascón Palmer,irene28@example.org,Baleares,49
3889,Federico Cañizares Tapia,amoroschus@example.com,Melilla,64
3890,Wálter Valenzuela Girona,leandraduran@example.net,Alicante,44
3891,Samanta Guerrero Roda,galoharo@example.com,Almería,52
3892,Ruth Garay,luisatoro@example.com,Cuenca,80
3893,Pelayo Tirado Mesa,aoliver@example.org,Cantabria,19
3894,Miriam Saez,vascorey@example.com,Alicante,60
3895,Inés Olivé Aguiló,lope50@example.com,Albacete,56
3896,Maximiliano Aroca Miranda,kfalcon@example.com,Melilla,22
3897,Jenny Gordillo Arce,gomilaestela@example.net,Zaragoza,29
3898,Asunción Caballero Montaña,guiomarcasanova@example.org,Soria,21
3899,Roldán Eligio Collado Barbero,aitanaurrutia@example.com,Zamora,26
3900,Cayetana Pacífica Carrasco Cases,zcordoba@example.org,Sevilla,71
3901,Alcides Sierra Hidalgo,naguilar@example.org,Ávila,28
3902,Ignacia del Sotelo,leonnico@example.net,Valencia,36
3903,Ricardo Arteaga,remedios51@example.org,Albacete,50
3904,Basilio Ferrera Díaz,selena13@example.org,Pontevedra,63
3905,Óscar Almagro Barbero,yfeliu@example.org,Palencia,44
3906,Jerónimo Saavedra,carrosabas@example.org,Castellón,61
3907,Bonifacio Hernando Ferrán,wcerdan@example.com,Tarragona,44
3908,Rocío Amador-Tello,fortunato84@example.com,Asturias,29
3909,Aurora Barral Heras,lupita97@example.com,Ourense,61
3910,Ofelia Mascaró-Ribas,marce@example.net,Pontevedra,67
3911,Cosme Fernández Quesada,scespedes@example.com,Madrid,26
3912,Consuela Córdoba Barreda,valentinluna@example.net,Guipúzcoa,57
3913,Dionisia Carbonell Asenjo,noe96@example.com,Cuenca,38
3914,Hilario Duque Vendrell,evazquez@example.com,Badajoz,67
3915,Estela Roma,rvega@example.org,Burgos,49
3916,Isidoro Ramos Luque,dbravo@example.net,Toledo,44
3917,Anselmo Raya Morán,eligioroma@example.org,Granada,55
3918,Leyre Tormo Zapata,inocencioochoa@example.com,Almería,65
3919,Lola Gelabert Pujol,maxi22@example.net,Granada,24
3920,Emigdio Viana,paolavalentin@example.org,Ceuta,44
3921,Joaquín Soriano Guillen,cllado@example.net,Palencia,45
3922,Margarita Cuéllar Aznar,nsala@example.org,Pontevedra,58
3923,Sebastian Sans Morales,pacaabascal@example.net,Tarragona,73
3924,Noa Cervera Planas,diezfilomena@example.com,Girona,34
3925,Chus Echeverría Casal,ruanonorberto@example.com,Albacete,31
3926,Roxana Itziar Pombo Pineda,salud35@example.com,Cantabria,63
3927,Perlita Alegria,eazcona@example.net,Lugo,38
3928,Fernanda España Piñol,mangulo@example.com,Soria,25
3929,Calixto de Rojas,cirino21@example.net,Soria,41
3930,Matilde del Orozco,orianallanos@example.net,Málaga,32
3931,Dora Cuervo Araujo,trossello@example.org,Ourense,43
3932,Aurelio Arsenio Lledó Folch,psotelo@example.net,La Rioja,20
3933,Charo Puig Escudero,zamoranomiguela@example.net,Huesca,33
3934,Eligia Tejero-Mateo,gmontalban@example.org,Madrid,42
3935,Heraclio Lozano Guerra,ballesterosberta@example.net,Jaén,20
3936,Humberto Varela Segovia,ballesteralbert@example.com,Pontevedra,78
3937,Heriberto José Manuel Riba Lastra,natanael37@example.com,Guadalajara,79
3938,Félix Carlos Ordóñez,dnoguera@example.com,Pontevedra,18
3939,José Tolosa Manuel,pgrande@example.org,Huesca,55
3940,Chucho Pineda-Luque,ghidalgo@example.com,Santa Cruz de Tenerife,70
3941,Josué Molina Lillo,jaenmarino@example.org,Guadalajara,68
3942,Andrea Parra-Pinilla,abrilbrunilda@example.net,Zamora,31
3943,Leonardo Milla Baró,iriartelilia@example.com,Lugo,24
3944,Flavio Ferrer,albino64@example.com,Cáceres,54
3945,Clementina Romero,ccabanas@example.com,Alicante,19
3946,Lisandro Bernat Leiva,iborramaricruz@example.net,Girona,22
3947,Leyre Iniesta Mata,marcelino83@example.org,Málaga,67
3948,Tamara Delgado Jurado,rmanzanares@example.org,Huelva,30
3949,José Morante Monreal,espanolamancio@example.org,Madrid,21
3950,Clara Ríos Herrera,gasparsalamanca@example.org,Cantabria,33
3951,Nidia de Burgos,ballesterosroldan@example.org,Salamanca,52
3952,Ana Belén Somoza,rebeca96@example.net,Ávila,41
3953,Alcides Javi Ávila Alfonso,quintanadionisia@example.net,Teruel,46
3954,Begoña Juárez Alcaraz,riveraveronica@example.com,Álava,67
3955,Iván del Yuste,marcelinoreig@example.com,La Coruña,54
3956,Dan Pla Domingo,gutierrezraimundo@example.net,Málaga,51
3957,Samuel Ribas Rodrigo,lneira@example.org,Barcelona,65
3958,Emma Araceli Talavera Bilbao,xalsina@example.net,Lugo,51
3959,Cipriano Sevilla Mancebo,saavedravito@example.com,Álava,19
3960,Vicente Carmona Jordá,galloloreto@example.org,Baleares,70
3961,Saturnina Cisneros Piñeiro,gisela94@example.net,Sevilla,77
3962,Alonso Barreda Pareja,carbopili@example.org,Badajoz,34
3963,Salomé Casas,zairamarin@example.net,Santa Cruz de Tenerife,34
3964,Dolores Estévez Casanovas,galbero@example.com,La Rioja,65
3965,Jaime Marcos Ortuño,oarnaiz@example.org,La Coruña,60
3966,Isaura Soto Mercader,rita14@example.com,Zamora,34
3967,Gustavo Costa Bustamante,barbajose@example.com,Huelva,39
3968,Juan Montes,maximino46@example.net,Vizcaya,38
3969,Gregorio Garriga Mendez,domitilasancho@example.com,Sevilla,36
3970,Alejandra Acosta Sala,bustosmonica@example.com,Zaragoza,48
3971,Selena Cases-Cabo,escolanomacaria@example.org,Cádiz,23
3972,Delfina Rosa Jurado,ponsmarisol@example.org,Navarra,53
3973,Bernardo del Carrión,ursuladieguez@example.org,Guipúzcoa,72
3974,Samu Cózar Jiménez,luis-angelborras@example.com,Guadalajara,68
3975,Chus José Antonio Pla Miralles,angladaemiliano@example.org,Cuenca,64
3976,Cloe Ortega Calderon,amparoquintero@example.com,Cuenca,38
3977,Gilberto Tamayo,pedrosanchez@example.org,Granada,28
3978,Gonzalo Cantero Pinilla,npalomino@example.net,Baleares,25
3979,Concha Arenas Barreda,escalonaadan@example.net,Guadalajara,47
3980,Dulce Blanes-Ibáñez,lucasaguila@example.com,Granada,69
3981,Wálter Moliner Robledo,baroomar@example.org,Granada,73
3982,Miguela Cortés Borrás,adelinaduque@example.com,Salamanca,75
3983,Jesús Mateo Villena Jara,jadadia@example.net,Guipúzcoa,41
3984,Maximino Garay Montalbán,nacho73@example.org,Segovia,28
3985,Germán Cantón Villalba,maria-cristinasolera@example.net,Granada,76
3986,Jacinto Seguí Rivera,frius@example.org,Salamanca,53
3987,Visitación del Ros,julieoliveras@example.net,Ceuta,42
3988,Gabino Llano Elorza,luisaroura@example.org,Badajoz,63
3989,Gilberto Blázquez Moliner,mateo64@example.com,Soria,60
3990,Eva de Arnaiz,marco72@example.net,Palencia,77
3991,Matilde Solano Pou,criadobasilio@example.com,León,61
3992,América Águeda Luna Iglesia,amaro53@example.net,Girona,70
3993,Olegario Gilabert Parra,euribe@example.net,Sevilla,78
3994,María Carmen Mosquera-Vilanova,barralfabio@example.org,Ceuta,76
3995,Francisco Jose Fernández,timoteo07@example.org,León,71
3996,Toño del Herrera,amoresther@example.net,Barcelona,67
3997,Reinaldo Comas Amaya,iriscuadrado@example.net,Murcia,22
3998,Isa Fernandez Antón,maldonadoambar@example.net,Granada,32
3999,Rosario Isern Ruiz,bernatguiomar@example.com,Guipúzcoa,73
4000,Carlota de Galvez,anunciacioncolom@example.org,Baleares,49
4001,Camila Perea Lopez,jose-luis91@example.net,Ceuta,52
4002,Eladio Moles Ávila,walteravila@example.com,Álava,23
4003,Fabián Godoy Casanova,edgargonzalez@example.com,Santa Cruz de Tenerife,19
4004,Jose Ignacio Egea Mayo,corneliocarbo@example.com,Madrid,57
4005,Azeneth Petrona Pastor Barrena,joan12@example.com,Huelva,51
4006,Julia Vicente Merino,djodar@example.net,Guadalajara,36
4007,Esmeralda Bermúdez Sola,mascarobegona@example.com,Navarra,24
4008,Encarnita Ileana Real Pla,nuria94@example.net,Alicante,53
4009,Amado Pi,mchaparro@example.org,Badajoz,41
4010,Tecla Rivera Llorente,lnogues@example.com,Segovia,19
4011,Julia Pla Chacón,aragonrenato@example.org,Melilla,59
4012,Fernando Calzada Bonilla,primitiva46@example.com,Las Palmas,47
4013,Irma Catalán Diez,hbonet@example.net,Ciudad,28
4014,Fortunata del Heras,ucomas@example.com,Guipúzcoa,37
4015,Olimpia Alcántara Roselló,ralcolea@example.com,Melilla,34
4016,Mercedes Cuevas-Sierra,damianvallejo@example.org,Ceuta,24
4017,Micaela Pineda,smorata@example.com,Las Palmas,73
4018,Natanael Arteaga Arévalo,jvalentin@example.net,Palencia,55
4019,Virgilio Berenguer,rnicolas@example.org,Murcia,45
4020,Miguel Ángel Bilbao Campos,emilio74@example.net,La Coruña,49
4021,Marcelo Cañete Anguita,amilcarteruel@example.net,Málaga,57
4022,Bernardita Cayetana Falcón Espinosa,rogeliocobo@example.org,Huelva,24
4023,Espiridión Franch Garay,wilfredoflores@example.net,Badajoz,56
4024,Teodora Peña Daza,pilar53@example.net,Ceuta,60
4025,Amílcar Bosch Bosch,posadajimena@example.net,Ceuta,74
4026,María Jesús del Badía,lupehervas@example.com,Ávila,35
4027,Juanito Castilla Losada,pratsmarcial@example.com,Soria,48
4028,Guiomar Ferrero Rey,apuga@example.com,Badajoz,55
4029,Brunilda Amorós Reyes,benetcarmela@example.com,Murcia,77
4030,Benjamín Llorens Miró,badiacloe@example.org,Teruel,29
4031,Juanita Zabaleta,mvillalonga@example.net,Burgos,33
4032,Clímaco Noriega,blazquezharoldo@example.net,Girona,52
4033,Omar Palomo Jimenez,guiomarcarranza@example.org,La Rioja,41
4034,Fortunata Cobo Higueras,renatoheras@example.org,Álava,33
4035,Guiomar Sevilla González,daniel59@example.net,Ourense,77
4036,Nidia Cobo Lledó,panton@example.com,Guipúzcoa,78
4037,Elisabet Miguel Figueroa,dorita77@example.org,Ceuta,22
4038,Nicodemo del Abril,guerrajulie@example.net,Valencia,47
4039,Yéssica Ferrán Águila,clotilderios@example.com,León,25
4040,Elena Méndez Gutiérrez,aaronsarabia@example.org,Toledo,53
4041,Agapito Palacio Ferrer,marinrafaela@example.org,Cantabria,41
4042,Adriana Consuelo Gómez Zapata,marcial20@example.org,Huesca,58
4043,Rogelio Bayona-Jódar,casalsteofila@example.net,Lugo,60
4044,Marciano Zabaleta Riera,anguitabautista@example.org,Cuenca,23
4045,Tristán Reina Rios,salcedochus@example.net,Ciudad,49
4046,Nuria Arnaiz Espinosa,adelinaadadia@example.org,Palencia,50
4047,Félix Quintanilla Portero,natanaelsevillano@example.com,Ceuta,35
4048,Noelia Yuste Carmona,bonillaclemente@example.org,Albacete,24
4049,Petrona Benita Gilabert Reyes,zdalmau@example.net,Toledo,43
4050,Hugo Bauzà,fcoca@example.org,Zaragoza,27
4051,Florinda Carbó Diaz,fontolivia@example.org,Valladolid,52
4052,Carmelo Parejo Lloret,casaresnicodemo@example.com,Ceuta,66
4053,Abraham Gomez-Morera,vmerino@example.net,Lugo,53
4054,Albano Arjona,guiomarpi@example.com,Soria,72
4055,Zoraida Garmendia-Frías,yessica22@example.net,Lleida,40
4056,Pastor Camps Barros,xmendez@example.org,Salamanca,18
4057,Julieta Terrón,pcapdevila@example.net,Barcelona,23
4058,Joan Enríquez Chaves,espanaisaura@example.net,Málaga,49
4059,Telmo Perales Redondo,encarna37@example.net,Las Palmas,74
4060,Isabel Llopis Querol,yessica69@example.com,Albacete,27
4061,Cruz Casas-Ribera,grandeleonor@example.org,Granada,48
4062,Gabriel Taboada,oporras@example.org,Sevilla,38
4063,Celia Llopis Ibarra,baezaponcio@example.com,Cádiz,49
4064,Angélica Azeneth Pablo Alvarez,caropascuala@example.com,Huesca,67
4065,José Antonio Marciano Calderon Barrena,estevejordan@example.net,Navarra,28
4066,Soraya Lupe Palma Huguet,jeronimo66@example.org,Huesca,29
4067,Amor de Montaña,mduran@example.com,Alicante,66
4068,Jose Angel del Belda,scarrion@example.org,Cádiz,19
4069,Ulises Nogueira Mayoral,desiderioteruel@example.net,Salamanca,26
4070,Merche del Recio,eulaliaaviles@example.org,Albacete,71
4071,Régulo Giner Pineda,cabellopaulina@example.org,Valencia,42
4072,Teobaldo Evaristo Cuadrado Gámez,martabarbera@example.com,Toledo,55
4073,Victoria Barceló Cabanillas,bpou@example.net,Girona,32
4074,Lucio Mateos Jover,matiaslobato@example.net,Barcelona,35
4075,Marcelino Sanz Cornejo,carlosaroca@example.net,Segovia,42
4076,Montserrat Carmina Carro Pedro,vsotelo@example.org,Valladolid,26
4077,José Manuel Casas Teruel,csegui@example.com,Melilla,75
4078,Esperanza Olga Rius Ruiz,amparooliver@example.net,Teruel,64
4079,Daniel Viñas-Barberá,riveraangela@example.org,Navarra,71
4080,Matías Barrio Escobar,rosario61@example.com,Santa Cruz de Tenerife,26
4081,Olalla Jaume-Paredes,nidia66@example.org,Guipúzcoa,45
4082,Lucho Vaquero Mulet,jeronimomariscal@example.org,Huesca,57
4083,Felix Pons Prada,benjamin69@example.net,Álava,40
4084,Victoriano Cortina Roldan,tcuervo@example.net,Albacete,41
4085,Miguel Abril Martínez,ramisjosep@example.net,Huesca,27
4086,Maximiliano Barco Frías,porteropacifica@example.com,Ceuta,68
4087,Chucho Pellicer Molina,virginia45@example.org,Huesca,53
4088,Hernando Espinosa Novoa,ymartin@example.com,La Rioja,41
4089,Domingo Carnero Mendoza,melchor49@example.net,Baleares,42
4090,Lucila Fuente Quero,qhoyos@example.com,Ourense,80
4091,Nayara Benavente Alba,martiprudencia@example.net,Guadalajara,39
4092,Álvaro Castañeda Ugarte,jose-luissegovia@example.com,Córdoba,28
4093,Lupe Vallejo Acuña,clotilde86@example.com,Castellón,76
4094,Ricarda Cordero-Valenciano,borjacristian@example.net,Cádiz,60
4095,Tristán Elías Izquierdo,pio90@example.org,Córdoba,60
4096,Estrella Palomar Arellano,tamaritotilia@example.org,León,31
4097,Lara Aranda Solsona,oalfaro@example.org,Albacete,57
4098,Candelario Fabra Piña,beatriz22@example.net,Santa Cruz de Tenerife,22
4099,Yaiza Villaverde Ferrando,martin27@example.net,Soria,31
4100,Prudencio del Domingo,ildefonsoadadia@example.com,Girona,61
4101,Samuel Castillo Asensio,anna27@example.com,Huelva,44
4102,Marcos Trinidad Espinosa Cifuentes,acedoagapito@example.net,Madrid,19
4103,Daniel Benet Cervera,inmaculadamiro@example.com,Ciudad,72
4104,Bernardino de Pino,micaela80@example.net,Guipúzcoa,80
4105,Baldomero Ayala Escalona,cabanasbaldomero@example.net,Las Palmas,46
4106,Celia de Vazquez,pilarvillalba@example.com,La Rioja,51
4107,Noelia Cristina Landa Pi,qbarrios@example.com,Sevilla,31
4108,Jorge del Sureda,mercaderalbano@example.net,La Rioja,68
4109,Jordi de Valls,vasco94@example.org,Santa Cruz de Tenerife,61
4110,Jose Angel Llobet Lago,pcarrasco@example.org,Huesca,41
4111,Plácido Ferrán Ferrándiz,maxima43@example.com,La Coruña,45
4112,Susana Sastre Alfonso,alexandra18@example.net,Granada,65
4113,Teodora Torrents Pinedo,jhurtado@example.org,Córdoba,76
4114,Máximo Román Alvarez,matasroberto@example.org,Castellón,69
4115,Urbano Gárate Montoya,benjamin30@example.net,Málaga,57
4116,Anunciación Ramirez Bertrán,pelaezolga@example.net,Burgos,79
4117,Lorenzo Giménez Beltrán,quintanillaaroa@example.org,La Rioja,34
4118,Edelmiro Angulo Arellano,zcamino@example.net,Almería,74
4119,África Anita Iborra Belda,perezamerico@example.org,Jaén,67
4120,Dafne Noguera Oliver,vargassebastian@example.org,Ceuta,47
4121,Gala Zorrilla Espada,duilio61@example.org,Tarragona,56
4122,Francisco Jose Bernal-Valderrama,paulinocatala@example.com,Santa Cruz de Tenerife,45
4123,Adelina Canet,poncio25@example.com,Ciudad,68
4124,Dionisio Toni Nieto Mayoral,raulbarbera@example.com,Cantabria,43
4125,Manuel Giralt Nebot,haydee29@example.net,Lugo,67
4126,Olga del Batalla,castrillopaulina@example.com,Zaragoza,22
4127,Flavio Tejedor-Baños,melendezaranzazu@example.net,Guipúzcoa,25
4128,Evangelina Romeu Anguita,claudia06@example.org,Ávila,40
4129,Daniela Alfonso-Verdugo,calderonmaxi@example.com,La Coruña,75
4130,Pánfilo Ayuso Macías,roberta88@example.org,Toledo,72
4131,Rubén Jaime Agullo Alonso,miguelvalenciano@example.org,Madrid,38
4132,Dionisia Girón Barbero,silviacamino@example.net,Almería,63
4133,Marisela Edelmira Bernad Luna,ileanaotero@example.com,Soria,39
4134,Luisa Estrada Zaragoza,huertamoises@example.net,Teruel,43
4135,Coral Marí Arrieta,ileanamarco@example.org,Cádiz,18
4136,Raquel Espada Lloret,garciarene@example.net,Ourense,68
4137,Cándida Molins-Segarra,rochalina@example.net,Sevilla,28
4138,Reinaldo Barón Lobo,zperales@example.com,Soria,32
4139,Maximiliano Pedrero-Merino,haroldo95@example.com,León,40
4140,Belén Álvarez Roldan,julie09@example.net,Segovia,50
4141,Dominga Pujadas Benitez,eloisa47@example.org,Alicante,28
4142,Rufino Egea Catalán,montesinosjuan-carlos@example.net,Navarra,23
4143,Amor Cuervo Llamas,ndiaz@example.net,Baleares,34
4144,Pascual Mateu Perea,jose35@example.com,Granada,35
4145,Victor Bautista Llabrés,lmontero@example.net,Sevilla,43
4146,Mauricio Vargas Orozco,charo12@example.net,Almería,35
4147,Borja Roldán-Almansa,moratapaco@example.net,Salamanca,29
4148,Sergio Bárcena Haro,cletosaura@example.com,La Rioja,19
4149,Tito Pinedo Navarro,ctena@example.org,Granada,63
4150,Ruth Eusebia Guerrero Belda,umarmol@example.com,Sevilla,53
4151,Adán Guillen,smendizabal@example.org,Las Palmas,73
4152,Feliciano Cuéllar,mirta95@example.net,Melilla,32
4153,Ramón Ale Lasa Linares,albertoposada@example.com,Cádiz,78
4154,Eliana López Nieto,micaela54@example.com,Valladolid,80
4155,Toni Pinto Milla,rosariosaavedra@example.com,Albacete,77
4156,Florinda Rosselló,wsanabria@example.org,Valladolid,69
4157,Loreto Valero Salom,franciscamolins@example.org,La Rioja,75
4158,Azahara Hernandez Figueras,bauzafelisa@example.net,Álava,78
4159,Cecilia Pomares Gimeno,palmasamuel@example.net,Badajoz,71
4160,Fernando Gallego Marin,graciano12@example.com,Albacete,70
4161,Bernarda Ricart Valle,pastorasanchez@example.com,Pontevedra,21
4162,Damián Carvajal,eloypera@example.org,Ourense,66
4163,Victorino Múñiz Amorós,jaumetatiana@example.com,Ourense,76
4164,Anselma Goicoechea Álvaro,angladasabas@example.net,Murcia,20
4165,Adelina Castejón,mauriciopaez@example.org,Badajoz,69
4166,Jose Luis del Garrido,slerma@example.net,Soria,36
4167,Abilio Crespi Roldán,carmela76@example.org,Almería,32
4168,Emiliana Belen Camacho Alcántara,madridmartin@example.org,Guadalajara,54
4169,Roque Ponce Puig,roblesrosalia@example.com,Vizcaya,37
4170,Gloria Castrillo Tur,ebarriga@example.org,Ciudad,28
4171,Inmaculada Villena,carranzarodolfo@example.com,Álava,75
4172,Lucía Botella,zsales@example.com,Palencia,74
4173,Néstor Llorente Yuste,pelias@example.net,Ceuta,64
4174,Jose Ignacio del Marco,delia63@example.com,Ávila,80
4175,Eduardo Benitez-Ponce,nsamper@example.org,Asturias,43
4176,Ibán Pombo Baquero,maximinoalarcon@example.net,Sevilla,23
4177,Flor Ugarte Bernal,alfonsojuan@example.org,Tarragona,76
4178,Osvaldo Alemán Barberá,benetjose-manuel@example.org,Navarra,25
4179,Godofredo de Berenguer,juan92@example.com,Guipúzcoa,30
4180,Feliciana Blanes Marquez,eli29@example.org,Segovia,44
4181,Custodia Peñas,patricio46@example.org,Sevilla,18
4182,Paula Garcia Riquelme,wandrade@example.net,Zaragoza,40
4183,Teresita del Aznar,azorinvictoria@example.org,Las Palmas,46
4184,Gabino Alcántara Maldonado,alosada@example.org,La Coruña,46
4185,Eva Oliver Aliaga,pujadashector@example.net,Valladolid,62
4186,Chelo Iñiguez Julián,pinedacelia@example.org,Burgos,78
4187,Ciriaco del Luz,maria-del-carmenandreu@example.org,Navarra,65
4188,Custodia Machado Barón,klorenzo@example.net,Cuenca,33
4189,Modesto Chaves Roldan,bauzafelicidad@example.org,Tarragona,64
4190,Reyna Aranda Cal,zbenitez@example.org,Jaén,29
4191,Ciríaco Zamorano Moles,anguloodalis@example.org,Málaga,26
4192,Cecilia de Bonilla,claudio34@example.net,Valencia,42
4193,Gabriel Ciriaco Alfonso Salmerón,mirandaluis-angel@example.org,Almería,47
4194,María Dolores Molina Carbó,pporras@example.org,Valladolid,36
4195,Salomón Vega Molins,zfonseca@example.com,Córdoba,77
4196,Hortensia Mosquera Carpio,tbru@example.net,Toledo,75
4197,Gema Puente Hervás,belloalba@example.net,Cuenca,38
4198,Ricarda Arnaiz,jose-antonioyuste@example.org,Asturias,44
4199,Dionisio Cervantes Checa,jose-carlossanz@example.net,Las Palmas,41
4200,Lola Pellicer Saura,eliascabrero@example.com,León,29
4201,Melisa Porcel-Ferrándiz,almaangulo@example.net,Cuenca,41
4202,Encarnita Zaragoza Ureña,igracia@example.com,Cáceres,42
4203,Balduino Zamorano Gracia,macario14@example.org,Pontevedra,29
4204,Estrella Martorell-Becerra,rosellemelina@example.com,Valladolid,55
4205,Daniela Llorens León,hrosa@example.net,Cantabria,76
4206,Fabián Paniagua-Salmerón,celsoarnau@example.org,Madrid,72
4207,Marco Vargas Arana,ocanellas@example.net,Alicante,75
4208,Kike Joan Romero Arce,dora78@example.net,Burgos,53
4209,Matilde Viñas Barreda,valencianatividad@example.org,Vizcaya,80
4210,Natalia Bejarano Calvet,arevalobaldomero@example.com,Castellón,35
4211,Óscar Abad,jose-miguelquiroga@example.com,Álava,61
4212,Calixto Pelayo Díaz,cirocoll@example.com,Segovia,54
4213,Belén de Navas,ascensionledesma@example.org,Ciudad,23
4214,Luis Álvarez-Moll,jose-luismarin@example.org,Vizcaya,78
4215,Irene Barrena Marco,azahar29@example.org,Lugo,70
4216,Nico Jimenez Leiva,pablolinares@example.org,Zaragoza,44
4217,Anselmo Nogueira Salas,victorianovilla@example.org,Málaga,65
4218,Olivia Cases Romero,ferminllanos@example.com,Baleares,43
4219,Salud Luján Tirado,nicolasbautista@example.com,León,71
4220,Alicia Cañete-Prats,andres67@example.com,Girona,73
4221,Narciso Bru,eloisa69@example.org,Melilla,25
4222,Paco Barberá Tomé,nazaretfiol@example.net,Palencia,30
4223,Bernardo Sanabria Boix,rosellbenjamin@example.com,Barcelona,46
4224,Lucio Costa Riquelme,narciso90@example.org,Murcia,68
4225,Fátima Bru,yarino@example.net,Castellón,43
4226,Inmaculada Aguilera Guillén,ursula55@example.net,Guadalajara,26
4227,Olivia Guerrero Agustí,quintanajuanita@example.org,La Rioja,20
4228,Apolinar Querol-Valencia,albinatovar@example.org,Navarra,53
4229,Glauco Baudelio Casanovas Camino,penamarta@example.org,Cáceres,77
4230,Poncio Mendizábal Barrio,ccervantes@example.org,Asturias,77
4231,María Ángeles Diego Yuste,sagusti@example.net,Cáceres,53
4232,Loreto Perlita Donaire Cardona,barberoremedios@example.net,Ciudad,62
4233,Yéssica Solís Zabala,vascobernal@example.net,Barcelona,68
4234,Amílcar Velasco,gtejada@example.org,Alicante,71
4235,Priscila Cortina,solsonanilda@example.org,Badajoz,46
4236,Juan Antonio Larrañaga,jose-luismulet@example.org,Soria,76
4237,Josefina Luna Zapata,nuria96@example.org,Ceuta,80
4238,Desiderio Lerma Peralta,currobaez@example.com,Lleida,54
4239,Sosimo del Salvador,lino94@example.org,Murcia,28
4240,René de Huerta,clarisapalau@example.net,La Coruña,50
4241,Aura Ripoll Gracia,solisariadna@example.net,Ourense,40
4242,Anunciación Blazquez Bellido,jennyguillen@example.net,Almería,33
4243,Rómulo Teófilo Pascual Iñiguez,alejo75@example.com,Vizcaya,76
4244,Leire Rico Salom,spons@example.org,Barcelona,75
4245,José Mari del Marquez,anastasia60@example.com,Barcelona,75
4246,Noemí del Lago,soledadpont@example.net,Huelva,48
4247,Hernando Pastor Perelló Pombo,jaguilo@example.com,Toledo,46
4248,Nilda Acevedo Rosa,maldonadoyolanda@example.org,Soria,70
4249,Efraín Figueras Palmer,yagopedrero@example.org,Toledo,18
4250,María Carmen Guardia Salcedo,ulises19@example.net,Ceuta,41
4251,Calixto Lillo-Baeza,eli18@example.com,Pontevedra,19
4252,Leopoldo Atienza Vega,avega@example.com,Granada,23
4253,Aurora Olmedo-Velasco,renatotoledo@example.net,Valladolid,18
4254,Ruy Batlle Iborra,qtomas@example.org,Alicante,33
4255,René de Vázquez,campospaz@example.com,Jaén,40
4256,Trini del Almazán,soraya15@example.org,Ciudad,58
4257,Bruno Nogueira Quero,jechevarria@example.com,Soria,40
4258,Néstor Cámara Real,solsonacleto@example.org,Jaén,24
4259,Purificación Sobrino Segarra,rupertovergara@example.net,Palencia,70
4260,Cintia Vives Gonzalo,florencioalfaro@example.com,Málaga,55
4261,Manuelita Salinas Donoso,telmouria@example.com,Córdoba,32
4262,María Dolores Castro Chacón,avidal@example.net,Córdoba,75
4263,Roxana Sanmiguel Fuente,infantesol@example.net,Alicante,57
4264,Rosa María Barrena García,jacobopedraza@example.com,Valencia,47
4265,Odalis Vigil Salvà,brigidabaez@example.net,Huelva,41
4266,Manuel Quiroga Armengol,ciriaco18@example.com,Valencia,56
4267,Chus Vilar Paniagua,alonsovillalobos@example.net,Zamora,36
4268,Tomasa Goicoechea-Duran,barberoaurora@example.org,Lleida,36
4269,Matías Palomar Chamorro,obdulialluch@example.org,Ciudad,69
4270,Cebrián Gual Suárez,mario03@example.net,Zamora,80
4271,Cruz Fernandez Montaña,primitivo44@example.net,Segovia,78
4272,Pancho Paco Cabo Montero,rroura@example.net,Guipúzcoa,75
4273,Alma Doménech Osuna,apolinarmarcos@example.org,Ceuta,64
4274,Demetrio de Prat,piedadamigo@example.org,Madrid,62
4275,Corona Infante,rosario71@example.net,Asturias,51
4276,María Dolores Albero Martí,earribas@example.org,Soria,58
4277,Odalys Martorell Angulo,estrellaredondo@example.net,Pontevedra,52
4278,Adelina Sebastián Calvet,abascalepifanio@example.org,Ourense,73
4279,Ariel Blazquez,parrademetrio@example.org,Cuenca,32
4280,Eva de Gutiérrez,velezelias@example.net,Ciudad,51
4281,Graciano Torrecilla Domínguez,iarevalo@example.com,Álava,31
4282,Carla Giralt Román,tmosquera@example.com,Soria,29
4283,Antonio Jara-Morera,constanza85@example.net,Tarragona,22
4284,Itziar Fajardo Mur,sarnal@example.com,Ourense,80
4285,Blas Cuenca Castilla,rocaamado@example.net,Almería,80
4286,Clementina Ainara Peñalver Serna,adoracion18@example.net,León,58
4287,Celestina Hernandez Quirós,sojeda@example.org,Navarra,46
4288,Andrés Bernat,belen45@example.com,Albacete,56
4289,Alfonso Leocadio Ros Mata,georgina53@example.com,Cantabria,59
4290,Georgina Llano Casares,wmartin@example.com,Castellón,71
4291,Ana Amador Guerra,moralesanselmo@example.net,Ceuta,22
4292,Jorge Galán-Luna,overdu@example.net,Lugo,20
4293,Miriam Noguera Téllez,otiliamacias@example.net,Sevilla,73
4294,Flavia Mínguez,albertoomar@example.net,Ourense,52
4295,Primitivo Jaume Álvaro,gmanzano@example.net,Lugo,34
4296,Inocencio Miralles,bblanco@example.org,Toledo,68
4297,Gaspar de Beltran,xrios@example.com,Soria,43
4298,Ismael Goicoechea Pujadas,gasconjavier@example.com,Jaén,21
4299,Luna de García,atilioochoa@example.com,Ourense,76
4300,Áurea Priego Barreda,manolaamat@example.com,Baleares,68
4301,Joaquina Otero Esteban,olgablanch@example.net,Palencia,70
4302,Estela Flores Galindo,guardiarosenda@example.org,Cádiz,50
4303,Hortensia Sonia Posada Soriano,uandreu@example.net,Tarragona,67
4304,Calisto Lledó,jose-luis16@example.net,Cádiz,31
4305,Eufemia Portillo Iniesta,azeneth17@example.com,La Coruña,33
4306,José Solano Botella,bmenendez@example.com,Ciudad,54
4307,Inmaculada del Boada,fortunata38@example.org,Jaén,21
4308,América Leticia Pedrosa Gras,gerardopozuelo@example.com,Murcia,27
4309,Benjamín Ovidio Goicoechea Cervera,gala30@example.net,Girona,54
4310,Begoña Tejada Sala,sebastianencarna@example.com,Madrid,74
4311,Ignacia Moliner Arce,bpastor@example.com,Santa Cruz de Tenerife,75
4312,Saturnino Real Cabezas,urbanogiron@example.org,Girona,64
4313,Virgilio de Gallego,dimasparra@example.org,Segovia,44
4314,Eduardo Natanael Bravo Plana,carreteropacifica@example.com,Castellón,79
4315,Natividad Gargallo Carnero,andres66@example.net,Tarragona,60
4316,Reinaldo Gual Castro,babad@example.org,Guadalajara,46
4317,Regina Checa Sanabria,gutierrezangelino@example.org,Salamanca,47
4318,Ágata Débora Mate Porta,bandres@example.net,Madrid,72
4319,Adora Palma,mireia71@example.com,Sevilla,62
4320,Jerónimo Juan Carlos Lorenzo Cuadrado,rodenasester@example.com,Barcelona,28
4321,Araceli Reig,gema86@example.org,Guadalajara,23
4322,Eric Vélez Gallardo,cdiaz@example.org,Segovia,55
4323,Camilo Durán-Matas,osales@example.net,La Rioja,79
4324,Ricardo Carnero Recio,visitacion96@example.net,Zaragoza,38
4325,Enrique José Bellido Montserrat,maria41@example.org,Zaragoza,52
4326,Ruperta Campos Almazán,broldan@example.net,Las Palmas,71
4327,Emilio Aarón Coca Baró,meleromateo@example.org,Zaragoza,40
4328,Esther Puga Pol,manuel43@example.net,Ciudad,23
4329,Flavio Balaguer Sevilla,teodosio54@example.com,Melilla,75
4330,Juana Manjón Alvarado,arroyoclimaco@example.net,Navarra,31
4331,Jose Miguel Alcántara Bayo,urbanoinfante@example.net,Baleares,68
4332,José Garriga,graualba@example.org,Teruel,45
4333,Paz de Falcó,peraltahernan@example.com,Zamora,48
4334,Florinda Lumbreras,cferrandiz@example.net,Valencia,69
4335,Guiomar Sonia Balaguer Izquierdo,romanfrancisca@example.org,Palencia,73
4336,Jonatan Valero Nebot,joaquina29@example.org,Baleares,50
4337,Carmen del Mateo,ibanbadia@example.org,Granada,29
4338,Ricarda Suarez,lgarcia@example.org,Palencia,46
4339,Simón Heliodoro Cabezas Robledo,noa98@example.org,Málaga,43
4340,María Cristina Jover Marin,roldanberta@example.com,Lleida,22
4341,Juan Francisco Vives Ureña,uochoa@example.net,Zamora,71
4342,Esperanza Martí Vergara,baenaloreto@example.net,La Rioja,79
4343,Jeremías Pons Blasco,tpedrero@example.net,Zamora,19
4344,Mónica Ferrán Marco,norbertoiglesia@example.com,Girona,62
4345,Mar Esther Esparza Pagès,venceslas17@example.net,Palencia,65
4346,Teófilo Mayo Salom,josefina21@example.net,Albacete,42
4347,Iván Manolo Carranza Azorin,sandra03@example.com,Badajoz,76
4348,Natividad Gilabert,lleon@example.net,Salamanca,40
4349,Marianela Sancho Lamas,pinoaraceli@example.com,Granada,60
4350,Azucena Olivera Coloma,thervas@example.com,Cuenca,42
4351,Edgardo Cortés Feijoo,cvilanova@example.com,Melilla,64
4352,Marta Cuadrado Roca,igalan@example.net,Albacete,49
4353,Rebeca Ainara Canet Anglada,eligiobarbero@example.net,Asturias,37
4354,Luisina Dueñas Montserrat,cipriano36@example.org,Pontevedra,57
4355,Josefa Jove Campo,lvicens@example.org,Lleida,47
4356,Fabiana Corbacho Zapata,xserrano@example.net,La Coruña,51
4357,Sancho Vélez Agustín,fuentesgeronimo@example.org,Las Palmas,32
4358,Luciana Benitez Pombo,qbenitez@example.org,La Rioja,78
4359,Baldomero del Iriarte,gmontero@example.com,Salamanca,35
4360,Lupita Iglesia Cabrera,lunaarregui@example.org,Huelva,23
4361,Guiomar Terrón Llorente,nbueno@example.net,Cádiz,40
4362,Hector Sanabria Aragonés,lucenaanibal@example.net,Guipúzcoa,72
4363,Encarnación Amat Bautista,abraham70@example.com,Murcia,47
4364,Plinio Jáuregui-Seco,fabiana15@example.net,Tarragona,78
4365,Judith Zabala,amoileana@example.org,Cantabria,61
4366,Marcial Zaragoza Tejero,cristian25@example.org,Girona,25
4367,José Luis Gelabert Palacios,lconde@example.com,Pontevedra,25
4368,Inmaculada Español Gilabert,romulo21@example.com,Valladolid,77
4369,Belen Mesa Sala,borrellfatima@example.net,Asturias,68
4370,Juliana Trillo-Batalla,jterron@example.org,Palencia,54
4371,Jerónimo Duilio Rivas Paredes,gortuno@example.net,Jaén,26
4372,Luis del Tormo,basilio25@example.org,Toledo,54
4373,Gertrudis Pou-Camacho,ponciosegovia@example.net,León,40
4374,Hernando Páez Cadenas,pintorjordana@example.org,Santa Cruz de Tenerife,69
4375,Elodia Alsina Valls,luzbarros@example.com,Tarragona,61
4376,Socorro Adán-Pacheco,haleman@example.net,Lugo,63
4377,Juan José Montalbán Martí,sbayona@example.net,Toledo,23
4378,Jose Carlos Rosado Caparrós,kordonez@example.com,Huesca,50
4379,Rosaura Pinilla Fuertes,herviaberta@example.org,Melilla,40
4380,Silvestre de Sosa,zoraidagras@example.com,Huelva,72
4381,Rosalinda Cruz Villalonga Codina,castejonemigdio@example.net,Ourense,62
4382,Benita Viana Rivas,ballesterosamador@example.net,Tarragona,71
4383,Benigna Álvarez Mendez,piriarte@example.net,Cáceres,78
4384,Rita Ortuño,morenoguzman@example.net,Huesca,49
4385,Trinidad Ballesteros Rosell,martamiro@example.com,Cáceres,36
4386,Priscila del Ortega,cduran@example.com,Zaragoza,70
4387,Cristóbal Aramburu-Machado,smoya@example.org,Valencia,38
4388,Trinidad del Ruano,azahara58@example.org,Burgos,54
4389,Rocío Soto,mar33@example.com,Tarragona,21
4390,Toribio Zaragoza-Cal,guillenselena@example.org,Ceuta,59
4391,Danilo Ruano,roldankike@example.org,Granada,44
4392,Encarnación del Navarrete,coronalinares@example.net,Valladolid,52
4393,Carmen Naranjo Godoy,celestino75@example.org,Cuenca,33
4394,Paz Meléndez,ucanales@example.net,Cáceres,45
4395,Viviana de Crespo,sescribano@example.org,Santa Cruz de Tenerife,20
4396,Manuelita de Oliver,eulaliapinto@example.net,Murcia,70
4397,Edmundo Aznar Salcedo,parejamarisa@example.com,Barcelona,63
4398,Leonor Malena Jara Marco,xcortes@example.com,Baleares,37
4399,Ainoa Sacristán Nieto,carmelitaledesma@example.org,Asturias,54
4400,Ainara Ojeda Bolaños,vdonaire@example.org,Santa Cruz de Tenerife,67
4401,Erasmo Ferrández,araujoroque@example.org,Barcelona,21
4402,Bernardino Grande Mateo,caneteeloisa@example.net,Huelva,48
4403,Eleuterio Falcón Roig,margaritaarrieta@example.com,Las Palmas,20
4404,Mohamed Capdevila-Guerra,pinolfederico@example.org,Vizcaya,58
4405,Teobaldo Arnaiz,urrutiachema@example.com,Córdoba,44
4406,David Gonzalez Palomar,ebueno@example.com,León,61
4407,Mónica Planas Quero,mohamedaguado@example.org,Las Palmas,54
4408,Regina Fabra-Yuste,sergiodiaz@example.com,Cáceres,68
4409,Manu Bernardo Planas Escalona,portillonacio@example.com,Lugo,54
4410,Eligio Julián Machado,jordan83@example.org,Cuenca,55
4411,Cristóbal del Blanes,jalarcon@example.org,La Rioja,61
4412,Domitila de Montes,hugo78@example.org,Albacete,52
4413,Moreno Beltrán,baudeliovega@example.net,Guipúzcoa,31
4414,Danilo Miguel Carreño,mroman@example.org,Guadalajara,25
4415,Reynaldo Blanco Carrillo,jose-antonio37@example.net,Murcia,18
4416,Sol Llopis,julia08@example.net,Baleares,35
4417,Inés Redondo Pulido,qarrieta@example.net,Segovia,74
4418,Primitiva Moles Velázquez,valerio40@example.com,Tarragona,22
4419,Omar Redondo Armengol,hcuenca@example.org,Jaén,79
4420,Primitiva Egea,baltasar26@example.com,Las Palmas,33
4421,Ana Belén Escalona Camacho,aliagaruben@example.com,Madrid,55
4422,Reinaldo Perea-Linares,aurelianohernandez@example.org,Cantabria,30
4423,Fulgencio Poza-Zamora,encarnacionarrieta@example.org,Burgos,41
4424,Moisés de Oliver,victor88@example.net,Cuenca,48
4425,Jose Ramón Acevedo Escamilla,sgonzalez@example.com,Toledo,18
4426,Pepita Olivé Bastida,aroanunez@example.net,Córdoba,51
4427,Marcela Arrieta Busquets,amoresmiguela@example.org,Almería,46
4428,Camilo Marqués,hbustos@example.com,Murcia,61
4429,Florentina Crespi-Manuel,oterolourdes@example.net,Ourense,73
4430,Azahara Albero Álvaro,zllanos@example.com,Ourense,39
4431,Amarilis Jordana Álvaro Águila,manucuenca@example.net,Zaragoza,73
4432,Yolanda Fajardo Borrego,alejoarjona@example.com,Ávila,52
4433,Evaristo Luque Cámara,lidiabatalla@example.net,Palencia,25
4434,Quirino Llanos Llorens,cristinarey@example.org,Albacete,49
4435,Inés Verdejo,simopili@example.org,Melilla,77
4436,Iván de Talavera,qsarmiento@example.com,Baleares,64
4437,Rogelio de Mateo,vicenteciriaco@example.com,Valencia,49
4438,África Egea Clemente,jafet18@example.com,Toledo,19
4439,Hipólito Almeida Garcia,noemachado@example.org,Navarra,47
4440,Rosaura Ugarte Pacheco,bernarda60@example.org,Zamora,36
4441,Elpidio Fito Fuster Fernández,upalma@example.org,Girona,20
4442,Fanny Torralba,pomaresandrea@example.com,Navarra,59
4443,Jose Miguel Sola Verdejo,ruedaemelina@example.com,Murcia,79
4444,Alejandra de Montserrat,imorales@example.com,Palencia,21
4445,Cipriano Llabrés Vall,salgadolisandro@example.net,Ciudad,57
4446,Raquel del Rincón,victorianoosorio@example.org,Palencia,28
4447,Vidal Vila,maria-angeleslloret@example.org,Burgos,45
4448,Dominga del Arenas,xojeda@example.com,Ourense,19
4449,Felipa Catalán Frutos,graugabino@example.org,Toledo,65
4450,Vinicio Garriga Puig,lilia50@example.org,Badajoz,39
4451,Artemio de Alcolea,ulises24@example.org,Segovia,60
4452,Cosme Candelario Medina Llobet,nolmo@example.com,Tarragona,69
4453,Manuelita Marti-Mena,consuela82@example.org,Albacete,72
4454,Dan Arana,kvargas@example.org,Castellón,56
4455,Cayetano Pánfilo Fuster Polo,joaquinneira@example.com,Asturias,43
4456,Omar Aguilar Calzada,elpidio61@example.org,Girona,72
4457,Plácido Angulo Benet,maria15@example.org,Cuenca,23
4458,Merche Gabriela Acevedo Madrid,roldan41@example.net,Castellón,68
4459,Teodora Almagro Puente,baldomeropons@example.org,León,71
4460,Isaac Amorós,atienzajulio-cesar@example.org,Ciudad,78
4461,Herminia Grande Galván,escribanoevelia@example.org,Valladolid,58
4462,Ale Verdejo Casas,francisco-javier01@example.net,Barcelona,30
4463,Artemio Ureña Vall,nydia90@example.com,Almería,32
4464,Ruperta Gutiérrez Baró,xllado@example.com,Burgos,75
4465,Efraín Busquets Barrio,arroyoernesto@example.net,Ciudad,62
4466,Rosalina de Román,angelita79@example.org,Baleares,48
4467,Silvestre Espiridión Ferrándiz Olivera,evelia71@example.com,Asturias,61
4468,Violeta Romeu Miró,jessicablasco@example.org,Vizcaya,24
4469,Valeria Cáceres-Valle,jose-antonio66@example.com,Guadalajara,68
4470,Cecilia de Estrada,scal@example.org,Guipúzcoa,46
4471,Gerónimo de Bustos,pratslorena@example.com,Granada,57
4472,Amarilis del Armas,vicente55@example.com,Castellón,51
4473,Marcia Espejo-Rincón,martifidel@example.net,Vizcaya,80
4474,Juan Luis Múñiz Hoyos,ivilaplana@example.com,Cantabria,52
4475,Mohamed Pintor,tpozuelo@example.com,Cantabria,37
4476,Flor Paola Naranjo Noguera,hilariobernad@example.net,La Rioja,18
4477,Clara de Molins,nalarcon@example.org,Guipúzcoa,31
4478,Valentina del Guardiola,zbenavent@example.com,Álava,58
4479,Anselmo Luque Portillo,baslilia@example.org,Toledo,58
4480,Vicente Morán Colom,chemaramos@example.org,Jaén,35
4481,Feliciana de Girón,samuel88@example.org,Santa Cruz de Tenerife,75
4482,Chuy del Ferrando,fidela20@example.org,Zamora,61
4483,Marino Posada Menendez,cruz80@example.net,Jaén,35
4484,Eloy Prat,lermasilvio@example.com,Girona,67
4485,Samuel Roselló Amigó,apoloniarincon@example.net,Guipúzcoa,76
4486,Virgilio Ramis Carbó,beldasegismundo@example.net,León,34
4487,Macarena Lledó,sigfrido48@example.org,Ciudad,72
4488,Quique Grau-Calderón,estefania00@example.net,Tarragona,40
4489,Seve Llopis-Lopez,angelramos@example.org,Lleida,64
4490,Pablo de Pujadas,marinobermejo@example.org,Ourense,66
4491,Javiera Albina Colomer Amigó,eugenio23@example.org,Ourense,69
4492,Anita Lloret Borrás,xsoler@example.org,Cáceres,77
4493,Gabriela Priego Alcolea,abiliosalgado@example.net,Guadalajara,20
4494,Ligia Millán-Solsona,silviobenavides@example.org,Huesca,30
4495,Ángeles Ariza-Larrañaga,uroura@example.org,Vizcaya,69
4496,Bernabé Cordero Tena,calzadaana-belen@example.org,Lugo,33
4497,Dorotea Pozo Cobo,cayetanamanzanares@example.net,Albacete,26
4498,Paco Isern Avilés,clementinaaranda@example.com,Álava,29
4499,Curro Pallarès Alvarez,rrevilla@example.net,Almería,57
4500,Teodosio Landa Castrillo,pablocayetano@example.com,Madrid,43
4501,Gema Menendez Milla,amarilisjimenez@example.org,Santa Cruz de Tenerife,41
4502,Federico Céspedes Múgica,calixtapoza@example.com,Guadalajara,25
4503,Nacio Arteaga Salamanca,sigfridoespana@example.net,Córdoba,23
4504,Natanael Reguera Expósito,jaimeporta@example.com,Vizcaya,74
4505,Guiomar Porras Palau,zoraida45@example.com,Burgos,18
4506,Alberto de Arranz,rebeca02@example.com,Castellón,47
4507,Fanny del Frutos,contrerassara@example.com,Palencia,64
4508,Ágata Hierro Cisneros,cerverafelicidad@example.com,Almería,78
4509,Juanito Araujo Tomás,sonia36@example.org,Valencia,28
4510,Salud Andreu Ramos,misern@example.com,Burgos,43
4511,Néstor Puerta-Valenciano,gchaparro@example.net,Sevilla,22
4512,Aarón Calderon,noelia57@example.com,Las Palmas,41
4513,Eligia Torrens-Perez,inocenciogracia@example.com,Zaragoza,68
4514,Artemio Bonilla-Linares,conchamanjon@example.org,León,39
4515,Estela Odalis Blanca Mesa,icuervo@example.com,Soria,38
4516,Tere Caparrós Castañeda,jonatanchamorro@example.com,Álava,59
4517,Paola Sans Larrea,teodosiovizcaino@example.com,Albacete,61
4518,América Miralles,ycorrea@example.org,Cáceres,29
4519,Jesusa Andrea Iglesia Gárate,vchico@example.net,Santa Cruz de Tenerife,30
4520,Andrés Carranza Madrigal,luisamorell@example.net,Cáceres,67
4521,Augusto Losada Aller,ascension41@example.net,Segovia,30
4522,Emiliana Gelabert Peña,pomaresamerico@example.org,Asturias,24
4523,Asunción Seguí-Uribe,mvara@example.net,Tarragona,24
4524,Sarita Carbó-Puga,consuela78@example.net,Almería,52
4525,Jafet del Sastre,huertadora@example.com,Salamanca,43
4526,Encarnita Arce Bas,escamillabibiana@example.net,Córdoba,61
4527,Regina Benet Amores,pastorambar@example.net,Pontevedra,58
4528,Matilde Arellano Buendía,sierrajavier@example.org,Sevilla,44
4529,Alejandra Alfaro Vega,ctovar@example.net,Granada,61
4530,Juan Carlos Poza Cánovas,lcespedes@example.com,Pontevedra,66
4531,Quirino Bayón Olmedo,ernestoaramburu@example.com,Lleida,42
4532,Candelaria Fidela Cobos Aznar,octaviovillanueva@example.com,Badajoz,73
4533,Santiago Jara Rodriguez,emacias@example.org,Sevilla,35
4534,Carolina Flor Cuesta Piñol,juan39@example.com,Segovia,74
4535,Teobaldo de Márquez,raulcolomer@example.com,Huelva,46
4536,Maximiano Ferrer Diez,rafa61@example.org,Teruel,50
4537,Xiomara Larrañaga Poza,nando20@example.org,Ciudad,61
4538,Iván Mateo,dsoriano@example.net,Valencia,68
4539,Simón Sanabria Amaya,rufinotorres@example.net,Álava,77
4540,Elodia Cifuentes Alonso,yessicaaparicio@example.org,Córdoba,24
4541,Gregorio Lloret Donaire,albino94@example.org,Melilla,23
4542,Ovidio Barranco Jiménez,joan50@example.org,Madrid,50
4543,Andrés Felipe Diego Crespo,santamariawalter@example.net,Ceuta,47
4544,Azeneth Bru-Peral,osalvador@example.net,Guipúzcoa,32
4545,Benigna Velasco Codina,sandovalveronica@example.net,Jaén,24
4546,Estrella Vicente,iromeu@example.com,Segovia,31
4547,Amalia Parra Baró,jesus91@example.org,Soria,44
4548,Nicolasa Fuentes Berenguer,fatima95@example.net,Navarra,49
4549,Samu Espinosa Sevillano,monica51@example.com,Ávila,67
4550,Reyes Prieto,constanzalasa@example.com,Navarra,24
4551,Alberto Carmona Amador,oamoros@example.com,Valencia,37
4552,Jose Miguel del Vallejo,hermenegildo05@example.net,Teruel,73
4553,Emilio Quirós Ferrero,saenzjoan@example.org,Cádiz,68
4554,Marta Guerra Peral,mirtaalonso@example.com,Granada,22
4555,Lupe Carmona Cortes,ytorre@example.org,Guipúzcoa,47
4556,Gil Hernández Cervera,xsole@example.com,Ourense,42
4557,Jordana Castells Ríos,lina94@example.com,Álava,55
4558,Atilio Morillo Laguna,luciaquevedo@example.org,Melilla,54
4559,Jimena Teófila Oliver Rozas,fidelmate@example.org,Santa Cruz de Tenerife,70
4560,Andrés Felipe Parejo-Verdugo,mfrancisco@example.com,Jaén,57
4561,Eloísa Elorza Trujillo,ugimenez@example.net,Teruel,57
4562,Marita Torralba Ripoll,humberto23@example.net,Huesca,20
4563,Esperanza Calzada Ángel,obarcena@example.com,Cantabria,45
4564,Marcela del Carbó,puentecelestina@example.org,Melilla,58
4565,Rubén Timoteo Roldán Escolano,jose-luisuribe@example.org,Zamora,31
4566,Alexandra Soto Planas,tportero@example.net,Asturias,21
4567,Vanesa Lillo Malo,warino@example.org,Álava,69
4568,Alonso Villalba Garmendia,maricruzbusquets@example.net,Sevilla,51
4569,Damián Arana Aguilera,hjorda@example.net,Almería,63
4570,Emiliano Herrero Chico,burgosjoaquina@example.com,León,61
4571,Rogelio Busquets Barbero,jeronimonicolas@example.net,Zamora,62
4572,Isabela Vall-Giralt,jjodar@example.com,Baleares,57
4573,Armida Salud Carbó Duran,blasayala@example.org,Málaga,67
4574,Maribel Salvador Pozo,evitacanton@example.org,Albacete,72
4575,Saturnino Agudo Pons,matavenceslas@example.org,León,69
4576,Nereida Gras,andrea98@example.com,Córdoba,58
4577,Dominga Lara Leal,madridbernardo@example.org,Santa Cruz de Tenerife,26
4578,Chuy Saavedra-Cuesta,panfilonieto@example.org,Asturias,20
4579,Mercedes Cabanillas Zamorano,blancoramiro@example.net,Ceuta,56
4580,Francisco Cañizares Ramos,walter50@example.net,Ávila,26
4581,Artemio Adán,alicia96@example.org,Ourense,26
4582,Rubén Alba Barrena,zpenas@example.org,Alicante,59
4583,Gaspar del Bejarano,rocio19@example.com,Soria,53
4584,Gabriel Montalbán Camps,almansajuan-bautista@example.net,Ourense,64
4585,Juan Manuel Barco,avazquez@example.org,La Coruña,59
4586,Verónica Zaira Rey Morell,castroeli@example.com,Teruel,73
4587,Ágata Ortiz-Conesa,correabaldomero@example.net,Murcia,28
4588,Benigno Vélez Arana,candelario45@example.net,Soria,36
4589,Carlito Casanova Mendez,rgargallo@example.org,Huelva,55
4590,Maribel Bravo Alcaraz,lgisbert@example.org,Valencia,63
4591,Emperatriz Cervantes Pareja,egascon@example.com,Teruel,72
4592,Tito Catalán Martinez,xcamino@example.org,Palencia,39
4593,Natalio Comas-Pacheco,mauriciojerez@example.org,Murcia,30
4594,Poncio Solís Sainz,adela18@example.org,Castellón,67
4595,Juan Francisco Higueras-Enríquez,kbaena@example.net,Córdoba,59
4596,Graciana Lillo-Ríos,vilaltamartin@example.net,Palencia,30
4597,Felipa Sánchez Barberá,kboada@example.org,Lugo,46
4598,Clímaco Amado Barón Rocha,felicianamarquez@example.com,La Coruña,45
4599,Mónica de Riquelme,ramona33@example.com,Guadalajara,46
4600,Manu Palacio Morán,purificacionandres@example.org,Ávila,45
4601,Jaime Matas Cañas,simon99@example.com,Granada,74
4602,Curro Grau Colom,hasenjo@example.org,La Rioja,19
4603,Ambrosio Caballero Fuertes,alcantaraveronica@example.com,Girona,34
4604,Gastón Villegas Vila,jimena35@example.com,Navarra,57
4605,Onofre Menéndez,liriarte@example.net,Cáceres,49
4606,Hortensia Villanueva Castelló,socorroblanes@example.net,Teruel,20
4607,Andrés Felipe Chus Araujo Cobo,panfilomanjon@example.org,Teruel,50
4608,Pablo Ferrando Sans,cornejocalixto@example.com,Zaragoza,41
4609,Mónica Ramírez Otero,solearmida@example.com,Soria,46
4610,Juana Elorza Ferrera,itellez@example.com,Baleares,47
4611,Lorena Artigas Rey,maria-teresaromeu@example.org,Sevilla,43
4612,Ofelia Molins Ruiz,maria-belenamat@example.com,Almería,66
4613,José Mari Vilalta Villanueva,nicolasa79@example.org,Murcia,74
4614,Natalio Artemio Vazquez Chaves,bernardita49@example.com,Cáceres,65
4615,Áurea Escobar Olivares,nicanorcasas@example.net,La Rioja,72
4616,Amalia Flores,brigida69@example.com,Lleida,72
4617,Asdrubal de Alvarado,saezgilberto@example.com,Córdoba,30
4618,Fermín Cobo Serrano,bonifacioburgos@example.org,Badajoz,36
4619,Brunilda Pla Peña,jordi51@example.net,La Rioja,47
4620,Chuy de Borja,bcampo@example.net,Segovia,45
4621,Hector Ferrández Espinosa,tatianavalcarcel@example.org,Sevilla,24
4622,Marco Iriarte Villar,ingridsales@example.com,Valladolid,20
4623,Clara Barragán Baena,julioduarte@example.com,León,21
4624,Rodolfo Valle Manzanares,ildefonso34@example.org,La Rioja,33
4625,Marc Barceló Borrego,haroldo98@example.org,Madrid,21
4626,Juan Francisco Cristóbal Pozo Corral,titotorrijos@example.org,León,61
4627,Begoña de Talavera,macario15@example.org,Murcia,60
4628,Diego del Yáñez,mohamed33@example.com,Granada,20
4629,Débora Arce Cornejo,vpalacio@example.net,Cádiz,57
4630,Guiomar Nicolás,ramoncleto@example.org,Jaén,77
4631,Luz Planas Andres,gomilaconsuelo@example.com,Santa Cruz de Tenerife,27
4632,Cristian Ochoa Burgos,vasco14@example.org,Ávila,78
4633,María Teresa Báez Blasco,luisreal@example.com,Cáceres,65
4634,Sol Encarna Márquez Company,nestor00@example.org,Palencia,63
4635,Antonio Uriarte Pelayo,iborras@example.org,Lugo,48
4636,Artemio Gil Jaume,anselmacepeda@example.net,Ávila,42
4637,Teresita Ligia Reig Crespi,querolapolinar@example.org,Zamora,70
4638,Sebastian Timoteo Moll Tovar,consuelabenet@example.com,Toledo,39
4639,Rita Villalba,samanta26@example.net,Baleares,68
4640,Juan José Morán Alcalde,juanitamacias@example.com,La Coruña,54
4641,Odalis Céspedes Diez,cesar74@example.com,Castellón,71
4642,Hortensia Garzón Riera,gasparasensio@example.com,Tarragona,44
4643,Teo Ayala Amador,eutimiomelero@example.net,Ourense,63
4644,Ernesto Tamarit Bru,blanespia@example.org,Asturias,35
4645,Patricio Benitez Acevedo,eveliacastrillo@example.com,Toledo,25
4646,Celestino Joan Portillo Calvet,bonillaruben@example.net,Huelva,48
4647,Bernabé Blázquez,victor-manuel48@example.net,La Coruña,67
4648,Águeda Salgado Esteban,coronaherrera@example.org,Vizcaya,80
4649,Alicia Higueras,noguerabegona@example.net,Palencia,39
4650,Felipa Fortuny Vera,miriamperea@example.net,Melilla,75
4651,Amaya Mariscal Figueroa,bernardo11@example.org,Alicante,25
4652,Clímaco Ferrer Lucas,mcabello@example.org,La Coruña,78
4653,Concepción Espinosa Oller,leire11@example.org,Málaga,58
4654,Carlota Roxana Abril Cases,tormogonzalo@example.com,Málaga,26
4655,Pastora Farré Pombo,tatiana02@example.com,Alicante,32
4656,Inocencio Echeverría Lloret,cebrian81@example.org,Barcelona,20
4657,Vicenta Aguilera,rogelio88@example.com,Cáceres,57
4658,Severiano Alvarez-Romero,hprats@example.net,Zaragoza,76
4659,Joaquín Reina Palma,zmayoral@example.org,Segovia,23
4660,Elías Marino Roig Arellano,narcisohervas@example.net,Córdoba,41
4661,Paula del Luna,zacarias00@example.net,Lugo,32
4662,Ágata Amat,clarisa94@example.net,Cáceres,34
4663,Flora Ortega Tejedor,corona86@example.net,Salamanca,20
4664,Teresita Pelayo Bauzà,darioartigas@example.org,Almería,73
4665,Íñigo Cortés,eagustin@example.org,Guadalajara,34
4666,Cándido Buendía Bernal,alex43@example.com,Ourense,45
4667,Ángela Cárdenas-Llamas,lumbrerasabigail@example.com,Barcelona,46
4668,Lucio Hoyos Heras,casesoscar@example.com,Santa Cruz de Tenerife,31
4669,Rolando Romeu Abascal,egallego@example.org,Álava,60
4670,Omar Riba Boada,maria-angeles97@example.org,Pontevedra,23
4671,Flavio Zabaleta Bilbao,villalongahilda@example.net,Cáceres,38
4672,Dominga Codina Jiménez,dulceanglada@example.org,Cáceres,72
4673,Manuelita Solera Castellanos,florabarriga@example.org,Vizcaya,34
4674,Kike Clemente Franch Soriano,luisa67@example.com,Lleida,32
4675,Tamara Baños Guzman,vicentaclavero@example.org,Barcelona,62
4676,César Marcos Gomila,marimercedes@example.net,Cuenca,53
4677,Zacarías Vidal Barros,apoloniaayllon@example.org,La Rioja,38
4678,Marc Iniesta-Royo,ainoacruz@example.net,Pontevedra,69
4679,Claudia de Andrés,samu65@example.com,Albacete,31
4680,Paco Sanmartín Parra,wtapia@example.com,Sevilla,76
4681,Nydia Tormo Zabala,basilio68@example.com,Tarragona,26
4682,Isaías Duque,lupe43@example.org,Guadalajara,25
4683,María Pou Plaza,nando77@example.org,Ceuta,27
4684,Samanta Suárez Benito,ygirona@example.net,Ceuta,76
4685,Rafaela Roda Simó,jaime42@example.com,Girona,27
4686,Odalys Carina Iglesia Ferrera,dgiron@example.org,La Rioja,32
4687,Rafaela Catalán-Tena,arteagaignacia@example.net,Toledo,70
4688,Emilia del Real,antonmar@example.net,Huesca,54
4689,Natalio Alemany Solís,roldan51@example.org,Santa Cruz de Tenerife,52
4690,Felix Peral Amat,nicodemo06@example.com,Córdoba,42
4691,Chus Andrade-Gil,dafnedominguez@example.org,Soria,21
4692,Luna Palomares Anaya,vinamarcial@example.net,Ávila,31
4693,José María Borrego Cisneros,requenachucho@example.net,Guadalajara,23
4694,Dionisio Alcalde Menéndez,grodriguez@example.org,Girona,64
4695,Encarna Carpio Cuenca,ciriacomoll@example.com,Asturias,42
4696,Francisco Garcia-Farré,anayaencarnacion@example.net,Sevilla,55
4697,María Domínguez,regulovallejo@example.com,Baleares,33
4698,Timoteo Sanchez Rosselló,luisaferrando@example.net,Badajoz,55
4699,Maximiliano Fernando Valentín Tormo,dcasares@example.org,Málaga,58
4700,Julieta Vives Melero,silvestre07@example.net,Huelva,72
4701,Alfredo Jose Ignacio Palomares Puig,ilarrea@example.net,Zamora,57
4702,Charo Angélica Guzman Salcedo,alvarezeladio@example.net,Ourense,26
4703,Georgina de Lluch,urueda@example.net,Alicante,43
4704,Santos Canet Amigó,leticiaoliver@example.com,Melilla,25
4705,Valentina Morales Crespi,nereida28@example.org,Tarragona,42
4706,Adán Muro Conesa,jgomis@example.com,Palencia,65
4707,Marcia Rocha Cózar,diegocomas@example.com,Salamanca,73
4708,Amor Capdevila-Pagès,bortuno@example.com,Salamanca,47
4709,Ramón Peinado Zamorano,higuerasrosendo@example.com,Barcelona,26
4710,Abril Figueras-Company,vicenteceferino@example.com,Albacete,21
4711,Ariadna Jesusa Tenorio Alberto,ramonacarlos@example.com,Burgos,28
4712,Imelda Pareja Herranz,curro88@example.org,La Coruña,75
4713,Luis Eugenio Ros Pellicer,bsolera@example.com,Tarragona,76
4714,Nicolás del Ferrando,pozueloazahara@example.org,León,70
4715,Mariano de Osuna,loreto71@example.net,Cáceres,67
4716,Iker Millán Martínez,gpaz@example.org,Granada,77
4717,Ciríaco Fonseca,hmontesinos@example.com,Asturias,31
4718,Álvaro Montserrat Rovira,sanjuanvalentina@example.net,Cáceres,39
4719,Ariel Torrens Perales,santiago55@example.net,Valencia,29
4720,Remedios Company Gómez,saritabenavente@example.net,Almería,40
4721,Flora Barrio Linares,anacletocasas@example.com,Zaragoza,77
4722,Priscila Claudia Campo Torres,roigliliana@example.org,Toledo,80
4723,Rebeca Soria Peralta,alondra74@example.com,Castellón,27
4724,Candela Falcón Hernández,agudohector@example.net,Navarra,52
4725,Merche Piñeiro Morillo,belenpombo@example.net,Murcia,42
4726,Saturnina Huertas Somoza,fidelcerro@example.net,Ciudad,49
4727,Micaela Gámez,iglesiacarolina@example.net,Las Palmas,36
4728,Rosalina Montserrat Polo,ojimenez@example.com,Pontevedra,20
4729,Martina Puente Viña,nando90@example.net,Las Palmas,70
4730,Raimundo Piñeiro-Solano,ruben82@example.com,Salamanca,38
4731,María Pilar Bolaños Alcolea,lorena54@example.org,Almería,77
4732,Fulgencio Gomez,mariano57@example.net,Palencia,70
4733,Estefanía Pedrero,villenaleoncio@example.com,Sevilla,57
4734,Tomás Maestre,gonzaloamada@example.org,Segovia,53
4735,Artemio Palomares Criado,inavas@example.net,Baleares,25
4736,Lupe Criado,flledo@example.org,Murcia,19
4737,Encarnita Azcona Novoa,josepcasares@example.com,Ceuta,46
4738,Morena Valencia,rtena@example.net,Ceuta,53
4739,Teófila Rebollo,obuendia@example.com,Sevilla,74
4740,Guadalupe Arcos,carroblanca@example.net,La Coruña,60
4741,Fabián Hernandez Gómez,villegasangelica@example.net,La Rioja,33
4742,Esteban Izaguirre Pujadas,qperea@example.net,Teruel,26
4743,Nereida Uría Ruiz,sebastianjordana@example.net,La Rioja,51
4744,Conrado Guillén,heraclio33@example.net,Alicante,51
4745,Julia Daza Amor,xgalan@example.net,Burgos,18
4746,Timoteo de Reig,vinicio23@example.com,Valencia,77
4747,Concha Renata Ribera Múgica,paulino96@example.net,Córdoba,45
4748,Serafina Losa Villanueva,ginernatividad@example.org,Cáceres,52
4749,Abilio Zaragoza Velázquez,cesarruano@example.com,Valladolid,60
4750,Simón Grande Sierra,juanito14@example.org,Sevilla,23
4751,Delia Barrio Colomer,concepcioncuadrado@example.org,Barcelona,56
4752,Abraham Epifanio Jove Quintero,garzonovidio@example.com,Palencia,56
4753,César Sainz Peña,chitaarellano@example.com,Asturias,25
4754,Guiomar Campillo Araujo,claveroaurea@example.net,Córdoba,27
4755,Curro de Gallo,beatrizarenas@example.com,Vizcaya,76
4756,Máxima Bou,porrasmaximiano@example.org,Sevilla,21
4757,Fabricio Onofre Burgos Bernad,fmiro@example.org,Castellón,29
4758,Sarita Robledo-Sastre,erosado@example.org,Toledo,44
4759,Rufina Díaz Luna,escrivaevita@example.com,Palencia,74
4760,Melchor Arteaga Páez,bbarbera@example.org,Vizcaya,18
4761,Ana Custodia Yáñez Montserrat,nmoll@example.net,Guipúzcoa,58
4762,Mireia Araujo Carballo,felix91@example.com,Lleida,28
4763,Domitila de Hoyos,mayolbaltasar@example.net,Pontevedra,78
4764,Maribel Vilar-Escolano,hrico@example.org,Zamora,49
4765,Edmundo Benet Hidalgo,vsegui@example.com,Santa Cruz de Tenerife,55
4766,Anselmo Viñas-Alberola,curroalfonso@example.net,Valencia,55
4767,Silvio Roldán Cózar,santiago99@example.org,Cádiz,77
4768,Maxi Jose Angel Parra Huertas,flavioportillo@example.net,Alicante,37
4769,Ariel Salom,hpineiro@example.org,Jaén,39
4770,Marina del Heras,raimundo66@example.com,Guadalajara,22
4771,Gala Quintanilla,evitaojeda@example.net,Granada,41
4772,Elba Valentina Yuste Pavón,merche24@example.net,Huelva,19
4773,Porfirio Ariza Manuel,marciano29@example.com,Valladolid,67
4774,Ema Guillen Macias,rosalinda18@example.com,Ciudad,51
4775,Melania Briones,orianamateo@example.org,Málaga,76
4776,Francisca Esparza Benítez,qaguila@example.org,Vizcaya,24
4777,Roque Reig Peláez,josefina73@example.org,Santa Cruz de Tenerife,67
4778,Gil Maldonado Miguel,jesus85@example.com,Castellón,44
4779,Martirio Urrutia-Lucas,borjaaliaga@example.org,Navarra,59
4780,Pascuala Antonia Santamaria Alvarado,juanitaasenjo@example.org,Palencia,29
4781,Ainara del Reguera,fabregasfabricio@example.org,Las Palmas,52
4782,Augusto Cal Gimeno,tpuig@example.org,Segovia,33
4783,Paula Sosa Pedrero,reyesloida@example.com,Valencia,43
4784,Jorge Rivero Expósito,jose-manueldomingo@example.org,León,63
4785,Fabiola Martínez Ruano,zsantamaria@example.org,Lleida,24
4786,Isidora Frutos Blanch,darteaga@example.com,Ourense,42
4787,Baldomero Echevarría Bautista,ascensionsanz@example.org,Salamanca,38
4788,Isaura Portillo Ramón,casesemigdio@example.net,Cuenca,28
4789,Sabina Campo Jordá,luciablanch@example.com,Toledo,34
4790,Vilma Balaguer Gaya,hmateo@example.net,Córdoba,46
4791,Basilio Escolano,nataliobayo@example.com,Lugo,32
4792,Ana García Garay,palomoanselmo@example.net,Madrid,34
4793,Marcial Exposito Guillén,chuy98@example.org,Asturias,34
4794,Angelita Cabrero Cid,rolando65@example.org,Las Palmas,60
4795,Flavio Vallés,edmundo13@example.org,Valencia,48
4796,Plácido Ibarra Gutierrez,estrellavillalba@example.org,Valencia,44
4797,Flavio Marin Taboada,tamara02@example.org,Guadalajara,50
4798,José Ángel Fuentes Frías,mugicaalba@example.net,Zaragoza,27
4799,Anselmo Borja Rocamora Mate,jesusprat@example.net,Las Palmas,30
4800,Jose Miguel Querol Domingo,rosa-mariarivas@example.net,La Rioja,18
4801,José Ángel Sebastián Cobo,aitormir@example.com,Melilla,79
4802,Dan Rueda Yuste,sarco@example.org,Lugo,44
4803,Ariadna de Narváez,srovira@example.org,Baleares,34
4804,Luis Jordán Robledo Sanabria,hilario85@example.com,Valladolid,47
4805,Teodosio de Barragán,eveliaarias@example.com,Huesca,41
4806,Encarnita Zabaleta Moll,plinio48@example.com,Lleida,43
4807,Luís Marco-Baquero,florentino56@example.com,Zamora,35
4808,Yéssica Angulo Sáez,acedopatricio@example.com,Melilla,73
4809,Noé Madrigal Blanca,jordi27@example.com,Baleares,40
4810,José Manuel Amores Santos,abrilcervera@example.org,Jaén,79
4811,Gracia Montenegro Cabrera,kdelgado@example.org,Cuenca,61
4812,Victorino Gregorio Ferrán Escolano,collcandelario@example.com,Salamanca,21
4813,Javiera Villaverde-Mariño,benignosole@example.com,Teruel,35
4814,Eduardo Guzman Oliva,remedios63@example.org,Vizcaya,65
4815,Joaquina Sastre Ramirez,jacinto90@example.org,Guipúzcoa,70
4816,Anselmo Arellano Heras,sigfrido50@example.com,Granada,42
4817,Patricio Ojeda Ripoll,matias25@example.net,Lugo,65
4818,Esteban de Delgado,benjamin99@example.com,Castellón,43
4819,Joaquina Tomé Martí,damian14@example.org,Ourense,50
4820,Federico Bravo Azcona,ivan13@example.com,Palencia,69
4821,Mayte Villalba Yáñez,ramiro82@example.org,Lugo,70
4822,Dora Gómez-Amador,victor-manuelsebastian@example.net,Álava,35
4823,Blanca Albero Talavera,pereznatalio@example.org,Santa Cruz de Tenerife,68
4824,Águeda Medina Ayuso,tcuesta@example.net,Granada,57
4825,Luis Ángel Ibañez Gabaldón,fabregassalvador@example.org,Barcelona,59
4826,Donato Carballo Sans,eladio88@example.com,Málaga,58
4827,África Merino Escrivá,mendizabaltere@example.org,Vizcaya,41
4828,Gonzalo Rosado Vidal,ayusoabigail@example.com,Melilla,35
4829,Aureliano Guitart-Valdés,quirogavanesa@example.org,Tarragona,62
4830,Regina Santamaría,ljerez@example.org,Albacete,56
4831,Renato Sandoval,maciasruperta@example.com,Cáceres,19
4832,Lisandro Calzada Calderón,evita76@example.com,Ciudad,56
4833,Cleto Ovidio Vega Guzmán,encarnacion63@example.com,Toledo,80
4834,Milagros Jover Oliveras,rcanet@example.net,Badajoz,74
4835,Enrique Vilar Murillo,pcasares@example.net,Almería,67
4836,Odalis Mateos Cases,montoyamaricela@example.net,Albacete,51
4837,Álvaro Uría Castell,ialegria@example.net,Badajoz,18
4838,Bibiana Caparrós Campoy,dporta@example.com,Cantabria,18
4839,Clotilde Vidal Borrell,minguezalberto@example.org,Zamora,40
4840,Elisabet Carbajo Ferreras,bousebastian@example.net,Segovia,79
4841,Adelina Cuevas Castro,abrahamgalvez@example.net,Ávila,25
4842,Chuy Robles,sebastianbenito@example.com,Ourense,38
4843,Narciso Millán Lucena,manu61@example.net,Girona,66
4844,Ángela Ariño,genovevacaballero@example.com,Zamora,64
4845,Ángela Artigas,abernad@example.org,Tarragona,25
4846,Joel Andrade Cuesta,fzaragoza@example.org,Córdoba,23
4847,Kike Guillén Jordá,juan-francisco15@example.org,Ceuta,33
4848,Narcisa Alicia Pintor Expósito,barredaapolonia@example.org,Alicante,31
4849,Magdalena Ripoll Gras,romerolina@example.org,Burgos,51
4850,Fortunato Requena Pardo,goicoecheaale@example.net,Asturias,19
4851,Petrona Amor Mariscal Fernandez,xavier57@example.com,Murcia,71
4852,Victorino de Bosch,kamador@example.net,Las Palmas,69
4853,Ascensión Urrutia Roda,rosendoribas@example.net,Girona,69
4854,Inés Sabater-Murillo,norbertovilla@example.com,La Rioja,70
4855,Maristela Castro Marti,gviana@example.org,Teruel,32
4856,Juan Bautista Jódar,qpaez@example.net,Teruel,60
4857,Quirino Alejandro Mendoza Beltran,leonciofrutos@example.net,Palencia,69
4858,María Teresa Carrión Garmendia,delfina23@example.org,Castellón,63
4859,Venceslás Erasmo Marin Larrea,cverdugo@example.net,Zaragoza,74
4860,Fausto Barrios Parra,apariciogoyo@example.org,Lugo,28
4861,Vidal de Núñez,anacleto22@example.net,Pontevedra,19
4862,Rosenda Mir Berenguer,elisa60@example.com,Tarragona,70
4863,Candelario Burgos-Mateo,yessicasole@example.org,Baleares,46
4864,Maribel del Correa,wilfredo82@example.net,Guadalajara,57
4865,Jose Paz Jara,estefania29@example.org,Ceuta,26
4866,Brunilda Lerma Adán,aurelio92@example.com,Soria,57
4867,Ana Belén Alemany Barrera,judith02@example.org,Lleida,67
4868,Jacobo Carretero Alfaro,clotildeperera@example.net,Córdoba,64
4869,Rodrigo Ruy Villalba Llabrés,gballesteros@example.com,Burgos,53
4870,Gregorio Carrillo Uría,serafinagil@example.net,Melilla,74
4871,Felipe Valentín,ichacon@example.net,Alicante,36
4872,Aurelio Becerra Solé,durancandida@example.com,Salamanca,47
4873,Paz Llopis Alvarado,mhuerta@example.net,Alicante,39
4874,Silvio León,azucenapareja@example.org,Badajoz,35
4875,Adrián Garay Aguilera,victoriano42@example.net,Guadalajara,34
4876,Alcides Iborra Riquelme,leoncio80@example.com,Valladolid,62
4877,Tristán Comas Vera,modesto78@example.net,Melilla,18
4878,Aristides Donaire,soledadarnal@example.com,Cáceres,59
4879,Samu Grande Mas,alexhervas@example.com,Ciudad,18
4880,Perlita de Pino,ycazorla@example.net,Albacete,76
4881,Berto Alcázar,esperanzainiesta@example.com,Guadalajara,20
4882,Plinio Carretero Benet,leyre35@example.org,Zamora,36
4883,Fermín de Barco,xiomara90@example.net,Ceuta,52
4884,Gabriel Duque Toledo,francoflavio@example.net,Murcia,46
4885,Melisa Verdejo Berenguer,ovidioribes@example.net,Segovia,56
4886,Estrella del Cárdenas,yborrego@example.com,Cuenca,63
4887,Marianela Moreno,jimenezjesusa@example.org,Segovia,47
4888,Matilde Asenjo Mariscal,telmocarreno@example.com,Albacete,31
4889,Lilia Clemente Morán,marcia95@example.net,Madrid,59
4890,Lupita Socorro Carretero Vázquez,madrigalrufina@example.com,Melilla,20
4891,Jose Carlos Nogués Sedano,ferrandizolga@example.org,La Coruña,60
4892,Óscar Toledo Arcos,elpidio15@example.net,Zamora,30
4893,Flavia Barrio,hquevedo@example.net,La Rioja,53
4894,Efraín Iñiguez Duran,ferrerasol@example.net,Toledo,35
4895,Erasmo Arroyo Granados,estrellacerro@example.com,Córdoba,57
4896,Bienvenida Llamas,azahar51@example.com,Badajoz,21
4897,Anna Palmer Checa,carbajopancho@example.com,Murcia,73
4898,Encarna Vega Blazquez,ugarteramon@example.com,Toledo,63
4899,Francisco Javier Arrieta Almansa,mbaeza@example.com,Santa Cruz de Tenerife,77
4900,Rolando Toni Gárate Sans,mirandacrescencia@example.com,Ourense,27
4901,Jose Carlos Mascaró-Valderrama,pascual25@example.org,Sevilla,23
4902,Aarón del Gordillo,felix59@example.org,Valencia,70
4903,Néstor Fuster,grandenicolasa@example.com,Santa Cruz de Tenerife,74
4904,Maximiano Pujadas Gimenez,gomezrosalva@example.net,Tarragona,43
4905,Borja Lasa Castillo,obaena@example.org,Ourense,26
4906,Macario Taboada Quevedo,leonardo91@example.com,Guipúzcoa,56
4907,Remedios del Yuste,lumbrerasambrosio@example.org,Girona,76
4908,Domitila Roldán Sureda,adadiajuan-manuel@example.com,Guipúzcoa,48
4909,Eutropio Feliu Bernat,macariosuarez@example.org,Baleares,53
4910,Reyes Pla Plaza,porfirio08@example.org,La Rioja,80
4911,Anselma Botella Pereira,carrascoevaristo@example.com,Ávila,77
4912,Reinaldo Priego,albafortunato@example.com,Ceuta,71
4913,Celso Prada Llanos,jesusaibanez@example.com,La Coruña,22
4914,Julio Acosta Alsina,salvador25@example.net,Guipúzcoa,51
4915,Nicolasa Ripoll Goñi,rpalacio@example.com,Lugo,34
4916,Gracia Jordán Riera,leopoldosabater@example.org,Ourense,56
4917,Lucho Ángel,acruz@example.com,Alicante,69
4918,Carlota Viana-Mosquera,ximenaarenas@example.com,Murcia,72
4919,Ovidio Grande,bautistamarco@example.net,Valladolid,26
4920,Griselda Aguilera-Monreal,jordancarlos@example.com,Madrid,74
4921,Eduardo Soto Adadia,eligiaaguilar@example.net,Ceuta,61
4922,Juanita Arce Galindo,lupe99@example.net,Palencia,47
4923,Albino Beltrán Casares,llorentecatalina@example.com,Zamora,79
4924,Ciriaco Piña Gibert,feliciano61@example.org,Guadalajara,37
4925,Luís Serrano Mayol,villavictor@example.org,Baleares,79
4926,Ruperta Barriga Aguado,ebarrera@example.net,Barcelona,28
4927,Marcio Santana-Guardiola,narcisajimenez@example.org,Huelva,65
4928,Natanael del Llamas,wmenendez@example.com,Zamora,41
4929,José Manuel Gregorio Rincón Arroyo,castellscayetana@example.com,Segovia,47
4930,Ariadna Heras Pla,andres67@example.net,Valladolid,24
4931,Curro Palomino Valenzuela,nazario84@example.org,Barcelona,43
4932,Estela Melania Huertas Vives,felicidad16@example.com,Tarragona,54
4933,Pánfilo Somoza Llopis,celso03@example.com,Vizcaya,31
4934,Ciríaco Vázquez Pallarès,adelaida51@example.net,Guipúzcoa,22
4935,Hernán Ródenas Recio,leandropenalver@example.com,Teruel,54
4936,Jacobo Roldan,upons@example.com,Cantabria,34
4937,Rosenda Almeida Bayón,gustavo21@example.com,Ourense,42
4938,Gema Priego,amoamerica@example.com,Álava,61
4939,Haydée Esteban Terrón,encarnita03@example.com,Almería,71
4940,Alejo Soler Garriga,jescudero@example.com,Melilla,51
4941,Ciriaco Horacio Grande Benitez,acevedopurificacion@example.net,Sevilla,64
4942,Amancio Miró Millán,garco@example.com,Ciudad,56
4943,Román Serrano Soto,palegre@example.net,Vizcaya,55
4944,Román Mendez Asensio,ponceodalis@example.org,Cantabria,35
4945,Camilo Mosquera,kcampoy@example.org,Ciudad,39
4946,Vicenta Varela Egea,micaela62@example.com,Tarragona,72
4947,Celestina Rodríguez Bellido,maria-manuela63@example.com,Pontevedra,49
4948,Nayara Román,gabaldonsara@example.org,Álava,26
4949,Jose Fuertes Torrens,soniamenendez@example.net,Ceuta,54
4950,Anabel Pagès-Manrique,allano@example.com,Tarragona,46
4951,Nydia Zaira Pozo Boix,amando03@example.net,Tarragona,42
4952,Marita Boix Peláez,domingo97@example.org,Barcelona,33
4953,Nydia Valentina Contreras Lledó,lupevillar@example.net,Huelva,57
4954,Pepito Doménech Dominguez,bautistafidela@example.com,Álava,32
4955,Ismael Avilés,maritapla@example.org,Almería,71
4956,Julia Goñi,begona61@example.com,Murcia,47
4957,Custodia Ordóñez Fabra,tnunez@example.com,Barcelona,65
4958,Teodora Bilbao Díaz,aurelio87@example.com,Tarragona,67
4959,Charo Hoyos,mauramartinez@example.org,Asturias,80
4960,Ibán Urrutia Tejero,cesar27@example.net,Málaga,57
4961,Pía Ribes,americaalvarez@example.net,Ciudad,55
4962,Martin de Villalba,delfinaisern@example.net,Cantabria,80
4963,Eusebia Antúnez Castelló,wfuentes@example.com,Segovia,68
4964,Anastasia Toro,nhigueras@example.com,Zamora,57
4965,Atilio Baquero-Montaña,soraya62@example.com,Alicante,61
4966,Araceli Mariscal Quintero,mercaderedmundo@example.net,Santa Cruz de Tenerife,59
4967,Tristán Páez Zamora,riosarmida@example.org,Ciudad,60
4968,Maricruz Mur Donaire,narcisocepeda@example.org,Asturias,50
4969,Mateo Pi Patiño,pedronatalio@example.net,Almería,65
4970,Rebeca del Roselló,pia21@example.org,Valencia,68
4971,Sebastian Báez Marí,angelinacompany@example.net,Badajoz,61
4972,Irma Salinas Calatayud,piedad82@example.net,Huelva,73
4973,Chelo Coello Ávila,vallsperla@example.com,Cantabria,59
4974,Úrsula Padilla Barragán,otiliaguerrero@example.com,Girona,75
4975,Macaria Aragonés Casals,ppavon@example.org,Asturias,37
4976,Adalberto Francisco Jose Marco Palma,agudoceferino@example.org,Ourense,22
4977,Noelia Reig Vilanova,spinedo@example.com,Navarra,74
4978,Teresita Sedano Dávila,aurelianomoliner@example.org,Toledo,70
4979,Natalia Castro Jimenez,guzmanconrado@example.com,Asturias,42
4980,Julio César Ferrer Esteban,uleal@example.com,Ávila,27
4981,Cloe Valentín Solís,hermenegildo13@example.com,Las Palmas,80
4982,Mónica Simó-Roldán,rosendo89@example.org,Albacete,51
4983,Tatiana Ureña Valls,jiniesta@example.org,Guipúzcoa,31
4984,Marciano Lloret Mate,sandalio33@example.org,Cantabria,21
4985,Cristian Ocaña Echeverría,smorcillo@example.org,Navarra,25
4986,Ariel Oller Valverde,casesdiego@example.com,Valencia,57
4987,Clementina Avilés Valverde,bernarda82@example.org,Navarra,62
4988,Hermenegildo Martí-Guardia,navarretedafne@example.com,Santa Cruz de Tenerife,49
4989,Bernardino de Gordillo,cloe60@example.com,Albacete,62
4990,Cristian Pablo Fonseca Flor,scamacho@example.net,Almería,60
4991,Plinio Sacristán Plana,benavidessarita@example.org,Málaga,52
4992,Teresa Ferreras Manuel,jose-angel66@example.com,Ceuta,23
4993,Aitor Vicente Ariza,carlosrocha@example.org,Granada,27
4994,Estrella Almudena Coronado Cuervo,florina64@example.org,Pontevedra,54
4995,Gerardo Baeza Batlle,gvalera@example.net,Murcia,24
4996,Balduino Salvador Jerez,daniela84@example.com,Asturias,72
4997,Noa María Cristina Arco Guitart,eliana36@example.com,Zaragoza,26
4998,Clímaco Perea-Barrena,dulce84@example.com,Murcia,60
4999,Araceli Ribera-Sanabria,luisa17@example.org,Ourense,26
5000,Máximo Molins Calderón,ogalvan@example.org,Navarra,46
5001,Edu Tejera Gonzalez,bernarditaexposito@example.org,Granada,41
5002,Ligia Gargallo Bejarano,lagobalduino@example.com,Guadalajara,80
5003,Aristides Estévez Pinedo,nicanormontalban@example.org,Santa Cruz de Tenerife,74
5004,Ariadna Baeza Arnaiz,jgaya@example.org,Murcia,62
5005,Marita Vilaplana-González,nicovalderrama@example.com,Guipúzcoa,66
5006,Andrés Felipe Carrera,wserna@example.com,Madrid,63
5007,Bonifacio Garcia Olivares,alberto34@example.org,Cantabria,74
5008,Genoveva Clemente Barberá,gvillegas@example.net,Zamora,52
5009,Emigdio Guillermo Delgado Roman,luna12@example.com,Castellón,23
5010,Amando Rubio Millán,wflor@example.net,Cádiz,59
5011,Teobaldo Gual,tudelafeliciana@example.org,Girona,26
5012,Catalina del Acevedo,vanesa28@example.com,Girona,47
5013,Alondra de Luís,sguzman@example.com,Álava,47
5014,Adrián Ródenas Codina,juan-luisnevado@example.com,Melilla,18
5015,Lorenza Saura Valenzuela,jaimepalau@example.com,Málaga,59
5016,Yago Ruiz Valderrama,bauzaafrica@example.org,Guipúzcoa,33
5017,Bárbara Gárate Barreda,pacifica34@example.net,Soria,75
5018,Benjamín Martin Bermejo,ujauregui@example.net,Asturias,20
5019,Alondra Manrique Terrón,planascarolina@example.org,La Coruña,67
5020,Bienvenida Amalia Leiva Calatayud,victor25@example.org,Vizcaya,27
5021,Balduino Alcalde Valcárcel,rvalverde@example.net,Palencia,36
5022,Blas Rey Río,lucholastra@example.org,Baleares,26
5023,Calixto del Ordóñez,luciana58@example.org,Lleida,74
5024,Isidoro Real,cabreromartina@example.com,Ourense,20
5025,Bernardita Monreal Olivares,yessicabolanos@example.com,Córdoba,21
5026,Mariano Marín Vicens,baronrosendo@example.net,Alicante,34
5027,Ismael del Rodrigo,oliveraantonio@example.org,Granada,61
5028,Ceferino Valderrama-Padilla,gacedo@example.com,Badajoz,50
5029,Lorenza Barros Palacios,egeaiker@example.com,La Rioja,68
5030,Cirino Menendez Sandoval,salomon92@example.org,Huelva,59
5031,Tadeo Jacinto Montoya Sánchez,lgimenez@example.org,Castellón,33
5032,Trinidad Casado-Quevedo,ignacioabella@example.net,Madrid,25
5033,Almudena de Benet,anastasio37@example.org,Granada,38
5034,Daniela Falcón Torre,ibanmanzano@example.com,Ciudad,47
5035,Darío Martí Albero,calista28@example.org,Lugo,67
5036,Julia Saavedra Iglesia,paulinomurillo@example.org,Pontevedra,21
5037,Javier Querol-Almansa,carmela98@example.net,Castellón,49
5038,Ciro Marco Iñiguez,moisescarmona@example.org,Salamanca,73
5039,Jonatan Larrañaga Artigas,angel69@example.net,Ceuta,64
5040,Emilia Barrena Ochoa,reina51@example.org,Santa Cruz de Tenerife,40
5041,Lucas de Figuerola,alejo78@example.net,Almería,69
5042,Kike Lobato Clemente,porfirio85@example.net,Barcelona,59
5043,Gerónimo Francisco Sevilla,ubecerra@example.com,Álava,46
5044,Toribio Sebastián Iniesta,augusto73@example.com,Zamora,70
5045,Jerónimo Sancho Borja,cserra@example.com,Huelva,21
5046,José Manuel Quero,jpoza@example.net,Navarra,41
5047,Curro Pérez Llabrés,lladoolegario@example.org,Teruel,69
5048,Florencio Aguilar Guardia,florentinaroig@example.com,Vizcaya,56
5049,Virginia Mancebo,manuizaguirre@example.org,Madrid,71
5050,Joan Estevez Morera,juan-bautista08@example.net,Jaén,19
5051,Jose Carlos Requena,inocenciofajardo@example.com,Zaragoza,27
5052,Ceferino Páez Sánchez,liniesta@example.org,Alicante,61
5053,Melisa Borrego Orozco,psancho@example.net,Badajoz,28
5054,Pili Gutierrez Domingo,oamador@example.org,Baleares,42
5055,Manu del Patiño,blanchitziar@example.org,Guadalajara,77
5056,Pelayo Benet Clavero,santamariavenceslas@example.net,Pontevedra,75
5057,Baltasar Cabanillas Albero,rociomontana@example.net,Girona,45
5058,Melisa Serrano Rincón,pozavalentina@example.com,Segovia,45
5059,Dulce Molins Heras,gema95@example.org,Sevilla,29
5060,Itziar Beltran,oramis@example.com,La Rioja,41
5061,Kike Córdoba Palomo,leandra09@example.com,Córdoba,39
5062,Galo Cabezas Segovia,decheverria@example.net,Cádiz,18
5063,Nadia Cuevas Salvador,jamigo@example.net,Toledo,61
5064,Viviana Juliá Hervás,xcerda@example.com,Pontevedra,24
5065,Jose Francisco Alcalde Larrañaga,lolatormo@example.net,Jaén,79
5066,Marisa Villanueva Toro,qdiez@example.net,Baleares,48
5067,Jose Luis del Barceló,candelas20@example.org,Melilla,77
5068,Darío Ferrando Almazán,bernarda46@example.org,Valencia,38
5069,Clarisa Delgado Barral,arcomacaria@example.org,Cantabria,37
5070,Jose Garmendia Enríquez,cesar78@example.org,Navarra,68
5071,Ramón Pinedo Parra,pedrorogelio@example.net,Valencia,20
5072,María Dolores Vicens Perez,xvillar@example.org,Huesca,30
5073,Ligia Otero-Albero,wcasas@example.org,Huesca,30
5074,Jordi de Pérez,nicodemocontreras@example.com,Ávila,61
5075,Tatiana Julián Novoa,nmariscal@example.net,Ceuta,67
5076,Juan Esparza Mateu,joantejera@example.net,Alicante,29
5077,Mónica Gelabert Salgado,chus72@example.com,Cáceres,80
5078,Soraya de Villa,luisplinio@example.org,Salamanca,77
5079,Dionisia Portillo Rosales,evaristofrancisco@example.net,Toledo,69
5080,Esther Ibañez Mayol,nicodemoblanch@example.net,Granada,58
5081,Gala Sandra Arnaiz Iglesia,mcortes@example.net,Badajoz,51
5082,Jose Ramón Mariño Soto,baltasarsanjuan@example.org,Alicante,34
5083,Magdalena Hoz-Navarrete,casadoelodia@example.net,Toledo,30
5084,Odalis Oliva Campoy,lbautista@example.org,Palencia,23
5085,Juan Pablo Girón Recio,anna68@example.com,Zamora,48
5086,Félix Armas Salamanca,alma94@example.net,Valladolid,63
5087,Jacobo Bou Tena,ortegahumberto@example.org,Ceuta,44
5088,Aránzazu Batlle Haro,angellalo@example.com,Baleares,65
5089,Francisco Jose Mesa Sanmartín,marcio93@example.net,Albacete,64
5090,Brígida Talavera-Moles,calfelipe@example.com,Ourense,29
5091,Florencia Serna,mireiacasal@example.org,Lugo,73
5092,Alex Raya,teodorollanos@example.org,Guipúzcoa,19
5093,Dani Calatayud Franch,emilia04@example.org,Asturias,75
5094,Olivia Débora Díez Atienza,toller@example.net,Tarragona,37
5095,Victorino Zaragoza,cervantesbernardino@example.org,Segovia,64
5096,Emiliano Rodríguez Villar,andres-feliperodenas@example.org,Málaga,40
5097,Araceli Becerra-Barrena,gblazquez@example.org,Barcelona,20
5098,Jose Manuel Cervantes Gil,juliearribas@example.net,Melilla,19
5099,Nando Cózar,kroca@example.com,Huesca,50
5100,Pascuala Aroa Sacristán Trujillo,nazaretblasco@example.net,Girona,37
5101,Marcio Sevilla Barba,elianapulido@example.com,Ceuta,34
5102,Ciro Rubio,paulallabres@example.org,Teruel,70
5103,Celestina Almeida Bayona,emigdio35@example.com,Teruel,29
5104,Yaiza Bilbao Carrasco,sevillateresa@example.org,Ciudad,67
5105,Ascensión Campoy Guardia,tcabrera@example.net,Cádiz,56
5106,Isa Estevez-Bauzà,navasdorita@example.org,Valencia,18
5107,Samanta Infante-Nevado,molinergalo@example.net,Álava,44
5108,Salvador Ojeda Pinedo,juan-luisecheverria@example.net,Murcia,40
5109,Fidela González Piñeiro,kdonoso@example.net,Baleares,65
5110,Leandro Nilo Martorell Plana,nherrero@example.net,Almería,49
5111,Apolinar Gárate Pallarès,bernarditanino@example.com,Álava,79
5112,Cruz Roldan,clarisa29@example.org,Girona,21
5113,Celestino Suarez-Morante,olivaaugusto@example.com,Jaén,52
5114,Isaac Casanovas,inmaculada54@example.net,Jaén,77
5115,Ismael Murcia Tamarit,pmendoza@example.net,Palencia,23
5116,Jacinto Wilfredo Gracia Giralt,jordan27@example.com,Ceuta,23
5117,Irene Paz Azorin,smas@example.com,Albacete,58
5118,Vito Batlle-Orozco,sabina07@example.com,La Rioja,43
5119,Xavier Carbó,yguzman@example.net,Madrid,75
5120,Abril Morillo Conde,hescobar@example.org,Segovia,44
5121,Plácido Quevedo Barrera,prudenciobatalla@example.com,Pontevedra,78
5122,Jimena Sans Castell,espadaamando@example.net,Granada,23
5123,Jose Manuel Toño Gimenez Llobet,amor59@example.org,La Coruña,52
5124,Alejandro del Solsona,hconesa@example.net,Segovia,38
5125,Olga Vaquero,herminio67@example.com,La Rioja,79
5126,Juan Bautista Alfredo Márquez Barco,agustinaorozco@example.org,Jaén,61
5127,Gabino Crespi Plana,aguedavazquez@example.com,Palencia,79
5128,Fernando Murcia Dueñas,manu51@example.org,Cuenca,77
5129,Iván Planas Ríos,gmanzanares@example.net,Toledo,36
5130,Gisela Baquero-Carpio,manu40@example.com,Huesca,44
5131,Jose Antonio Poza Lopez,aliagamaricela@example.net,Jaén,24
5132,Lilia María Manuela Cánovas Domínguez,emiliacruz@example.net,Navarra,52
5133,Chus Soler-Luján,antonioespinosa@example.net,Huelva,30
5134,Carmen de Cabezas,mgutierrez@example.org,Lugo,64
5135,Bonifacio Segarra Saldaña,figuerasleandro@example.net,Girona,42
5136,Anastasia de Pablo,pmayol@example.com,Teruel,44
5137,Dora Prudencia Andres Tejera,epalomo@example.net,Navarra,79
5138,Nadia Riquelme,arocaclemente@example.org,Alicante,67
5139,Hilario Nico Conde Milla,muletjuan-manuel@example.org,Sevilla,47
5140,Amada Perales Rojas,evita23@example.com,Guipúzcoa,61
5141,Cristian de Acero,martinezpascuala@example.net,Salamanca,80
5142,Aureliano Vara Quintana,primitivo37@example.net,Álava,24
5143,Teobaldo del Verdú,macariajaume@example.org,Baleares,65
5144,Filomena Mendizábal Farré,fnaranjo@example.org,Álava,80
5145,Lorenza Gomis Cabrera,raimundoexposito@example.org,Tarragona,61
5146,Adelina Bartolomé Batlle,ariadnadomingo@example.net,Las Palmas,47
5147,Luna Alfonso Tormo,cayetano66@example.net,Las Palmas,73
5148,Micaela Gaya Vega,ocervera@example.com,Guipúzcoa,23
5149,Fabián Chaparro Cañas,gervasio02@example.com,Santa Cruz de Tenerife,57
5150,Néstor Claudio Pareja Silva,emarti@example.com,Guadalajara,62
5151,Rosario Costa,quirino26@example.com,Álava,75
5152,Fabricio Guerra Garay,ucervera@example.com,Jaén,68
5153,Jose Antonio Heras Espada,galvezpaca@example.org,Melilla,18
5154,Marciano Jose Carlos Sierra Roselló,gvalenzuela@example.org,Guadalajara,37
5155,Goyo Gustavo Almazán Monreal,leyre57@example.org,Santa Cruz de Tenerife,48
5156,Daniel Jerez Montoya,arinoplinio@example.net,Sevilla,58
5157,Encarnación Garmendia-Vara,maximo35@example.org,Sevilla,73
5158,María Luisa Fonseca-Arrieta,carbajoramiro@example.org,Baleares,34
5159,Cristian Noguera Expósito,feliuramon@example.com,Alicante,20
5160,Gilberto Maximiano Paredes Zamorano,angelicaroldan@example.net,Valencia,23
5161,Martín Morell Diaz,santiagogervasio@example.net,Madrid,67
5162,Amaro Nevado-Carranza,ksainz@example.net,Alicante,58
5163,Isidoro Batlle-Vilar,dionisia15@example.com,Málaga,54
5164,Georgina Mesa,felipamarques@example.com,Navarra,62
5165,Amalia Esteve Cabanillas,coronabenet@example.com,Guipúzcoa,34
5166,Griselda Vicenta Ruiz Cabeza,vazquezamor@example.net,Melilla,25
5167,Jose Ramón Bautista Carvajal,pascuala83@example.org,Lleida,77
5168,Pastora de Cabrero,maria-jose10@example.net,Ourense,71
5169,Edu Tomás Pozuelo Bermejo,fabregatcristina@example.com,Guadalajara,73
5170,Anita Bravo Ledesma,verdugotito@example.org,Ourense,71
5171,Iker Soler Bernal,fulgencioarevalo@example.net,Granada,64
5172,Marcio Ureña Sánchez,menacornelio@example.org,Huelva,67
5173,Alejandra Reyes Vigil,federiconeira@example.org,Madrid,59
5174,Sebastian del Bertrán,perlita12@example.com,Lugo,20
5175,Pascual del Fuertes,beatrizvalenzuela@example.net,Valladolid,22
5176,Alejandro Luz Mancebo,ihierro@example.org,Ciudad,66
5177,Iris del Landa,clara47@example.org,Palencia,75
5178,Buenaventura Virgilio Garmendia Camacho,teofiloguardiola@example.net,Segovia,18
5179,Amado Comas,emma94@example.net,Cuenca,73
5180,Alba del Ferrando,valleluis@example.com,Castellón,18
5181,Mohamed Pedraza Salmerón,amador77@example.net,Álava,55
5182,Dan Toribio Sevillano Peiró,encarnacionjuan@example.net,Albacete,34
5183,Ligia Poza Herranz,ltorrens@example.com,Badajoz,44
5184,Ximena Seco,ricarda12@example.com,Girona,67
5185,Ligia del Olivera,castilloedgar@example.org,Huesca,32
5186,Clímaco Tena Acevedo,baquerogabino@example.net,Lugo,38
5187,Donato Alemany-Tamayo,marcioposada@example.org,Huesca,55
5188,Mariana Flor-Llorens,rouraerasmo@example.org,Cádiz,48
5189,Plinio Dionisio Sobrino Gil,cayetanabarbera@example.net,Pontevedra,65
5190,Alondra Trujillo Ferrando,uramon@example.org,Badajoz,75
5191,Emelina Cruz Gutierrez,iris18@example.net,Alicante,40
5192,Eutimio Abilio Tamarit Benavides,danmarquez@example.com,Ciudad,45
5193,Adela de Arcos,regueranatalio@example.com,Ávila,69
5194,Inocencio Vallés Gascón,kadadia@example.org,Melilla,26
5195,Pepita Carpio Gimeno,rvilalta@example.org,Cantabria,73
5196,Vicenta García Roman,leirefabra@example.org,Cáceres,56
5197,Josefina de Redondo,nicocarrion@example.org,Zamora,38
5198,Ester Villegas Mateu,wilfredolumbreras@example.net,Las Palmas,55
5199,Flavio Baró Diaz,revillanerea@example.com,La Coruña,47
5200,Yago Zamorano Pons,curromanjon@example.net,Barcelona,64
5201,Camilo Abellán-Zamora,jose-ignacio98@example.org,Segovia,44
5202,Loreto Abascal Gascón,estebanlobo@example.net,Burgos,50
5203,Adolfo Izquierdo-Fábregas,carolinabermejo@example.net,Albacete,24
5204,Marino del Coloma,poncio95@example.net,Badajoz,24
5205,Manu Prieto Cortés,xdaza@example.org,Navarra,63
5206,Gisela Ramis Criado,rosorio@example.com,Córdoba,30
5207,Natividad Palau Comas,corbachoangela@example.org,Pontevedra,49
5208,Maite Pou,vayala@example.net,Teruel,55
5209,Dan del Gras,cgalvez@example.net,Jaén,44
5210,Lorenza Sacristán Pla,oliverasantonia@example.net,Castellón,73
5211,Nico Cañellas Boada,holivera@example.net,Girona,34
5212,Candela Mónica Jerez Mármol,vbenavent@example.com,León,46
5213,Marc Lladó Vicente,celestino98@example.net,Las Palmas,62
5214,Nazario Pedrosa Escolano,sofia78@example.net,Girona,41
5215,Gracia Reguera Vélez,salinasmaxi@example.net,Jaén,69
5216,Hilario Huertas-Luz,bernardita89@example.org,Guadalajara,39
5217,Isidora Montoya Girón,huguetcebrian@example.org,Sevilla,40
5218,Prudencia Santamaria Alonso,araceliporras@example.org,Palencia,40
5219,Seve del Bartolomé,mariselanavas@example.com,Almería,64
5220,Enrique Redondo-Pedraza,elodiabeltran@example.net,Granada,64
5221,Cloe Becerra,emmablanes@example.org,Segovia,56
5222,Carmen Cervantes,waguilo@example.com,Pontevedra,55
5223,Cristian de Tovar,rogeliopalmer@example.net,La Coruña,79
5224,Cirino Tena,maxima85@example.org,Badajoz,76
5225,Teobaldo Mora Garriga,juan-pablolujan@example.com,Ourense,64
5226,Raquel Domitila Torrijos López,gustavopujadas@example.net,Alicante,35
5227,Trini Amigó Pujol,pacaboix@example.org,Cuenca,40
5228,Andrés Abril Vila,ddiaz@example.com,Cuenca,53
5229,Ceferino Ropero Tolosa,ymur@example.org,Álava,24
5230,Celestina Chamorro-Ríos,xblazquez@example.org,Málaga,71
5231,Florencia Teruel Millán,custodia57@example.net,Madrid,59
5232,Luisina Company Redondo,juanito87@example.org,Salamanca,57
5233,Marcela Batlle Piña,gloria58@example.com,Sevilla,22
5234,René Tomé Bueno,felipa35@example.net,Pontevedra,49
5235,Anita Taboada Batalla,adelaida41@example.net,Palencia,79
5236,Custodio Nacio Tejada Arnau,chita98@example.org,Teruel,77
5237,Clemente Giralt Báez,narciso05@example.net,Madrid,27
5238,Juan José Sanmiguel-Ferrándiz,ferrerascristobal@example.org,Baleares,76
5239,Nélida del Sastre,franciscofarre@example.net,Toledo,65
5240,Mariana Durán Pellicer,turgeronimo@example.org,Santa Cruz de Tenerife,37
5241,Esmeralda Bonet Juliá,taniamonreal@example.net,Sevilla,44
5242,Ciro Ignacio Miranda Casanovas,eblazquez@example.net,Sevilla,44
5243,Angélica Odalys Pujol Carbonell,canalessusanita@example.com,Jaén,36
5244,María Ángeles Aliaga Arroyo,ecarballo@example.net,Zamora,26
5245,Nayara Egea Sarabia,fatima76@example.org,Soria,76
5246,Luciano Piñol Martí,duenasnestor@example.com,Zamora,37
5247,Maximino Mercader Cerro,flaviopalacios@example.com,Granada,37
5248,Alfredo Valbuena Herranz,oamores@example.org,Lleida,41
5249,Ismael Company Martin,lucenagonzalo@example.com,La Rioja,33
5250,Débora Salom Alberdi,ccuenca@example.com,Vizcaya,25
5251,Rita Landa,bautista63@example.com,Burgos,52
5252,Diana Alcalde Rosa,asuncionespejo@example.net,Granada,67
5253,Gerardo Gonzalo Batlle Manuel,elicarranza@example.com,Sevilla,61
5254,Fito Castell Acevedo,avilaazeneth@example.net,La Rioja,22
5255,Rocío Juanita Andrade Cabeza,maria-angeles15@example.org,Girona,58
5256,Roberta Salvador Paniagua,jenny17@example.com,Lleida,69
5257,Áurea de Colomer,blascastrillo@example.com,La Rioja,27
5258,Amparo Mir Diéguez,cprieto@example.org,Alicante,76
5259,Manola Villena Palomar,ambar94@example.org,Barcelona,64
5260,Rufino Cases Mercader,osoriojose@example.org,Lleida,33
5261,Maximino Rovira Marco,damianpont@example.com,Girona,44
5262,Alba Malo-Martorell,encarnacion02@example.org,Cáceres,40
5263,Florinda Noguera Cervantes,edu10@example.net,Álava,68
5264,Benito Cobo Ledesma,marina70@example.com,Segovia,22
5265,Jorge Toro,herranzyesica@example.com,Salamanca,70
5266,Ezequiel Vendrell,gaspar36@example.com,Lugo,78
5267,Herminia Jove-Donoso,rodolfo92@example.net,Barcelona,69
5268,Cándida Huertas-Perez,gomiseutropio@example.com,Girona,37
5269,Nilda Castell,evita62@example.com,Toledo,54
5270,Maximiliano Isaías Arias Alonso,esmeraldacampillo@example.org,Zamora,35
5271,Guadalupe Tomé Parra,avilaaraceli@example.com,Almería,80
5272,Jorge Ballesteros-Lloret,azucena45@example.com,Salamanca,27
5273,Casemiro Arce,trinidadtalavera@example.com,Ciudad,75
5274,Rosa María Alejandra Camino Montero,sampertimoteo@example.net,Málaga,65
5275,Paola Aragonés Amo,wsanabria@example.com,Guipúzcoa,19
5276,Horacio Vigil Izquierdo,sofia77@example.net,Almería,28
5277,Rodolfo Geraldo Marqués Romeu,hipolito83@example.net,Toledo,43
5278,Hilario Horacio Pardo Costa,parracrescencia@example.net,Santa Cruz de Tenerife,46
5279,Bonifacio de Prada,aroma@example.org,La Rioja,47
5280,Mauricio Perera Baquero,aaronbuendia@example.net,Girona,62
5281,Yolanda Campos Álamo,marinoserafina@example.com,Ceuta,68
5282,Maxi Castejón Ferrando,ijuan@example.org,Córdoba,60
5283,Ainara Ferrera-Losa,candelario81@example.org,Córdoba,76
5284,Felipa Águila Donaire,porrasesther@example.org,Huelva,51
5285,Dafne Maza,rcarrillo@example.org,Guipúzcoa,28
5286,Luciano Palomar Beltrán,oliviazapata@example.net,Tarragona,64
5287,Yaiza Peralta Aller,olegario56@example.org,Melilla,62
5288,Nazaret Arcos Fuente,vicentamurillo@example.net,Segovia,31
5289,Pelayo Barrio,saludcaro@example.com,Soria,25
5290,Leyre Sobrino Barba,tarribas@example.org,Cádiz,29
5291,Máxima Valenzuela-Chacón,clotildeleal@example.com,Huesca,29
5292,Ramiro Bolaños Río,martiriolamas@example.net,Murcia,49
5293,Manu Barberá Martin,alejotejedor@example.org,Cáceres,76
5294,Juan Cortés Montenegro,codinasandalio@example.net,Baleares,48
5295,Anunciación Arnau Blanes,maximino90@example.net,Barcelona,21
5296,Norberto Ferrero Parejo,tejadaalondra@example.org,Barcelona,46
5297,Hilda Cánovas-Álvarez,apombo@example.net,Valladolid,69
5298,Marisela Neira Zamora,galo60@example.net,Sevilla,58
5299,Cintia Flores Sacristán,ibanburgos@example.org,Zamora,38
5300,Marcos Higueras Dominguez,odalyslanda@example.org,Huesca,34
5301,Eleuterio del Ferrán,qbarral@example.com,Valladolid,30
5302,Amanda Pellicer,earaujo@example.net,Palencia,64
5303,Manolo Aragonés Zaragoza,nereadiaz@example.com,Zamora,76
5304,Amílcar Peña Gascón,chemacastilla@example.com,Zamora,23
5305,Montserrat Sotelo,miguelbenito@example.net,Barcelona,42
5306,Victoria Doménech Goicoechea,martinreguera@example.org,Navarra,76
5307,Petrona de Sancho,gsantos@example.com,Asturias,70
5308,Ricardo Borja Rodriguez,humberto62@example.org,Burgos,41
5309,Emigdio Falcón Serra,zamoranobenigna@example.net,Ávila,37
5310,Chelo Juliá Larrea,gamores@example.net,Barcelona,65
5311,Máxima Reina Vendrell,alcoleafulgencio@example.org,Castellón,67
5312,Sandalio Guardiola Barco,ainoa11@example.com,Huesca,76
5313,Begoña Campoy Flores,aroazapata@example.com,Alicante,26
5314,Fortunato Ferrer,alfonsoaparicio@example.com,Soria,63
5315,Vicenta Jara Company,ileanacabo@example.org,Tarragona,63
5316,Lupe Cruz Miranda,roselleliseo@example.com,Jaén,55
5317,Lina Muro Carmona,nalarcon@example.org,Granada,72
5318,Lino Hoyos Garriga,gantunez@example.com,Asturias,65
5319,Judith Paula Sanabria Luís,armasprimitiva@example.org,Zamora,28
5320,Ciro Belda,suredavicente@example.net,Murcia,47
5321,Cecilia Olivé,maria49@example.com,Valencia,67
5322,Victoria Macarena Morales Delgado,andradealbino@example.net,La Rioja,49
5323,Juan Bautista Barriga,hgomez@example.com,Valencia,76
5324,Rosario de Giralt,nievesbenito@example.net,La Rioja,60
5325,María Teresa Revilla-Oliva,dsarmiento@example.net,Salamanca,25
5326,María Belén Cecilia Llanos Sanchez,tecla25@example.net,Melilla,75
5327,Juan Manuel Bueno,zbueno@example.net,Lleida,56
5328,Bienvenida Casals Cepeda,hlledo@example.net,Asturias,39
5329,Cruz Roca Andres,asureda@example.org,Santa Cruz de Tenerife,38
5330,Fabián Ponce Macías,ygoicoechea@example.com,Zamora,32
5331,Nico Frutos,hbarrera@example.org,Guipúzcoa,65
5332,Susana Ramis Taboada,fporcel@example.com,Girona,36
5333,Adoración Rueda,nazaret38@example.org,Girona,25
5334,Cristian del Riba,amor78@example.org,Pontevedra,29
5335,Conrado Romero Guardiola,maldonadoascension@example.com,Cáceres,32
5336,Ascensión Pelayo-Fernández,asdrubal50@example.com,Jaén,46
5337,Aurelio Rivero Llanos,gimenezflorentino@example.net,Córdoba,74
5338,Manola Calderon Martinez,casaljoel@example.com,La Coruña,37
5339,Amílcar Asdrubal Rosado Saldaña,teodosiogalvan@example.org,Burgos,66
5340,Jacobo Esteban-Boix,espanolamarilis@example.net,Ourense,77
5341,Febe Felicidad Prieto Benito,geraldo01@example.net,Murcia,50
5342,Eloy Castilla Calderón,fabriciobernad@example.com,Cáceres,20
5343,Evita Cepeda,martirio33@example.com,Zamora,38
5344,Primitiva del Trujillo,jviana@example.net,Burgos,57
5345,Beatriz Ripoll Castro,mascaroevangelina@example.net,Sevilla,58
5346,Perlita Tenorio Benavent,rgoni@example.net,Teruel,80
5347,Ricarda Maza Vallejo,gisela89@example.com,Melilla,62
5348,Elpidio Florentino Barba Carbó,wmarin@example.org,Castellón,25
5349,Álvaro del Portero,lagobaltasar@example.net,Huesca,18
5350,Horacio Lladó Azorin,cloebaro@example.com,Castellón,68
5351,Rodrigo Tudela,florentina37@example.com,Sevilla,33
5352,Lucas Ochoa Solana,jose-antoniogaliano@example.net,Asturias,38
5353,Poncio Paredes Asensio,sernaconrado@example.net,Córdoba,51
5354,Rosa Iglesia Cañete,claudia00@example.net,Melilla,22
5355,Valentín Mulet,pedrosaelisa@example.com,Sevilla,61
5356,Ámbar Esparza Somoza,joanangulo@example.net,Palencia,56
5357,Cristina Cornejo Riera,nfolch@example.org,Cantabria,48
5358,José Manuel Alfonso-Reina,monicateruel@example.com,Ourense,77
5359,Rosario Lisandro Isern Abellán,khigueras@example.com,Zaragoza,18
5360,Virginia de Cueto,mariscalbenigna@example.com,Huesca,36
5361,Luisa Merino Goicoechea,fpla@example.com,La Coruña,78
5362,Natanael Ángel-Cisneros,isidroverdugo@example.org,La Coruña,20
5363,Natividad Porta Peña,nazario74@example.com,Teruel,71
5364,Edmundo de Azcona,bertoescriva@example.com,Álava,43
5365,Selena Ayllón Barón,egallo@example.com,Cuenca,59
5366,Julieta Cordero Hernando,xcobos@example.org,Madrid,56
5367,Timoteo Ortiz Barón,ramonencarnita@example.net,Segovia,59
5368,Gertrudis Llabrés Corral,hsaura@example.org,Ourense,38
5369,Úrsula del Valenciano,martinamaya@example.net,Zamora,24
5370,Zacarías de Llanos,veraoctavia@example.net,Girona,26
5371,Rafael Vazquez Salgado,bmiguel@example.com,Palencia,29
5372,Elvira del Pineda,ramonojeda@example.org,Granada,24
5373,Berta Bermúdez-Codina,morerachucho@example.com,Soria,23
5374,Celestino Chico Cerdá,jose-migueltorre@example.org,Valencia,74
5375,Teresa Gertrudis Vilaplana Lasa,loreto84@example.net,Tarragona,54
5376,Agustina Carmona Nebot,ublanco@example.org,Valladolid,18
5377,Sebastian Roura Almagro,fmascaro@example.com,Córdoba,79
5378,Ramona Manso Bueno,uriarteluis-angel@example.org,Lugo,70
5379,Victoriano Soria Jordán,pujadasagustin@example.com,Córdoba,48
5380,Clementina Coll,abigail25@example.net,Soria,37
5381,Concepción Hernández Jódar,ncolomer@example.com,Salamanca,30
5382,Joel Pla Sarmiento,bejaranogracia@example.org,Sevilla,57
5383,Yésica Caro-Rius,africa90@example.net,Alicante,55
5384,Mateo Estévez Mayo,bgranados@example.org,Asturias,21
5385,María Manuela Robledo Ferrero,juan-luisagullo@example.net,Álava,54
5386,Luis Ángel Merino Zabala,gmerino@example.net,Badajoz,45
5387,Antonia Carro Tejera,pcarbonell@example.com,Jaén,47
5388,Virgilio Heredia Rojas,ycarranza@example.net,Ceuta,50
5389,Jose Angel Cárdenas Plaza,hildapatino@example.net,Cantabria,22
5390,Rufina Sans Casals,groig@example.net,Vizcaya,29
5391,Olimpia Bosch-Álvaro,severinorueda@example.net,Soria,41
5392,Regina Ródenas Nieto,desiderio19@example.com,Alicante,49
5393,Gala Aguilar Álamo,rubioolimpia@example.net,Melilla,58
5394,Eusebio Quintero Nevado,pferrando@example.com,Toledo,74
5395,Amador Anguita Tirado,cruz46@example.com,Cádiz,31
5396,Emilia de Ponce,angelitalobato@example.com,Santa Cruz de Tenerife,19
5397,Adán Javier Larrea Portillo,westevez@example.org,Vizcaya,36
5398,Ramón del Múgica,gmoliner@example.com,Ávila,77
5399,Tito Valenciano Núñez,elbapineiro@example.org,Teruel,20
5400,José Daza Carballo,sarafortuny@example.net,Castellón,57
5401,Tecla Campoy Adán,nunezruperta@example.net,La Coruña,65
5402,Juana Amaya,melerohector@example.com,Sevilla,63
5403,Flavio Pol Pedrero,mrio@example.com,Zamora,79
5404,Teobaldo Mur-Donaire,balaguerlorenza@example.org,Valencia,68
5405,Consuela Tejero,cmorcillo@example.net,Albacete,67
5406,Victor Salgado Zaragoza,ocanajenny@example.net,Badajoz,18
5407,Ramona Portillo Ariza,corraldelfina@example.org,Álava,77
5408,Florina Ortuño-Bermúdez,amadobravo@example.org,Santa Cruz de Tenerife,76
5409,Glauco Juan Bautista Barrio Oliva,candelaria44@example.com,Cáceres,79
5410,Claudia Guzmán Molina,luis66@example.net,Palencia,30
5411,Cecilia Valencia Aragonés,mgrande@example.com,Lleida,20
5412,Nacio Vilar Marti,fernandezrodolfo@example.net,Zamora,78
5413,Emigdio Diaz,leocadioaroca@example.net,León,60
5414,Albano Bermúdez,palomaresrita@example.org,Zamora,46
5415,Ximena Diez Sotelo,murvasco@example.com,Lugo,40
5416,Ángel Plácido Nogués Carrasco,noguesrogelio@example.org,Valladolid,62
5417,Aroa Nadal-Nogués,edu33@example.org,Ciudad,68
5418,Maximiano Ruben Rosselló Rosell,urbano80@example.com,Pontevedra,52
5419,Emiliana Casal Ríos,martinezcustodio@example.net,Málaga,63
5420,Geraldo Castellanos-Navas,nicolas58@example.net,Huelva,57
5421,Flavia Bermudez Agudo,reina11@example.net,Sevilla,37
5422,Ester Criado Sáenz,vera67@example.net,Cádiz,80
5423,Leire Nicolasa Toledo Alvarado,avilesyesica@example.org,Murcia,71
5424,Encarna Vendrell Cobos,mohamed18@example.org,Guadalajara,33
5425,Dora Torres Quiroga,hrobledo@example.org,Pontevedra,37
5426,Máxima Lopez Ariño,wilfredo20@example.net,Burgos,59
5427,Santiago Tomás-Vallés,serafina06@example.org,Álava,79
5428,Elba Fajardo Bayona,candidasevillano@example.com,Santa Cruz de Tenerife,31
5429,Rocío Ballester Quesada,juan-jose44@example.com,Zaragoza,76
5430,Gabriel Salvà Sola,leirealmeida@example.net,Burgos,55
5431,Lorenzo Pozo Mendizábal,amayachuy@example.org,Córdoba,22
5432,Rosario del Mariño,trujilloestrella@example.com,Badajoz,58
5433,Chelo Francisco,estevezmoises@example.com,Pontevedra,32
5434,Marcela Sola,crescencia93@example.net,Ourense,68
5435,Julio Coll-Hernández,alarconabraham@example.org,Huelva,66
5436,Elodia Marti Carreño,teresita44@example.org,Pontevedra,37
5437,Eleuterio Ferrándiz Granados,domingoballester@example.com,Murcia,28
5438,Cornelio Amador-Estévez,duenasmiguel-angel@example.com,Girona,58
5439,Maximino Casals,orianavilaplana@example.net,Albacete,30
5440,Rafa Virgilio Higueras Santiago,rduque@example.com,Huelva,39
5441,Aarón Adán Hoyos,bernarditamanuel@example.net,Ceuta,79
5442,Candela Anglada Báez,xavier65@example.net,Barcelona,38
5443,Almudena Martí Marquez,rafaelatejera@example.com,Lleida,27
5444,Ramiro Martorell Gomis,castellandrea@example.org,Lugo,20
5445,Felicidad Luján Ugarte,urrutiavioleta@example.com,Zamora,27
5446,Apolinar Osorio Lumbreras,candida29@example.net,La Coruña,22
5447,Marcelino de Zamora,rafarozas@example.com,Melilla,37
5448,Soledad Oliver Calzada,paolasoria@example.org,Cádiz,80
5449,Úrsula Pepita Iriarte Godoy,nidiasierra@example.com,Córdoba,29
5450,Odalis Viana Vara,cintia51@example.org,Murcia,70
5451,Francisco Jose Díaz Riera,lumbrerasteodora@example.org,Santa Cruz de Tenerife,21
5452,Amparo Vera Botella,canteroeutimio@example.net,Soria,75
5453,Paco Cervera Adán,urevilla@example.com,Cáceres,31
5454,Gema Bustamante Bermudez,sabasgalan@example.com,Teruel,43
5455,Efraín Lago Cid,aitanatorrens@example.net,Badajoz,52
5456,Cleto Fiol Estevez,qabellan@example.com,Cádiz,71
5457,Santos Losa Arjona,svalles@example.net,Guadalajara,58
5458,Efraín Hernández Alcaraz,claudiopalacios@example.net,Córdoba,24
5459,Eloísa Cañizares Palau,gloria35@example.com,Álava,64
5460,Nydia Chamorro Cabo,zabaletalazaro@example.net,Navarra,22
5461,Soledad del Llopis,pcalatayud@example.com,Zaragoza,78
5462,Victor Querol Godoy,nataliopaez@example.net,Alicante,32
5463,Maribel Cabezas,taniaespejo@example.com,Tarragona,31
5464,Eva Martorell Comas,dcerezo@example.net,Soria,48
5465,Benigna Palmer Bonilla,qblanco@example.net,Girona,68
5466,Ildefonso Artigas Cueto,moralesjulie@example.org,Madrid,56
5467,Fabio Carrera Plaza,evalenciano@example.com,Guadalajara,29
5468,Catalina Mir-Francisco,rayalazaro@example.com,Almería,39
5469,Eliseo Madrigal Ugarte,benaventbasilio@example.org,Zamora,77
5470,Amalia Torrens Jaume,bcaro@example.com,Asturias,71
5471,Adoración Azahara Lago Márquez,juan-josecrespi@example.net,Las Palmas,80
5472,Leopoldo Verdejo Moraleda,pinedoalbino@example.net,Pontevedra,79
5473,Samu Mercader Escalona,pintoelena@example.com,Baleares,24
5474,Albert Alberto Palomino,uchaparro@example.com,Albacete,78
5475,José Antonio Zaragoza Lumbreras,maristela34@example.net,Salamanca,39
5476,Maxi Pardo-Báez,loidamerino@example.net,Segovia,33
5477,Sofía Mendizábal Mascaró,irios@example.org,Guipúzcoa,66
5478,Anunciación Sancho Ballester,climaco79@example.org,León,35
5479,Cándida Doménech Álamo,adelia85@example.com,Segovia,56
5480,Gertrudis Cabanillas Jerez,evamatas@example.org,La Rioja,33
5481,Iván Toledo,zairaosorio@example.net,Valencia,46
5482,Lupe Castilla Parejo,galloteodora@example.com,Valencia,77
5483,Adelia Concha Pol Villanueva,edgardo43@example.com,Girona,38
5484,Juan Carlos Gomez Miranda,tmoraleda@example.net,León,68
5485,Luis Victoriano Perez Díez,ignaciocastilla@example.com,Almería,23
5486,Luís Jimenez,palmerjose-ramon@example.net,Barcelona,28
5487,Alejandra Montalbán-Figuerola,bropero@example.org,Pontevedra,33
5488,Sebastian Bravo Villalba,halmazan@example.com,Cuenca,57
5489,Damián Pina Ibarra,wandres@example.net,Zamora,27
5490,Amado Mariscal Solís,teodosio91@example.org,Sevilla,57
5491,Mohamed Casado,bsedano@example.net,Huesca,56
5492,Ariadna Gonzalo Roldán,tomasguiomar@example.net,Toledo,76
5493,Flavio Rivas-Guzman,tzaragoza@example.net,Sevilla,79
5494,Vito Rubio Llopis,marcosandres@example.net,Huesca,39
5495,Alejandra Vera Corominas Cabrera,luz97@example.com,Burgos,40
5496,Guiomar Escalona Puente,tadeocalvet@example.org,León,33
5497,Albano Ordóñez,aitorlarranaga@example.net,Almería,69
5498,Haydée Andrade Jara,baronisaac@example.net,Santa Cruz de Tenerife,60
5499,Marisa Gimeno-Parejo,jose-antonio29@example.com,Madrid,18
5500,Roxana Carlota Villar Duarte,tfolch@example.com,Cádiz,34
5501,María Jesús Pedro,falcondiego@example.com,Santa Cruz de Tenerife,30
5502,Roxana Candelaria Lledó Márquez,anselmo28@example.net,Las Palmas,42
5503,Onofre Burgos Amores,velezflorentino@example.net,Lleida,39
5504,Juan Pablo Madrid,delfinaripoll@example.org,Soria,80
5505,Cirino Mateo-Zamorano,rogelioortuno@example.com,Cádiz,49
5506,Carmelita Agustín Sarmiento,rosariopuig@example.org,Córdoba,79
5507,Rita Reyes Morata Torre,asuncion70@example.org,Salamanca,41
5508,Juliana Zaida Conde Alberto,bilbaohector@example.net,Jaén,80
5509,Nuria Gonzalo Calvo,kcabrero@example.org,Guipúzcoa,63
5510,Julio Arana,martinalejo@example.com,Guadalajara,68
5511,Rita Peñas,pmarmol@example.com,Alicante,44
5512,Iván Cabello Perea,flora68@example.net,Guipúzcoa,19
5513,Amando Llopis Cánovas,hidalgoestela@example.com,Segovia,80
5514,Hipólito Palma Pedrero,buenoedgardo@example.org,La Coruña,53
5515,Mirta Falcó Pedro,ubarrio@example.com,Tarragona,60
5516,Ruben Carpio Calvo,ecastell@example.net,Ourense,78
5517,Octavia Andrés Moya,paulino34@example.com,Toledo,26
5518,Toribio Torrents Cid,tomasferrer@example.net,Tarragona,20
5519,Renato Cabello Hurtado,clarisabilbao@example.com,Cádiz,26
5520,Emiliana Paredes Quirós,amor45@example.com,Álava,78
5521,Eliana de Montserrat,juliaaramburu@example.net,León,27
5522,Guiomar Jaume Valderrama,graciano74@example.org,Santa Cruz de Tenerife,67
5523,Iván José Luis Tena Vergara,simon29@example.net,Melilla,39
5524,Constanza Escudero-Quesada,baltasar89@example.com,Ourense,32
5525,Alfonso Cal Rocha,dionisiatur@example.org,Soria,31
5526,Noé Lasa Barrios,franchbernarda@example.org,La Rioja,35
5527,Jacobo Peralta Jove,fabricio23@example.com,Ávila,55
5528,Sonia Robles Escribano,bernardaverdu@example.org,Lleida,25
5529,Jennifer Esteve,florenciobarrio@example.org,Ávila,35
5530,Juan Francisco Morán,cbolanos@example.net,La Coruña,33
5531,Celestino Crespi Hervás,casandrafrancisco@example.net,Cantabria,22
5532,Aitana Molins Badía,oavila@example.com,Ourense,40
5533,Evangelina Camacho Girona,yesicalluch@example.org,Melilla,61
5534,Esmeralda María Gargallo Bárcena,guillermo51@example.org,Cantabria,24
5535,Eric Pou Paredes,anacletoabella@example.net,Teruel,40
5536,Concha Matas,albertovillena@example.org,Las Palmas,68
5537,Marcial Segura Blasco,noriegaflorina@example.org,Tarragona,44
5538,Eligia Azorin Maza,hernandezvalentin@example.com,Jaén,68
5539,Fermín de Cabañas,roxana04@example.com,Ciudad,70
5540,Reyes Balaguer Gil,felipapino@example.com,Granada,47
5541,Josefina Roberta Cuéllar Conesa,jaraeugenia@example.com,Guadalajara,49
5542,Jose Torrent Daza,aurarosado@example.net,Castellón,38
5543,Flavio Falcón-Querol,janton@example.org,Córdoba,52
5544,Paca de Francisco,eric13@example.org,Asturias,47
5545,Odalys Carmina Ferrera Contreras,gilabertcirino@example.org,Teruel,46
5546,Azahar Vazquez Roldán,jose-ramonamigo@example.org,Cantabria,28
5547,Úrsula Asensio Serna,qfonseca@example.com,Pontevedra,51
5548,Iván Salinas Tejedor,quirosisidora@example.net,Zaragoza,34
5549,Amor Torrijos-Juárez,castanedaisaura@example.com,Alicante,26
5550,Crescencia Gomis Samper,hoyosprimitivo@example.org,Navarra,58
5551,Apolonia Almudena Castro Valenzuela,aguerra@example.org,Palencia,36
5552,Corona Recio Carlos,gonzalopeiro@example.org,Ciudad,72
5553,José Mari Benavides-Puente,febeleon@example.com,Pontevedra,30
5554,Adriana Sáenz-Rebollo,piedadcobos@example.com,Huesca,70
5555,Catalina Espejo Bueno,kmarquez@example.net,Málaga,24
5556,Evita Nogués-Olivé,donato33@example.com,Burgos,57
5557,Angelita Ayala Vélez,condevenceslas@example.net,Zaragoza,51
5558,José Rius Camps,pia26@example.org,Valencia,52
5559,Palmira Gascón Estevez,yprado@example.com,León,74
5560,Natalia del Lago,agata04@example.com,Valencia,79
5561,Bibiana Rosales Durán,salmeronmariano@example.com,Cáceres,42
5562,Roberto Vidal Cabañas,mvega@example.net,Ceuta,41
5563,Filomena Xiomara Campos Isern,alcoleavalero@example.org,Huesca,75
5564,Lorenza Cabanillas Escamilla,sigfridoexposito@example.com,Ceuta,78
5565,Violeta Lobo Chico,pnadal@example.com,Cantabria,44
5566,Jovita Roig Menendez,vamat@example.com,Zamora,43
5567,Bautista Palacio,suredaruben@example.com,Melilla,26
5568,María Jesús Vera,linamiralles@example.org,Pontevedra,37
5569,Jose Francisco Bernal Pina,earoca@example.net,Madrid,45
5570,Cipriano Cornejo Báez,eduardosanmiguel@example.net,Sevilla,31
5571,Tadeo Polo,zvazquez@example.org,Huelva,40
5572,Adriana Torralba,hcasanovas@example.org,Vizcaya,54
5573,Ruperto Manjón Campos,talegre@example.org,Badajoz,30
5574,Juan Carlos Villar,caridad29@example.net,Lugo,78
5575,Segismundo Escalona Quintana,liliacarmona@example.com,Badajoz,78
5576,Loreto Velasco Heras,blascoclaudia@example.net,Albacete,38
5577,Ariel Lago Díaz,darmengol@example.com,Álava,23
5578,Maricruz de Cordero,ferreraslorena@example.com,Asturias,37
5579,Tiburcio Terrón Ribes,albinosalva@example.net,Teruel,75
5580,Esther Rodrigo Fuentes,galasolano@example.net,Ciudad,40
5581,Silvio Coloma Barral,arcosaturnina@example.org,Murcia,37
5582,Nydia Perlita Marin Camps,alonsoreal@example.org,Toledo,76
5583,Abel Corbacho-Francisco,cresposol@example.org,Melilla,79
5584,Manu de Herrera,pastorafalcon@example.net,Vizcaya,29
5585,Dulce Rodriguez-Mendoza,olivia68@example.com,Guipúzcoa,76
5586,Candelaria Perez-Gibert,fortunato33@example.org,Pontevedra,59
5587,Andrés Leoncio Robledo Querol,qosuna@example.net,Cuenca,72
5588,María Ángeles Cabañas Azorin,hierromodesto@example.net,Guadalajara,36
5589,Corona Bertrán-Montoya,ivanferrer@example.com,Tarragona,78
5590,Chucho del Cabanillas,ripollsilvio@example.net,Tarragona,42
5591,Calixto Izquierdo Viñas,paco94@example.com,Almería,26
5592,Manu Azorin,ramirezmarino@example.net,Melilla,18
5593,Aarón de Cerezo,fortunypelayo@example.com,Guadalajara,23
5594,Francisco Folch Rico,romajaviera@example.com,Castellón,31
5595,Macaria Candelaria Roldan Baquero,rosa47@example.net,Álava,67
5596,Esther Salgado Jaume,barraganraquel@example.org,Córdoba,34
5597,Néstor de Navas,zoraida91@example.net,Valladolid,60
5598,Fabricio Huguet Boada,luisbarcelo@example.com,Segovia,36
5599,Ainoa Guillén-Cases,dbotella@example.org,Murcia,28
5600,Martín Querol Ríos,acunageraldo@example.org,Cuenca,28
5601,Candelario Cabanillas Pagès,porcelmanu@example.org,Las Palmas,56
5602,Palmira Pou-Valera,izquierdoanacleto@example.org,Castellón,60
5603,Isa Quintanilla,ferrandeznieves@example.com,León,26
5604,Ramón Lumbreras Cueto,osarabia@example.org,Málaga,33
5605,Horacio Ángel Arnaiz Lillo,amorosascension@example.com,Sevilla,66
5606,José María Lastra Luz,leopoldo09@example.com,Ceuta,57
5607,Nacho Lucho Salgado Fernández,romulo70@example.com,La Rioja,44
5608,Ascensión Nicolasa Macias Carro,itziar24@example.net,Sevilla,38
5609,Rita Iniesta-Doménech,alondra41@example.org,Guipúzcoa,79
5610,León Vall-Estevez,asuncionlucena@example.net,Zaragoza,37
5611,Maricela Borrego Peláez,perla51@example.net,Albacete,30
5612,Tere Murillo Vidal,ifrutos@example.net,Tarragona,74
5613,Segismundo Nuñez Guzman,buenaventura26@example.org,Sevilla,64
5614,Martin Solana Echevarría,rubenruano@example.org,Ciudad,27
5615,Florentino Aguilera,concepcion07@example.com,Castellón,23
5616,Ruy Millán,pacocaro@example.net,Vizcaya,76
5617,Vito Company Boix,clara17@example.net,Vizcaya,22
5618,Herminia Aguilera Carro,pioflores@example.org,Badajoz,57
5619,Rosalinda Ramos-Huerta,veraheriberto@example.org,Guipúzcoa,58
5620,Apolonia del Garriga,juanasalgado@example.com,Barcelona,75
5621,Elvira Ayala,aureacarrasco@example.com,Granada,65
5622,Rico Zamorano-Marco,dborrego@example.com,Palencia,32
5623,Víctor Gual Real,lmanrique@example.org,Teruel,77
5624,Piedad Elorza Iborra,telmo37@example.org,Melilla,19
5625,Félix Borrell Zaragoza,domitila13@example.org,Zamora,53
5626,Lorenzo Beltrán Pedro,ygarcia@example.org,Salamanca,48
5627,Jovita Querol Anglada,aranzazusaenz@example.net,Murcia,25
5628,Gastón Higueras-Solera,galvezgracia@example.org,Zaragoza,41
5629,Javier Guerra Bellido,manriquechema@example.org,Ciudad,35
5630,Cloe Amador,america59@example.org,Baleares,39
5631,Álvaro Alberto,danihuguet@example.com,Guipúzcoa,60
5632,Rosaura Valero Bru,geraldoabril@example.org,León,26
5633,Vicenta Mora Tirado,bermejotito@example.org,Murcia,73
5634,Silvia de Corominas,lalo67@example.net,Castellón,41
5635,Aníbal Ramis Gordillo,rogelioroman@example.net,Teruel,78
5636,Serafina Piedad Acuña Castejón,atiliobenito@example.com,Valladolid,63
5637,Lázaro Campo Sacristán,kzurita@example.net,Granada,78
5638,Nacho Villaverde,variza@example.org,Cádiz,53
5639,Nerea Machado Escalona,solenicanor@example.net,La Rioja,26
5640,Crescencia Diez Alvarez,banospacifica@example.org,Murcia,58
5641,Luis Miguel Jurado Verdú,nbarreda@example.net,Soria,37
5642,Magdalena Sol Barragán Lago,leticiasebastian@example.net,Castellón,29
5643,Jimena Solana Barrera,dalila31@example.org,Jaén,19
5644,Natanael Pulido Almazán,wcobos@example.org,Teruel,55
5645,Edgardo Ramos Ferrera,alvareznazaret@example.com,Guipúzcoa,31
5646,Cirino Acero Manzano,xfranco@example.org,Asturias,39
5647,Carlota Villa Quero,geronimo55@example.org,Albacete,53
5648,Fernando Goicoechea,sleal@example.net,Asturias,56
5649,Seve Cózar Heras,ucuevas@example.com,Huesca,60
5650,Crescencia Mónica Ribera Belda,cipriano62@example.com,La Rioja,47
5651,Malena de Pagès,roperonereida@example.com,Cádiz,75
5652,Albino Molina-Perelló,eliasjoan@example.org,Navarra,23
5653,Macarena Morcillo,valbuenaencarnacion@example.org,Valencia,67
5654,Calixta Bernat Aramburu,silvestrepena@example.org,Valladolid,61
5655,Eustaquio Quintero Vidal,ceciliaferrer@example.net,Almería,19
5656,Lalo Vargas Calvet,rflores@example.net,Soria,36
5657,Prudencio Noguera Cobos,rodrigoescamilla@example.com,Girona,75
5658,Prudencio Falcó Tolosa,gisbertrosa-maria@example.net,Zaragoza,52
5659,Aitor Perelló Moraleda,cheantunez@example.net,Las Palmas,18
5660,Yésica Samper Antón,gabino97@example.net,Melilla,66
5661,Agustín Lara Jaume,rodapaca@example.com,Santa Cruz de Tenerife,28
5662,Federico Barón Pedraza,reyna33@example.org,León,71
5663,Amor Paz Roman,castejonjacinta@example.com,Melilla,49
5664,Graciana Rius Sanchez,dvalderrama@example.com,Córdoba,23
5665,Jaime Cabrero Pozuelo,camilarosales@example.org,Ceuta,63
5666,Miriam Tejada Puga,armida89@example.net,Málaga,28
5667,Jaime de Lillo,heliodorosoriano@example.net,Pontevedra,65
5668,Manuela Marín Agullo,upozo@example.org,Ávila,40
5669,Rafaela de Enríquez,zmena@example.net,Tarragona,43
5670,Purificación Zamora Cabañas,nfernandez@example.net,La Coruña,49
5671,Maite Águila-Neira,ahuertas@example.com,Cádiz,31
5672,Donato Machado-Fuente,consuelo67@example.com,Castellón,29
5673,Nélida Sales,ygordillo@example.com,Málaga,51
5674,Celestino Jáuregui,valeriacarvajal@example.org,Lugo,24
5675,Emelina Bernal Álamo,miguelaramburu@example.org,Madrid,46
5676,Lupe Sarabia Pedro,silvadaniel@example.org,Soria,23
5677,Florencia Amo Martorell,pilartamarit@example.org,Sevilla,55
5678,Isabel del Dominguez,juanito37@example.net,Castellón,62
5679,Claudio Tudela Mora,nprieto@example.com,Zaragoza,78
5680,Rosenda Estévez,azahara78@example.org,Almería,56
5681,Buenaventura Palomino Pla,carmelo73@example.com,La Rioja,76
5682,Jose Carlos Pulido Recio,salmeronelena@example.net,Murcia,21
5683,Salvador Macías Pinedo,teodoraolmedo@example.org,Ourense,69
5684,Esteban de Gutiérrez,cruz27@example.net,La Coruña,50
5685,Adán del Sánchez,vferran@example.org,Melilla,53
5686,Pascual Gutierrez Busquets,arreguiesteban@example.com,Albacete,44
5687,Eliseo Pombo Durán,carlosllano@example.org,Santa Cruz de Tenerife,22
5688,Alejandra Antón Llorente,olallacarpio@example.net,Badajoz,53
5689,Custodia Gaya Fiol,xandres@example.org,Cáceres,71
5690,Elías Rius-Requena,cruzmarti@example.net,Soria,77
5691,Dionisio Mendez Águila,paulinoginer@example.com,Málaga,76
5692,Mónica Madrigal Calderón,barraganbelen@example.com,Jaén,38
5693,Emiliano del Ferrán,telmomartin@example.net,Álava,61
5694,Goyo de Malo,candidacoronado@example.org,Málaga,52
5695,Modesta Tur Robledo,isaiaspolo@example.net,Valladolid,46
5696,Fausto Campoy,luciano14@example.org,Guipúzcoa,25
5697,Erasmo Canales-Miró,duenasjuan@example.net,Córdoba,47
5698,Ramón Mas Dávila,elimoya@example.com,Salamanca,26
5699,Hipólito de Cortes,basmarciano@example.net,Guadalajara,20
5700,Venceslás de Melero,xmiralles@example.com,Valladolid,44
5701,Macarena Sevillano Mas,obenavent@example.org,Santa Cruz de Tenerife,57
5702,Lupe Cuadrado Vall,leocadio21@example.net,Castellón,56
5703,Atilio Santana Escrivá,cristinaibanez@example.com,Almería,77
5704,Glauco Arrieta-Villalobos,jadan@example.com,Valladolid,27
5705,Hermenegildo Ponce Pedrosa,pmosquera@example.com,Melilla,25
5706,Obdulia Campillo Carreras,csaenz@example.net,Valencia,76
5707,Fulgencio Ayllón-Vilaplana,barbarareyes@example.com,Las Palmas,35
5708,Almudena Pavón Jódar,cruz63@example.com,Valencia,55
5709,Ciríaco Sigfrido Gabaldón Matas,jose47@example.net,Almería,59
5710,Ileana Saura Arco,bcuellar@example.com,Cáceres,21
5711,Luisina Ferreras-Soto,eulaliablanca@example.net,Valladolid,74
5712,Dani Santamaría,rayahermenegildo@example.com,Pontevedra,66
5713,Plinio Juan Luis Sanchez Torrijos,nalmagro@example.net,Zamora,30
5714,Omar Torrents Sanz,victorsola@example.org,Castellón,65
5715,Arturo de Soria,xboada@example.net,Cantabria,20
5716,Bernardo Machado Parra,lazaro79@example.net,Soria,22
5717,Emilio Montalbán Aranda,poncioespana@example.net,Granada,61
5718,Juan José Ledesma Bermejo,tejeralucho@example.com,Salamanca,41
5719,Rosario Campillo Marcos,abelbenet@example.org,Zaragoza,63
5720,Caridad Isabel Narváez Tomás,julianleon@example.com,Santa Cruz de Tenerife,49
5721,Isaura Villalonga Roig,vicentasolera@example.net,Guipúzcoa,40
5722,Gertrudis Blanco Luque,amadocuervo@example.org,Madrid,63
5723,Cornelio Lucas Piñeiro Molins,rogeliopuerta@example.org,Soria,71
5724,Ciro del Folch,coronacortes@example.com,Baleares,46
5725,Bárbara Palmer Ros,abelzamora@example.net,Badajoz,49
5726,Darío Domingo Parejo Noriega,emilio83@example.org,Asturias,48
5727,Berto Morales Niño,tjerez@example.com,Guadalajara,53
5728,Felipa Acero-Mateos,nicomontana@example.org,Vizcaya,65
5729,Carmina Barrios Otero,brionesariadna@example.net,Teruel,32
5730,Milagros Bellido Nogués,dionisiavalle@example.net,Almería,78
5731,Liliana Palacio,amanda16@example.net,Cuenca,50
5732,Socorro Carla Oller Atienza,manuelyolanda@example.com,Álava,40
5733,Sonia Verdugo Miró,ruben27@example.com,Baleares,22
5734,Inocencio Juan Francisco Sevillano Borja,mariano38@example.net,Cádiz,70
5735,Carlito Ramón Isern,friasroberta@example.net,Albacete,36
5736,Hector Hoz-Vizcaíno,xsans@example.com,Huesca,44
5737,Edelmira Alfaro,venceslas27@example.org,Almería,36
5738,Hipólito Borrás Morata,tomasgutierrez@example.org,Asturias,42
5739,Sandalio Mas-Quirós,filomena01@example.net,Melilla,45
5740,Xavier de Expósito,urbanomoliner@example.org,Toledo,49
5741,Estrella Barroso,gironaluciano@example.org,Castellón,28
5742,Gilberto Amigó Maldonado,baudeliomanrique@example.com,Soria,56
5743,Estela del Prado,ferrandobeatriz@example.net,Ceuta,22
5744,Lara Amalia Rodrigo Bustamante,duenasligia@example.net,Jaén,71
5745,Perla Jordán Viñas,evaristo20@example.com,Salamanca,22
5746,Ainoa Zurita Vilalta,tbueno@example.com,Tarragona,18
5747,Encarnacion Iglesia Salmerón,barrosevangelina@example.net,Cáceres,79
5748,Saturnina Galvez Bautista,silvestre83@example.org,Cantabria,24
5749,Victor Isidro Sierra Fabra,roselloedmundo@example.net,Cantabria,32
5750,Griselda Solera,recioangelino@example.com,Soria,29
5751,Felipa Acedo-Jove,lujanmaricela@example.net,Guipúzcoa,28
5752,Rosalva Seco-Díaz,americaroda@example.net,Las Palmas,20
5753,Piedad Páez Berenguer,manuelvaleria@example.com,Soria,33
5754,Albina Alcántara Fuentes,baldomerogaya@example.com,León,46
5755,Lara Aragonés-Fiol,cristobal84@example.org,Huesca,21
5756,Jose Luis Gárate Roma,petronacamacho@example.com,Huesca,65
5757,Lorena Fiol Quero,chelobarco@example.org,Cuenca,51
5758,Delia Garriga Tello,daniel22@example.com,Vizcaya,51
5759,Marianela Delfina Saldaña Díez,clementinasacristan@example.net,Guadalajara,59
5760,Soraya Elías Jáuregui,elodiabermudez@example.net,Valladolid,25
5761,Abraham Arnal Amor,estertello@example.com,Albacete,45
5762,Efraín Ugarte-Fernández,jose-antonio69@example.com,León,21
5763,Valentín Anaya-Aragonés,edmundo34@example.com,Lleida,75
5764,Eduardo Amancio Tormo Barral,agatasevillano@example.org,Cáceres,66
5765,Damián Olmedo Estévez,tmelendez@example.com,Huesca,18
5766,Reyes Silva Amigó,nereida52@example.net,Toledo,72
5767,Felipa Roman Martínez,pmontero@example.com,Burgos,70
5768,Concepción Huguet Correa,ivan02@example.org,Álava,71
5769,Gisela Mariscal Llobet,rosalva17@example.com,Segovia,35
5770,Ignacia Rocha Osorio,nalfonso@example.org,Málaga,28
5771,Dorotea Patiño Navas,zferrer@example.net,Lugo,58
5772,Carmelita Crescencia Alcántara Abascal,adelina02@example.com,Valencia,62
5773,Guiomar Iriarte Carrión,galabermudez@example.net,Lleida,76
5774,Crescencia Carreras Corral,molinerjose@example.org,Baleares,59
5775,Manu Julián Goicoechea,solive@example.org,Valencia,80
5776,Camila Pedraza Izquierdo,sandra97@example.com,Zamora,66
5777,Jeremías Alemán,echaparro@example.org,Ourense,28
5778,Lupita Figuerola Barrena,amofernanda@example.net,Ciudad,54
5779,Humberto del Cañete,qesparza@example.net,Alicante,79
5780,Yolanda Conde-Exposito,dionisioaznar@example.com,Toledo,47
5781,León Aranda-Ribas,mrebollo@example.com,Madrid,18
5782,Carlota Rosselló Manzano,quintanapepe@example.org,Salamanca,56
5783,Cándida Bejarano Barba,bperez@example.com,Sevilla,51
5784,Demetrio Esteve Salgado,gallegoeustaquio@example.com,Toledo,25
5785,Bárbara Pedraza Barreda,eusebiapera@example.org,Ávila,47
5786,Rufino Rodriguez Ferrero,charo17@example.com,Valencia,35
5787,Hortensia Barceló Suarez,josefina82@example.net,Cáceres,66
5788,Clarisa Torrijos Sanmartín,ibanezabraham@example.org,Salamanca,31
5789,Encarnación Tirado Acero,silvia22@example.com,Navarra,60
5790,Felix Gelabert Zamorano,guillenbarbara@example.org,Baleares,38
5791,Lucila Manjón Pera,vegaisaura@example.org,Tarragona,21
5792,Marcela Jaén Guzmán,rubiocandela@example.com,Alicante,53
5793,Alondra Enríquez-Ureña,gloria29@example.net,Ávila,71
5794,Diana Palomar Barriga,wcantero@example.com,Ciudad,67
5795,Aurora Maestre Cruz,leon21@example.org,Álava,56
5796,Constanza Martorell-Ferrero,alberolafelicia@example.com,Jaén,62
5797,Yéssica del Rosell,iristur@example.com,Sevilla,69
5798,Amado Casanovas Comas,albinopena@example.com,Pontevedra,48
5799,Nacio Trillo-Peña,anselmoarteaga@example.org,Cádiz,33
5800,Filomena Tomás-Rivero,rosalindacarmona@example.com,Murcia,80
5801,Saturnino Espada Miró,africa00@example.net,Badajoz,61
5802,Sebastián Tamayo Garcia,cerdanfabian@example.net,Jaén,35
5803,Vicenta Pedro Carlos,pontmartin@example.org,Valladolid,22
5804,Marino Planas-Hernandez,csalva@example.net,León,23
5805,Nereida Mariño Prieto,cpastor@example.org,Las Palmas,70
5806,Hortensia de Solera,figuerolageorgina@example.net,Navarra,60
5807,Alma de Acedo,segismundo77@example.com,Ciudad,57
5808,Toni Cristian Olivera Martí,flaviacal@example.org,León,66
5809,Nicanor de Córdoba,lllorens@example.com,Ávila,24
5810,Fátima Felicidad Real Vazquez,tjove@example.com,Guipúzcoa,80
5811,Liliana Olivé Mármol,muraurelia@example.com,Zamora,67
5812,Hilda Araujo Soria,socorromanzanares@example.com,Toledo,64
5813,Sergio Fuertes Pavón,alcalarebeca@example.org,Zamora,56
5814,Eustaquio Cueto Milla,jorgetrillo@example.net,Jaén,40
5815,Eugenia Alberola Jaén,dimas07@example.net,Ciudad,64
5816,Raimundo Jimenez,gertrudisalmazan@example.org,Tarragona,23
5817,Carmelo Jordá Mayoral,manuelisabela@example.org,Salamanca,22
5818,Macarena Cantón Canals,cruzclemente@example.org,Zamora,43
5819,Pastora Paniagua Cid,regulo20@example.org,Ciudad,60
5820,Berto Paz Lucena,dominguezfelipe@example.org,Madrid,73
5821,Roldán Torrent Ramis,romeroisidora@example.net,León,39
5822,Balduino de Acero,xavier37@example.com,Lugo,53
5823,Nicolás Sarabia,desideriofranch@example.org,Madrid,54
5824,Marita Marín,chelo83@example.net,Navarra,79
5825,Constanza Alfaro Merino,barrenacustodio@example.com,Jaén,70
5826,Soraya Díaz Santamaria,villalbabenito@example.org,Toledo,76
5827,Emma Isern Hernando,lina61@example.org,Pontevedra,67
5828,Rodolfo Cleto Llanos Sala,nestorblanco@example.org,Badajoz,46
5829,Marcio Benavent Expósito,manusanjuan@example.org,León,44
5830,Zoraida Taboada Olivera,espiridionsaavedra@example.com,Lleida,46
5831,Natividad Moll Garay,ygallardo@example.net,Baleares,69
5832,Diana Arteaga Bautista,zvinas@example.net,Navarra,45
5833,Anita del Planas,sosimohoyos@example.org,Cádiz,56
5834,Valerio Espada Vilaplana,jessicavicente@example.com,Navarra,41
5835,Roque Villalba Barrena,humberto30@example.org,Salamanca,43
5836,Renato del Aragonés,lisandro16@example.org,Burgos,62
5837,Pascual Ugarte Quintero,herediajenaro@example.net,Ciudad,52
5838,Pacífica de Arranz,alex81@example.org,Ciudad,51
5839,Jacinta Moliner Jurado,palmaprudencia@example.net,Ourense,19
5840,María Pilar Piquer Olivares,ebosch@example.net,Teruel,59
5841,Rómulo Germán Sevillano Barral,octaviosalva@example.org,Lugo,24
5842,León Torrent Sacristán,marincorona@example.org,Cantabria,67
5843,Maristela de Soler,dcerezo@example.net,Guadalajara,79
5844,Isa Benítez Perera,lupevendrell@example.com,Cádiz,68
5845,Samu Bermejo Vélez,florentinavalbuena@example.org,Lleida,40
5846,Vasco José Manuel Murillo Leiva,rodrigo24@example.net,Sevilla,60
5847,Jaime Cabezas Herrera,korozco@example.org,Guadalajara,79
5848,Raúl del Córdoba,zmendez@example.net,Valladolid,62
5849,Ramiro Rius,yago91@example.net,Ávila,18
5850,Albano Alemán Godoy,almazanroldan@example.com,Tarragona,78
5851,Joaquina Casanova Mayol,carbajogenoveva@example.org,Cádiz,51
5852,Jose Manuel del Águila,clarisaberenguer@example.com,Salamanca,31
5853,Azucena del Arcos,godofredoperez@example.net,Albacete,29
5854,Galo Valverde-Noriega,soledadpinedo@example.com,Baleares,53
5855,Aureliano Gutierrez-Vaquero,fjulian@example.com,La Coruña,54
5856,Ricardo Jáuregui Prat,ofeliatejedor@example.net,Guipúzcoa,18
5857,Ileana Huerta-Falcón,patricioacevedo@example.com,Baleares,27
5858,Fidel Carpio Infante,calvogerman@example.com,Barcelona,60
5859,Judith Alcalá Aguado,agapito18@example.net,Guipúzcoa,48
5860,Elisabet Cruz,bertoleon@example.org,Vizcaya,54
5861,Begoña Escrivá Río,davilaevangelina@example.net,Huesca,25
5862,Lourdes de Llamas,verdugovalerio@example.org,Teruel,61
5863,Cleto Aroca Rocamora,cuadradooriana@example.net,Ourense,34
5864,Jose Carlos Felipe Gutierrez Villanueva,miguela28@example.net,Tarragona,24
5865,Godofredo Barragán Castejón,terebru@example.org,Huesca,36
5866,Che Aroca-Gimeno,valeromena@example.net,Lleida,47
5867,Priscila Reig Sevilla,felixugarte@example.org,Guadalajara,19
5868,Amor Arévalo Quero,lpeiro@example.net,Ciudad,47
5869,Mamen Barón,armando05@example.com,Teruel,35
5870,Silvestre Frías Peiró,ttorralba@example.net,Teruel,72
5871,Anna Bilbao Benavente,maria-jose79@example.net,Cáceres,33
5872,Evelia Gálvez Fabregat,amanda09@example.com,Guipúzcoa,65
5873,Rafa del Bayona,danilo95@example.org,Almería,69
5874,Iker Lucho Beltran Carranza,dario28@example.net,Guadalajara,29
5875,Gabino Marquez Terrón,sbonet@example.org,Ceuta,24
5876,Azeneth Acevedo Ureña,sancho79@example.com,Navarra,69
5877,Jordán Patiño Codina,paula97@example.org,Granada,63
5878,Calisto Valle-Samper,cornelio94@example.com,Badajoz,44
5879,Lucas Mancebo Vizcaíno,francisco-javiervina@example.net,La Rioja,68
5880,Lalo María Castell Avilés,framon@example.com,Burgos,22
5881,Ignacio Cerdá Roca,nicodemomacias@example.org,Palencia,20
5882,Bartolomé Niño Benítez,canasana-belen@example.net,Zaragoza,60
5883,Gustavo Puente Benavides,luna54@example.net,Baleares,34
5884,Fulgencio Toledo Bermejo,celestina43@example.org,Tarragona,78
5885,Aurelia Rivas Grande,variza@example.net,Guipúzcoa,33
5886,María Ángeles Baeza Alberto,toribio89@example.com,Alicante,53
5887,Fermín Manso,eva-maria61@example.com,Salamanca,20
5888,Valero Fortunato Murcia Sanmiguel,marcialesteban@example.com,Teruel,46
5889,Verónica de Bellido,camachonarciso@example.com,Las Palmas,27
5890,Cebrián Adadia-Quirós,joaquinaanaya@example.org,Lugo,50
5891,Ernesto Timoteo Cantero Saavedra,sara02@example.com,Cuenca,73
5892,Vasco Calvet-Solana,octaviapolo@example.com,Ciudad,19
5893,Charo Alonso Páez,miguelteruel@example.net,Vizcaya,80
5894,Alexandra Luís-Domínguez,humberto86@example.org,Zamora,19
5895,Magdalena Jover Redondo,vera83@example.com,Ciudad,64
5896,Renata Guadalupe Coello Pou,jaime83@example.org,Lugo,62
5897,Ágata Escalona,falvaro@example.com,Murcia,27
5898,Duilio Diez Rodrigo,anabeliglesia@example.com,Santa Cruz de Tenerife,42
5899,Juan Antonio Gálvez Jaén,lparejo@example.com,Navarra,73
5900,Marta Pereira Belmonte,jorgeiniguez@example.com,Cádiz,75
5901,Raúl Méndez,becerrafelicidad@example.net,Cuenca,36
5902,Segismundo Aroca Torres,crespocelestino@example.net,Navarra,75
5903,Amelia Crescencia Ocaña Gaya,romerojonatan@example.com,Ciudad,55
5904,Pelayo Omar Alfonso Benítez,banosheraclio@example.com,Barcelona,27
5905,Dafne Lerma,aliagazacarias@example.org,Valencia,75
5906,Ezequiel Olivera-Báez,domitiladominguez@example.com,Cantabria,36
5907,Custodio de Fortuny,esebastian@example.com,Murcia,76
5908,Anita Llorente Olivera,penaantonio@example.net,Albacete,50
5909,Jimena Baquero Alcántara,juan-josenavarro@example.net,Alicante,40
5910,Lucho Carbajo Maestre,bamor@example.com,Vizcaya,53
5911,Luciana de Roselló,poncemaxima@example.com,Zamora,80
5912,Cornelio Ruy Prada Castro,alejocervantes@example.org,Álava,23
5913,Ismael de Ariza,caparrosencarna@example.org,Granada,54
5914,Bienvenida Amorós Fajardo,nminguez@example.org,Ceuta,50
5915,Alba Hortensia Domínguez Moliner,baezzaida@example.net,Valladolid,28
5916,Teodoro Ugarte Quintanilla,parejoanibal@example.net,Madrid,21
5917,Soledad Cáceres Rocha,susanitaalbero@example.org,Córdoba,26
5918,Úrsula Criado Casanova,torreazeneth@example.net,Barcelona,70
5919,Ofelia del Somoza,arteagafelipa@example.org,Zaragoza,42
5920,Beatriz Navas Muñoz,muroandres-felipe@example.org,Huelva,34
5921,Juan Hervás Jara,inmaculada71@example.com,Cádiz,54
5922,Marianela Lloret,wferrandiz@example.com,Cuenca,60
5923,Maristela Arévalo Vazquez,americovalverde@example.com,Asturias,49
5924,Martirio Bonet Calvet,rebeca09@example.com,Cádiz,39
5925,Georgina Azcona Martín,pedrosacesar@example.net,Cáceres,34
5926,Jimena del Alcaraz,teruelluis@example.com,Vizcaya,49
5927,Gustavo Aroca Cerezo,campilloguiomar@example.com,Valencia,64
5928,María Jesús Coll,eugenia56@example.org,Ciudad,43
5929,Adán Navarro Arenas,boschreyes@example.com,Guipúzcoa,44
5930,Rosa María Carrasco Garcés,pedro88@example.com,Badajoz,31
5931,Salud Benítez Saura,ledesmarosalva@example.net,Zamora,43
5932,Fortunato del Rojas,torrentssigfrido@example.net,Murcia,44
5933,Marcio Nevado Estrada,raimundotolosa@example.org,Almería,72
5934,Teresita Rincón,pujolezequiel@example.org,Córdoba,37
5935,María Dolores del Alcalde,apoloniaguillen@example.com,La Rioja,50
5936,Maxi Cordero Mateu,izaguirremalena@example.net,Palencia,49
5937,Galo Pazos Miguel,deboraiglesias@example.net,León,78
5938,Isabel Otero Pulido,pgalvan@example.com,Córdoba,44
5939,Hernando de Martínez,fsainz@example.com,Cantabria,60
5940,Felix Torrent Folch,oliveraadriana@example.net,Zamora,71
5941,Melania del Grau,dtejera@example.com,Vizcaya,46
5942,Máxima Valentín Porta,alemanyovidio@example.com,Teruel,65
5943,Adelaida Soria,pponce@example.com,Segovia,78
5944,Nazaret Plaza Barbero,zruano@example.com,Melilla,52
5945,Clemente Millán Lucas,stalavera@example.com,La Rioja,55
5946,Ramón Yago Manso Folch,kbertran@example.org,Sevilla,55
5947,Roberto Burgos Vara,silvagabriel@example.com,Asturias,54
5948,Federico Valls Cuervo,juanaduque@example.org,Teruel,77
5949,Ariadna Arranz Rodriguez,teresitaasensio@example.net,Málaga,61
5950,Candelaria Mancebo Marco,eseco@example.com,Murcia,41
5951,María Dolores Tejedor Juárez,xcuervo@example.org,Valladolid,71
5952,Natalia Sanmiguel Castells,tomasaenriquez@example.org,Cáceres,56
5953,Pancho Verdejo Palacio,vuriarte@example.net,Ávila,44
5954,Adelardo Noriega Blasco,ruedaeric@example.com,Cáceres,34
5955,Marianela del Cánovas,alberolaariadna@example.net,Burgos,69
5956,Jesusa Cuesta Burgos,paloma83@example.org,La Rioja,53
5957,Ruperta Angulo-Echevarría,dmorata@example.org,Asturias,74
5958,Arsenio Laguna Salom,wpintor@example.com,Navarra,53
5959,Petrona de Castejón,dionisiomorata@example.net,Melilla,63
5960,Obdulia Fajardo Ledesma,calsandalio@example.net,Córdoba,28
5961,Luciano Sanmiguel Manzanares,pelayomalena@example.org,Guipúzcoa,38
5962,Aura Aguado Barragán,adela84@example.org,Huesca,18
5963,Juan Piñol Bayón,vito74@example.com,Guadalajara,47
5964,Elisa Parejo Antúnez,godofredohernandez@example.org,Pontevedra,18
5965,Julio Teobaldo Meléndez Ocaña,ygalvez@example.net,La Coruña,35
5966,Jerónimo Taboada Quiroga,suarezbenjamin@example.org,Pontevedra,73
5967,Estefanía Verdejo Castells,irmasainz@example.org,Ourense,27
5968,Ismael Sanmiguel Castejón,fcrespi@example.org,Huesca,79
5969,Toribio Villanueva Grande,yaranda@example.net,Cantabria,22
5970,José María Company-Amo,bartolomerovira@example.com,Córdoba,68
5971,Lisandro Gascón Armas,teresa87@example.com,Zaragoza,23
5972,Patricio Calzada Porcel,bernardinosole@example.com,Huelva,21
5973,Blas Santamaría Carnero,solanoencarna@example.com,Burgos,23
5974,Edelmiro Mata-Frutos,cabanasflor@example.com,Lleida,74
5975,Lara Barragán Olmedo,ana-sofiavara@example.org,Alicante,72
5976,Demetrio Bernad Zamorano,edmundo80@example.org,Álava,39
5977,Ángela Pérez,pandres@example.com,Valladolid,41
5978,Toni Sans Méndez,olivalope@example.com,Córdoba,18
5979,Jose Manuel Nicolás Mateos,teofila35@example.org,Castellón,63
5980,Heraclio Rosselló Carballo,hernandoluz@example.com,Ourense,59
5981,Rogelio Saez Diaz,luciano09@example.com,Cáceres,48
5982,Pelayo Múñiz Fuster,emiliana42@example.com,Vizcaya,48
5983,Cornelio Lobato,noa56@example.org,Cádiz,31
5984,Jacinta Talavera Villalobos,qmanjon@example.net,Murcia,71
5985,Zaida Constanza Méndez Cortina,anacleto53@example.com,Castellón,25
5986,Berta Villaverde-Cabo,apolinarclemente@example.net,Valencia,30
5987,Maite Alba Azcona,fanglada@example.net,Jaén,48
5988,Cirino Espada Espejo,blazquezsandra@example.com,Cantabria,61
5989,Graciano Fortunato Calderon Perez,mayolligia@example.net,Álava,19
5990,Claudia Vila Cabeza,acostafeliciana@example.org,Melilla,55
5991,Pánfilo Alcántara Andrade,rosalva46@example.net,Segovia,22
5992,Damián Alcaraz Andrade,florentinoalcantara@example.net,Cáceres,63
5993,Bibiana Tejero,bmanrique@example.net,Pontevedra,50
5994,Arcelia Ayala Caparrós,maria-del-carmensanjuan@example.com,Ourense,49
5995,Sofía León-Osorio,mferrero@example.net,Granada,54
5996,Judith Rosa Arribas,ricardo02@example.net,Lleida,28
5997,Caridad Fernandez Clemente,luquemarta@example.net,Cantabria,77
5998,Eugenia Catalán Torralba,lgimeno@example.net,Ciudad,66
5999,Emilio Aguado-Valenzuela,corona17@example.com,Ciudad,49
6000,Aarón Barceló,teoropero@example.org,Valladolid,45
6001,Leticia Olivares Rocha,fernandeznicolas@example.org,Ávila,41
6002,Carmen Perez-Galán,onofre14@example.net,Zaragoza,66
6003,Custodia Barrena,enriquecastaneda@example.org,Málaga,36
6004,Lucio Asenjo-Bejarano,alcalateresita@example.net,Tarragona,31
6005,Bárbara Reguera Sureda,isilva@example.com,Baleares,44
6006,Concha Torrijos,walonso@example.net,Pontevedra,67
6007,Candelario Carretero Flores,maria-luisa14@example.org,Huesca,66
6008,Encarnación Reyes Tejada Gomez,wilfredo42@example.org,Burgos,56
6009,Noa Sevilla Vilanova,eliseocabeza@example.org,Madrid,78
6010,Guillermo del Blanes,magdalenamalo@example.com,Ourense,18
6011,Ligia Josefa Prado Azcona,antoniasolsona@example.com,Albacete,63
6012,Octavio Gordillo-Lamas,tristanbaro@example.org,Granada,57
6013,María Fernanda Soria Malo,nadia27@example.org,Alicante,68
6014,Santiago del Beltran,danilocarbonell@example.org,Murcia,32
6015,Dani Santiago Chaparro,adalberto83@example.org,Palencia,63
6016,Renato Bermejo-Rozas,aaliaga@example.net,Pontevedra,24
6017,Modesto Cueto Cabezas,cordobaluisa@example.com,Vizcaya,33
6018,Nazaret Almansa Donaire,rodrigoplana@example.net,Vizcaya,51
6019,Aarón Bustamante,palaciomelisa@example.org,Valencia,43
6020,Teófila Noemí Fuente Aroca,arielbusquets@example.org,Barcelona,41
6021,Tiburcio Palau Guerra,estrellaperello@example.net,Cuenca,38
6022,Blas Diéguez Ordóñez,carnerojose-maria@example.net,Navarra,33
6023,Iker Carreño Benavent,wcolomer@example.com,Cantabria,41
6024,Flavia Tamarit-Luís,mportillo@example.net,Girona,55
6025,Cándida Jódar-Viana,oguillen@example.com,Baleares,63
6026,Chus Márquez Pedro,roldancanas@example.com,Ceuta,42
6027,Celestina Echevarría Fuster,narvaezconstanza@example.org,Huesca,68
6028,Luís Martí Carro,gloria98@example.org,Córdoba,55
6029,Cosme Rius Losada,luzquintanilla@example.com,Vizcaya,56
6030,Gil Almagro Lledó,charo83@example.net,Asturias,32
6031,Damián Moya-Becerra,gilberto08@example.com,Girona,77
6032,Pepe del Pinedo,marciolinares@example.net,Huelva,51
6033,Cristina Noa Tejero Serra,rufinatolosa@example.org,Cuenca,35
6034,Baldomero Manjón,cintia08@example.org,Navarra,48
6035,Reinaldo González Martínez,carlotaescolano@example.com,Vizcaya,24
6036,Fidela Peñalver Aguilera,prudencio39@example.org,Málaga,74
6037,Liliana Vazquez Jara,mayte46@example.net,Pontevedra,40
6038,Encarnación Casanovas,arcelia07@example.net,Cádiz,69
6039,Porfirio Lerma Saavedra,osancho@example.org,Jaén,35
6040,Sol Perez,lidiaavila@example.com,Segovia,59
6041,Virginia Adriana Barceló Batlle,aitanamendizabal@example.org,Palencia,46
6042,Carmen Berenguer Lucas,roldanbartolome@example.org,Soria,69
6043,Ezequiel Coronado,bernardinoalcala@example.net,Navarra,73
6044,Patricia Ferrando Jordán,herbertoribes@example.org,Cantabria,51
6045,Catalina Ferreras Egea,kpozuelo@example.org,Barcelona,80
6046,Cloe Herranz Calleja,guzmanplinio@example.org,Vizcaya,71
6047,Eladio Lumbreras Figuerola,rtellez@example.net,Vizcaya,26
6048,Antonio Palomar Riba,salvadortrujillo@example.net,Cáceres,64
6049,Emigdio Morillo Chaparro,penalveramerica@example.net,Santa Cruz de Tenerife,46
6050,Abril Selena Moreno Morata,gonzalezmaura@example.org,La Coruña,53
6051,Vito Gomis,rufino49@example.com,Córdoba,52
6052,Desiderio Merino Giralt,luis35@example.org,Soria,38
6053,José Ángel Reguera Hernandez,pratseugenio@example.org,Huesca,33
6054,Toño del Río,candelassanjuan@example.com,Lleida,70
6055,Aníbal Moreno Cuevas Alegria,felicianaalcaraz@example.org,Huelva,50
6056,Ana Ochoa Osuna,barberoamor@example.net,Toledo,74
6057,Luís Cortés Ruiz,capdevilasalud@example.com,Ávila,39
6058,María Carmen Martín Benito,dcal@example.com,Cáceres,60
6059,Albina Jover Barroso,blas05@example.org,Soria,59
6060,Renata Valenciano Vera,ibello@example.org,Navarra,48
6061,Martina de Milla,maria-fernanda19@example.com,Girona,22
6062,Abril Maza Acevedo,vcampillo@example.com,Barcelona,27
6063,Lina Angulo Aramburu,segismundo45@example.com,Navarra,72
6064,Nieves Alba Serrano,valderramavalero@example.net,Palencia,66
6065,Leonardo Benitez Ferrán,victor-manuelbecerra@example.net,Navarra,79
6066,Jose Antonio del Merino,lucasolga@example.org,Baleares,29
6067,Perla Sans Puga,rinconignacio@example.net,Lleida,56
6068,Venceslás Cepeda Badía,omar31@example.org,Córdoba,42
6069,Rómulo Fabra Torrens,angela64@example.com,Madrid,35
6070,Juanita Peláez-Arregui,isaias29@example.com,Valencia,26
6071,Custodia Salvador Piña,glaucobecerra@example.org,Zaragoza,42
6072,Graciela Arjona Borja,claveroepifanio@example.org,Córdoba,70
6073,Adrián Machado Vega,leandra85@example.net,Vizcaya,46
6074,Jose Carlos Juan Carlos Ródenas Rosell,caballeropurificacion@example.net,Ciudad,64
6075,Alexandra Gelabert-Navas,htalavera@example.com,Lleida,22
6076,Cristian Riba Catalá,ciriacoortiz@example.org,Asturias,22
6077,Rocío Flores Martin,uabella@example.com,Guadalajara,66
6078,Blas del Toro,eloisa85@example.com,Madrid,61
6079,Oriana Simó Cazorla,luzlara@example.org,Jaén,58
6080,Joel Alcalá Poza,natanael73@example.net,Alicante,67
6081,Maite Laguna Pozuelo,fflor@example.net,Málaga,46
6082,Rosa María Leon Pareja,saldanaarmando@example.com,Palencia,64
6083,Duilio Avilés Polo,modestallorens@example.net,Sevilla,79
6084,Yaiza Fernandez-Chaparro,zmontoya@example.net,Asturias,65
6085,Encarnita Villegas Iborra,negea@example.org,Huelva,38
6086,Febe Julia Alegre Román,madrigalmanu@example.com,Santa Cruz de Tenerife,55
6087,Nicodemo Maza Cornejo,maria-luisapujol@example.com,Segovia,20
6088,Jose Angel Cerdán Granados,romulo58@example.org,Guadalajara,39
6089,Ceferino Peralta Manrique,iborramanuel@example.org,Salamanca,72
6090,Nando Antúnez Jiménez,ruygaya@example.org,Tarragona,55
6091,Gustavo Mendez Montesinos,esantiago@example.com,Santa Cruz de Tenerife,22
6092,Manu Carranza,felix12@example.net,Cádiz,71
6093,Nereida Torrens Lluch,victor-manuel10@example.net,Ciudad,72
6094,Wálter Rubén Aragón España,pereraliliana@example.com,Cáceres,25
6095,Urbano Poza Calvo,villegasobdulia@example.org,Albacete,49
6096,Renata Gómez-Castells,edgar23@example.net,Vizcaya,48
6097,Carmina Fonseca,reynavalles@example.com,Teruel,38
6098,Estefanía Ruano Quintanilla,rosa54@example.net,Guipúzcoa,52
6099,Jesusa Bayona Cortina,marianamontesinos@example.com,Zamora,23
6100,Simón Valbuena Tolosa,wfalco@example.net,Salamanca,74
6101,Graciano Olmo Bernal,herasvasco@example.net,Huelva,70
6102,Carmelita Viña Escolano,salvador24@example.org,Girona,64
6103,Berto José Manuel Losa Iborra,javier38@example.com,Ourense,66
6104,Dulce Barrena Alcolea,btovar@example.net,Almería,33
6105,Nando Arellano Porta,trujillomanolo@example.com,Ciudad,61
6106,Felipa Pol Catalán,ymillan@example.net,León,30
6107,Germán Zabala-Lago,maximamanso@example.net,Valladolid,67
6108,Flavia Rubio Bonilla,irma46@example.org,Baleares,47
6109,Mario Barroso Salvador,nazariomena@example.com,Baleares,57
6110,Salud Coello,macaria99@example.com,Madrid,37
6111,Cintia Loida Cuervo Barón,dalila89@example.net,Madrid,58
6112,Rafa Gras Blázquez,maria-belen40@example.org,Pontevedra,62
6113,Bartolomé del García,salasrosalinda@example.net,Lugo,36
6114,Jose Antonio Milla,ecarpio@example.org,Albacete,35
6115,Luis Ángel Arévalo Barral,artigasmatilde@example.com,Jaén,65
6116,Leocadia Franch Elorza,palomaroca@example.com,Las Palmas,47
6117,Edgardo del Buendía,ycases@example.net,Huelva,26
6118,Nayara Santana Juárez,dcastilla@example.com,Palencia,61
6119,Francisco Jose Carbó Arteaga,rodrigo40@example.org,Asturias,23
6120,Paloma Nicolás Gómez,macaria99@example.com,Lleida,59
6121,Haydée del Salas,andreujose-antonio@example.org,Cádiz,63
6122,Ariel Porras Barco,aranamaxi@example.org,Segovia,72
6123,Melchor Marcio Castilla Sedano,buenaventura88@example.com,Ávila,25
6124,Paulina Méndez Fuertes,ctejero@example.org,Castellón,21
6125,Evelia Salamanca,calistaconde@example.net,Baleares,34
6126,Anna Goñi Barrera,morajose@example.net,Zamora,44
6127,Beatriz Villena Goñi,ocatalan@example.com,Castellón,31
6128,Rosa Castell Llorente,torresleonor@example.net,Ourense,36
6129,Tadeo Palomo Roma,bmorata@example.org,Barcelona,39
6130,Lourdes Vilalta Merino,hfabregas@example.org,Ciudad,67
6131,Albert Salas-Oliver,adelagalindo@example.com,Salamanca,52
6132,Íngrid Asensio Diaz,mcabeza@example.com,Zaragoza,43
6133,Dorita Galvez Gallardo,ocabanillas@example.com,Cáceres,50
6134,Santos Tena Tirado,valentina35@example.org,Jaén,56
6135,Bonifacio Cadenas,diazcasemiro@example.net,Jaén,64
6136,María Teresa Reyna Cerezo Casanova,jaimeaguilera@example.com,Salamanca,30
6137,Íñigo Morata Peñalver,mireia01@example.com,Burgos,55
6138,Paca Rico Lastra,gaspar82@example.com,Castellón,55
6139,Mateo Ibán Aliaga Olivera,elisafigueroa@example.net,Alicante,59
6140,Galo Lamas Buendía,ecastell@example.net,Asturias,73
6141,Seve Cardona,amador78@example.com,Cádiz,24
6142,Belen Ferrández,escrivaclarisa@example.org,Ciudad,47
6143,Angelita Murillo Sáenz,ceciliojordan@example.org,Sevilla,19
6144,Estefanía Palacio Villalonga,cayetanovillanueva@example.net,Ciudad,34
6145,Merche de Galván,anayasegismundo@example.org,Barcelona,33
6146,Vidal Valero Ortuño Moraleda,emilia99@example.com,Granada,63
6147,Eric Gual Acosta,antonivan@example.net,Santa Cruz de Tenerife,66
6148,Amor Naranjo-Solana,taroca@example.net,Guadalajara,58
6149,Marc Sierra Rosado,margaritaduenas@example.net,Segovia,59
6150,Florinda Frías-Montenegro,garciamalena@example.net,Zaragoza,26
6151,Wálter Cabanillas-Peláez,wtudela@example.org,Almería,30
6152,Enrique Asenjo-Bautista,vivianafonseca@example.net,Jaén,78
6153,Adelina Ballester,nogueiravictorino@example.org,Madrid,65
6154,Rufino Lluch Valencia,yferrera@example.com,Ciudad,44
6155,Isa Pareja Armas,pereracandelaria@example.org,Córdoba,36
6156,Javiera Rocamora Roca,sebastian71@example.net,Almería,63
6157,Noé Arregui Villegas,rocharuben@example.org,Badajoz,44
6158,Ignacio Tur Nieto,squero@example.org,Albacete,80
6159,Genoveva Múgica Sanmiguel,zamoranofelisa@example.net,Ciudad,69
6160,Gastón Acevedo Lopez,aurelio47@example.com,Asturias,64
6161,Sandra Calzada Feijoo,hilda30@example.org,Salamanca,44
6162,Lilia Cabello Galindo,pili42@example.com,Huelva,44
6163,Adoración Casal-Alba,alma02@example.com,Pontevedra,38
6164,Zaida Pomares Morata,pcarrillo@example.org,Huesca,66
6165,Miguela Saavedra Vila,beldanicanor@example.com,Almería,23
6166,Germán Montenegro Castro,dmartin@example.org,Girona,53
6167,Aurora Riquelme Pintor,nereidaandrade@example.org,Álava,40
6168,Adoración Acero Barrios,qavila@example.com,Santa Cruz de Tenerife,80
6169,Lourdes Mateu Franch,timoteo12@example.net,Valladolid,72
6170,Narciso Cortes Sanmiguel,simojavier@example.com,Murcia,58
6171,Petrona Fabiola Fajardo Gisbert,socorroguillen@example.com,Álava,25
6172,Albino Benito Portillo,bperal@example.com,Cuenca,76
6173,Saturnino Sanmartín Viña,demetrio59@example.com,Teruel,48
6174,Vera Leire Ibarra Jerez,fito12@example.com,Girona,25
6175,Salvador Reyes,wgarzon@example.net,Murcia,21
6176,Paca Barón-Arroyo,esmeralda10@example.com,Tarragona,49
6177,Blas Pons Pineda,bolanosnelida@example.org,Zamora,56
6178,Bruno Sastre Viana,amando13@example.net,Melilla,27
6179,Ricarda Portillo,eleuterio77@example.net,Zaragoza,38
6180,Victor Maza Monreal,yesicacardenas@example.net,Salamanca,74
6181,Paulino Mateo Cerezo,taniamorcillo@example.com,Pontevedra,34
6182,Ani Barberá Narváez,knicolau@example.org,Las Palmas,80
6183,Obdulia Ibarra Oller,wsanmartin@example.com,Álava,27
6184,Elías Moll-Carbajo,cmurillo@example.net,Alicante,70
6185,Omar Villalonga Díaz,sofia59@example.org,Soria,52
6186,Maxi de Benavent,jbarrios@example.org,Santa Cruz de Tenerife,64
6187,Águeda Taboada Pino,aureliaguzman@example.com,Málaga,46
6188,Juana Toledo Múgica,rnunez@example.com,Asturias,30
6189,Salud del Pozo,abrilroman@example.org,Málaga,61
6190,Ceferino Catalán-Guerrero,ribesfelix@example.org,Valladolid,76
6191,Zoraida Clemente Pol,reguloheras@example.net,La Rioja,61
6192,Goyo de Cabañas,alejandro44@example.org,Santa Cruz de Tenerife,35
6193,Paloma Camps Pablo,manubarranco@example.org,Toledo,22
6194,Elena Crespo Duran,aaron70@example.com,Ciudad,44
6195,Andrés Felipe Estrada-Calleja,estertorrents@example.net,Barcelona,53
6196,Isabela Pujadas Boada,bfuster@example.org,Asturias,64
6197,Sarita Sancho Carretero,nescriva@example.net,Asturias,61
6198,Edelmiro González Egea,shuguet@example.net,Valencia,48
6199,Isa Soto Arellano,hcarpio@example.com,Teruel,50
6200,Aníbal Ortuño Márquez,marqueseric@example.org,Vizcaya,26
6201,Juan Luis Pino,rodenascecilia@example.com,Las Palmas,77
6202,Ceferino de Garriga,gcaballero@example.net,Vizcaya,51
6203,Ernesto Ruperto Reig Sanabria,acedojafet@example.com,Soria,44
6204,Venceslás Fito Cuadrado Solsona,rfonseca@example.com,Santa Cruz de Tenerife,59
6205,Kike Tomas Carreras,eva-maria42@example.org,Barcelona,25
6206,Cebrián del Aparicio,amanda83@example.net,Ávila,22
6207,Sarita Paniagua Valcárcel,titovalenciano@example.org,Cádiz,48
6208,Gerónimo Alcides Balaguer Cabrero,juliana53@example.net,Málaga,22
6209,Apolinar Prado Dalmau,martinezivan@example.org,Valencia,31
6210,Severiano Ignacio Nicolau Bustamante,cuetocayetana@example.com,Navarra,42
6211,Juan Manuel Nicolás Vicente,smiranda@example.com,Huelva,69
6212,Silvia Fábregas Carmona,gallomaria-luisa@example.net,Granada,31
6213,Alma Bermúdez Villaverde,ascension91@example.org,Burgos,61
6214,Elisabet Alba,jeremiasblanch@example.org,Asturias,22
6215,Evita Zapata Ripoll,nerea07@example.net,Castellón,45
6216,Che del Guitart,canteroofelia@example.org,Alicante,28
6217,Cándida Encarnacion Pastor Ricart,brunildauriarte@example.net,Málaga,79
6218,Paloma Collado-Infante,reyesllano@example.net,Ciudad,60
6219,Angelino Salvador Rovira Seco,gprada@example.org,Ávila,64
6220,Toribio Cerro Vilar,revillaregina@example.org,Badajoz,27
6221,Donato Zapata Vallés,dalmaupedro@example.com,Navarra,46
6222,Teresita Segovia Doménech,herminia66@example.net,Ávila,80
6223,Cintia Gómez Carrera,silviafrancisco@example.org,Lugo,53
6224,Morena Georgina López Miralles,marco64@example.org,Ávila,60
6225,Víctor Anguita-Pascual,cabanillasprimitivo@example.com,Guipúzcoa,21
6226,Trinidad del Roda,nicolasa80@example.com,Cuenca,73
6227,Abel Sedano Castelló,ayalabenigna@example.com,Pontevedra,36
6228,Saturnina Muro Beltrán,gelabertamaro@example.org,Baleares,60
6229,Ana Sofía del Palacios,chema40@example.com,Melilla,74
6230,Juan Bautista Armas Bolaños,vescobar@example.org,Barcelona,33
6231,Reynaldo Cal Bas,crobledo@example.org,La Rioja,68
6232,Paola Núñez Amador,anibal91@example.net,Ceuta,79
6233,Cebrián Roura-Morcillo,leonor61@example.net,Palencia,53
6234,Salud Planas Barranco,farreulises@example.com,Cádiz,29
6235,Alejandro Mauricio Garcés Ángel,gcarvajal@example.com,Baleares,31
6236,Filomena Raquel Marti Valera,joancanellas@example.org,Navarra,51
6237,Rufino Alonso Sevillano,vizcainomorena@example.org,Melilla,38
6238,Feliciana Falcón,reyes65@example.com,Toledo,45
6239,María Jesús Velasco Guerra,pastorablasco@example.org,Teruel,55
6240,Hector Aarón Aranda Barreda,azucena47@example.org,Melilla,73
6241,Teo Amat Gras,martorellgoyo@example.net,Granada,35
6242,Carolina Beatriz Ramírez Alvarado,reyes41@example.com,Valladolid,44
6243,Guiomar Cobo Gallardo,ramonaoller@example.com,Asturias,66
6244,Marciano de Calleja,sanmiguelgonzalo@example.net,Segovia,54
6245,Olga Pedraza,pombojose-manuel@example.net,Palencia,22
6246,Rodrigo Ruano Salamanca,damiancarro@example.org,Pontevedra,77
6247,Ismael Cuéllar Bastida,jimenezjosep@example.net,Segovia,37
6248,Bernardino Bellido Huguet,cortesangelina@example.com,Jaén,37
6249,Griselda Sosa Sevillano,cosmeviana@example.org,Teruel,20
6250,Emelina Tolosa,leire33@example.net,Cáceres,54
6251,Cecilia Alegre-Coronado,tito40@example.com,Tarragona,46
6252,Humberto Herranz Nadal,nunezfelix@example.org,Vizcaya,33
6253,Manuel Victoriano Ibarra Domingo,calderonbenjamin@example.net,Palencia,55
6254,Natalia Ballester,otiliaenriquez@example.org,Álava,24
6255,Ágata Sarmiento,fabricio83@example.org,La Coruña,68
6256,Eliseo Rubio Caparrós,juan-jose58@example.org,Asturias,41
6257,Leonor Acero Arana,albaazcona@example.net,Córdoba,72
6258,Regina Pintor-Calderón,petrona58@example.net,Cantabria,64
6259,Eva Castrillo Falcón,lsalmeron@example.com,Madrid,20
6260,Calixta Barrena Bustos,antunezwilfredo@example.net,Las Palmas,79
6261,Nerea Coello Valentín,acunalisandro@example.com,Barcelona,76
6262,Alfonso Osorio Cazorla,galianoflavio@example.net,Albacete,33
6263,Carmelita Renata Ariza Pozo,gvaldes@example.org,Albacete,74
6264,Édgar Montoya Ríos,maria-jesuszabaleta@example.net,La Coruña,30
6265,Vito Solano Escrivá,jcoll@example.net,Murcia,34
6266,Borja Sanabria Saura,nereidaexposito@example.org,Burgos,44
6267,Quirino Vall-Alfaro,marcelino06@example.com,Málaga,27
6268,Cirino del Sobrino,jose-miguel62@example.net,Almería,35
6269,Pastora Bienvenida Ramirez Castro,eduardohernando@example.net,Granada,22
6270,Hugo Carrasco Nicolau,lcabeza@example.com,Cáceres,67
6271,Fidela Serra Talavera,ale98@example.com,Santa Cruz de Tenerife,65
6272,Rufino de Rios,placido46@example.com,Ceuta,80
6273,Glauco Company Lluch,lluchjose@example.net,Lugo,36
6274,Manu Peiró Salas,sergio74@example.net,Córdoba,47
6275,Buenaventura Peinado Moya,ncorbacho@example.net,Cuenca,30
6276,Miriam Villaverde Asenjo,almansahilario@example.net,Palencia,62
6277,Adán Castillo-Lucas,nydia84@example.org,Cáceres,64
6278,Samuel de Barreda,abrahamcodina@example.net,Cuenca,71
6279,Armando Frutos Capdevila,ceferino04@example.net,Lugo,49
6280,Marcia Anaya-Amador,angelica79@example.com,Toledo,28
6281,Gloria Noriega Perea,yesparza@example.net,Murcia,66
6282,Mónica Sarabia Pera,ileana47@example.net,Zaragoza,46
6283,Eric Juan José Luz Pedraza,ligiaurrutia@example.net,Murcia,24
6284,Ariel Torre Serrano,angladaalejandra@example.org,Cádiz,26
6285,Feliciano Moliner Busquets,isabela87@example.com,Teruel,42
6286,Prudencio del Galiano,yaiza89@example.com,Almería,65
6287,Febe de Valenciano,mcueto@example.net,Palencia,22
6288,Ignacia Sandra Reig Cabrero,herviadolores@example.com,Albacete,60
6289,Segismundo Manjón Soler,fernandomayoral@example.com,Girona,71
6290,Consuelo Saura Escribano,laraquerol@example.com,Cáceres,76
6291,Caridad Carbajo,lcarreras@example.org,La Rioja,39
6292,Heriberto Rojas Sevillano,encarnacioncarbo@example.com,La Rioja,65
6293,Eva María Garcés Torrent,ncarbo@example.org,Ciudad,67
6294,Odalis Cruz Escrivá,royourbano@example.com,Salamanca,68
6295,Pastor Manuel Álamo,qmillan@example.net,La Coruña,38
6296,Primitiva Salud Escalona Pedraza,benaventelucila@example.org,La Rioja,65
6297,Nazaret Barral Llabrés,jordanaoliver@example.net,Lugo,54
6298,Rosario Galan Paniagua,llanosomar@example.net,Zaragoza,52
6299,Ainara Olmo,icastello@example.com,Zaragoza,78
6300,Gustavo Arnau Español,eligio62@example.net,Las Palmas,53
6301,Angelina Uría Bosch,yandres@example.net,Soria,44
6302,Eusebio del Fajardo,raquel50@example.net,Teruel,61
6303,Galo de Bayo,alegreamando@example.org,Granada,51
6304,Remigio Chaparro Barco,chus19@example.com,Álava,36
6305,Ariel Hervás Alcázar,vcanizares@example.org,Jaén,71
6306,Amador Roldán,cesar39@example.org,Cuenca,73
6307,Bernardita Palacios Cordero,kvall@example.org,Huelva,52
6308,Casandra Diego-Azcona,ambarsalvador@example.net,Lugo,45
6309,Salomón Almansa Palomo,velazquezcurro@example.org,Cáceres,76
6310,Jorge Olivera Cortina,maribel25@example.com,Jaén,55
6311,Juan Antonio Ayuso Oller,encarnaverdugo@example.org,Málaga,72
6312,Camilo Nebot Gabaldón,peraltaruperta@example.org,Santa Cruz de Tenerife,57
6313,Bibiana Maestre-Landa,icuellar@example.org,Alicante,80
6314,Zoraida Tejero Gallardo,saezulises@example.org,Cádiz,41
6315,Álvaro Luís Porta,pageseugenia@example.com,Córdoba,30
6316,Sebastián Ripoll Baquero,primitivamarti@example.net,Jaén,20
6317,Carlito Aroca Sáenz,sofiagaliano@example.org,Las Palmas,73
6318,David Suárez-Ortiz,elias64@example.net,Segovia,77
6319,Cleto Mora Baeza,mansoaraceli@example.com,Sevilla,42
6320,Estefanía Macias Rivera,tcuadrado@example.org,Ceuta,66
6321,Irene Pi Aznar,umartin@example.com,Almería,41
6322,José Antonio Estévez-Chacón,castanedasabas@example.com,Las Palmas,79
6323,Máximo Casanova Llopis,mramirez@example.org,Málaga,44
6324,Ágata Jordá-Quirós,ramonnatanael@example.com,Ávila,52
6325,Plinio Bermúdez Asenjo,lcamara@example.org,Valencia,58
6326,Lázaro Cárdenas Tomé,valcalde@example.org,Málaga,52
6327,Juanito Tejada Naranjo,aosorio@example.net,Asturias,39
6328,Zacarías Coronado Rocamora,florentino27@example.net,Cuenca,57
6329,Cintia Bernal Losada,nflor@example.com,Santa Cruz de Tenerife,78
6330,Angelina Otero,concepcion41@example.com,Guadalajara,57
6331,Amaro Puga,upujadas@example.org,Sevilla,25
6332,Apolonia Cervera-Lobo,borjaraquel@example.com,Ávila,52
6333,Marisa Pelayo Amores,esmeraldafarre@example.org,Vizcaya,58
6334,Evita Pazos Salinas,julianlourdes@example.net,Huesca,76
6335,Noé Hurtado-Conde,donosoyaiza@example.net,Segovia,60
6336,África Carranza Diaz,leopoldorincon@example.org,Santa Cruz de Tenerife,73
6337,Berta Morcillo Sabater,cidjenny@example.net,Guadalajara,71
6338,Tatiana Gracia Calzada,asenjoeliseo@example.net,Badajoz,49
6339,Alejo Valenzuela-Ros,conradovalera@example.org,Segovia,22
6340,Virgilio Borja Tapia Barbero,boixfausto@example.com,Almería,33
6341,Carina de Yáñez,asaez@example.net,Segovia,60
6342,Yaiza Briones Guardia,luis-angelferrando@example.com,Navarra,63
6343,Fidel Jurado,galindolupita@example.net,Huelva,53
6344,Octavia Cabeza,manuela48@example.net,Lugo,29
6345,José Antonio Flores Gabaldón,olivialobato@example.net,Melilla,70
6346,Carmen Luisina Ballesteros Saura,griselda97@example.net,Madrid,52
6347,Dolores Doménech Francisco,araujojulio-cesar@example.com,Salamanca,74
6348,Raimundo Fuentes Aller,lorenzo16@example.net,Soria,37
6349,Consuela Bou,benigno71@example.com,Girona,69
6350,Soledad Guzman Casas,sabateremiliana@example.org,Sevilla,64
6351,Wálter Romero,dblanco@example.net,Sevilla,36
6352,Fanny Álvaro Fonseca,villegasmauricio@example.org,Cádiz,54
6353,Roldán de Torrecilla,brios@example.org,Teruel,49
6354,Brígida Aránzazu Osorio Ferrera,iandres@example.org,Madrid,32
6355,Lope Arroyo,mropero@example.com,Alicante,61
6356,Ana Belén Roma Tejedor,kprats@example.org,Vizcaya,70
6357,Simón Ruiz-Riera,xlozano@example.net,Albacete,77
6358,Rebeca Durán,puigmaricela@example.org,Palencia,56
6359,Graciela Chacón Collado,victor27@example.com,Lleida,77
6360,Máximo del Ribes,valverdetito@example.com,Jaén,31
6361,Cayetana Guijarro Esteban,marta83@example.org,Vizcaya,34
6362,Jose Angel del Guitart,xrios@example.org,Lleida,66
6363,Sandra Arco Carranza,hector56@example.com,Tarragona,65
6364,Diana Alfaro Clemente,isabelmarti@example.net,Madrid,70
6365,María Jesús Abascal León,jeremiasvidal@example.net,Zamora,33
6366,Néstor Alemany,bautistagomis@example.net,Badajoz,61
6367,Paulino Félix Salinas Laguna,anunciacion73@example.com,Barcelona,33
6368,Hilario Salamanca Medina,lcarbajo@example.com,Las Palmas,30
6369,Roque España Luján,marcosrodolfo@example.org,Almería,57
6370,Jose Carlos Morcillo-Paredes,vgibert@example.org,Badajoz,55
6371,Diego Noriega Giner,benitagallart@example.net,Zamora,29
6372,Piedad Montaña Bellido,aitanamateu@example.org,Valladolid,72
6373,Carina Paulina Carpio Téllez,matildecabanillas@example.net,Teruel,44
6374,Imelda Garay Cáceres,blancoarturo@example.org,Málaga,79
6375,Dalila Ramirez Cabrera,muletestela@example.org,Melilla,73
6376,Albina Merino Vidal,terronpalmira@example.net,Ciudad,47
6377,Jose Luis Diaz Cánovas,qmaza@example.net,Navarra,58
6378,Lupe Montalbán Pallarès,evaristo66@example.com,Ourense,20
6379,Ciro Gelabert Millán,violeta56@example.net,Burgos,35
6380,Concepción Murillo,jacoboarnal@example.org,Almería,26
6381,Bautista Lago Ferreras,mateomarmol@example.com,Pontevedra,22
6382,Pastora Narváez,sporta@example.com,Ourense,55
6383,Ariel Dolores Español Peralta,luisinaasenjo@example.org,Pontevedra,21
6384,Ester Solsona Garcia,camachofortunata@example.org,Cádiz,29
6385,Adora Carballo Pozo,acostadora@example.net,Badajoz,18
6386,Pía Prats Villegas,valentinallano@example.com,Ciudad,29
6387,Marta de Fernández,mendezxavier@example.org,Badajoz,80
6388,Martin Reguera Vallés,adelinacasal@example.org,Guadalajara,39
6389,Nilda Cervantes Viana,eligiofarre@example.com,Guadalajara,50
6390,Pelayo Pino Riba,primitivamontes@example.net,Jaén,45
6391,Baudelio Mata Reguera,marianomorera@example.org,Lugo,37
6392,Esteban Chus Criado Roldán,llanoeulalia@example.org,Santa Cruz de Tenerife,28
6393,Matías del Bernad,jesusaquintero@example.org,Navarra,44
6394,Angelina Sanabria Estevez,marquesvirgilio@example.com,Baleares,71
6395,Venceslás Cámara Carretero,amormarti@example.com,Ourense,27
6396,José del Nicolás,ugomez@example.org,Pontevedra,31
6397,José Antonio Peralta Castejón,faustino63@example.net,Málaga,31
6398,Cecilia del Cueto,bernardita78@example.org,Cuenca,59
6399,Lidia Piña Revilla,rico60@example.com,Córdoba,44
6400,Julieta Pons Águila,amarilisoliver@example.org,Guadalajara,59
6401,Luis Ángel Palmer-Piquer,marita20@example.net,Badajoz,26
6402,Rosalva Lucas Gallo,mrios@example.net,Toledo,23
6403,Juan Manuel Perera Aranda,emorera@example.net,Tarragona,58
6404,Dominga Vilaplana Campillo,santiagogregorio@example.org,Santa Cruz de Tenerife,21
6405,Victoriano Pinedo Laguna,gertrudis80@example.org,Álava,64
6406,Luna Ávila Gutierrez,efrainpozo@example.net,Ciudad,37
6407,Dionisio Marín Castellanos,calzadaviviana@example.net,Santa Cruz de Tenerife,38
6408,Baudelio Jacobo Gómez Jódar,gvalverde@example.com,Lugo,53
6409,Manola Salinas Landa,csarmiento@example.com,Ourense,60
6410,Eduardo Zamora,diana79@example.com,Guadalajara,47
6411,Nieves Marquez Bejarano,lupeboix@example.com,Guipúzcoa,30
6412,Melania Calatayud Hierro,qolivera@example.com,Castellón,36
6413,Leandro de Rosado,gabriela83@example.org,Alicante,78
6414,Maricela Guardiola Amigó,aristidesblanca@example.com,Ceuta,45
6415,Amarilis Piñol-Aznar,jose-angelolivera@example.com,Girona,32
6416,Apolinar Sainz Baena,miguel-angel16@example.com,Lugo,60
6417,Aitana Varela Lopez,hdelgado@example.com,La Coruña,27
6418,Julia Almansa Canals,bonifaciofalco@example.net,Jaén,41
6419,Primitivo Zacarías Uría Pozuelo,farrieta@example.net,Palencia,52
6420,Flavio de Calvet,herminio79@example.org,Girona,47
6421,Miriam Moreno-Landa,doritauriarte@example.com,Sevilla,47
6422,Fidel Espinosa Cabo,moises15@example.com,Guadalajara,63
6423,Dafne Ríos Bustamante,tania02@example.org,Teruel,39
6424,Luisina Samper Prada,edu01@example.net,Asturias,35
6425,Candelas Herrero Nuñez,gimenezfelix@example.com,Madrid,55
6426,Mariano Fabregat Baquero,yessica32@example.com,Ourense,42
6427,Sonia Alonso Gallart,taboadamariana@example.com,Córdoba,19
6428,Buenaventura Páez Palomar,araceli72@example.org,Cuenca,69
6429,Olga Nadia Patiño Puerta,alejandra79@example.net,Córdoba,76
6430,Aurelia Gallo Barberá,olga26@example.net,Zamora,40
6431,Eduardo Gutiérrez Tovar,romanirene@example.org,Ourense,61
6432,Aura Benítez,privero@example.org,Girona,25
6433,Carolina Salamanca,vcabanillas@example.com,Valladolid,68
6434,Pascual Jonatan Mas Ledesma,dibarra@example.com,Jaén,48
6435,Jimena Pelayo Manso,yllorens@example.net,Ourense,76
6436,Jerónimo Perales Arroyo,lillocamilo@example.org,Tarragona,29
6437,Elena de Cabañas,andreuvidal@example.org,Tarragona,77
6438,Adelia Cárdenas-Fajardo,calixto10@example.org,Huesca,66
6439,Calisto Torralba-Pera,montoyamarino@example.org,León,64
6440,Bonifacio del Muñoz,estevemaristela@example.org,Navarra,49
6441,Donato Ojeda,santamariaamerica@example.com,Guadalajara,28
6442,Florina Albero Estevez,terronpablo@example.com,Alicante,71
6443,Celestina Calixta Salamanca Torrent,magdalena38@example.com,Alicante,20
6444,Ángel Aguilera Sevillano,florentino09@example.org,Ceuta,24
6445,Montserrat Jódar Martí,lermaeliana@example.net,Soria,75
6446,María José Concha Barceló Peiró,maria-pilargutierrez@example.org,La Coruña,75
6447,Pastora Valderrama Torralba,ceferino25@example.org,Ciudad,79
6448,Jose Antonio Porras Soler,ruth47@example.net,Melilla,36
6449,Aroa Pedro Mancebo,rbenitez@example.net,Murcia,53
6450,Tiburcio Cortina Perez,sosimo02@example.com,Palencia,48
6451,Azeneth Ángel Alegre,severo26@example.net,Salamanca,59
6452,Odalys Pomares Leal,trincon@example.org,La Coruña,71
6453,Rosa Apolonia Aguilar Ochoa,guzmanarmida@example.net,Cuenca,43
6454,Angélica de Botella,isauracanete@example.com,Salamanca,38
6455,Diego Morán Suárez,rubiolucho@example.com,Zaragoza,46
6456,Laura Aguado Navarrete,calista07@example.com,Sevilla,76
6457,Teófila Ordóñez-Alemán,jose-antoniococa@example.com,Salamanca,60
6458,Telmo Garzón-Carro,pontmacaria@example.com,Lleida,22
6459,Natalia Baena Tolosa,mlluch@example.com,Albacete,26
6460,Fernando Menendez,martaquiros@example.org,Valencia,46
6461,Pascual Novoa Vigil,qrodriguez@example.net,Soria,67
6462,Rosa María Morante Luz,balaguerjenny@example.net,Sevilla,51
6463,Rosa Amaya Uriarte,sara75@example.net,Segovia,74
6464,Mercedes Luna,romanlalo@example.com,Cáceres,53
6465,Isabel Anaya Olmo,farjona@example.com,Guadalajara,41
6466,Javi Ferrera Luna,gracianacarrera@example.com,Teruel,55
6467,Tito Quintanilla Martí,ocompany@example.com,Sevilla,53
6468,Bernardino Cabañas Vera,mnavarrete@example.org,Jaén,76
6469,Estefanía Borja,paulinogascon@example.com,Almería,73
6470,Camilo Santana-Aparicio,yvallejo@example.org,La Coruña,72
6471,Fabio Bastida Tapia,jovita73@example.net,Cádiz,80
6472,Lucía Tamayo Buendía,melerodamian@example.com,Cáceres,32
6473,Ovidio del Calatayud,amigoroldan@example.net,Asturias,77
6474,Gala Prada,celestina88@example.org,Pontevedra,52
6475,Eva María Morell Llamas,fabian53@example.com,Segovia,19
6476,Guadalupe Carro Matas,florenciaberrocal@example.net,Santa Cruz de Tenerife,63
6477,Anselma Jerez Bernad,valentina23@example.net,Guipúzcoa,64
6478,Florentina Noriega Osuna,villegasambrosio@example.org,Cuenca,70
6479,Jordana Belmonte Mur,vmunoz@example.org,Soria,34
6480,Sergio Curro Olivera Busquets,quinteropanfilo@example.com,Asturias,41
6481,Laura Garriga Macías,claudio06@example.com,León,56
6482,Carla Soto Barba,jeronimocatalan@example.org,Almería,64
6483,Fátima Acedo Corominas,federico16@example.com,Ceuta,24
6484,Marcia Santana Ramón,xverdu@example.org,Segovia,39
6485,Renato Arnau Palomares,armandonicolau@example.org,Valladolid,56
6486,Héctor Ribes León,ealiaga@example.org,Asturias,31
6487,Asunción Navas Ramón,baldomero28@example.com,Sevilla,51
6488,Maura Boix Godoy,nico94@example.org,Burgos,35
6489,Evita María Jesús Bárcena Escobar,moralesyago@example.org,Guadalajara,53
6490,Flavia Márquez,ritachico@example.org,Huelva,76
6491,Andrés Felipe Gámez Company,petrona30@example.net,Segovia,79
6492,Maribel Prado Iñiguez,amorivan@example.org,Álava,23
6493,Anastasia Mínguez,tcalvo@example.net,Ciudad,71
6494,Delfina Abril Arana,maria-fernanda54@example.com,Lleida,22
6495,Aitor Verdú Barberá,rribera@example.com,Segovia,68
6496,Elvira de Pozuelo,raqueltoro@example.org,Toledo,28
6497,Cosme del Coello,ana-sofiacampillo@example.com,Santa Cruz de Tenerife,76
6498,Valentín Mateo Vallés,lucilaescolano@example.com,Zamora,34
6499,Emperatriz Amigó Almeida,alcantarahector@example.com,Segovia,23
6500,Baudelio Jáuregui Recio,vinasluisa@example.com,Palencia,27
6501,Marcelino Teruel Sastre,aznarjoel@example.net,Ourense,65
6502,Elena Diaz Llopis,sguardia@example.com,Melilla,31
6503,Pancho Granados Grande,ruy39@example.com,Teruel,45
6504,Gema Montoya Montserrat,iaguado@example.com,Huesca,54
6505,Eusebio Cleto Nadal Navarro,alexandrabarranco@example.net,Segovia,40
6506,Heliodoro Huguet Aroca,joaquinabueno@example.org,Soria,34
6507,Teo Manolo Campo Morell,cloesolis@example.com,Sevilla,58
6508,Loida Paz Carbonell,nfolch@example.net,Castellón,43
6509,Trinidad Duran Hurtado,ferrandezleoncio@example.com,Jaén,49
6510,Yolanda Hoz Duarte,gzaragoza@example.org,Burgos,36
6511,Mercedes Romero Segovia,qros@example.net,Guadalajara,34
6512,Eustaquio Guitart Zabaleta,bcapdevila@example.com,Barcelona,26
6513,Clemente Kike Miguel Cañas,neiraemiliana@example.org,La Rioja,59
6514,Soraya Tomasa Tello Morante,eligiollano@example.com,Ourense,58
6515,Ofelia Antúnez Abella,xibarra@example.net,Zaragoza,22
6516,Fabricio Iñiguez Cobos,acunagerardo@example.com,Granada,59
6517,Lara de Cañizares,aguilarisabel@example.net,Vizcaya,18
6518,Jordana Barranco,qpavon@example.com,Lleida,42
6519,Javier Benet Murillo,uvilaplana@example.org,Teruel,59
6520,Ángeles Ramis Lucas,lbastida@example.net,Granada,72
6521,Amalia Reig Llamas,roquetejedor@example.com,Burgos,44
6522,Yéssica Díaz,eufemia13@example.org,Huelva,42
6523,Herberto Manjón Catalá,nogueiraarturo@example.net,Murcia,53
6524,Nadia Conesa Beltran,aragonemiliana@example.net,Badajoz,34
6525,Ale Barberá Salas,angelino14@example.net,Ceuta,26
6526,Odalys Prado Marquez,elisabet00@example.net,Almería,66
6527,Pepito del Corbacho,gamezlaura@example.org,Barcelona,27
6528,Yolanda Gonzalo-Pombo,gvalles@example.org,Cáceres,19
6529,Eduardo Badía Costa,kmoliner@example.org,Alicante,69
6530,Vera de Sedano,basilio02@example.com,Pontevedra,77
6531,Adela Nazaret Pons Hervás,jenaroleon@example.net,Alicante,71
6532,Nando de Cabanillas,granadoscelestino@example.com,Álava,55
6533,Francisco Jose de Lamas,aalarcon@example.org,Navarra,65
6534,Martín Peiró,cintia15@example.com,Almería,56
6535,Marcelo Diego Lledó,luisleon@example.com,Lugo,60
6536,Estrella Sales Delgado,leonardogimeno@example.org,Guipúzcoa,48
6537,Asunción Ochoa Campos,sandaliomiranda@example.org,Soria,70
6538,Araceli Reig Herranz,hbarroso@example.org,Melilla,42
6539,Odalys Milla Carranza,porfirio46@example.org,Zamora,43
6540,Albina Vicens Palomares,julia58@example.org,Girona,73
6541,Guillermo Tormo,javiestrada@example.com,Burgos,61
6542,Ciro Botella Peralta,fernandezdalila@example.org,Pontevedra,78
6543,Hernando Cañizares Alberdi,utamarit@example.net,Córdoba,76
6544,Teresita Pina-Llanos,rjulian@example.org,Málaga,26
6545,Carla Pol Gual,vilaltalalo@example.net,Albacete,50
6546,Berta Roig,itziarabril@example.net,Albacete,18
6547,Reina Morcillo,kcarrasco@example.net,Navarra,72
6548,Luis Ángel Capdevila Andrade,joaquinsevilla@example.org,Málaga,53
6549,Vito Rivero Zaragoza,alvaro23@example.com,Granada,29
6550,José Mari Pastor Muro Ricart,anibalcuesta@example.net,La Rioja,55
6551,Ani Cano-Roldan,brigida91@example.net,Valladolid,24
6552,Teodora Poza Costa,sierragervasio@example.com,Guipúzcoa,25
6553,Hugo Verdú,rosalinda18@example.com,Valencia,65
6554,Emigdio Aguiló Hoz,alonsojosep@example.org,Cantabria,71
6555,Anastasia Aguado-Rocha,teodora72@example.com,Cádiz,77
6556,Piedad Campos Vilar,alejo51@example.com,Cáceres,68
6557,Anabel Marta Coronado Corbacho,angelinarosell@example.com,Huesca,36
6558,Luz Beltran Barbero,flaviapiquer@example.org,Ourense,66
6559,Anacleto Batalla,elisabetespanol@example.com,Ciudad,74
6560,Yésica Ojeda Marí,vallromulo@example.net,Ávila,75
6561,Eutimio Camps Figueras,albinomoreno@example.com,Sevilla,20
6562,Julia Jesusa Ríos Giménez,acasals@example.net,Palencia,41
6563,Felipa Aguado Riba,gimenezconstanza@example.org,Lleida,78
6564,Severo Romeu Romero,candelaspavon@example.org,Guadalajara,65
6565,Ambrosio Guerrero Arribas,marc05@example.com,La Coruña,52
6566,Fernanda Gallardo Casas,kgonzalez@example.com,Sevilla,38
6567,Leocadia Garcia-Caparrós,albertohoyos@example.org,Lugo,77
6568,Mónica Aranda Salas,peperios@example.net,Huesca,29
6569,Nicodemo Cardona,borrasmarta@example.org,Zaragoza,28
6570,Geraldo Morcillo Perelló,hernandezvalerio@example.org,La Coruña,38
6571,Ale Rosselló Olivé,hilario38@example.org,Castellón,66
6572,Rico Pol-Nuñez,xiomaraperea@example.net,Salamanca,24
6573,Ruben Barba Cuervo,vallebenito@example.com,Castellón,36
6574,Sandra Ariño Bastida,ochaves@example.org,Teruel,33
6575,Samanta Velázquez Carlos,yrueda@example.net,Madrid,76
6576,Albert Ceferino Adán Ferrera,pia50@example.com,Soria,55
6577,Jerónimo Arribas Sierra,xayala@example.net,Las Palmas,41
6578,Silvia Cerezo Llamas,adrian94@example.org,Guadalajara,20
6579,Rosa de Mayol,narcisa47@example.com,Guadalajara,48
6580,Aníbal Miralles Cases,murandrea@example.com,Huelva,23
6581,Adelina de Saavedra,sjuarez@example.org,Madrid,57
6582,Rodrigo Ariza Donoso,fmilla@example.org,Melilla,73
6583,Baudelio Seco,urrutiaalbino@example.com,Cáceres,62
6584,Fabricio Alcalde Meléndez,puigglauco@example.com,Vizcaya,64
6585,Atilio Lara Gisbert,lazaro90@example.org,La Rioja,47
6586,Josep Sastre Artigas,jerezteodora@example.com,Salamanca,22
6587,Patricia Morales Perez,hescalona@example.org,Barcelona,47
6588,Lucio Pulido Montaña,vochoa@example.net,Badajoz,58
6589,Luis Ángel Campoy Albero,goicoecheaestela@example.com,Valencia,68
6590,Buenaventura de Gomez,tmelero@example.net,Zamora,26
6591,Teodoro Blasco Planas,delgadojulie@example.com,Asturias,25
6592,Edelmiro del Cañizares,angulofelipe@example.org,Cádiz,23
6593,Arsenio Peña Gracia,noa02@example.net,Ceuta,58
6594,Irene Taboada Calatayud,echevarriablanca@example.com,Melilla,30
6595,Nidia Ferrera Saavedra,pascuala28@example.net,Sevilla,37
6596,Angelino Mena Ariza,carvajalcoral@example.net,Teruel,47
6597,Florencio Domínguez-Conesa,piobanos@example.com,Jaén,35
6598,Dionisio Sarabia Valenzuela,maximiliano53@example.net,Burgos,68
6599,Fito Castejón Gibert,scanete@example.org,Guipúzcoa,80
6600,Felipa Rosa Perera Plana,ysomoza@example.com,Pontevedra,55
6601,Albano del Gámez,gil65@example.net,Murcia,80
6602,Hipólito del Borja,petrona67@example.org,Melilla,40
6603,Cecilio Benet Morell,encarnita38@example.net,Palencia,36
6604,Rubén Hidalgo Salvà,dsantamaria@example.org,Lugo,58
6605,Amaya Guardiola,marcianolosa@example.org,Tarragona,75
6606,Dan Bernardo Valencia Pont,leontejero@example.org,Segovia,36
6607,Vasco Guardia Hernando,leyre64@example.org,Tarragona,21
6608,Julia Emperatriz Vicens Martín,vminguez@example.com,Cantabria,61
6609,Lara Barros Ibarra,hmolina@example.org,Soria,65
6610,Javiera del Sans,uarenas@example.net,Soria,20
6611,Yolanda Torrijos Trujillo,pacoserra@example.com,Ourense,74
6612,Ciro del Bonilla,escamillajavier@example.com,Ciudad,50
6613,Almudena Sala Leiva,aarcos@example.net,Teruel,46
6614,Eugenio de Huerta,kvalera@example.com,Toledo,34
6615,Domitila Obdulia Duarte Gracia,natividad77@example.com,Cádiz,62
6616,Faustino Cases Chacón,feliuinocencio@example.com,Melilla,54
6617,Carolina de Vall,lucia24@example.net,Teruel,52
6618,Tadeo Colomer,imuro@example.org,Huelva,40
6619,Renato Olegario Roldán Alsina,candelas08@example.net,Valladolid,65
6620,Raquel Olivares,javieracoello@example.org,Soria,41
6621,Emiliano Espinosa Carballo,alvaroarevalo@example.com,Valladolid,58
6622,Reyna Mariscal-Cal,dpera@example.com,Burgos,21
6623,Tecla Pacheco Llabrés,aitana89@example.org,Teruel,34
6624,Victor Manuel Julio César Royo Palomar,yrojas@example.org,Cáceres,20
6625,Rosalva Mónica Murillo León,grandepaola@example.com,Ceuta,78
6626,Josefina Garrido Martínez,dieznerea@example.net,Ávila,35
6627,Bartolomé Quintana-Sales,olallacases@example.org,Valencia,30
6628,Horacio Ciriaco Valderrama Aparicio,leandra48@example.org,Lugo,74
6629,Inés Matas-Ojeda,edmundomontesinos@example.org,Cádiz,69
6630,María Dolores del Jaén,heribertofabregas@example.org,Málaga,44
6631,Adela Vendrell Caro,aperez@example.org,Granada,35
6632,Amor Baños Pedraza,fulgenciomontalban@example.com,Ceuta,40
6633,Ángela Chico Frutos,serafina02@example.org,Zaragoza,46
6634,Amancio Artigas Dávila,tudelajafet@example.net,Madrid,39
6635,Alejo Barranco Aguirre,primitivo85@example.org,Granada,23
6636,Cristina Martina Ordóñez Llorente,hquintanilla@example.net,Vizcaya,59
6637,Leonel Navas Lobato,sbarrio@example.org,Cuenca,74
6638,Javi Hierro,wilfredollobet@example.net,Lleida,29
6639,Eulalia Fuertes Baeza,jose-angel78@example.org,Ávila,19
6640,Rufino Alegria,gabriel19@example.net,Baleares,71
6641,Rosenda Valdés Araujo,ntirado@example.com,Málaga,50
6642,Gabino José Ángel Rincón Guillén,bochoa@example.org,Cáceres,20
6643,Borja del Coello,mirtabaro@example.com,Álava,70
6644,Augusto Alsina Cuéllar,pinolmirta@example.org,Tarragona,78
6645,Alfredo Palomo Sastre,sedanojorge@example.net,León,66
6646,Lucía del Cazorla,magdalena28@example.com,Badajoz,33
6647,Tiburcio Castillo Burgos,ferrandizchema@example.org,Teruel,71
6648,Jacobo Madrid,taboadairis@example.net,Vizcaya,62
6649,Omar Correa Pellicer,efrain01@example.com,Álava,64
6650,Rodrigo Cerdá Luz,icabo@example.org,Toledo,37
6651,Germán Boix-Menendez,sescudero@example.org,Zaragoza,64
6652,Toño Remigio Villar Palomo,qugarte@example.org,Valladolid,21
6653,Jordi Donoso Oller,poncio24@example.net,León,21
6654,Agapito Palomino Pedraza,manuponce@example.com,Vizcaya,72
6655,Domingo Asenjo Carbajo,raquel62@example.org,Madrid,61
6656,Natividad Sancho,coralclavero@example.net,Melilla,75
6657,Santiago Ávila-Pou,ambargascon@example.com,Sevilla,70
6658,Reyes Sacristán Ríos,vallsnoemi@example.com,Granada,74
6659,Marcela Eusebia Carbó Reina,xcastells@example.com,Navarra,76
6660,Miriam Hervás Ponce,aserna@example.org,Sevilla,29
6661,Miguel Toribio Garcés Castañeda,serraaranzazu@example.com,Zaragoza,75
6662,Remedios Paca Espada Belmonte,jose-angelnunez@example.net,Albacete,32
6663,Pepita Pedro Puerta,alicia00@example.net,Cuenca,18
6664,Juanita del Barbero,planasestela@example.net,Las Palmas,49
6665,Eloy del Tejada,nilda54@example.org,Álava,50
6666,Adela Riquelme Estévez,brualmudena@example.net,Zamora,78
6667,Ariel Donoso Estrada,vborrego@example.com,Navarra,74
6668,Celestina Samper,mabella@example.com,Pontevedra,21
6669,María Belén Báez-Atienza,ribabernardino@example.net,Santa Cruz de Tenerife,64
6670,Azahara Montserrat Navarro Puente,jfeijoo@example.com,Cuenca,54
6671,Hernán Valderrama Toledo,maria-angelespont@example.net,Tarragona,23
6672,Carmelita Duran Mateos,toribio58@example.org,Huelva,55
6673,Magdalena Marcos,esalva@example.net,Ceuta,32
6674,Agustina Pareja,florinaluis@example.org,La Rioja,55
6675,Leandro Ramis Heredia,ziglesia@example.com,Toledo,76
6676,Arturo Múgica Bonilla,marisela47@example.org,Salamanca,69
6677,Trini Arribas,edmundoegea@example.com,Málaga,63
6678,Tito Iglesias Hierro,gracianacortina@example.org,La Coruña,27
6679,Lope Quiroga Rosselló,custodiamacias@example.net,Valladolid,55
6680,Duilio Lobo,kfarre@example.net,Sevilla,60
6681,Guillermo de Pablo,vicenta77@example.com,Sevilla,80
6682,Heriberto Recio Quintanilla,lino13@example.net,La Rioja,18
6683,Martín Rosado Palau,malvaro@example.com,Jaén,61
6684,Jennifer Ayala Aguirre,hilario60@example.com,Cuenca,51
6685,Ibán Martinez Agustín,gpalma@example.com,Málaga,59
6686,Juanito Custodio Guzmán Alberola,loperuiz@example.net,Córdoba,51
6687,Isabel Roda Arias,marc54@example.com,Guadalajara,66
6688,Pía Palacios,qbartolome@example.net,Pontevedra,42
6689,Marisela Anastasia Fonseca Marcos,canteromelania@example.com,Santa Cruz de Tenerife,25
6690,Ignacio Patiño-Jordá,victorino33@example.org,León,62
6691,Xavier Carbajo Hoyos,norbertoiglesias@example.com,Vizcaya,49
6692,Estela Puig Perea,mauracalatayud@example.net,Murcia,40
6693,Virginia Pino Barragán,qpinto@example.net,Álava,60
6694,Gilberto Cristian Rosa Nogués,pilar15@example.com,Tarragona,48
6695,Amarilis Olivera Sabater,nmercader@example.com,La Rioja,76
6696,Joan Castrillo,lllado@example.org,Toledo,75
6697,Gema Tejero Elías,xllamas@example.net,Castellón,75
6698,Jose Francisco Nebot-Landa,xtrujillo@example.net,Teruel,48
6699,Jesús Salinas Cabello,lagomonica@example.org,Valladolid,73
6700,Lope Bosch Maza,marcio73@example.com,La Rioja,63
6701,Santiago Reyes Barceló,tledesma@example.com,Tarragona,63
6702,Ángel Édgar Pedrero Campoy,naranjoamalia@example.org,Alicante,46
6703,Pepe Carpio Gimeno,caridad93@example.org,Ourense,80
6704,Nerea Prats Conesa,clarisagomila@example.net,Zamora,54
6705,Isidro Patiño-Galan,fpelaez@example.com,Pontevedra,57
6706,Cristian Ropero-Guardia,zsolano@example.org,Álava,26
6707,Roberta Pinedo Ramis,xjove@example.org,Barcelona,58
6708,Julián Escamilla,angelica00@example.com,Castellón,66
6709,Alcides Alsina Bejarano,qmacias@example.com,Zamora,42
6710,Isabel de Uriarte,jose-miguelcorral@example.org,Alicante,71
6711,Norberto Asenjo,angelhigueras@example.org,Madrid,47
6712,Nidia Carrillo Casares,lluchalex@example.net,Valladolid,20
6713,Amando Moll Gibert,gustavotenorio@example.org,León,22
6714,Amalia Piña Perelló,oscarvalera@example.com,Ourense,43
6715,Amaya Vallejo Palacios,luisflorentino@example.org,Toledo,69
6716,Mercedes del Roig,barevalo@example.org,Cáceres,62
6717,Vicente de Jara,rosaliapombo@example.com,Ourense,54
6718,Zoraida Angelina Castells Rosado,reyessomoza@example.net,Las Palmas,28
6719,Dan Uriarte Codina,blanchreyes@example.net,Granada,60
6720,Nieves Baños Torrents,adelina38@example.org,Badajoz,57
6721,Heliodoro Fortunato Escobar Querol,almudena01@example.com,Huesca,52
6722,Luís Mulet-Cabeza,segarracecilio@example.org,Barcelona,43
6723,Carina Izquierdo Abril,fberrocal@example.net,Alicante,36
6724,Danilo Ribera Tudela,tpoza@example.org,Alicante,37
6725,Teófila Seco Márquez,padillajordan@example.com,Alicante,54
6726,Milagros Zurita Somoza,planacustodia@example.org,Málaga,52
6727,Leonor Valencia-Cózar,maria-cristina48@example.org,Zamora,19
6728,Danilo Bernabé Jiménez Villalonga,montesinosjafet@example.com,Almería,48
6729,Quirino Tudela Río,mateosnazario@example.com,Girona,37
6730,Haroldo Salgado,yaizario@example.org,Tarragona,80
6731,Simón Barberá Guzmán,gordilloadelardo@example.com,Asturias,19
6732,Marcela Donaire Artigas,panchovazquez@example.com,Ávila,40
6733,Fermín Novoa,sergioarana@example.com,Teruel,49
6734,Elías Castejón Vélez,ngibert@example.com,Huelva,78
6735,Luís Herrera Acevedo,josefinacortes@example.net,Alicante,29
6736,Eufemia Valcárcel Espada,angelesestevez@example.net,Sevilla,22
6737,Noé Sanchez Lasa,rogelio42@example.org,Guipúzcoa,61
6738,Fabián Gomila Pons,leocadia10@example.org,Guipúzcoa,71
6739,Paloma Benavent Barbero,nsarmiento@example.org,Teruel,60
6740,Jovita Dominguez Pinto,baldomero15@example.net,Zaragoza,20
6741,Melisa Aller,nilda94@example.com,Zaragoza,37
6742,Sebastian Rosselló-Gisbert,emelinacanet@example.com,Huelva,32
6743,Venceslás Guillén Zamorano,martinezfausto@example.net,Pontevedra,69
6744,Albina Guzmán Mascaró,tadeobermejo@example.com,Zaragoza,78
6745,Merche Vicente Bejarano,primitivo10@example.net,Ourense,64
6746,Pepita Bejarano,esparzacleto@example.com,Soria,44
6747,Gloria Cristina Aguilera Rivera,nicolaubartolome@example.org,Granada,59
6748,Adoración de Cid,wbenavente@example.org,Cáceres,36
6749,Viviana Luisa Morcillo Simó,agustinaberrocal@example.org,Jaén,29
6750,Urbano Rivero Cuervo,qechevarria@example.org,Melilla,37
6751,Ángel Samper Hierro,cruzgelabert@example.net,León,66
6752,Geraldo Suarez,ediez@example.com,Ceuta,64
6753,Nazaret Iñiguez-Alemán,martiriocano@example.net,Huelva,76
6754,Manuela Barberá Barrios,bfarre@example.com,Soria,40
6755,Armando Rovira,jatienza@example.org,Navarra,79
6756,Águeda Tejero Figueroa,menendezconsuela@example.com,Cantabria,76
6757,Fabiana Martín Alsina,salvadorrossello@example.net,Asturias,79
6758,Porfirio Conde Arnau,rebecajimenez@example.net,Lugo,54
6759,María Belén de Recio,pugaseve@example.org,Las Palmas,51
6760,Carlos Huguet Jove,goyocodina@example.org,Burgos,72
6761,Eufemia Conde Llopis,bruno16@example.net,Girona,56
6762,Carmela del Lara,claudianebot@example.net,Guipúzcoa,23
6763,Elpidio Guerra Vizcaíno,gargalloalexandra@example.com,Girona,27
6764,Leocadia Acuña Gomis,solasarita@example.com,Valencia,53
6765,Alejandra del Linares,francisco-javier58@example.org,Cáceres,70
6766,Virgilio Gámez Acuña,santanacarmelo@example.com,Girona,61
6767,Duilio Alba Oliva,oteromirta@example.com,Madrid,36
6768,Febe Feijoo Miranda,calatayudeloy@example.org,Jaén,73
6769,Anastasia Albina Moraleda Carrera,rmancebo@example.net,Guipúzcoa,24
6770,Cándida Ródenas Falcón,campilloteresita@example.net,Albacete,34
6771,Fausto Saez Blasco,gustavo33@example.net,Palencia,34
6772,Andrés Felipe Román Sevillano Mendizábal,visitacion11@example.net,Huelva,59
6773,Araceli Niño Moll,cortesmaria-del-carmen@example.net,Soria,51
6774,Encarnación Peñalver Mendez,virgiliollorente@example.org,Girona,52
6775,Carmina Martirio Salas Oliver,ngilabert@example.org,Pontevedra,66
6776,Felipa de Vilar,eva30@example.com,Cantabria,28
6777,Erasmo Candelario Barceló Guerrero,miguel94@example.org,Cantabria,34
6778,Amílcar Solís,encarna32@example.net,Alicante,28
6779,Salvador Toribio Marti Noriega,aroura@example.org,Baleares,63
6780,Blanca Ale Cabezas Córdoba,rafaela83@example.net,Guipúzcoa,65
6781,Balduino Rosales-Garriga,agustina27@example.com,Palencia,37
6782,Nélida de Vilalta,domingatirado@example.org,Asturias,36
6783,Perla Sandoval Río,bernalapolonia@example.net,Guadalajara,29
6784,Seve Meléndez Mesa,flaviaescribano@example.org,Castellón,80
6785,Febe Valdés Cornejo,carlotavalcarcel@example.net,Pontevedra,67
6786,Águeda Malo,gala70@example.org,Barcelona,64
6787,Chema Alsina Beltrán,malena49@example.net,Baleares,36
6788,Duilio Cervera Diéguez,cvendrell@example.net,Baleares,28
6789,Rolando Segismundo Olivares Leal,wcid@example.net,Segovia,45
6790,Eduardo Velasco Llobet,turcelestino@example.com,Segovia,70
6791,Ramón Baquero-Porcel,ambarjauregui@example.com,Alicante,71
6792,Aureliano Peláez Zapata,baldomero84@example.net,Melilla,57
6793,Azucena Cid-Medina,juan-pablo30@example.net,Valladolid,41
6794,Lorenza Teófila Cazorla Higueras,zsalom@example.com,Cádiz,80
6795,Erasmo Pera Asenjo,ofrancisco@example.org,Córdoba,48
6796,Cruz Torres Prieto,renatoelias@example.net,Granada,72
6797,Visitación Velázquez Román,drecio@example.com,Albacete,49
6798,Lidia Rufina Carro Hidalgo,vnevado@example.com,Cuenca,50
6799,Evelia Botella Castañeda,febevillena@example.org,Ourense,66
6800,Pascuala Montserrat Sanmartín,valerorueda@example.org,Zamora,64
6801,Godofredo Montes-Hernandez,alarconaureliano@example.org,Salamanca,78
6802,Sol Escamilla-Revilla,ballesterfelipe@example.net,Sevilla,77
6803,Fidel Cal Adán,nalegre@example.com,Ceuta,19
6804,Victoriano Guzman Rosa,apolinar37@example.com,Pontevedra,65
6805,José Pili Expósito Prieto,marcogilberto@example.org,Badajoz,48
6806,Fabián Sabater Anaya,fitoberenguer@example.com,Castellón,36
6807,Teófila Macías Sala,gaston16@example.org,Granada,58
6808,Otilia Bayona,maribel56@example.com,Ciudad,32
6809,Luis Miguel Becerra Marín,rolando86@example.org,Salamanca,49
6810,Omar Tur Solé,abigail47@example.org,Castellón,23
6811,Salvador Colomer Izaguirre,vvalentin@example.net,Cuenca,37
6812,Loreto Albert Julián Vaquero,eric07@example.com,La Coruña,61
6813,Perlita Alcántara Paniagua,juan-pablo98@example.net,Salamanca,49
6814,Camilo Olivé Valentín,luna35@example.org,Palencia,66
6815,Casemiro Acuña Valverde,loreto93@example.net,Soria,41
6816,Porfirio Pascual-Bru,bermudezdani@example.com,Granada,43
6817,Geraldo Falcó Frutos,pepe16@example.com,Albacete,75
6818,Daniela Palacio Juan,serafina68@example.net,Tarragona,21
6819,Nazaret Serna Sáez,pomaresangelina@example.net,Burgos,27
6820,Roque Serra Bejarano,roldantono@example.org,Córdoba,37
6821,Eladio Falcó Torrents,enrique88@example.com,Albacete,64
6822,Sebastian del Clavero,ppolo@example.net,La Rioja,66
6823,Lilia Perelló Vicens,efrain40@example.com,Salamanca,71
6824,Fito Cuesta Ureña,vito81@example.org,Pontevedra,26
6825,Celia Mateu Sala,linasalom@example.com,Palencia,69
6826,Guiomar Narváez,porteromoreno@example.com,Ceuta,60
6827,Raúl Bas Torrents,gallojose-mari@example.net,Huelva,56
6828,Calista Quevedo Saavedra,aballesteros@example.org,Badajoz,58
6829,Silvestre López-Mateos,callejaefrain@example.org,Guadalajara,74
6830,Eutropio Cañellas Galindo,tonisegarra@example.net,Pontevedra,61
6831,Hilda Maestre Isern,marcia28@example.com,Tarragona,80
6832,Rosalinda Prat Bayo,floraarrieta@example.org,Almería,27
6833,Nadia Alfonso Reyes,granadosana@example.net,León,78
6834,Edu Ordóñez Gallego,navarretedaniel@example.org,Zamora,70
6835,Miguel Ángel Montaña Vilanova,alegriaantonia@example.net,Badajoz,40
6836,Cristian Belmonte,llanonicodemo@example.com,Huesca,38
6837,Leticia Perera Cueto,qtellez@example.org,Tarragona,48
6838,Marcia Amor Uribe,uriartevidal@example.com,Ceuta,61
6839,Zacarías de Ortega,alfredosantamaria@example.org,Valladolid,66
6840,José Luis Rivero,maria-carmen27@example.org,Zamora,26
6841,Pelayo Marco-Cabrera,nestorpujadas@example.net,Lugo,19
6842,Lino Peiró Bauzà,lisandro26@example.org,Tarragona,40
6843,Renata Irma Criado Vázquez,barberadomitila@example.org,Huesca,76
6844,Isabel Seco Arias,ejulian@example.com,Lleida,74
6845,Eufemia del Álvaro,sigfrido61@example.net,Almería,79
6846,Isidora Hervás-Posada,arnaltono@example.org,Teruel,45
6847,Alex Caparrós Gelabert,arcelia23@example.net,Valencia,27
6848,Curro Puga Villanueva,nildaperales@example.net,Palencia,45
6849,Etelvina Gaya-Sola,bautista58@example.net,Ciudad,43
6850,Carlos Jáuregui Solís,patricia01@example.com,Pontevedra,30
6851,Bernabé Mena Requena,canetale@example.net,Sevilla,50
6852,Febe Jordana Alcántara Clemente,almagrotrinidad@example.net,Madrid,46
6853,Dora María José Pedro Velasco,carlavera@example.net,Ávila,58
6854,Melania Oliver Juliá,bernabe98@example.net,Cuenca,30
6855,Trinidad Alsina Bosch,qbello@example.org,Huesca,42
6856,Yéssica Bustos Lozano,manubellido@example.net,Guipúzcoa,38
6857,Amada Gimeno Ferrer,eleuterio07@example.net,Huelva,19
6858,Apolinar Acevedo Fonseca,alberomiriam@example.com,Badajoz,36
6859,Galo del Salgado,falconespiridion@example.org,Ávila,76
6860,Cándido Olivé,sarellano@example.com,Valladolid,64
6861,Matilde Coloma Isern,ocanellas@example.net,Ceuta,33
6862,Ainoa Amador Tejedor,patinoromulo@example.net,Granada,55
6863,Graciano Esteban-Peñalver,dieguezadelardo@example.org,Burgos,35
6864,Isabela Solano Gual,hectorbustos@example.org,Huelva,59
6865,Casandra Pinto Pont,margarita49@example.net,Navarra,43
6866,Florencia de Abella,domingoadela@example.org,Ávila,73
6867,Julio Pozo Castañeda,paeznieves@example.net,La Coruña,55
6868,Demetrio Cañellas Santana,lginer@example.net,Vizcaya,21
6869,Manuel Fernandez Figuerola,asuncionarteaga@example.com,Almería,28
6870,Aarón Barba,wpablo@example.net,León,36
6871,Lino Barriga-Andreu,yalba@example.org,Málaga,46
6872,Gil Báez-Prats,joverclara@example.com,Castellón,36
6873,Victoria Nicolau Montero,franciscadomenech@example.org,Barcelona,64
6874,Margarita Baró Torrent,francisconazaret@example.com,Segovia,23
6875,José Saez,federico43@example.com,Almería,65
6876,Bernabé Sales Bermúdez,martinjulian@example.com,Girona,73
6877,Elodia Marti Marin,hernandopastor@example.com,Ciudad,43
6878,Sosimo Llorens Hernández,rarrieta@example.com,Baleares,47
6879,Che Seco Márquez,pepe04@example.com,Pontevedra,63
6880,Rosa María Mateu,milagros59@example.org,La Rioja,75
6881,Cándida Santiago,castanedaflorina@example.org,Navarra,26
6882,Germán Pereira Rodriguez,nereafrancisco@example.org,Baleares,40
6883,Graciela Fuente,acerorita@example.com,Murcia,39
6884,César Reina,bartolomereynaldo@example.org,Cádiz,34
6885,Carlito Montoya Ferrer,obenitez@example.com,Ávila,58
6886,Andrés Felipe Seco,pedro78@example.net,La Rioja,28
6887,Abel Arias Anglada,marisolduran@example.net,Sevilla,79
6888,Emiliana Graciela Iñiguez Salmerón,vicenta92@example.org,Barcelona,68
6889,Cecilia del Gallardo,moreratristan@example.com,Ceuta,66
6890,Julie Pepita Reina Padilla,brigida82@example.net,Madrid,71
6891,Isaura Revilla-Olivé,candelarioestevez@example.com,Zamora,20
6892,Jose Ignacio Amores Llanos,maxi22@example.com,La Rioja,19
6893,Alma Roldan Checa,jose-antoniocheca@example.net,Ciudad,31
6894,Jonatan Roldán Arregui Rivas,segismundo98@example.com,Ávila,61
6895,Adelia Vidal Pallarès,celso66@example.com,Cáceres,79
6896,Cipriano del Tejero,agiron@example.net,Barcelona,63
6897,Galo Aparicio,hilariosaavedra@example.org,Álava,73
6898,Zaida del Miguel,mirallesmarcia@example.net,Badajoz,51
6899,Isabel Cárdenas Portero,castillaguadalupe@example.net,Tarragona,69
6900,Damián del Lorenzo,cquero@example.com,Teruel,62
6901,Paola de Conde,pujadaskike@example.net,Vizcaya,53
6902,Haroldo Ribas Díaz,tolosaeugenio@example.net,Vizcaya,78
6903,Ruy Guardia-Gutiérrez,cebrian46@example.com,Cádiz,21
6904,Cornelio Olivares Azorin,ublanes@example.net,Cantabria,70
6905,Amelia de Zaragoza,cvillena@example.org,Ciudad,63
6906,Olimpia de Cepeda,jtorrent@example.net,Málaga,44
6907,Maxi Pedrero Mármol,reigjuanita@example.net,Granada,46
6908,Juan Antonio Pinilla Diego,fajardozaira@example.com,Santa Cruz de Tenerife,66
6909,Blanca Rubio Dueñas,wanglada@example.net,Cuenca,24
6910,Evelia Bayona Muro,tmanjon@example.org,Cáceres,76
6911,Gastón Bayón-Galán,luis-miguelhervia@example.com,Santa Cruz de Tenerife,24
6912,Maxi Campos Colom,castanedamarisela@example.org,Pontevedra,67
6913,Jafet Villanueva Bermudez,marcelino47@example.net,Burgos,30
6914,Pánfilo Saldaña Valenzuela,carmelitamaestre@example.net,Cádiz,23
6915,Trinidad Agustí Lobo,mgimeno@example.net,Castellón,52
6916,Rogelio Escudero Lerma,mgibert@example.org,Álava,80
6917,Emilio Sainz Amigó,abigail21@example.com,Tarragona,74
6918,Luciana Mora Escrivá,micaelacortina@example.org,Toledo,48
6919,Isa Tejero Villaverde,bcano@example.net,Huelva,25
6920,Cornelio Agullo,colladohilario@example.net,Ceuta,63
6921,Manuel Pablo,luchogarmendia@example.org,Cádiz,29
6922,Febe Modesta Huerta Lladó,aznartito@example.net,Teruel,57
6923,Encarnita Carbonell Juan,teodoro86@example.com,Asturias,71
6924,Sarita Luz Alarcón,nvila@example.com,Salamanca,24
6925,Aránzazu Salomé Tenorio Mulet,mcompany@example.net,Cáceres,65
6926,Esperanza Ortuño Sanmartín,reguloespanol@example.org,Melilla,58
6927,Blanca Elías Cueto,angelino64@example.org,Cádiz,50
6928,Verónica Acero Céspedes,mmendez@example.org,Castellón,32
6929,Joaquina Valcárcel Carpio,facero@example.org,Valladolid,48
6930,Calista de Arteaga,armengolnorberto@example.org,Teruel,30
6931,Edgardo Cañellas Cuesta,ualberto@example.com,Barcelona,36
6932,José Mari Luján Cortina,ogoni@example.org,Teruel,42
6933,Domingo Segovia-Lozano,serafina93@example.net,Valencia,74
6934,Adelina Candelaria Guerrero Canals,dlluch@example.net,Cuenca,69
6935,Godofredo Seguí Sánchez,lealcarmelo@example.org,Valladolid,34
6936,Florencio Lledó,cristinamadrid@example.org,Zamora,59
6937,Patricio Almansa Boada,juan-manueljauregui@example.net,Zamora,37
6938,Felipa Malo Narváez,clementinarius@example.com,La Rioja,39
6939,Olga Bustos,oplana@example.com,Castellón,49
6940,Jordi Machado Robles,montserratbeltran@example.net,Barcelona,80
6941,Estrella Llamas Juliá,jpino@example.net,Teruel,35
6942,Jose Miguel Diego Marti Gilabert,tejeraalbano@example.org,Teruel,76
6943,Valero Verdugo Crespo,madridjavier@example.net,Vizcaya,58
6944,Ulises Tejero Nogués,guadalupe91@example.org,Cádiz,77
6945,Águeda Guzmán Pérez,lbayo@example.org,Baleares,33
6946,Áurea Espinosa-Olmo,rramirez@example.com,Valencia,41
6947,Azucena Donaire Céspedes,marquezmiriam@example.org,Zaragoza,59
6948,Teresita Yésica Valderrama Matas,qmora@example.net,Palencia,33
6949,Luis Miguel Carvajal Bosch,carrenogilberto@example.org,Barcelona,60
6950,Marcia Zorrilla Cornejo,gema23@example.org,Cantabria,51
6951,Débora Pallarès Rosales,bpastor@example.net,Cáceres,35
6952,Débora del Abellán,maxialcolea@example.org,Madrid,32
6953,Rosalina Cabello Murcia,palomahoz@example.com,Asturias,72
6954,Luciano Balaguer Badía,benitomaza@example.com,Tarragona,45
6955,Osvaldo Josué Prats Moreno,salazargerman@example.org,Cuenca,75
6956,Tere del Cañizares,vallejopascual@example.com,Valencia,75
6957,Apolinar Barba Tolosa,santamariaamanda@example.com,Teruel,39
6958,Curro Alcántara Barrera,gregoriomontes@example.org,Córdoba,21
6959,Ana Belén Pascuala Juliá Armas,benjamin73@example.com,Tarragona,19
6960,Dorita Sierra Arana,kmayol@example.net,Santa Cruz de Tenerife,30
6961,Eusebio Amorós Carretero,purificacion69@example.net,Badajoz,66
6962,Carlos Ordóñez Gimeno,javieracabanas@example.net,Cádiz,30
6963,Nico Colom Duarte,barjona@example.com,Vizcaya,73
6964,Jacinto Bilbao Hernández,lunanorberto@example.com,Badajoz,58
6965,Baltasar Reig Vera,dulcegargallo@example.org,Ourense,44
6966,Custodio Nadal Pareja,pellicerbautista@example.org,Pontevedra,60
6967,Blas del Miró,camigo@example.org,Teruel,27
6968,Brunilda Berrocal Huguet,vmilla@example.net,Guipúzcoa,62
6969,Fernanda Cueto Agudo,lumbrerasmacaria@example.org,Jaén,77
6970,Bernardino Carballo Lledó,mbosch@example.net,Valladolid,71
6971,Segismundo Zamora Román,gema60@example.net,Castellón,34
6972,Marisa Sierra,sosaclarisa@example.com,Vizcaya,61
6973,Anita Lastra Rebollo,amelia65@example.net,Melilla,50
6974,Narcisa Marti-Gabaldón,felicia89@example.org,Badajoz,66
6975,Carlota Hervia Pina,vicentacarreno@example.net,Alicante,34
6976,Desiderio Clavero,arcelia65@example.org,Córdoba,29
6977,Dominga Lledó Ayllón,meleroramiro@example.com,Baleares,19
6978,Narciso Vizcaíno Calvet,yolandablasco@example.org,Badajoz,31
6979,Martín Goicoechea Pedro,jagustin@example.com,Ávila,68
6980,Jafet Segarra Riquelme,romeumanu@example.net,Madrid,49
6981,Heraclio Cabrero Valencia,aurelio18@example.net,Asturias,72
6982,Nélida Herranz,esebastian@example.com,Ciudad,55
6983,Gerónimo Parejo Conde,norieganazaret@example.net,Huesca,43
6984,Trini Pinedo,jose-manuel26@example.org,Albacete,75
6985,Emilia de Folch,fabregasjoaquina@example.com,Cuenca,57
6986,Amarilis Diego,rmachado@example.org,Castellón,24
6987,Piedad Mercader Perea,ebaron@example.com,Cuenca,76
6988,Adelina Ariño Prats,adeliaferrera@example.net,Soria,29
6989,Patricio Ayllón,custodiavelez@example.org,Sevilla,61
6990,Gertrudis Flores Martorell,panchogracia@example.net,La Coruña,60
6991,Caridad de Arrieta,osvaldoestevez@example.org,Guipúzcoa,49
6992,Rosa María Abella Vaquero,marioenriquez@example.org,Cuenca,58
6993,Perla Regina Aragón Díez,alvarezhilda@example.net,Santa Cruz de Tenerife,37
6994,Ovidio de Campoy,ballesterolalla@example.com,Guadalajara,41
6995,Rocío Aragonés Luna,fidel36@example.net,Teruel,62
6996,Galo Marqués Miranda,saravina@example.com,La Coruña,18
6997,Jose Luis Severiano Anguita Tamayo,gustavo34@example.com,Asturias,33
6998,Elisa Plana Carrillo,jbusquets@example.org,Cuenca,69
6999,Fabián del Coronado,wsoriano@example.com,Huelva,18
7000,Yésica Aragonés Rojas,ruperto71@example.net,Badajoz,29
7001,Silvio de Heras,ciriacocervera@example.org,Segovia,69
7002,Aurelia Hervás Gargallo,jaumerenata@example.net,Guipúzcoa,25
7003,Timoteo Saura Aparicio,victorherrera@example.org,Vizcaya,75
7004,Adora Ester Torrecilla Almansa,benavidesbibiana@example.net,Guadalajara,64
7005,Ligia Valenzuela,silvio05@example.org,Castellón,31
7006,Ricarda Baños,maximofigueroa@example.org,Vizcaya,30
7007,Fidela Robledo Valls,rtejada@example.com,Barcelona,25
7008,Consuelo León Cobos,zpalomar@example.org,Melilla,29
7009,Emigdio Luís Rocha,haroroxana@example.com,La Rioja,24
7010,Teodoro Bartolomé Cueto Falcón,darioiglesia@example.com,Valencia,49
7011,Leandra Larrañaga Orozco,mjuan@example.com,Las Palmas,76
7012,Filomena Álvaro-Zorrilla,dorotea59@example.com,La Coruña,34
7013,Florina del Torrecilla,nevadovidal@example.org,Badajoz,74
7014,Narciso Guerra Uribe,palvarado@example.com,Santa Cruz de Tenerife,79
7015,Luisa Barrena Enríquez,timoteo40@example.com,Barcelona,53
7016,Elisa Méndez Aguirre,barrancociriaco@example.org,Lleida,62
7017,Rebeca Ortega Jara,diegocolomer@example.net,Sevilla,77
7018,Luis Miguel Ortuño-Aroca,eulalialeiva@example.org,Soria,62
7019,Purificación Perez Pazos,gibertteodoro@example.org,Badajoz,26
7020,Calixta Francisco Escobar,candelarioblazquez@example.net,Ourense,52
7021,Federico Palacio Roig,castilloamancio@example.org,Murcia,49
7022,Adelia Bayón Vilanova,estefaniamilla@example.com,Teruel,44
7023,Marc Revilla Luján,jolmo@example.com,Asturias,40
7024,Tatiana Patiño Sedano,pizarroperlita@example.org,Salamanca,23
7025,Corona Fernandez Rocha,haller@example.org,Pontevedra,22
7026,Adolfo Rovira Frías,maximino47@example.com,Murcia,19
7027,Pilar Blanes Mora,dcamacho@example.org,Asturias,23
7028,Segismundo Cifuentes Sastre,cosmerodrigo@example.com,Murcia,59
7029,Vinicio Escrivá Figueras,wmartin@example.org,Granada,63
7030,Silvia Jover Iñiguez,telmovargas@example.org,Valencia,69
7031,Yago Iker Tomé Cazorla,hropero@example.net,La Coruña,24
7032,Vidal del Carreño,isaias27@example.org,La Coruña,60
7033,Sara Pozuelo Bernad,tamaritfrancisco-javier@example.org,Melilla,54
7034,Adolfo Santana Jurado,aaron13@example.net,Cantabria,64
7035,Francisco Recio Elías,diegochuy@example.net,Santa Cruz de Tenerife,61
7036,Melania Campoy Batalla,morancaridad@example.net,Segovia,78
7037,Ezequiel Escrivá Zabala,erebollo@example.com,Córdoba,50
7038,Benita Neira Guardiola,claudiopons@example.com,Cáceres,26
7039,Zaira Blanca Vilaplana,mansotere@example.com,Huesca,74
7040,Manola Canals Porras,fernando13@example.com,Cantabria,67
7041,Ale Rosado,solanabeatriz@example.org,Álava,71
7042,Gloria Mónica Molins Gomis,tormoolivia@example.net,Cantabria,36
7043,Toribio Ródenas Casanovas,sastremaricela@example.org,Girona,36
7044,Seve del Niño,consuela86@example.org,Huelva,43
7045,Aurora Pascual Cámara,eusebioalcala@example.com,Soria,67
7046,Mauricio Barba Cánovas,bermejojuan-pablo@example.org,Málaga,49
7047,Teresita Ayala Mayo,calderonsalvador@example.com,Toledo,71
7048,María Pozuelo,riosdavid@example.org,Córdoba,57
7049,Vicente Arrieta Verdú,jeremiascanton@example.com,Lleida,52
7050,Casemiro Taboada-Vilaplana,claudia93@example.org,Granada,71
7051,Daniela Mariscal Arco,marinpepita@example.com,Pontevedra,44
7052,Andrea Oller Segarra,elisabetbas@example.com,Madrid,60
7053,Sergio Méndez Montserrat,jose-carlos78@example.com,Madrid,44
7054,Eligio Cuevas Rocha,salome85@example.net,Santa Cruz de Tenerife,23
7055,Rosalva Bolaños Núñez,javiera25@example.net,Teruel,56
7056,Lope Zaragoza Roldán,pagesmargarita@example.com,Navarra,62
7057,Pelayo Jose Miguel Barral Barranco,cadenasherminio@example.com,Ávila,54
7058,Carmelita del Bartolomé,rsuarez@example.net,Pontevedra,51
7059,Fausto Peinado,lsebastian@example.org,Badajoz,33
7060,Brunilda Llorente Ródenas,albina01@example.org,La Coruña,70
7061,Natalio Garriga Lerma,bnadal@example.net,Albacete,41
7062,Chuy Aguirre Abascal,fito73@example.org,Jaén,32
7063,Anastasio de Calleja,pinedareyna@example.org,Lleida,33
7064,Rico del Segarra,ichamorro@example.net,Huelva,34
7065,Cristina Cerdá Murcia,lara56@example.com,Lleida,63
7066,Fanny de Pardo,ssantiago@example.org,Teruel,55
7067,Elodia del Salom,moisesbotella@example.net,Almería,31
7068,Ema Montero Salvador,ovidioescribano@example.org,Baleares,46
7069,Clarisa Landa Benet,barbabenigno@example.org,Badajoz,74
7070,Manuelita Calleja Godoy,losadaguiomar@example.com,Navarra,28
7071,Natalio Carballo-Galindo,jrivas@example.org,Ávila,18
7072,Emma Abella Real,knogueira@example.org,Almería,74
7073,Guadalupe Nadal Esteban,cletotrillo@example.com,Sevilla,32
7074,Anastasio Alcalde,borja39@example.net,Cantabria,35
7075,Amada de Cuervo,ivan50@example.net,Sevilla,53
7076,Gloria de Planas,lorenzojacinto@example.org,Guadalajara,34
7077,Lázaro Lorenzo Benito,valerochico@example.com,La Rioja,57
7078,Cirino Juárez Cordero,luis-miguel00@example.org,Valencia,53
7079,Desiderio Adán Linares,oliveraanastasio@example.com,Ourense,63
7080,Duilio Manzanares Menéndez,roman18@example.net,Ceuta,58
7081,Severo Perea Barrios,rpons@example.org,Asturias,62
7082,Quirino Trujillo Donoso,qcolom@example.org,Toledo,44
7083,Tomás Barros Salvà,tiradojessica@example.org,Segovia,50
7084,Sandalio Aller Busquets,valderramaisabel@example.com,Cuenca,74
7085,Olegario Alcalá Rey,corneliotaboada@example.org,Córdoba,26
7086,Reyes de Torrijos,cuellarana-belen@example.org,Huesca,79
7087,Primitiva Crespi Beltrán,jorgealemany@example.net,Soria,58
7088,Sabina Céspedes Carretero,candido41@example.net,Las Palmas,60
7089,Dorita Elorza Chaves,emilianosandoval@example.org,Cádiz,50
7090,Ariadna Río Carranza,montserratsebastian@example.net,Ávila,42
7091,Montserrat Azorin-Grau,eugenio70@example.org,Valencia,77
7092,Gisela Piñeiro Barrena,isaura13@example.net,Cáceres,22
7093,Saturnina del Coca,pratsgabriela@example.net,Teruel,35
7094,Ángela Alcaraz Ibáñez,blasmur@example.net,Almería,40
7095,Danilo Eloy Ojeda Barroso,vinicio78@example.com,Cuenca,46
7096,Gerardo Larrañaga-Castellanos,khernandez@example.com,Alicante,34
7097,Luz del Alberola,iniguezsergio@example.com,Toledo,55
7098,Dalila Ruiz Sanmartín,armengolteodosio@example.org,Málaga,43
7099,Bibiana Riquelme Mena,amaliacrespo@example.org,Cádiz,52
7100,Jordana Arias,oandres@example.com,Alicante,19
7101,Arsenio Raimundo Navarro Cervantes,xbuendia@example.com,Cantabria,69
7102,Alondra del Pallarès,marcsobrino@example.net,Álava,65
7103,Gabriel Moya,xjaen@example.net,Barcelona,26
7104,Casemiro Almansa-Barbero,lucila96@example.org,Baleares,44
7105,Ligia Serrano Mosquera,hcomas@example.org,Navarra,51
7106,Matías Palomino Coloma,jafet06@example.net,Valencia,68
7107,Eva María Téllez Larrea,zfont@example.org,Lleida,64
7108,Haydée Boix Barrena,demetriocespedes@example.org,La Coruña,49
7109,Catalina Gonzalo Mosquera,ialberola@example.org,Madrid,34
7110,Evaristo Rosendo Zaragoza Vallejo,wbeltran@example.org,Navarra,70
7111,Yéssica Caballero Frías,ribatrini@example.org,Cuenca,44
7112,Nazaret Tejero Pera,iportero@example.net,Soria,66
7113,Federico Mas,rufina10@example.org,León,74
7114,Emigdio Calixto Carvajal Acedo,manolo45@example.com,Barcelona,31
7115,Abilio Arcos Fortuny,efraincorral@example.com,Santa Cruz de Tenerife,80
7116,Iris Escribano Expósito,flora35@example.com,Lleida,66
7117,Rocío Diaz Llabrés,emperatriz03@example.com,Madrid,48
7118,Carmelo Sabater Toro,benitezapolonia@example.com,Badajoz,35
7119,Raúl Ballesteros,leocadioayuso@example.org,Vizcaya,36
7120,Cloe Agustí-Bosch,daniela79@example.com,Salamanca,74
7121,Montserrat Lladó Juan,mansobernabe@example.com,Sevilla,66
7122,Onofre Maestre Company,glauco24@example.com,Córdoba,56
7123,Aurelia Campoy Gomis,sanjuanmaricela@example.org,Huelva,55
7124,Priscila Haro,ngiralt@example.org,Murcia,44
7125,Graciano Candelario Calzada Jerez,canorosario@example.org,Cantabria,31
7126,Chita Iborra-Batalla,nelida94@example.com,Valladolid,71
7127,Eloy Montserrat Borrás,dnaranjo@example.net,Cantabria,48
7128,Jimena Alba-Bautista,psilva@example.net,La Coruña,66
7129,Paulina Cerezo Briones,joseibanez@example.com,Jaén,79
7130,Bartolomé de Requena,dulcepou@example.com,Ceuta,38
7131,Juanita Rincón Iborra,karevalo@example.com,Zamora,21
7132,Hugo Boada Vizcaíno,hidalgoclotilde@example.org,Ciudad,66
7133,Maxi Jordá Jover,almudenatapia@example.com,Ceuta,27
7134,Emelina de Cabanillas,pinasoraya@example.com,Álava,40
7135,Fabiana Valero Montes,natividad16@example.org,Murcia,69
7136,Cristina Riquelme Planas,emiliapont@example.net,Ávila,30
7137,Cintia Grau,moranedgardo@example.com,Toledo,76
7138,Visitación del Maza,casandra99@example.net,Burgos,47
7139,Manuel Mendizábal Figueroa,clarisaescudero@example.org,Málaga,32
7140,Irma Albero Mateos,martina02@example.org,Badajoz,56
7141,Adolfo Rocha Pacheco,jessicafonseca@example.org,Granada,46
7142,Leandro Ponce-Ibarra,pizarromamen@example.org,Vizcaya,34
7143,Gisela Perea Lasa,gpallares@example.org,Cáceres,48
7144,Juliana del Huguet,jordi68@example.com,Álava,62
7145,Teófilo Pozuelo Guillén,pinedopilar@example.com,Las Palmas,20
7146,Gilberto Prada Sotelo,dieguezestela@example.org,Barcelona,72
7147,Eloy Pedrero Heredia,fito83@example.com,Granada,49
7148,Rolando Pacheco Bautista,olerma@example.com,Asturias,50
7149,Adelardo Fabra Izaguirre,blarrea@example.com,Teruel,48
7150,Cruz Olivares Quintana,jacinto64@example.org,Pontevedra,30
7151,Belen Mayoral Correa,poncesosimo@example.net,Lleida,40
7152,Rosa Grande Toledo,iparra@example.org,Salamanca,41
7153,Amaro Calvo Pol,gonzalezluz@example.com,Sevilla,23
7154,Ileana Aragonés Real,velascoleonardo@example.net,Salamanca,29
7155,Severino Pujol Cuenca,maxi09@example.org,Teruel,26
7156,Manu del Salcedo,maximino13@example.net,Toledo,78
7157,Natanael de Caparrós,graciana00@example.net,Pontevedra,43
7158,Vasco Salvador Bárcena,dianasans@example.org,Navarra,32
7159,Rufina Valenzuela Royo,segismundomalo@example.org,Ávila,40
7160,Araceli Aragonés Cáceres,xsimo@example.com,Cantabria,73
7161,Evaristo Lasa Alcázar,solercatalina@example.org,Baleares,20
7162,Aurelia Cayetana Diéguez Cases,corominasrogelio@example.org,Barcelona,78
7163,Alejo Márquez Bernat,huguetmaximiliano@example.com,Almería,34
7164,Alcides Vilanova Grau,tejadaanunciacion@example.com,Córdoba,42
7165,Diego Gonzalez-Montesinos,amorsamu@example.net,Lugo,70
7166,Ernesto Abellán Ayllón,rosendo80@example.com,Baleares,58
7167,Aristides Paniagua Naranjo,etelvinaabellan@example.com,Madrid,42
7168,Teófilo Tomé Muñoz,belloines@example.org,Palencia,39
7169,Anastasio Llamas Manso,noe97@example.net,Sevilla,48
7170,Chucho Aristides Roda Viana,barrosocarmelo@example.com,Zaragoza,54
7171,Gertrudis Marisela Cepeda Machado,olallabaeza@example.net,Huesca,58
7172,Alcides Chico Villalobos,benignocastilla@example.org,Vizcaya,43
7173,Rafaela Domingo Fuentes,delfina59@example.net,Palencia,20
7174,Judith Segura Arellano,mancebomaria-jose@example.org,Ceuta,32
7175,Cruz Pedrosa Silva,andrea67@example.org,Zamora,56
7176,Lucho Goicoechea,molinsflorencio@example.com,Cantabria,44
7177,Merche Narcisa Cazorla Tomás,chuscalderon@example.net,Santa Cruz de Tenerife,73
7178,Cleto Roldan,kcastell@example.com,Salamanca,27
7179,Mariano Quevedo Gallardo,pvallejo@example.net,La Rioja,77
7180,Cándido Doménech Torrent,roigalbino@example.com,Asturias,71
7181,Soledad Rosselló Blázquez,fhoyos@example.org,Granada,56
7182,Jose Ignacio Mena Frutos,mircatalina@example.com,Córdoba,55
7183,Eladio Reguera Bustos,ppons@example.org,Albacete,77
7184,Joaquina Mora Gomis,clementinaperello@example.org,Melilla,64
7185,Aitana Lupe Vicente Corral,genriquez@example.net,Ávila,62
7186,Heraclio Gilabert-Casals,peralnando@example.net,Jaén,64
7187,Carlos Roura-Fernández,waltermata@example.com,Segovia,23
7188,Domingo de Gelabert,cristinaanaya@example.org,Ciudad,52
7189,Leonel Blázquez Parejo,wvalle@example.com,Cantabria,23
7190,Venceslás Blanes Leon,dsebastian@example.net,Guadalajara,74
7191,Cornelio Marcos,jafetescamilla@example.org,Teruel,50
7192,Mario Garmendia Acuña,patricia68@example.net,Lleida,64
7193,Lope de Mendez,dballester@example.net,Pontevedra,80
7194,Narcisa Villena Río,torralbaroque@example.org,Almería,78
7195,Felipe Escribano Sancho,trossello@example.org,Ciudad,73
7196,Rogelio Bayona García,mbartolome@example.net,Las Palmas,31
7197,René Barriga Juliá,aurelianocapdevila@example.com,La Rioja,67
7198,Cecilia de Uriarte,nereida16@example.com,Badajoz,44
7199,Asdrubal Galván-Hidalgo,isidoropavon@example.org,Cantabria,52
7200,Alonso Santos Vega,ariasruth@example.com,Navarra,72
7201,Jennifer Vendrell Mariscal,oliverasmarita@example.org,Murcia,21
7202,Gonzalo Borrego Barragán,julianaramis@example.com,León,75
7203,Antonia Dominguez-España,medinafabiola@example.net,Huesca,34
7204,Gustavo Egea Sanabria,omar20@example.com,Cáceres,20
7205,Teresita Quintero Bustos,bernadagustin@example.com,Madrid,77
7206,Calista Parra Arco,anavas@example.com,La Coruña,46
7207,Lázaro Ferrera Acevedo,araceli91@example.net,Badajoz,33
7208,Gerónimo Oliver Duarte,francisco32@example.com,Córdoba,21
7209,Baudelio del Bastida,esteban77@example.com,Lugo,20
7210,Milagros de Terrón,egrande@example.org,Madrid,68
7211,Gil Posada Ávila,garciaamado@example.org,Cáceres,67
7212,Aureliano Jose Francisco Boada Martínez,emarcos@example.org,Zamora,64
7213,Paola Blasco Lasa,gerardoaparicio@example.org,Córdoba,54
7214,Loreto Casado Cañizares,susanita68@example.org,Las Palmas,72
7215,Luciana Armas Calleja,cminguez@example.com,Jaén,48
7216,Lorenza Alcalde Goñi,ccifuentes@example.net,Lleida,23
7217,María Luisa Franco Infante,apolonia65@example.com,Huelva,76
7218,Cesar Aguiló-Carreras,bduenas@example.org,Asturias,31
7219,Simón del Nevado,waparicio@example.com,Ceuta,43
7220,Bárbara Maestre Blanes,obdulia55@example.org,Valladolid,26
7221,Mar Rosa Maldonado,ferrerashaydee@example.net,Almería,24
7222,María Carmen Clotilde Lasa Osuna,samu53@example.net,Sevilla,68
7223,Lola Ochoa-Cortes,leonciocuervo@example.net,Segovia,56
7224,Clemente Colomer Riquelme,espanoloriana@example.org,Guipúzcoa,38
7225,Jose Carlos Puga Somoza,hernandosegura@example.org,Lugo,43
7226,Marta Ibáñez Arjona,garciaamor@example.net,Zamora,76
7227,Susana Acero Torrijos,goyo76@example.net,Cantabria,70
7228,Enrique del Sanabria,samperdionisia@example.org,Cuenca,73
7229,Inocencio Roma,nreig@example.org,Cantabria,61
7230,Gala Estévez Mendizábal,uduran@example.com,Madrid,47
7231,Esteban Cerro Exposito,zaidaferrandiz@example.com,Castellón,69
7232,Gervasio Batlle Cisneros,nerea59@example.com,Ávila,62
7233,Aurelio Baquero Menendez,bernalolalla@example.org,Cuenca,25
7234,Obdulia Cantón,marcianoleon@example.org,Tarragona,55
7235,Florinda María José Millán Lumbreras,patricia74@example.net,Tarragona,26
7236,Graciela Anaya Milla,malena89@example.com,Sevilla,65
7237,Ruy del Madrigal,renebarral@example.com,Salamanca,64
7238,Marcia Rojas Martinez,araceli02@example.com,Burgos,21
7239,Armando Millán Pombo,dionisio18@example.net,Huesca,47
7240,Ariadna Bermudez Cuéllar,regina64@example.org,Tarragona,23
7241,Leandra Dueñas-Toledo,daniela12@example.org,Cantabria,34
7242,Natividad Daza Calzada,azaharabarragan@example.com,Vizcaya,26
7243,Consuelo Rivas-Tello,casareselvira@example.com,Pontevedra,38
7244,Valero Caballero-Nevado,fabiana84@example.net,Lugo,26
7245,María Carmen Valencia-Soriano,rcamacho@example.net,La Coruña,66
7246,Esteban Cerdán Gilabert,magdalena33@example.net,Cuenca,40
7247,Celia Bilbao Bernal,wferrandez@example.net,Granada,25
7248,Susana Candelas Canals Alcázar,rosalia59@example.com,Soria,37
7249,Leonardo Bernal Roura,blanesangel@example.com,Ciudad,42
7250,Heraclio Tomas Doménech,chema44@example.net,Lugo,55
7251,Joaquina Daza,manuvalles@example.com,Palencia,48
7252,Marino Amorós Cabeza,quirinosanchez@example.org,Pontevedra,51
7253,Cirino Rojas,lmendez@example.com,Cádiz,44
7254,Rómulo Aguirre Gonzalez,victor72@example.com,Las Palmas,28
7255,Saturnino Pedro,hectoranguita@example.com,Melilla,29
7256,Sancho Montoya-Vilaplana,calcecilio@example.net,Toledo,79
7257,Petrona Ascensión Hoyos Macias,rperal@example.net,Castellón,49
7258,Filomena Escalona Garmendia,emma05@example.net,Guipúzcoa,53
7259,Teresita Arrieta-Castejón,geraldocerezo@example.org,Badajoz,58
7260,Rolando Cordero Blazquez,villenamaribel@example.net,Lleida,63
7261,Manu Salmerón Riba,edgarvendrell@example.com,Jaén,54
7262,Isabela Valenciano Planas,zpol@example.org,Jaén,44
7263,Ximena Vallejo Alfaro,soraya46@example.net,Málaga,65
7264,Feliciano Oliver Doménech,obarreda@example.com,Tarragona,68
7265,Enrique Sosimo Vergara Jordán,santamariaroldan@example.com,Navarra,50
7266,Marcia Simó-Abellán,maxi69@example.com,Álava,30
7267,Adán Sanchez Bonilla,adelapaniagua@example.com,Guipúzcoa,61
7268,Rafaela Artigas Verdú,ilorenzo@example.org,Sevilla,51
7269,Rufino Palma Donoso,poller@example.com,Guipúzcoa,19
7270,Pepe de Navas,rodolfopedrero@example.net,Salamanca,22
7271,Vicente Nogués-Navarrete,segoviaafrica@example.com,Teruel,42
7272,Isidora del Alcalde,fabio36@example.net,Cáceres,76
7273,Susana Jódar Balaguer,giniguez@example.com,Granada,32
7274,Jose Francisco Ledesma Vendrell,ana-sofia19@example.com,Girona,60
7275,Gertrudis Ibañez Valera,mirtanicolau@example.org,Alicante,50
7276,Jose Carballo Bueno,xpenas@example.org,Jaén,80
7277,Odalys Ramis Olivares,virginiagaya@example.net,Soria,64
7278,Calista Aller,grandehipolito@example.org,Palencia,39
7279,Judith Capdevila Falcón,cantonseveriano@example.net,Almería,41
7280,Leonor Maza Mendizábal,maria-carmencoca@example.com,Soria,59
7281,Cruz Mendez Peralta,emorales@example.net,Cádiz,79
7282,Dionisio Cuevas Requena,wdiez@example.com,Cantabria,49
7283,Olga Correa-Machado,higuerasleocadio@example.net,Sevilla,19
7284,Olimpia Gómez Rozas,cristobal09@example.com,Toledo,59
7285,Rafa Salinas Codina,emiliano87@example.com,Badajoz,46
7286,Narciso Padilla Sastre,yvidal@example.com,Zamora,54
7287,Ildefonso Iglesia Alvarado,delfinarosado@example.net,Huelva,62
7288,Dolores Luna Abascal,kguzman@example.org,Madrid,79
7289,Eladio Manjón-Llamas,sandra28@example.com,Madrid,47
7290,Curro Luís Chaparro,heribertocarbonell@example.net,Lleida,64
7291,Carmen Garcia Prieto,nbonilla@example.com,Alicante,69
7292,Brunilda Peñas Esteban,aurea57@example.net,Zamora,80
7293,Andrés Sala Alemany,silvaciriaco@example.org,Ciudad,32
7294,Luciana Pedraza,kcastellanos@example.com,Palencia,75
7295,Omar Asenjo Galán,crico@example.org,Segovia,78
7296,Azahar Rodrigo Soria,baenajulio@example.net,Huesca,42
7297,Verónica Escalona Ferrández,adangarzon@example.net,Huelva,22
7298,Bibiana Clarisa Gracia Arteaga,maria-cristina37@example.com,Guipúzcoa,65
7299,Albano Talavera,rodafelisa@example.com,Baleares,38
7300,Bernabé Nicanor Palau Alfonso,tadeovalenzuela@example.org,Lleida,60
7301,Chucho Navarrete Simó,albamurcia@example.com,Girona,64
7302,Rafa Tamayo-Moliner,martinjuanita@example.org,Guadalajara,37
7303,María Carmen Perera Carranza,vcoca@example.org,Baleares,49
7304,Priscila Amalia Puente Lledó,falcoamelia@example.com,Vizcaya,31
7305,Olivia Francisca Tomas Asenjo,cesar79@example.com,Ourense,28
7306,Wilfredo Morales Peinado,maricelasanabria@example.net,Melilla,59
7307,Camilo Sabater Barrena,manceboantonio@example.net,Teruel,73
7308,Rosenda Casas Villegas,bauzarafaela@example.net,Albacete,21
7309,Alicia Lopez Pulido,saturnino71@example.net,Cantabria,58
7310,Candelario Palacio Orozco,segismundo73@example.net,Burgos,71
7311,Purificación Clemente Ruiz,genovevavalverde@example.com,León,27
7312,Plácido Caballero Carvajal,pinocatalina@example.org,Castellón,54
7313,Nico Pascual Cueto,lisandrofernandez@example.net,Álava,74
7314,Rosendo Santamaria Morán,fbermudez@example.org,Cuenca,54
7315,Virgilio Carballo Caparrós,unogueira@example.net,Salamanca,42
7316,Juan Carlos Llobet,yalmeida@example.org,Ceuta,47
7317,Valentín del Canet,adomingo@example.net,Las Palmas,35
7318,Lourdes Sanmiguel-Porcel,tportero@example.net,Pontevedra,63
7319,Tomasa Martorell Sevilla,parejaarmando@example.com,Cuenca,63
7320,Angelino Jaén,gargallomacaria@example.com,Valladolid,32
7321,Itziar Casares Bermúdez,eliana42@example.net,Teruel,24
7322,Paulino Yáñez Cuadrado,leopoldo55@example.org,Melilla,66
7323,Rufino Avilés Juliá,jenarosalva@example.net,Las Palmas,66
7324,Mario Trujillo Olmedo,pepitacoronado@example.org,Zamora,62
7325,Sabina Sebastián Millán,calzadaanastasia@example.com,Palencia,29
7326,Augusto Pinto Pascual,desideriocomas@example.com,Vizcaya,64
7327,Andrés Estrada Jurado,perezambar@example.com,Toledo,77
7328,Julio Rozas Villalba,tatiana83@example.net,Sevilla,26
7329,Inmaculada Arias Montserrat,ojodar@example.net,Vizcaya,51
7330,Timoteo Pedrero,cardenaslucio@example.net,Asturias,44
7331,Encarnita Bertrán Galvez,hmarti@example.com,Cádiz,21
7332,Adelia Oliva Pozo,jbecerra@example.org,Ceuta,80
7333,Priscila Sacristán Palmer,pmelero@example.net,Teruel,50
7334,Jose Luis Millán Río,marisabarrena@example.com,Valladolid,27
7335,Dorotea Isern-Izquierdo,eloisa89@example.net,Lleida,26
7336,Herminio Bustos Carbajo,ksantana@example.net,Melilla,25
7337,Omar Canals Blanca,carina50@example.net,Ávila,55
7338,Juan Francisco Bernal Zapata,gabrielvalle@example.org,Cantabria,72
7339,Antonio de Díaz,albanocorominas@example.org,Pontevedra,75
7340,Susana Catalán-Arellano,edelmiro60@example.com,Zaragoza,23
7341,Clara Balaguer Lladó,monicapi@example.org,Barcelona,23
7342,Eli Rueda Alvarez,roxana96@example.org,Toledo,77
7343,Xiomara Arias,harce@example.com,Badajoz,41
7344,Santiago Martínez Oliveras,liliasolana@example.org,Castellón,51
7345,Anabel Graciana Reguera Moreno,jose-ignacio09@example.org,Navarra,39
7346,Juan Francisco Nacho Arana Salazar,ximenaleon@example.com,Cantabria,19
7347,Goyo Ibañez Canals,ciriacosegura@example.net,La Coruña,35
7348,Manuel Sureda Rey,cmoya@example.net,Albacete,33
7349,Milagros Valenzuela Colom,maria-joseizquierdo@example.net,Burgos,67
7350,Claudio del Martín,nicoaguilo@example.com,Málaga,49
7351,Leocadia Muñoz Ugarte,jessica25@example.net,Las Palmas,66
7352,Fidel Marqués Poza,raulbuendia@example.org,Ávila,32
7353,África Landa Armengol,miguel-angelsegarra@example.org,Burgos,54
7354,Angelina Peña Solís,jose-carlos35@example.org,Ciudad,20
7355,Gabino Oller Duque,yhoz@example.com,Almería,32
7356,Carmen Abad Ramis,nginer@example.org,Baleares,20
7357,César Ignacio Vergara Mora,joel76@example.org,Zamora,30
7358,Toño Primitivo Heras Padilla,heribertoguillen@example.net,Huelva,48
7359,Anastasia Elías Hervás,samuel57@example.com,Córdoba,67
7360,Buenaventura Pozuelo Colomer,sobrinoantonio@example.com,Salamanca,64
7361,Aroa Jaén Girona,maria-luisa12@example.org,Lleida,79
7362,Emilia Gallardo Pelayo,aristidesabascal@example.org,Burgos,25
7363,Liliana Roig,asierra@example.net,Álava,53
7364,Amelia Ramirez Herrero,pelaezfelicia@example.com,Huelva,26
7365,Viviana Fuente Malo,hernandezanastasio@example.com,Cáceres,80
7366,Máxima Conesa Vallés,omarsacristan@example.net,Cádiz,80
7367,Reynaldo Pizarro Solís,sebastianpalomares@example.com,Santa Cruz de Tenerife,65
7368,Aurelio Mesa Feijoo,lserna@example.com,Santa Cruz de Tenerife,71
7369,Tadeo del Martin,consuelaalvaro@example.com,Burgos,57
7370,Calixta Marín Tello,evaristo38@example.com,Asturias,49
7371,Carlito Osorio Batalla,clementegabino@example.org,Álava,26
7372,Gaspar Vicens Arnau,saturninagargallo@example.org,Granada,70
7373,Clarisa Villaverde Dueñas,sandra56@example.org,Salamanca,74
7374,Anselma del Ferrández,emilia81@example.org,La Coruña,54
7375,Sebastián Carbó Reina,elisaconesa@example.org,Lugo,64
7376,Heraclio Arribas Bayo,nieves09@example.net,Castellón,47
7377,Sergio Llopis Solé,jafetpaez@example.net,Madrid,48
7378,Leandro Abella-Gilabert,earmas@example.org,Alicante,71
7379,Nazario Isidro Vidal Núñez,primitivodomingo@example.org,Pontevedra,62
7380,Eliana Fortuny Barbero,fabiana00@example.com,La Rioja,35
7381,Primitivo Coronado,clementeherminio@example.com,Cáceres,44
7382,Gregorio Villegas Belmonte,maximasarmiento@example.com,Alicante,57
7383,Anna Cabezas Garcia,marcial66@example.com,Badajoz,22
7384,Nicanor Estévez Borja,fllopis@example.com,La Rioja,55
7385,Toni Díaz Laguna,lalo35@example.net,León,80
7386,Eugenio Cleto Galván Mayol,vinasnilo@example.com,La Coruña,69
7387,Azeneth Criado-Aznar,jtena@example.com,Palencia,75
7388,Obdulia Beltrán-Castañeda,selena87@example.com,Badajoz,20
7389,Dulce Quero Valcárcel,wizaguirre@example.com,Cádiz,32
7390,Gabino Jáuregui Franch,delgadomaria-belen@example.org,Cuenca,44
7391,Aarón Guardia Sevillano,piapujadas@example.com,Jaén,18
7392,Victor Manuel Herrera-Hierro,agodoy@example.org,Cáceres,22
7393,Mamen Pardo Prat,fulgenciocoronado@example.com,Navarra,76
7394,Constanza Guitart Monreal,vbarros@example.org,Murcia,42
7395,Trinidad Huguet-Calderon,noemi02@example.com,Las Palmas,77
7396,Adora Sáenz Rius,ariadna54@example.net,Valladolid,29
7397,Ariadna Tormo Llorente,pineiroamancio@example.org,Zamora,55
7398,Nélida Galan Sola,valerocarreno@example.org,Alicante,61
7399,Marco Posada Palomino,guiomargutierrez@example.com,Albacete,31
7400,Flora de Pedrero,yolanda82@example.com,Tarragona,34
7401,Ángela Palomo Mínguez,abrahamalcalde@example.net,Albacete,35
7402,Nicolasa de Sanabria,dcampillo@example.org,Salamanca,51
7403,Elisa Uriarte-Mora,hildaaraujo@example.com,Sevilla,54
7404,Ramiro Arrieta,alonso25@example.com,Toledo,47
7405,Pablo Correa Camacho,candida61@example.net,Teruel,50
7406,Borja Alberto Blanca,tmadrid@example.com,León,52
7407,Micaela Alonso Sola,mblanca@example.net,Ourense,47
7408,Vicenta Baquero Gallo,belen08@example.org,Burgos,33
7409,Ximena Rufina Castell Batalla,ricarda10@example.org,Ciudad,54
7410,Dionisio Campillo Alemany,zacarias64@example.org,Girona,34
7411,Lucía Larrea Castañeda,barcenapascual@example.net,Burgos,47
7412,Sandalio Escamilla Maldonado,oseco@example.org,Barcelona,26
7413,Valero Nogués Riera,duartepaco@example.net,Ciudad,73
7414,Nico Valderrama Salamanca,dmorante@example.net,Asturias,22
7415,Juan Pablo Eliseo Vega Perales,pinaelba@example.net,Granada,34
7416,Cruz Pino Iñiguez,wplanas@example.com,Lleida,77
7417,María Barriga Sevillano,cabonorberto@example.net,Tarragona,36
7418,Ildefonso Arévalo Pérez,xroca@example.net,Zamora,29
7419,Che Prat,nadiafalco@example.com,Lleida,34
7420,Rosenda Guillén Palomo,palomarescustodia@example.net,Burgos,59
7421,Roldán de Bas,eustaquio91@example.com,Zamora,38
7422,Victoria Ferrández Villanueva,bautistatania@example.org,Teruel,45
7423,Chus Moliner Corral,baudelio39@example.com,Lleida,77
7424,Buenaventura Carrera Ramos,priscilaescalona@example.net,Jaén,29
7425,Pascuala Morante-Cal,jtaboada@example.com,Ávila,79
7426,Noelia Amat Losa,hugosebastian@example.com,Zaragoza,29
7427,Anselma Suarez Galán,marqueztomas@example.net,Granada,61
7428,Renata del Cabañas,ramon41@example.com,Vizcaya,55
7429,Melania Luz-Castillo,portillosilvio@example.com,Cáceres,32
7430,Josep Vega,sandaliouriarte@example.com,Toledo,53
7431,Reina Sanchez Mir,inmaculadaibanez@example.org,Ciudad,47
7432,Leonardo Santamaria,sarabiajordi@example.net,Vizcaya,61
7433,Adelardo Erasmo Jáuregui Montenegro,troig@example.com,Madrid,27
7434,Rolando Rosa Chaves,eduaparicio@example.net,Soria,27
7435,Nacho Alcázar Caparrós,rramos@example.org,Zaragoza,26
7436,Clímaco Ambrosio Castrillo Suarez,walterllorens@example.com,La Rioja,41
7437,Georgina Cabrero Menéndez,ydelgado@example.org,Barcelona,71
7438,Teo Luis Miguel Ballesteros Correa,rufinovidal@example.org,Cádiz,19
7439,Eva María Tenorio Díez,escribanojonatan@example.net,Málaga,32
7440,Liliana Espada Sabater,haroldolastra@example.org,Ourense,59
7441,Íñigo Soria-Montoya,calderonbelen@example.org,Ávila,22
7442,Baltasar Báez Osorio,crincon@example.net,Alicante,67
7443,Armando Miguel Zorrilla,isaiasdominguez@example.com,Guipúzcoa,55
7444,Nuria Pinilla-Ríos,maringraciana@example.net,Cáceres,33
7445,Vidal Rodríguez Bustamante,omartin@example.net,Teruel,56
7446,Miguel Ángel del Bernal,heliodorofortuny@example.com,Girona,58
7447,Haydée Ainara Larrea Aguirre,ribagaston@example.net,Albacete,66
7448,Ramiro Paco Villalba Manrique,amilcarmalo@example.net,Ciudad,26
7449,Leandro Berto Tamarit Santiago,bgrande@example.org,Las Palmas,31
7450,Alonso Baquero Dueñas,miguela25@example.com,Ceuta,46
7451,Ale de Garzón,sonia00@example.net,Barcelona,21
7452,Beatriz Toledo Pol,bsierra@example.com,La Rioja,44
7453,Evaristo Hernández Tenorio,juan-luis44@example.net,Granada,24
7454,Enrique Fajardo-Bayón,violetacontreras@example.net,Tarragona,34
7455,Anastasia de Enríquez,royoleonel@example.com,Cádiz,35
7456,Bárbara Guzmán-Burgos,sosayesica@example.com,Segovia,44
7457,Ascensión María Cristina Echevarría Burgos,olimpiapujol@example.net,Guipúzcoa,67
7458,Natalia Armengol Benitez,lbarco@example.org,Girona,57
7459,Vicenta Arcos Guzman,mfigueroa@example.net,Madrid,73
7460,Nydia Guardiola Ríos,adela97@example.com,Santa Cruz de Tenerife,34
7461,Gregorio Loreto Arranz Galvez,ema71@example.net,Ceuta,25
7462,Diego Almazán Madrid,galanleonel@example.org,Valladolid,45
7463,Cesar Román Aragonés,miguelabecerra@example.com,Almería,42
7464,Alejandro Gascón Caparrós,nechevarria@example.net,Jaén,72
7465,Prudencia Almazán Palacios,avillalba@example.net,Palencia,21
7466,Eulalia Giménez Barriga,felipe94@example.org,Lleida,31
7467,Febe Barrera,emilia70@example.org,Cantabria,52
7468,Feliciano Cantero Porras,rtena@example.com,La Coruña,45
7469,Priscila Barrera Prieto,ttovar@example.org,Granada,19
7470,Palmira Olivera Hurtado,adalbertovillalba@example.org,Granada,59
7471,Jordana Mirta Tejedor Salom,kike97@example.net,Pontevedra,55
7472,Plácido Iborra Barrena,saturninaleiva@example.net,Ourense,31
7473,Macarena Barceló Cañizares,mamenandrade@example.com,Albacete,80
7474,Áurea Porcel Blanca,ferrandezgabriela@example.com,Granada,38
7475,Aurelia Brígida Mariño Abril,sarapujol@example.com,Pontevedra,24
7476,Nicodemo Poncio Arnau Zaragoza,mosquerajessica@example.org,Toledo,39
7477,Rosendo de Mendizábal,plopez@example.net,Melilla,34
7478,Lourdes Lerma Figueras,xavierverdu@example.com,Palencia,73
7479,Gabriela Miguel Cuenca,amanda55@example.net,León,36
7480,Felicia Jiménez Jurado,isidora86@example.net,Sevilla,54
7481,Montserrat Ferreras Ferrera,clarisa80@example.net,Teruel,56
7482,Lucho Escolano Piña,umarques@example.org,La Rioja,69
7483,Aarón Meléndez Bilbao,domingo34@example.org,Lleida,38
7484,Irene Losa Tolosa,ipenalver@example.net,La Rioja,32
7485,Luciano de Tejada,adelia30@example.org,Ourense,68
7486,Alonso Cortes Montaña,ralamo@example.org,Lleida,46
7487,Nicodemo Gerardo Toledo Figueras,rarmengol@example.org,Valladolid,65
7488,Zacarías Borrás-Coloma,robledoiris@example.org,Córdoba,48
7489,Jose Francisco Armengol Montoya,maria-jesusroda@example.com,Ciudad,47
7490,Juan Bautista Tena,carrillorenato@example.org,Valladolid,25
7491,Flora Chaves Ribas,guillermo11@example.net,Melilla,22
7492,Hipólito de Bauzà,dbilbao@example.org,Tarragona,58
7493,Diego Tello Martínez,maria-fernanda79@example.com,Cádiz,61
7494,Herminia Catalán Tomas,calixtahuertas@example.org,Madrid,65
7495,Esteban Seco Carbó,yleon@example.org,Teruel,60
7496,Maricruz Garriga Marqués,oalmeida@example.com,Cáceres,69
7497,Evaristo Mateo Cerdán,nalmeida@example.org,Alicante,75
7498,Lucía Padilla Arias,consuela43@example.net,Sevilla,20
7499,Eliseo Grau Gabaldón,haydee06@example.org,Huesca,70
7500,Ismael Caparrós Oliveras,ngaya@example.com,Ourense,55
7501,Cayetano Serna Company,palemany@example.com,Valencia,78
7502,Luis Miguel Pío Vilalta Marco,irenetorrijos@example.org,León,75
7503,Borja Márquez Piña,mangulo@example.net,Baleares,27
7504,Marisela Laguna Valentín,etelvinaherranz@example.org,Sevilla,27
7505,Ana Sofía Cerro-Fuster,ufranch@example.net,Las Palmas,30
7506,Ximena Vives Muro,alvaropujadas@example.org,La Coruña,41
7507,Gracia Padilla Blazquez,modesto56@example.org,Pontevedra,68
7508,Fernando Cortés Pinilla,acunaignacia@example.net,Cádiz,38
7509,Francisco Jose del Amo,grausonia@example.net,Zamora,25
7510,Priscila Pelayo Delgado,mascarocristian@example.org,Girona,38
7511,Jose Eugenio Lobo Hoyos,rosalina56@example.com,La Coruña,18
7512,Lola Cid,pancho89@example.net,Málaga,22
7513,Ainara Blanco Hernando,maximo91@example.org,La Rioja,80
7514,Fito Galván Mate,villegasjuan@example.net,Soria,57
7515,Melisa Espejo González,valenciaromulo@example.com,Tarragona,39
7516,Renata Reguera Torrents,kike35@example.org,Santa Cruz de Tenerife,49
7517,Palmira Castilla-Ramirez,fitohierro@example.org,Ceuta,31
7518,Ainoa Soler Boada,garzoncruz@example.org,Barcelona,61
7519,Samanta Vargas-Calleja,amando55@example.org,Granada,67
7520,Eligio Hidalgo Samper,alejandra68@example.net,Álava,50
7521,Erasmo Palomo Capdevila,pazmateo@example.com,Huelva,72
7522,Nuria Cantero Vazquez,glorenzo@example.org,Málaga,20
7523,Amaro Barrios Sastre,pelayonoriega@example.org,La Rioja,49
7524,Luisina Guillen Cabeza,lalo13@example.com,Santa Cruz de Tenerife,35
7525,Victor Barceló Amor,micaela50@example.org,Huesca,38
7526,Eugenia Borrego Luján,rgalindo@example.org,Cáceres,21
7527,Marina Arcos Higueras,campospaulina@example.org,Ávila,55
7528,Claudia Fanny Diego Vaquero,asuncionarroyo@example.net,Huesca,28
7529,Benigno Sola Calleja,natividad34@example.org,Ceuta,47
7530,Fabiana Baró Herrero,qcabezas@example.com,La Coruña,23
7531,Socorro Cabañas Manzanares,gcarlos@example.net,Pontevedra,67
7532,Hector Bou Salvà,jsaez@example.org,Tarragona,62
7533,Balduino Méndez Gibert,muletedgardo@example.com,Huelva,52
7534,Olimpia del Suárez,ileana95@example.net,Burgos,40
7535,Abigaíl Leon Córdoba,agustinzabala@example.org,Barcelona,28
7536,Lope Cordero Cal,osvaldopol@example.com,Murcia,75
7537,Pacífica Belen Pinedo Águila,espanaruperto@example.net,Cádiz,61
7538,Rosa María Narváez Montenegro,tapiabarbara@example.com,Las Palmas,68
7539,Julio Diez Arévalo,acunajulian@example.com,Lugo,75
7540,Basilio Chus Vilalta Baquero,eusebioblanes@example.org,La Rioja,29
7541,Nicolás Burgos Aguiló,placidoroca@example.org,Cádiz,41
7542,Joan del Díez,zabril@example.org,Jaén,68
7543,Simón Ortiz Palau,cruzconsuela@example.net,La Coruña,61
7544,Onofre Bastida Campillo,javiercozar@example.org,Palencia,37
7545,Gil Cifuentes-Calderón,almazanlidia@example.org,Sevilla,76
7546,Cirino Tena Balaguer,emilianocarrera@example.com,Huesca,26
7547,Gil Belda-Mascaró,bernabelarranaga@example.net,Ourense,69
7548,Ciro Aníbal Gimeno Font,ricobenet@example.org,Pontevedra,71
7549,Natalia Nicolasa Huertas Hernandez,jacintatejada@example.org,Las Palmas,35
7550,Dorita Ródenas Peral,torrensfermin@example.com,Ourense,30
7551,Germán Nevado Ramos,cvidal@example.net,Alicante,43
7552,Bernardino Valderrama Espinosa,alondraescamilla@example.org,Guadalajara,79
7553,Hilario Gastón Amador Moreno,andres-felipe95@example.com,Albacete,35
7554,Camila Quintana-Tello,iprada@example.com,Las Palmas,72
7555,Asunción Amigó,hector22@example.com,Huesca,24
7556,Graciela Amaya Galan,taboadaramiro@example.com,Vizcaya,45
7557,Nuria Pedrero Alberola,irivera@example.org,Santa Cruz de Tenerife,76
7558,Ester Guzmán-Moll,jrosales@example.com,Ceuta,54
7559,Edelmiro Galván Navas,fzamora@example.net,Badajoz,75
7560,Cayetano Dalmau Figuerola,sprats@example.org,Huesca,32
7561,Ximena Cañellas,inesangel@example.org,Navarra,55
7562,Ernesto Edelmiro Espada Nebot,pacifica82@example.com,Cáceres,66
7563,José Antonio Pellicer Mayol,miguelarnau@example.com,Albacete,74
7564,Álvaro Jordán Arrieta,elbaarregui@example.com,Zamora,79
7565,Esther Rius Santana,claudia05@example.org,Melilla,74
7566,Matilde Castro Tormo,ljaen@example.net,Pontevedra,56
7567,Julie Mena Marí,calcantara@example.net,Valladolid,46
7568,Diego Sarabia Feliu,cobojuan@example.net,Huelva,45
7569,Perla Benet,chus50@example.net,Jaén,20
7570,Carmen Castellanos Niño,mateoadelaida@example.org,Vizcaya,70
7571,María José de Mayoral,goniamelia@example.com,Teruel,30
7572,Ester Exposito Verdugo,marcclemente@example.org,Asturias,23
7573,Vito Roig Garcés,sevillamaria-del-carmen@example.org,Tarragona,76
7574,Conrado Pellicer León,garaujo@example.org,Cuenca,41
7575,Cebrián Bertrán-Ribes,agustina83@example.com,Huelva,24
7576,Iris Vera Reyes,tmoraleda@example.net,Cáceres,20
7577,Eliseo Rómulo Gallo Girona,isanmiguel@example.net,Soria,39
7578,Perlita Samper Alsina,marciobelmonte@example.com,Navarra,79
7579,Quique Nogueira,tito41@example.org,Valencia,77
7580,Carmina de Vendrell,ruthnaranjo@example.com,La Coruña,22
7581,Lola Bueno Roig,ylamas@example.org,Las Palmas,29
7582,Brunilda Maestre Rojas,selenaescobar@example.com,Asturias,37
7583,Candelas Blanes Espinosa,sanzeulalia@example.com,Valladolid,55
7584,Nicolasa Marcia Tomé Yuste,damian75@example.org,Málaga,24
7585,Lilia Roca-Amor,uboada@example.com,Melilla,67
7586,Vicenta Nuñez-Pereira,tsebastian@example.org,León,80
7587,Claudio Cabrera Cabo,pliniopalomo@example.net,Valladolid,80
7588,Pepe Peñas Matas,cintia30@example.com,Baleares,66
7589,Encarnacion Jáuregui Berenguer,vcuervo@example.com,Cádiz,69
7590,Nico Carreño-Tejada,sporras@example.com,La Rioja,76
7591,Calixto Sanchez-Pedrosa,sosimo32@example.com,Madrid,50
7592,Timoteo Valdés Ferrán,elpidio07@example.com,Segovia,31
7593,Roque Lloret Frutos,dblanch@example.net,Lugo,60
7594,Mohamed de Morcillo,paula04@example.com,Lugo,71
7595,Guillermo Escrivá,maricruz32@example.com,La Coruña,61
7596,Saturnino Torrecilla,rodrigoanguita@example.com,Huesca,68
7597,Lucas Font Antón,almaperal@example.net,Ciudad,71
7598,Yaiza Galan Soler,auribe@example.net,Badajoz,31
7599,Guillermo Trujillo,ycabezas@example.net,Toledo,48
7600,Ascensión Isabela Diego Farré,navasrebeca@example.org,Ceuta,62
7601,Galo Guerra Soto,jordanugarte@example.com,Guipúzcoa,62
7602,Omar Seco-Hierro,carloscoronado@example.org,Asturias,21
7603,Isaac Salas Martí,escolanofernanda@example.org,Barcelona,71
7604,Hortensia de Aller,aguilocarla@example.net,Málaga,67
7605,Ana Villegas Ortuño,rivassandalio@example.org,Ourense,77
7606,Saturnino Herrera-Vilar,rtellez@example.org,Badajoz,67
7607,Fabiola Machado,estebanedelmiro@example.net,Baleares,42
7608,Candelas Vilar Roselló,taleman@example.com,Albacete,53
7609,Moreno Iglesias,xiomarasegarra@example.org,Cádiz,66
7610,Leocadio Castejón Ariño,rafael44@example.org,Córdoba,36
7611,Tania Herrero Morales,coelloirene@example.org,Madrid,72
7612,Cruz Solís Espejo,ysalazar@example.org,Ourense,40
7613,Lorenza Benitez Gálvez,alejandramanuel@example.org,Almería,53
7614,Gloria Iglesias Ramón,narcisopablo@example.org,Málaga,72
7615,Nieves Vaquero,opina@example.net,Castellón,31
7616,Adolfo David Nicolau Sosa,gasconeufemia@example.net,Zamora,27
7617,Florentina del Arroyo,angeles45@example.net,Ourense,37
7618,Ainara Orozco Ramirez,lucho80@example.net,Cáceres,52
7619,Belen Díez Barrera,camposangelino@example.net,Huelva,51
7620,Aránzazu Fuente,artemio01@example.net,Burgos,79
7621,Edgardo Grau Catalá,montesdebora@example.com,Cádiz,57
7622,Cecilio Vilaplana Collado,lestevez@example.org,Ávila,68
7623,Luisina del Mate,yvigil@example.net,Alicante,70
7624,Nacho Lago-Blanca,bcepeda@example.org,Jaén,22
7625,Petrona Pons Salmerón,eamoros@example.net,Murcia,76
7626,Dorotea Peláez Palau,epla@example.net,Tarragona,33
7627,María Dolores Méndez Gelabert,bonifaciocarranza@example.org,Navarra,46
7628,Salomé Solano Canales,juanita20@example.net,Lleida,46
7629,José Antonio de Ortega,penaangeles@example.org,Asturias,27
7630,Alcides Cisneros-Tomás,cabrerocustodio@example.org,Cádiz,49
7631,Florencia Perales Goñi,paulajulia@example.com,Burgos,71
7632,Priscila Jara Salazar,lcollado@example.org,La Rioja,44
7633,Tito Gomila Ugarte,busquetsjose-manuel@example.com,Castellón,60
7634,Luisina Amorós Flor,moyamelania@example.net,Palencia,63
7635,Lilia Otero,cacereseusebio@example.net,Navarra,21
7636,Marco del Sastre,martinezcandelas@example.com,Cádiz,36
7637,Salvador Aramburu Zaragoza,peralmamen@example.net,Guipúzcoa,63
7638,Nicanor Raimundo Riera Casanovas,germanalcalde@example.org,Burgos,57
7639,Curro Montesinos Monreal,guillermo59@example.com,Lugo,28
7640,Begoña Luz Calleja Torres,nlastra@example.org,Sevilla,61
7641,Joan Cabeza Lastra,irebollo@example.org,Almería,48
7642,Dionisio Vázquez-Plana,amaliaecheverria@example.net,Melilla,28
7643,Quirino Mosquera Pereira,bcasas@example.org,Pontevedra,79
7644,Maximiano de Ayala,noeliabarbera@example.org,Palencia,19
7645,Luis Cordero Bas,olga49@example.com,Segovia,42
7646,Pelayo Mascaró Escalona,graciasalcedo@example.net,Pontevedra,23
7647,Piedad Falcón Murillo,bmartin@example.org,Vizcaya,18
7648,Íngrid Manuelita Moles Nebot,colomaraquel@example.org,Almería,70
7649,Loreto Falcón Campillo,menendezlucila@example.org,Granada,60
7650,Damián Oliver-Mármol,qcastrillo@example.org,Segovia,32
7651,Azeneth Saura Valentín,mendozamarita@example.org,Pontevedra,71
7652,Juan Manuel Ferrández Taboada,arranztristan@example.org,Madrid,79
7653,Guiomar Calderon Conesa,arcosmaximiano@example.com,Girona,51
7654,Adelaida Fuertes Montoya,ycastrillo@example.org,Lugo,80
7655,Gervasio Pazos Coca,velazquezmaria-luisa@example.org,Murcia,45
7656,José Oliver-Ricart,reinasolera@example.com,Cáceres,41
7657,Francisco del Quintana,smacias@example.org,Vizcaya,22
7658,Elpidio Fermín Bravo Moreno,olmedoherminia@example.org,Palencia,38
7659,Anita Nicolás-Segarra,bonillarafael@example.com,Badajoz,64
7660,Cirino Ramis Casares,orianallano@example.net,Vizcaya,24
7661,Camilo Gomila-Bermúdez,marisela59@example.org,Teruel,28
7662,Roberto Salazar Salinas,maria98@example.com,Salamanca,44
7663,Dimas Guzman Andrés,btejedor@example.com,Almería,36
7664,Yaiza Charo Sanabria Checa,orozcocharo@example.com,Guipúzcoa,79
7665,Nicolás Osuna Montoya,abaena@example.org,Soria,31
7666,León Berenguer,antonia39@example.org,Zamora,47
7667,José Antonio Tomás Lumbreras,laleman@example.com,Cáceres,75
7668,Ángela Alonso Alberola,camilo81@example.org,Alicante,51
7669,Itziar Blázquez Cabello,buenoamerica@example.net,Málaga,42
7670,Leyre Lozano Ricart,victor86@example.com,Albacete,73
7671,Brunilda García Roca,candelariaporras@example.net,Sevilla,80
7672,Diego Soler,candelariabayona@example.net,Valladolid,65
7673,Josefina Isabel Blanca Agudo,castellanosvictoria@example.net,La Rioja,40
7674,Atilio Rey Roman,cabezascintia@example.org,Cádiz,77
7675,Angelita Andreu Calvet,ursulacuenca@example.com,Álava,77
7676,Nicolás Romero Ordóñez,pablojuan@example.org,Lugo,25
7677,Fito Nicolás Martínez,leonor05@example.com,Cantabria,46
7678,Alejandro Palma Lasa,angela79@example.com,Zaragoza,68
7679,Oriana Guerrero Trujillo,bmarin@example.com,Albacete,46
7680,Emiliano Rozas Martin,estefaniarocha@example.com,La Rioja,45
7681,Sol Font Falcó,hugo04@example.com,Tarragona,58
7682,María Dolores Antúnez Jáuregui,rafabarranco@example.com,Huesca,60
7683,Marciano Madrid-Colomer,vitocastell@example.net,Álava,26
7684,Cecilio Almazán-Múñiz,luna60@example.org,Lugo,51
7685,Clímaco de Melero,sesteve@example.com,Melilla,22
7686,Carlito Vélez Pérez,maura85@example.net,Navarra,45
7687,Duilio Muro Cueto,victor33@example.com,Tarragona,47
7688,Fabiola Begoña Perea Bonet,palomapeiro@example.org,Huesca,45
7689,Perlita Segura Manso,susanita80@example.org,Lleida,56
7690,Tomasa Trujillo Pedro,carlotagallart@example.org,Almería,45
7691,Emigdio de Losada,ferreravenceslas@example.org,Ceuta,47
7692,Jose Angel Bustamante Barberá,sernaoriana@example.org,Salamanca,26
7693,Visitación Quintanilla Gomila,kcazorla@example.org,Burgos,77
7694,Godofredo Casares Riba,cornejoximena@example.org,Huelva,59
7695,Constanza Palomo Carretero,bonifaciollorens@example.net,Santa Cruz de Tenerife,56
7696,Maristela Vall Fabregat,elodia20@example.net,Barcelona,36
7697,Martirio Morán Campoy,joaquinamorell@example.org,Lugo,18
7698,Macario Belda,qvalls@example.org,Zaragoza,52
7699,Paula Boada Bayona,bblasco@example.net,Almería,54
7700,Íñigo de Hurtado,pinillavasco@example.org,Huesca,46
7701,Francisco Jose de Pinilla,umoll@example.net,Cuenca,67
7702,Lucho Carmona,susana96@example.org,Burgos,35
7703,Salud Busquets Galindo,abril47@example.org,Segovia,79
7704,Carolina Rueda,iban96@example.com,Ciudad,19
7705,Celso Pi,guillenrosalinda@example.org,Ciudad,28
7706,Delfina Uriarte-Colom,oarana@example.net,Cádiz,55
7707,Germán Giménez Ramírez,sabina72@example.com,Salamanca,21
7708,Ignacia Amador Bou,curro06@example.com,Segovia,79
7709,Victoria Pelayo Jove,victorpadilla@example.com,Ourense,19
7710,Dalila Tejera,ikervalls@example.net,Girona,78
7711,Alex Cañas Maldonado,jaenhernando@example.net,Segovia,50
7712,Lucho Morales Perea,jrosales@example.net,Asturias,43
7713,Roxana Rovira Anguita,umartinez@example.net,Zaragoza,68
7714,Amador Zaragoza,karregui@example.net,Álava,20
7715,Judith Oliveras,rjordan@example.com,Melilla,37
7716,Nazaret Sarmiento-Escamilla,arnausergio@example.net,Jaén,29
7717,Balduino del Villar,carlito64@example.com,Tarragona,44
7718,Mohamed Clemente Molina,odalis30@example.net,Salamanca,20
7719,Amado Iriarte Berrocal,basilio70@example.com,Toledo,30
7720,Ruth Peña Sans,moraledatristan@example.net,Huesca,42
7721,Ciro Zapata Cervera,agustina57@example.net,Ávila,36
7722,Clarisa Guillen Bayo,yroma@example.net,Las Palmas,43
7723,León Juan Manuel Reguera Bas,natanaelgalvez@example.net,La Coruña,78
7724,Agustín Lucena-Serrano,charopeiro@example.com,Guipúzcoa,23
7725,Juan Manuel Cañas-Mate,rafaela39@example.net,Vizcaya,27
7726,Florencia Ávila Espinosa,ribesnorberto@example.com,Guipúzcoa,67
7727,Carina Ballester Murillo,eutropioalba@example.net,Álava,65
7728,Victoriano Adán Carbó,amorvaldes@example.net,Asturias,62
7729,Enrique Jódar Solís,manuela17@example.net,Córdoba,41
7730,Clímaco Ayala Solsona,jose-manuel61@example.org,Almería,37
7731,Nicolasa Jordán Miralles,fausto46@example.net,La Rioja,47
7732,Guillermo Lumbreras Benavente,bermejohaydee@example.net,Salamanca,37
7733,Susana Álvaro Dominguez,ascension86@example.org,Palencia,27
7734,Odalys Tomé Heredia,laurasureda@example.com,Badajoz,33
7735,Isabel Villegas,tamayoale@example.net,Huelva,21
7736,Cruz Fábregas Vila,crespieligio@example.com,Alicante,61
7737,Ignacio Varela Bayón,climacoespanol@example.com,Burgos,52
7738,Diana Gargallo-Crespi,cleto03@example.org,Cáceres,47
7739,Lupe Franco Lloret,marinsol@example.org,Tarragona,34
7740,Fortunato Marcial Borrell Pascual,eliasferreras@example.net,Cáceres,34
7741,América Prat Somoza,judithmontesinos@example.org,Guipúzcoa,20
7742,Saturnina Cal Valenzuela,felix68@example.net,Girona,65
7743,Adelaida del Morera,matasteofilo@example.net,Castellón,45
7744,Lorenzo Chico-Silva,bcarpio@example.org,Baleares,49
7745,Jimena de Batlle,lucas21@example.org,Asturias,28
7746,Angelino del Real,deboracerezo@example.org,Ávila,54
7747,Paola Vanesa Rivera Plana,loboolimpia@example.com,Córdoba,73
7748,Jaime Barco Aznar,climacocuevas@example.org,La Coruña,30
7749,Nélida Mosquera Jurado,pedroarnau@example.net,Valencia,78
7750,Cleto Palau Barrios,octavio93@example.org,Huesca,67
7751,Araceli Cuervo-Julián,albertoalvaro@example.com,Santa Cruz de Tenerife,40
7752,Lorenzo Valverde Llorente,salazarbrigida@example.org,Huelva,52
7753,Onofre Cardona Soria,nuria98@example.org,Guipúzcoa,50
7754,Ruben Plinio Pinedo Salinas,marianelaroldan@example.com,Almería,75
7755,Cristóbal Viña Berenguer,isa65@example.net,Barcelona,53
7756,Galo Domingo Aguado Fuente,ximena87@example.com,Córdoba,39
7757,Gabriel Estrada-Sanz,anayadomingo@example.com,Pontevedra,77
7758,Plinio Milla Estrada,amadogaray@example.org,Zaragoza,59
7759,Jose Angel Seco-Alemany,caminograciela@example.org,Madrid,29
7760,Leyre Palomar Llorente,osvaldo51@example.com,Granada,75
7761,Valeria Cid Toro,criadoisidro@example.com,Asturias,26
7762,Miriam Ferrer Busquets,alejandrorivero@example.com,Ciudad,67
7763,Celestina Losada Montoya,jordacloe@example.org,Toledo,73
7764,Albano Hoyos Carretero,osoriomercedes@example.net,Santa Cruz de Tenerife,59
7765,Filomena Vera Barroso Sanmartín,gcornejo@example.net,Huelva,58
7766,Nicodemo del Casas,lcasal@example.com,Guipúzcoa,52
7767,Severo Pou Perera,griselda95@example.net,Cáceres,69
7768,Severo Toledo Bayón,lucia29@example.org,La Rioja,56
7769,Rico Baena Benitez,curro77@example.com,Valladolid,63
7770,Jacinta María Carmen Delgado Tolosa,maestreamerica@example.com,Baleares,55
7771,Vilma Gimeno Villalobos,lurrutia@example.org,Lleida,49
7772,Chelo Adadia,juan52@example.net,Badajoz,45
7773,Flor Recio Santiago,uprieto@example.com,Toledo,43
7774,Reyes Vall,josefaazcona@example.org,Madrid,23
7775,Ascensión Juárez-Bayón,iban52@example.net,Las Palmas,67
7776,Consuelo de Suarez,rfabregas@example.com,Asturias,28
7777,Fabiola Trujillo-Llopis,bonifaciomacias@example.com,Ciudad,51
7778,Ignacio Polo Coll,revillaharoldo@example.com,Soria,64
7779,Ibán del Roldán,kgelabert@example.net,Guipúzcoa,32
7780,Saturnino Escobar-Cañete,aznartrinidad@example.net,Ávila,49
7781,Ale Yáñez Tejero,amandahernandez@example.net,Tarragona,76
7782,Pepito Gabriel Alcaraz Andrade,anna64@example.net,Ávila,56
7783,Onofre del Reyes,adrianmedina@example.com,Murcia,28
7784,Claudio Porras Grande,pabascal@example.org,Lleida,69
7785,Fernanda Alberto Sola,duranreynaldo@example.org,Lleida,19
7786,Nadia Casares-Barral,maximiano41@example.com,Almería,37
7787,Rolando Carballo-Trujillo,prudencio88@example.org,Valencia,74
7788,Perlita Pedraza Giralt,teodorogaya@example.net,Teruel,69
7789,Curro Saura Aguirre,companyvictoriano@example.org,Cádiz,44
7790,Carla Martín Trujillo,alfonsograu@example.net,Álava,73
7791,Isaac Uriarte Pons,alicia43@example.net,Segovia,78
7792,Francisco Aller-Blanch,zfranco@example.com,Vizcaya,35
7793,María Pilar de Paz,jsalamanca@example.net,Córdoba,30
7794,Aurelia Rey Rosales,felix87@example.net,Cáceres,67
7795,Fausto Sanz Mateu,ramoncharo@example.org,Salamanca,77
7796,Nilo Busquets Cabello,jonatan11@example.com,Girona,32
7797,Clotilde Barrios Manuel,njorda@example.net,Baleares,36
7798,Jafet Torre,reinamiguela@example.com,Cádiz,38
7799,Nilda de Menéndez,barredakike@example.com,Huesca,31
7800,Máximo Benito Lucas Viña,albino57@example.com,Badajoz,35
7801,Rafael Amigó-Rodriguez,anibal22@example.com,Palencia,40
7802,Áurea Ferrando Bejarano,cristian42@example.net,Castellón,30
7803,Juliana Berta Fuentes Gras,cristianrivera@example.com,Las Palmas,69
7804,Julio Llabrés Larrañaga,albina06@example.com,Toledo,54
7805,Che Mayol-Salmerón,cidlorena@example.org,Cuenca,21
7806,Susanita Frutos Perea,tsalcedo@example.net,Melilla,37
7807,Albano Rojas Hidalgo,meleroligia@example.org,Segovia,61
7808,Toño Figueras Izaguirre,isobrino@example.net,Guipúzcoa,75
7809,Amanda Pedro Hernandez,inigo79@example.net,Sevilla,59
7810,Genoveva Luz Lamas,xcrespi@example.com,Pontevedra,59
7811,Omar Polo Casal,abigail01@example.com,La Coruña,50
7812,Lupe Susanita Montes Salcedo,saavedracurro@example.com,Valladolid,52
7813,Blanca Borja Sebastián,isabela40@example.org,Badajoz,72
7814,Natanael Recio,merche93@example.com,Cantabria,75
7815,Aurelio Rivas Torrijos,valeraelias@example.net,Guadalajara,40
7816,Mamen Manzano Bru,alcaldecelso@example.net,Pontevedra,72
7817,Alberto del Roman,guardiapastor@example.net,Barcelona,26
7818,Julieta Jurado Cerdá,lorenzocortes@example.net,Badajoz,55
7819,Alonso del Sarabia,jordana87@example.net,Ourense,51
7820,Fito del Hoyos,mbarba@example.com,La Rioja,55
7821,Cleto Armas Saavedra,porfirio02@example.com,Valladolid,48
7822,José María Gual Benito,aureaherranz@example.org,La Coruña,71
7823,Efraín Velázquez Ordóñez,clarisaperal@example.net,Badajoz,20
7824,Tadeo Barrios Requena,pascualaegea@example.org,Ciudad,46
7825,Amarilis Ágata Hervás Chamorro,aferrer@example.com,Teruel,55
7826,Fátima Febe Alonso Pallarès,carvajalramiro@example.org,Salamanca,20
7827,Angelino de Martínez,taviles@example.com,Huesca,55
7828,Evelia Marita Arjona Baena,cristina82@example.org,Ciudad,59
7829,Eloy Vara-Cano,abelpont@example.com,Huelva,66
7830,Armida Busquets Fajardo,coralpalacio@example.com,Murcia,22
7831,Lina Montalbán,olmogil@example.org,Cuenca,60
7832,Alicia Luís Belda,umanuel@example.net,Badajoz,66
7833,Ana Teresa Juan Osuna,dionisiaminguez@example.org,Cantabria,60
7834,Viviana Torres Capdevila,carinasolis@example.org,Huesca,70
7835,Rita Josefina Belmonte Casal,tejedordani@example.net,Huesca,71
7836,Leocadia Albero Nieto,ruypaez@example.com,Zamora,72
7837,Julio Valero Iriarte,erasmo21@example.org,Teruel,69
7838,Esteban Milla,armengolciriaco@example.net,Teruel,26
7839,Belén Río Alba,hvalencia@example.com,Segovia,62
7840,Encarnacion Cazorla Pont,jose-luispalacios@example.com,Valladolid,54
7841,Sebastian Clavero,rurrutia@example.com,Cádiz,38
7842,Tania Pont Ordóñez,coronapardo@example.org,Cáceres,49
7843,Bernardo Poncio Peñalver Fortuny,ctapia@example.net,Pontevedra,21
7844,Nidia de Mur,quintanaanna@example.org,Almería,44
7845,Nazaret Doménech Echeverría,jose53@example.com,La Rioja,61
7846,Leticia Carrera,cristobalrios@example.net,Ourense,66
7847,Áurea Bauzà,qcervera@example.com,Badajoz,50
7848,Ariel de Ribera,jcanals@example.org,Málaga,24
7849,Almudena Company Casanovas,domingolucho@example.org,Alicante,52
7850,Bárbara Jaume Sierra,maria-teresa09@example.com,Baleares,72
7851,Adelardo Bautista Coloma Batlle,amadabarbera@example.com,Pontevedra,42
7852,Nydia Alba Barrio,maximianobenavides@example.org,León,61
7853,Carlos Pablo Roca,rafaelsantamaria@example.net,Guadalajara,35
7854,Armida Ana Gibert Campo,maximinopina@example.org,Valladolid,33
7855,Hilario Guijarro Taboada,atilioherranz@example.org,Huelva,21
7856,Renato del Mayoral,cabreraemelina@example.net,Cádiz,31
7857,José María Jara Orozco,rocioamoros@example.net,Murcia,77
7858,Encarnación Llorente Amo,velascodiego@example.org,Navarra,33
7859,Anastasia Sebastián Flor,agarcia@example.org,Guadalajara,50
7860,Natalia Perea-Pedrero,maribel23@example.net,Jaén,53
7861,Luis Miguel Marti Verdugo,nsalva@example.org,Asturias,32
7862,Tere Graciana Sánchez Carbonell,lorenza26@example.com,Valladolid,21
7863,Agustín Pagès Egea,nmaza@example.org,Cuenca,37
7864,Juan Pablo Mendez Ruiz,maria-fernanda93@example.org,Las Palmas,77
7865,Toribio Jaume Girón,estela02@example.net,Murcia,80
7866,Ariel Núñez Salinas,josecasado@example.com,Madrid,62
7867,Charo Machado Bellido,yolandavilanova@example.org,Las Palmas,29
7868,Rosenda Crespo,fcordoba@example.net,Murcia,76
7869,Nidia de Gallo,valleonofre@example.com,La Rioja,56
7870,Dalila Gabaldón Mateo,amigoamarilis@example.net,Segovia,45
7871,Artemio Fulgencio Ramírez Madrid,adriansaura@example.org,Barcelona,71
7872,Ciro Agustí Benito,jose-migueljuan@example.com,Álava,70
7873,Fernanda Nadia Sosa Morán,landagraciana@example.com,Navarra,43
7874,Elba Bernat Nevado,hdominguez@example.org,Madrid,57
7875,Tere Morata Quirós,sanznuria@example.org,Sevilla,74
7876,Reyes Cepeda Casado,coralpou@example.org,Albacete,59
7877,Victor Manuel Saldaña Matas,ocabeza@example.net,Lleida,78
7878,Nazaret Vilaplana Zapata,salvadorruth@example.org,Lleida,33
7879,Feliciana Ropero Checa,cosme68@example.org,La Coruña,55
7880,Fabiola Cabrero Otero,pcodina@example.org,Valladolid,40
7881,Felix Santiago Malo,gaston47@example.org,Lleida,46
7882,Perlita Múñiz Villalobos,sabinacoronado@example.com,Segovia,66
7883,Andrés Felipe Taboada Linares,beatrizpeiro@example.net,Ciudad,30
7884,Valentina de Palacio,gcorbacho@example.net,Cuenca,44
7885,Lucas Campos Amorós,angelesoliva@example.net,Murcia,60
7886,Loreto Feliciano Blazquez Giménez,francodebora@example.org,Castellón,74
7887,Vito Lobato Julián,camilo03@example.com,León,27
7888,Hector Baudelio Cerro Espada,maciasalonso@example.net,Zamora,32
7889,Gaspar Ferreras Badía,vcarvajal@example.net,Málaga,69
7890,Dan Amigó Villegas,calatayudnilo@example.net,Badajoz,54
7891,Valentina Nadal Amador,adriana60@example.org,Ourense,44
7892,Daniela Vicens,rosaura34@example.net,León,54
7893,Zoraida Asensio Bayón,damian39@example.org,Girona,43
7894,Eva Meléndez-Romeu,virginiamarco@example.net,Girona,68
7895,Juanito Apolinar Martin Cal,durandaniela@example.org,Sevilla,55
7896,Soraya Becerra,florinda37@example.net,Zaragoza,65
7897,Zaida Perales Mulet,hermenegildo52@example.org,Tarragona,39
7898,Benita Torralba Arribas,terronlope@example.net,Palencia,33
7899,Baudelio de Patiño,ogarate@example.net,Salamanca,79
7900,Luciano Cantero Piña,salomon83@example.net,Almería,63
7901,Pancho Peral-Nebot,fjordan@example.com,Toledo,31
7902,Cándido Valbuena Uría,afernandez@example.com,Sevilla,31
7903,Maximiliano Olivé Fuertes,dafne98@example.com,Navarra,70
7904,Máxima Olivé Roldán,orozcoemelina@example.net,Valladolid,53
7905,Severo Becerra Guijarro,gsanmiguel@example.net,Zaragoza,48
7906,Fernanda Cerdá Pineda,iroca@example.org,Granada,27
7907,Felisa Tere Alegria Lumbreras,estefaniacorrea@example.org,Huelva,54
7908,Jose Angel Primitivo Juliá Cerro,tsotelo@example.net,Toledo,68
7909,Amaro Bustamante Varela,isabela28@example.org,Cuenca,63
7910,Raimundo Fabregat,natanael88@example.net,Ceuta,57
7911,Cándida Marta Bermejo Jaume,requenaamada@example.com,Barcelona,36
7912,Gabino de Posada,manola34@example.com,Teruel,78
7913,Elodia León Colom,ychico@example.org,Asturias,26
7914,Zaida Batalla Durán,ferrerasamor@example.com,Teruel,52
7915,Carla Oliver-Samper,macaria95@example.com,Vizcaya,66
7916,Mamen Neira Nebot,julio76@example.com,Guadalajara,29
7917,Gabriela Bou Pedrero,batallasocorro@example.org,Barcelona,54
7918,Martirio Goñi Fortuny,angladaruben@example.net,La Coruña,46
7919,Dorotea Araceli Rovira Castell,puigcrescencia@example.com,Asturias,50
7920,Ciro Gómez,graujose-antonio@example.org,Huesca,79
7921,Almudena Vila Pinto,pmartinez@example.com,Navarra,60
7922,Isidora Cabrera,apolonia75@example.org,La Coruña,66
7923,Jimena de Jaén,monicaporras@example.net,Ceuta,72
7924,Armando Santana Fonseca,brodriguez@example.com,Ciudad,26
7925,Olimpia Calderón Girón,xcarreras@example.org,Barcelona,46
7926,Candelaria Alicia Oliveras Fabra,palominoheliodoro@example.org,Burgos,38
7927,Jerónimo Peñalver,molinerclemente@example.com,Lugo,55
7928,Francisca Domingo Diez,pinedogriselda@example.com,Málaga,70
7929,Perlita Borrás Bonet,marianososa@example.com,León,26
7930,Severo Juan Francisco Acuña Hoyos,roxanasantamaria@example.com,Albacete,58
7931,Joel Folch Martín,ericalba@example.org,Castellón,51
7932,Alejandra del Estrada,herminiaaramburu@example.net,Ceuta,51
7933,Ángela del Murillo,dieguezveronica@example.net,Teruel,52
7934,Cecilia Pera Olmo,teobaldo59@example.com,Ciudad,23
7935,Alondra Tomás Alarcón,fortunynatalio@example.com,Alicante,77
7936,Espiridión Ramón-Solís,francisca97@example.org,Jaén,41
7937,Eliana Mascaró Hoyos,cosme64@example.org,Ciudad,60
7938,Dorita Arteaga Hervás,jordan08@example.net,Segovia,52
7939,Sara Martinez Vidal,elenafabregat@example.org,Melilla,35
7940,Javiera Mancebo Rincón,silvestretormo@example.net,Segovia,69
7941,Eulalia del Duran,ileana94@example.org,La Rioja,44
7942,Mariano Aparicio Narváez,hildabru@example.com,Zamora,37
7943,Bernabé Barco Vallejo,iniestaprudencia@example.org,Toledo,41
7944,Rosario Ortiz Bilbao,vjulia@example.org,Melilla,78
7945,Tiburcio Pineda-Iñiguez,tudeladominga@example.org,Cantabria,55
7946,Yaiza Almansa Gil,marcelo14@example.com,Madrid,75
7947,Eliseo Vall Solé,pallaresplacido@example.com,León,25
7948,Leocadio Cabo-Gibert,elorzatiburcio@example.com,Santa Cruz de Tenerife,65
7949,Lidia Cid Ibáñez,andreuglauco@example.org,Álava,46
7950,Melisa Sáez-Casals,lucasnevado@example.com,Soria,46
7951,Julián Ariza Anguita,aitana50@example.org,Málaga,77
7952,Manuela Antúnez Porcel,solanaelba@example.net,Madrid,75
7953,Manuela Sevillano Alemán,dario56@example.net,Badajoz,68
7954,Edelmiro Camacho Artigas,rbarcelo@example.org,Vizcaya,71
7955,Geraldo Primitivo Diego Ferrer,ncanete@example.com,Albacete,49
7956,Emelina Escrivá-Verdugo,trinidadcastrillo@example.com,Las Palmas,54
7957,Apolonia Villanueva Cervera,reyescid@example.org,Cádiz,69
7958,Ramiro Alsina-Jerez,hsantamaria@example.net,Almería,58
7959,Osvaldo de Rios,uroda@example.org,Ourense,21
7960,Sebastian Ropero-Narváez,galindoisaias@example.com,Castellón,30
7961,Isabel Vera,faustolinares@example.net,Guipúzcoa,31
7962,Zaira Chamorro Campillo,rcerdan@example.net,Ciudad,52
7963,Claudio Planas Cuevas,rfeijoo@example.com,Madrid,33
7964,Nadia Antonia Cornejo Pavón,fabriciobolanos@example.com,Huelva,71
7965,Rosario Suarez Dalmau,patriciobenitez@example.org,Málaga,59
7966,Silvestre Rincón Peláez,aramburuyesica@example.com,Valladolid,53
7967,Borja Coloma Bertrán,callejarafa@example.net,Melilla,51
7968,Francisco Garzón Llorens,raulfuster@example.com,Cantabria,38
7969,Cleto Arrieta Valle,tomasvisitacion@example.net,Valencia,66
7970,Jose Manuel Barbero Mir,teodoro41@example.com,Guipúzcoa,28
7971,Melisa de Corbacho,octavio51@example.com,Guadalajara,33
7972,Raimundo Uribe Cases,sandalio12@example.net,Jaén,44
7973,Lorenza Pilar Yuste Santos,carranzateo@example.org,Segovia,50
7974,Ciro Araujo-Díez,xsolano@example.com,Badajoz,45
7975,Fermín Luis Ángel Otero Juliá,rosa73@example.com,La Coruña,49
7976,Delfina del Colom,emperatriz59@example.net,Almería,46
7977,Jacobo Adrián Carbajo Villanueva,bernardino07@example.net,Córdoba,79
7978,Adalberto Codina,guillenjulio-cesar@example.net,Córdoba,25
7979,Emilia de Lorenzo,hcabanillas@example.net,Vizcaya,70
7980,Alejandra Mendez-Cáceres,ealmagro@example.net,Asturias,52
7981,Encarnita Tejada,ggranados@example.org,Zaragoza,66
7982,Samu Suarez Conde,leonardo50@example.net,Cantabria,59
7983,Abril Tormo-Vaquero,hilariocortes@example.org,Cádiz,26
7984,Genoveva del Martín,ylasa@example.com,Pontevedra,61
7985,Liliana Salazar Santiago,mazagabriel@example.org,Ávila,21
7986,Marisela Lumbreras,graciela34@example.com,Cuenca,42
7987,Jacinta Marco Vega,cristobal66@example.org,León,54
7988,Apolonia Ferreras,silvestrebenavent@example.org,Granada,51
7989,Manu Azcona Menendez,maximianodaza@example.org,Zamora,34
7990,Sancho Polo Bernad,nogueiratelmo@example.com,Pontevedra,70
7991,Ainoa Armengol Criado,barrioalma@example.net,Sevilla,57
7992,María Teresa de Salinas,gonzalojordan@example.net,Zamora,76
7993,Maura Lledó Quintanilla,briba@example.com,Ciudad,27
7994,Julio César Santamaria Alberola,yolandaribes@example.org,Guipúzcoa,20
7995,Teófilo Nicolau Clemente,santiagojose-angel@example.net,Guadalajara,51
7996,Adoración Priego Sola,anabelvalera@example.com,Ourense,44
7997,Tatiana Cabrero Villalobos,juanita60@example.net,Ceuta,75
7998,Cayetano Llopis,cuestapastora@example.org,Cádiz,79
7999,Josep Robledo Niño,encarnita32@example.net,Almería,49
8000,Jafet Simó Bayón,msanmiguel@example.com,Sevilla,55
8001,Natanael Téllez Quintana,aitanacastaneda@example.com,Cáceres,29
8002,Teófila Pera-Pardo,pereravisitacion@example.org,Guadalajara,54
8003,Bernardita Piña Neira,pjaume@example.net,Vizcaya,53
8004,Jafet Andres Lara,lorena14@example.net,Málaga,23
8005,Pepita Niño Robledo,camarahugo@example.com,Sevilla,61
8006,Florencio Abad Lobo,svalencia@example.com,La Rioja,41
8007,Rogelio Segarra Padilla,jose-ignacio65@example.org,Ourense,63
8008,Kike Giralt Andres,lupitafrancisco@example.com,Segovia,22
8009,Amor del Cases,donato66@example.com,Palencia,57
8010,Merche Herranz Iglesia,isaac97@example.net,Valencia,71
8011,Miguel Chaparro,marcial37@example.net,Burgos,76
8012,Maximino Hermenegildo Barrera Cordero,gplaza@example.org,Santa Cruz de Tenerife,32
8013,Edu Morata,soleramoreno@example.com,Albacete,34
8014,Luisina Reina Ángel,rebecaariza@example.com,Ciudad,18
8015,Dani de Puig,ignacia57@example.org,Cáceres,33
8016,Haroldo Iborra Mena,susanitacarrillo@example.com,Granada,43
8017,Constanza Castrillo,gasconasdrubal@example.com,Cádiz,80
8018,Nicanor Trillo Cárdenas,vhuerta@example.net,Tarragona,68
8019,Rosalina Pellicer Menendez,dcalvet@example.org,Pontevedra,65
8020,Herberto Gras Montalbán,arielconesa@example.org,Huelva,40
8021,Herberto Vega Lara,constanzapatino@example.net,Zaragoza,24
8022,Emilio Aguilar,jordanpina@example.org,Pontevedra,46
8023,Gastón Bermejo Bertrán,buenaventuralucas@example.net,Lugo,26
8024,Javier Valentín Galán Leon,barbaraperello@example.net,Ávila,19
8025,Salomé Páez Goicoechea,marinolopez@example.net,La Rioja,46
8026,Asunción Luque Fajardo,duranmanolo@example.net,León,76
8027,Fabricio de Figueroa,egual@example.org,Zaragoza,69
8028,Angelino Juliá Benitez,ubenavent@example.com,Guadalajara,23
8029,Adela Quero Maldonado,isidro65@example.com,Asturias,20
8030,Bienvenida Bejarano,gbernat@example.net,Valladolid,72
8031,Nieves Eugenia Carbajo Leon,albertoclara@example.com,Zamora,50
8032,Rosario Bernad,wherrero@example.net,La Rioja,41
8033,Florinda Cañete Solsona,yesteve@example.org,Valladolid,61
8034,Ágata Jovita Fernandez Tomas,epablo@example.com,Córdoba,65
8035,Antonio Díaz Adadia,sanchezmaria@example.net,Santa Cruz de Tenerife,74
8036,Yéssica Grande,ignacio73@example.com,Girona,52
8037,Remigio Fuertes Fajardo,lseco@example.org,Ávila,55
8038,Flor Pagès Oliva,brigidaalarcon@example.net,Pontevedra,43
8039,Mariano Galan Barba,ivicente@example.org,Almería,49
8040,Sancho Primitivo Aguirre Barberá,valentinplanas@example.com,La Rioja,22
8041,Modesto Arrieta Zorrilla,gguillen@example.com,Guipúzcoa,39
8042,Plinio Macias,hernando68@example.net,Valencia,46
8043,Zacarías Coloma,jeronimotaboada@example.net,La Coruña,67
8044,Rafa Ariño Dueñas,florenciachaparro@example.net,Las Palmas,66
8045,Sigfrido Guardia-Rosa,esmeraldallanos@example.net,Álava,23
8046,Sol Lago Nicolás,ferranalba@example.org,La Coruña,57
8047,Candela Sedano,carrenoerasmo@example.net,Barcelona,74
8048,Laura Paca Solé Moreno,montserratantunez@example.net,Toledo,63
8049,Alma Badía Zorrilla,emigdiogaray@example.net,Valencia,46
8050,Camilo Anglada Redondo,campseliana@example.com,Lleida,49
8051,Mateo Salvador Zorrilla,patinogregorio@example.com,Sevilla,67
8052,José Mari Estevez-Piñol,benaventejesus@example.com,León,54
8053,Fernando Sola Porcel,juan-pablo20@example.org,Cuenca,50
8054,Margarita Benavides Pérez,marticalixto@example.org,Castellón,24
8055,Adrián Fuentes,cnogues@example.com,Zamora,62
8056,Vicente Sanmartín,zpalacio@example.net,Segovia,37
8057,Lara Fuente Ponce,imeldallopis@example.net,Madrid,59
8058,Clara Leire Gonzalez Arce,alegrevicente@example.com,Lleida,49
8059,René Nebot Cano,figueroageorgina@example.com,Cádiz,60
8060,Martina Jurado-Prado,jordanteodora@example.com,Burgos,54
8061,Amando Gonzalez Roma,abascalmatias@example.net,Segovia,33
8062,Luisa Carreño Sans,morantejose-angel@example.org,Málaga,31
8063,Ximena Brígida Palacios Nadal,knavas@example.net,Palencia,29
8064,Manola Terrón Losada,nvalencia@example.org,Murcia,51
8065,Ainoa Jove Redondo,madrigaljulio@example.com,Lugo,65
8066,Encarna Castañeda-Planas,pavonmaria-dolores@example.com,Lugo,79
8067,Néstor Castells Jimenez,wcasares@example.net,Albacete,59
8068,Arcelia de Ferrando,rocio82@example.com,Guadalajara,67
8069,Anna Aura Ballester Miró,mayoleladio@example.net,Baleares,72
8070,Melania Gallego Cerro,losadagabriela@example.net,Córdoba,18
8071,Ángela Leandra Peñalver Perales,moranmanu@example.net,Ourense,57
8072,José Manuel Múñiz Arellano,clarisapedraza@example.com,Valencia,49
8073,Joaquín Gibert Cañellas,bfonseca@example.org,Castellón,68
8074,Loreto Alcolea,guzmanherminia@example.com,Asturias,78
8075,Nydia Roma Aragón,carla18@example.org,La Rioja,28
8076,Juan Antonio Roberto Conesa Sales,abenet@example.com,Melilla,37
8077,Jose Miguel Manjón Alcázar,fmoran@example.org,Pontevedra,31
8078,Trinidad Felisa Baños Patiño,jbueno@example.org,Albacete,46
8079,Abraham Bartolomé Crespo,maria-pilar56@example.org,Málaga,27
8080,Edelmira Santos Roma,moranteroberto@example.org,Albacete,51
8081,Urbano Bou Mir,bernardo43@example.org,Segovia,49
8082,Delia Rueda Palmer,galvezcruz@example.org,Cáceres,56
8083,Felipe de Ferrero,caridad25@example.com,Ourense,42
8084,Nadia Peláez Donoso,alfredosanmiguel@example.net,Murcia,23
8085,Renato Rosell,baudeliomadrigal@example.net,Badajoz,27
8086,Edu Fiol,mmontero@example.net,Barcelona,74
8087,Pedro Arenas Cabanillas,domingo82@example.com,Zamora,29
8088,Arcelia del Galván,vdomingo@example.net,Murcia,64
8089,Adelina Bru Roselló,pepitasedano@example.com,Ávila,66
8090,Elena de Porcel,ismael81@example.com,Cuenca,45
8091,Daniela Acevedo-Ferrero,ttorres@example.org,Girona,58
8092,Florinda Baró Olivé,adrian40@example.com,Asturias,33
8093,Hermenegildo de Giralt,ortunomarciano@example.org,Albacete,59
8094,Silvia de Estrada,roman18@example.org,Almería,46
8095,María Teresa Heras-Tormo,juradorosario@example.org,Álava,60
8096,Eleuterio Batalla Crespi,leonchus@example.net,Cantabria,24
8097,Paco Fabra Calvo,venceslassantamaria@example.net,Santa Cruz de Tenerife,21
8098,Fabiola Natividad Juárez Raya,nheras@example.org,Salamanca,31
8099,Clemente Ramón Seguí,magdalena36@example.com,Murcia,32
8100,César de Diez,apolinar31@example.org,Valencia,52
8101,Gilberto Quintana,faustinoalegria@example.org,Zaragoza,63
8102,Julieta Porcel Garmendia,chusperal@example.net,Málaga,34
8103,Miguela Falcón León,pinanatanael@example.net,Sevilla,40
8104,Noé del Azcona,leopoldoiniguez@example.net,Cantabria,19
8105,Merche del Piñeiro,rtrillo@example.net,Almería,45
8106,Amelia Chus Barón Nebot,noe68@example.org,Vizcaya,45
8107,Ulises Bermudez González,fgibert@example.org,Las Palmas,46
8108,Judith de Toro,salomoncobo@example.com,Guadalajara,78
8109,Elba Roldán Tejedor,qcastells@example.org,Lugo,44
8110,David Abellán Portillo,corbachosofia@example.org,Barcelona,65
8111,Ignacia Salgado,olivaresagustin@example.org,Zaragoza,24
8112,Amelia Gaya Miralles,parrabaltasar@example.org,Alicante,41
8113,Aroa Maza Riba,ruanopatricio@example.com,Ourense,78
8114,Felicia Ávila Salvador,cdonoso@example.net,Asturias,52
8115,Florentina Gonzalez,eli56@example.com,Granada,69
8116,Florina de Sales,amilcarheredia@example.com,Teruel,47
8117,Fabiana Morcillo,jacintaolivera@example.net,León,39
8118,Plácido Jimenez Badía,hbeltran@example.com,Ciudad,65
8119,Glauco Adán,salvajordana@example.com,Navarra,79
8120,Buenaventura Font Hervia,graciaasensio@example.org,Albacete,55
8121,Arturo Herrera Zorrilla,azaharamontana@example.org,Santa Cruz de Tenerife,60
8122,Cruz Gonzalo-Malo,concepcion66@example.com,Málaga,64
8123,Clementina Pi-Salinas,flavio13@example.org,Cuenca,59
8124,Leocadio Roldan,carmeloblanes@example.org,Navarra,60
8125,Bernardo Burgos,hernanbayon@example.org,Ávila,51
8126,Buenaventura Luján,leire08@example.com,Ceuta,55
8127,Perla Manjón Cañizares,yago30@example.com,Zamora,80
8128,Luz Cantero Rovira,luis-miguelrequena@example.com,Alicante,24
8129,Timoteo Abel Falcó Planas,pcampillo@example.net,Santa Cruz de Tenerife,78
8130,Cebrián Montalbán Núñez,maximiano83@example.org,Salamanca,54
8131,Ainoa Arnau-Barranco,arevalokike@example.com,Asturias,69
8132,Rosalinda del Ibarra,maricruz71@example.com,Guadalajara,73
8133,Maximino Robles Ropero,kpina@example.org,Huesca,50
8134,Angelino Villalonga Prat,palauamelia@example.com,Álava,65
8135,Delfina Caballero Donoso,fserrano@example.org,Jaén,80
8136,Heraclio Morillo Llobet,suredajoan@example.org,Guipúzcoa,71
8137,Evaristo Tapia Rueda,fontrico@example.org,Sevilla,22
8138,Jessica Gisbert Carrasco,martirio17@example.net,Navarra,23
8139,Manuela Montesinos,fidel58@example.org,Murcia,36
8140,Rosario Molins Maza,dgimenez@example.org,Alicante,33
8141,Patricia Ribera Roda,aguileraimelda@example.com,Lugo,42
8142,Galo Miguel,amorosazucena@example.org,Albacete,28
8143,Trinidad Rodrigo Leiva,yesicacasanovas@example.net,Salamanca,38
8144,Antonia Peralta-Grau,carmonajosep@example.net,Lugo,28
8145,Erasmo Álvaro Pelayo,tovarjose-mari@example.com,Asturias,31
8146,Natanael Luís Matas Díaz,msanabria@example.com,Ourense,40
8147,Casemiro Jordá Torrecilla,domingaborrego@example.net,Las Palmas,66
8148,Noa Jordá Santamaría,qhuerta@example.net,Santa Cruz de Tenerife,29
8149,Evangelina Diéguez Fernandez,lagunaruth@example.net,Tarragona,52
8150,Cornelio Carnero Méndez,mrodrigo@example.net,Ávila,34
8151,Ligia Fiol Alfonso,angelulises@example.org,Melilla,39
8152,Tadeo Mora Parejo,amaropalau@example.net,Cantabria,51
8153,Candelaria Rey Aliaga,rosaemigdio@example.com,Córdoba,29
8154,Rita Pino Iriarte,jessica99@example.com,Cantabria,40
8155,Marcio Lloret Jordá,realciriaco@example.net,Ciudad,64
8156,Custodio Tomas Borrás,julio-cesar77@example.org,Segovia,62
8157,Benigno Ballesteros Echeverría,segismundomarcos@example.net,Navarra,80
8158,Cecilio Figueras Rosado,yessicafortuny@example.org,Ceuta,77
8159,Prudencia Ortuño Heras,jacintacampos@example.net,Ávila,41
8160,Ruben León Rius,petronacarreno@example.org,Teruel,52
8161,Lucila Carlos Piñol,fquevedo@example.net,Lleida,21
8162,Eutropio Tomé Caro,psevilla@example.com,Melilla,34
8163,Nacio Torrent Iglesias,faustofigueroa@example.com,Navarra,79
8164,Laura Castells Ortega,rodenasgala@example.com,Soria,43
8165,Ligia Sanmartín Esteve,juan-manuelribera@example.org,Segovia,38
8166,Cruz Morante Rius,charo44@example.com,Cáceres,27
8167,Miguela Ballester Martorell,lealascension@example.org,Álava,34
8168,Bonifacio Onofre Tejero Mármol,coliver@example.org,Cantabria,25
8169,Rafael Morillo Calzada,bernardo46@example.com,Valencia,53
8170,Purificación Viña Lozano,esther08@example.com,Cantabria,20
8171,Ovidio Mendizábal-Diego,juanapalau@example.org,Asturias,68
8172,Nélida Haydée Alegria Vicens,tomasflorentino@example.net,Guipúzcoa,50
8173,Marcio Bartolomé Carreño,cornejoespiridion@example.com,Soria,63
8174,Loida Alberola Rovira,olalla52@example.net,Segovia,38
8175,Águeda del Caballero,juanabuendia@example.net,Cáceres,28
8176,Raimundo Múñiz Corral,sebastianroma@example.com,Sevilla,68
8177,Alfonso Palmer Sánchez,esteban79@example.org,Vizcaya,67
8178,Ángela Lillo,celso83@example.com,Soria,48
8179,Emma Varela Prat,amadobarco@example.com,Valladolid,72
8180,Goyo Manuel Isern,lucilagargallo@example.net,Ourense,48
8181,Piedad Álvarez Perales,sgracia@example.org,Álava,69
8182,Cruz Lopez Marco,gbenitez@example.com,Guadalajara,19
8183,Guillermo Cobo Pozuelo,salomon35@example.net,Pontevedra,40
8184,Olegario Elías Benet Blanca,corona45@example.com,Granada,50
8185,Irma Acosta Esteban,luciano63@example.com,Albacete,70
8186,Odalis Acevedo Llabrés,xandres@example.org,Tarragona,40
8187,Dani Carpio Plaza,hernando35@example.com,Ciudad,34
8188,Liliana Giralt-Huerta,dorotea26@example.net,Baleares,62
8189,Begoña Sáez Angulo,baudelio18@example.net,Valladolid,54
8190,Cruz Real Arco,pepe20@example.com,Madrid,28
8191,Adriana Torrijos Gil,cgonzalez@example.net,Soria,51
8192,Trinidad Pont Carvajal,gilabertpia@example.com,Ceuta,40
8193,Salud Arias-Gutierrez,ricardo68@example.com,Almería,80
8194,Erasmo Lamas Ortiz,valerio32@example.org,Zaragoza,37
8195,Genoveva de Mariscal,bravojuanita@example.net,Córdoba,44
8196,Francisco del Real,tlopez@example.net,Ciudad,48
8197,Rosalinda Soriano Martorell,gordillonayara@example.net,Tarragona,63
8198,Jose Angel Villalobos Oliver,arnalcoral@example.com,Cádiz,72
8199,Dora Cabezas-Arellano,ursula70@example.org,Álava,35
8200,Pastora Graciana Ayala Priego,rieraelena@example.net,Valencia,62
8201,Belen Ballester Bauzà,pgaliano@example.com,Soria,80
8202,Rosalía del Torralba,buriarte@example.org,Ceuta,39
8203,Brígida Álamo-Blanch,scruz@example.net,Girona,34
8204,Severino Blasco Merino,elpidio65@example.com,Girona,76
8205,Ligia Carbonell Ariza,arielugarte@example.com,Córdoba,25
8206,Casandra Belda Gelabert,vicentasolis@example.com,Zamora,24
8207,Vito Ferrero Elías,hurtadodionisia@example.net,Palencia,70
8208,Iván Sanabria Sainz,hmora@example.net,Zaragoza,54
8209,Emperatriz Sanchez,micaelabelda@example.com,Toledo,48
8210,Andrés Amores Valenciano,tejerocarlota@example.net,Zaragoza,72
8211,Ulises Toro Sola,nartigas@example.net,La Rioja,73
8212,Alejandro Cerdán Llorente,hernandojose@example.com,Lugo,22
8213,Águeda Lucena-Millán,benavidesjose@example.net,Teruel,23
8214,Moisés Ávila Abascal,joan32@example.com,Navarra,28
8215,Baldomero José Rius Aguiló,pteruel@example.com,Zaragoza,43
8216,Wilfredo Bastida Font,villalbaaurea@example.org,Ourense,27
8217,Lola Bernarda Bermejo Millán,ignaciobarral@example.net,Vizcaya,58
8218,María Luisa Rojas Castell,poncio45@example.org,Navarra,58
8219,Fabián Vilar Montaña,donato01@example.org,Valladolid,29
8220,Juan Pablo Hervás Hurtado,josue33@example.net,Salamanca,38
8221,Sabas Rojas,melisa03@example.net,Albacete,58
8222,Adelardo Duarte Arévalo,bonillatrinidad@example.net,Tarragona,56
8223,Amalia Casals-Riera,oscar95@example.com,Cádiz,37
8224,Danilo Calvo Cal,erasmo98@example.com,Murcia,53
8225,Félix Larrea Mena,francisco82@example.com,Burgos,66
8226,Álvaro Cuesta-Bertrán,pancho32@example.org,Tarragona,69
8227,Emperatriz Aguirre Casals,vaqueroernesto@example.net,Álava,35
8228,Rodrigo Domínguez Saura,clementemugica@example.org,Zamora,50
8229,Trini Polo Flores,adelardomurillo@example.com,Salamanca,53
8230,Amalia Goñi Guillén,nayararivas@example.com,Zamora,40
8231,Chucho Vera Torrijos,famaya@example.net,Tarragona,44
8232,Nidia Lorena Miguel Echeverría,eacero@example.net,Salamanca,75
8233,Marco Aragonés-Parejo,pastoraaleman@example.com,Tarragona,58
8234,Zaida Meléndez Nevado,bonillasalome@example.net,Ávila,61
8235,Anna Sanchez-Solís,quirosleocadio@example.net,Lugo,50
8236,Carlito Atienza Escobar,sevillanoedgar@example.org,Teruel,23
8237,Merche Cabeza Huguet,aurelioestrada@example.org,Huesca,79
8238,José Antonio Nogués Parejo,pportero@example.org,Vizcaya,77
8239,Marcia Camps-Martorell,uvives@example.org,Salamanca,41
8240,Benita Mateos,mendezmarina@example.net,Ciudad,47
8241,Telmo Folch,sarnal@example.org,Almería,28
8242,Nico Camacho,camilo42@example.org,Almería,21
8243,Gisela Bilbao Benavides,csandoval@example.org,Cuenca,20
8244,Buenaventura Rodríguez,elpidiosanchez@example.com,Asturias,70
8245,Espiridión Bertrán Castillo,borregocayetano@example.net,Granada,71
8246,Mirta Fortuny-Herrera,perezgabino@example.org,Navarra,24
8247,Marcial del Posada,sabassolis@example.org,Zaragoza,41
8248,Esmeralda Aragón Posada,peralheraclio@example.net,Lugo,20
8249,Amor Miralles Andrés,carlos32@example.com,Lleida,48
8250,Nicodemo Alegre León,godofredo15@example.com,Ciudad,30
8251,Amelia del Capdevila,vazquezchita@example.net,Las Palmas,34
8252,Calista del Sáez,herviaestela@example.org,Huelva,22
8253,Albert Herrera,florenciareig@example.net,Huesca,77
8254,Andrés Felipe Rivas-Echevarría,sigfrido13@example.org,Zamora,77
8255,Eleuterio Hernández Villalobos,eusebiacontreras@example.com,Las Palmas,64
8256,Rocío Palma-Planas,zromero@example.com,Girona,40
8257,Celso Román Blanes,velascosigfrido@example.com,Burgos,24
8258,Regina Naranjo-Garriga,aaron03@example.org,Ceuta,75
8259,José Luis Salom Valcárcel,jpinto@example.com,Barcelona,28
8260,Perlita de Águila,zamoranofabio@example.org,Álava,55
8261,Simón Reina Sanabria,miguel-angel70@example.com,Ourense,79
8262,Gracia Olivera,tellezeliseo@example.org,Castellón,70
8263,Goyo Donaire,patricio53@example.com,Valencia,36
8264,Hilda Osorio Esteban,villafilomena@example.net,Guadalajara,52
8265,Manu del Sobrino,candelariapla@example.net,Albacete,30
8266,Mercedes Rufina Pascual Diez,liliana93@example.com,Murcia,55
8267,Adalberto Roldán Falcó,joan00@example.net,Ceuta,52
8268,Angelino Gil Pérez,mcoll@example.net,Zaragoza,65
8269,Asunción Nilda Marcos Carro,fballester@example.com,Segovia,67
8270,Agustín Miguel,josefa78@example.org,Córdoba,35
8271,Juanita Ramis Murillo,corneliofernandez@example.com,Alicante,78
8272,Jose Francisco Zapata Castrillo,goyoportero@example.com,Guadalajara,35
8273,Eugenio Iglesias Muro,diegojuan-manuel@example.net,Segovia,49
8274,Paula de Sanz,gimenezwilfredo@example.com,Málaga,70
8275,Felicia Chaves González,fermin10@example.net,Álava,62
8276,Marianela Rivera-Corral,felipe68@example.com,Vizcaya,36
8277,Apolinar Milla Cortés,inigo10@example.com,Baleares,45
8278,Máximo Ramírez Aguado,marcialbenavente@example.org,Navarra,47
8279,Elvira Lucena-Colomer,lauracodina@example.net,Teruel,43
8280,Alonso Pizarro Navarrete,albaasensio@example.org,Álava,57
8281,Soraya Navarro Bonilla,zjove@example.net,Ourense,57
8282,Asunción Rosario Castell Badía,octavia78@example.net,Madrid,47
8283,Rosario Araujo-Arteaga,evangelina91@example.net,Asturias,58
8284,Soraya Doménech,auroragiralt@example.net,Badajoz,65
8285,Jonatan Guijarro Díaz,elbahernandez@example.net,Toledo,59
8286,Bernardino Criado-Araujo,balduino33@example.com,La Rioja,74
8287,Rosenda Luís Alonso,reyes55@example.net,Toledo,19
8288,Agustina Campos-Barros,xromeu@example.org,Burgos,40
8289,Lázaro Manrique Ocaña,pastorrosell@example.org,Sevilla,40
8290,Etelvina Iñiguez Soler,ebarrena@example.net,Ceuta,79
8291,Jose Francisco del Matas,tatiana11@example.org,León,68
8292,Sarita Candelas Lara Lago,reigharoldo@example.net,Málaga,78
8293,Eric Tapia Armengol,fblanes@example.net,Soria,20
8294,Ciríaco Salinas,dolmedo@example.com,Teruel,64
8295,Evaristo Maldonado Garcia,joaquin97@example.net,Burgos,26
8296,Isidora Canals,kmontserrat@example.org,Segovia,64
8297,Ramiro Beltrán Fabregat,ajimenez@example.com,Murcia,22
8298,Adalberto Carnero Iriarte,malenamontero@example.org,Cuenca,41
8299,Sebastian Infante Escribano,vinacipriano@example.com,Granada,19
8300,Elena Román-Velasco,candelariohidalgo@example.com,Badajoz,47
8301,Emiliano Pastor Nogueira,juan-pablo90@example.com,Valencia,56
8302,Pascuala Mendoza-Gimenez,fblazquez@example.org,Melilla,79
8303,Darío Pastor-Bayón,montespastor@example.net,Valladolid,68
8304,Cecilia Alberdi Arellano,wbarragan@example.org,Palencia,24
8305,Iris Torrecilla Vazquez,maria-manuelabarrio@example.com,Alicante,26
8306,María Pilar Rosales-Pomares,leopoldovallejo@example.com,Castellón,67
8307,Dominga Matas Pujol,bautistacamila@example.org,Cáceres,25
8308,Úrsula Mateos Buendía,juan-manuel48@example.com,Asturias,56
8309,Remigio Milla Salgado,alma04@example.org,Álava,55
8310,Gabriel Claudio Rozas Raya,ceciliobarrera@example.com,Cáceres,56
8311,Javiera Hoz Bustamante,tabascal@example.net,Cádiz,74
8312,Noé Rodolfo Haro Zapata,joaquinatudela@example.com,Cáceres,80
8313,Héctor Cepeda Nogueira,jnavarro@example.com,Toledo,70
8314,Estrella Barriga Correa,ambrosio38@example.net,La Coruña,33
8315,Timoteo del Moles,cabezasbaltasar@example.com,Sevilla,80
8316,Faustino Rosado Sanchez,maxiarellano@example.com,Huelva,66
8317,Marco del Ibarra,igarcia@example.org,Guipúzcoa,62
8318,Bernardino de Sainz,leticiaescolano@example.net,Murcia,69
8319,Darío Celestino Iniesta Mateo,cgoni@example.org,Málaga,21
8320,Jeremías Baños Salcedo,zroca@example.org,Salamanca,59
8321,Guiomar Tormo-Aliaga,vvalverde@example.com,Huesca,50
8322,Marianela Aguilera Cardona,blanchsosimo@example.org,Girona,64
8323,José Antonio Alcántara Salvador,tito71@example.org,Huelva,32
8324,Sebastián Ribes-Pineda,hbenet@example.com,Málaga,68
8325,Macarena Prada Barba,lina09@example.com,Cuenca,25
8326,Reynaldo Rojas Alarcón,millaniris@example.net,Cantabria,26
8327,Estela Gonzalo Martínez,pdaza@example.org,Soria,55
8328,Buenaventura Cañas Morán,molljosefa@example.net,Vizcaya,47
8329,Gracia de Pellicer,chelogalindo@example.net,Lugo,80
8330,Cloe del Reina,marciabravo@example.net,Guadalajara,50
8331,Anabel Colom,sotonicodemo@example.net,Cuenca,62
8332,Carina Felicidad Prado Tamayo,izquierdotere@example.net,Navarra,40
8333,Joaquín Rius Báez,qmontalban@example.org,Lleida,37
8334,Teodora Feliu-Mayoral,penalvermarcial@example.net,Navarra,36
8335,Aurelia Palmira Iglesias Laguna,griseldasaez@example.org,La Rioja,79
8336,Jose Antonio Llorens Espinosa,lcabrera@example.net,Alicante,49
8337,Jordi Román Manzano Sola,luciaescamilla@example.org,Murcia,52
8338,Vicente Solsona Lopez,ileanacrespi@example.net,Burgos,57
8339,Marcelino Valderrama,jordi04@example.org,Ceuta,75
8340,Pascuala Cobo,gallegomaria-angeles@example.org,Baleares,31
8341,Jose Ignacio Revilla Garzón,merinochus@example.net,Álava,66
8342,Lino Larrañaga Valbuena,ceciliapol@example.com,Asturias,37
8343,Lucio Valdés-Moraleda,mercedessalom@example.org,Asturias,20
8344,Joaquina Samper Cases,alsinaofelia@example.net,Soria,57
8345,Isabel Coloma Abascal,maria-jesus28@example.org,Ciudad,29
8346,Sonia Mendez-Moles,gilbertohuguet@example.org,Santa Cruz de Tenerife,70
8347,Constanza Espejo-Giralt,padan@example.net,Sevilla,42
8348,Octavio Guillen Bayón,perarufina@example.com,La Coruña,60
8349,Ricardo Abella España,charo29@example.net,La Rioja,66
8350,Marciano Olivares Baños,amadatamayo@example.org,Ceuta,59
8351,Natividad Lopez,yago49@example.com,Salamanca,19
8352,Carolina Ocaña Plaza,mireia54@example.net,Madrid,26
8353,Jose Francisco Font Pintor,cerdadanilo@example.net,Álava,46
8354,Nazaret Aparicio Díaz,saurapriscila@example.com,Girona,27
8355,Fabiana Carretero Vilanova,mamenlosa@example.net,Cantabria,40
8356,José Luis Pascual Gascón Boada,blazquezrosaura@example.com,Jaén,42
8357,Gil Berenguer,solerachelo@example.org,Girona,54
8358,Calixto Isern,riglesia@example.com,Ávila,57
8359,Rafa Acero-Velázquez,elisacortina@example.net,Alicante,76
8360,Abraham Ángel Carvajal,ecrespo@example.net,Granada,76
8361,Joaquín Cebrián Alcántara Villalba,qgaliano@example.net,Las Palmas,70
8362,Emilio Sotelo Vélez,juan-pablo01@example.net,Valladolid,26
8363,Reyes Luz Palomar,enriqueznieves@example.net,Albacete,36
8364,Mario Pou Ramos,olucena@example.com,Segovia,66
8365,Loreto Delgado,posadaplinio@example.net,Guadalajara,52
8366,Lino Velasco Macías,nfabregat@example.net,Las Palmas,19
8367,Reynaldo Pereira Borrás,bcobo@example.org,Baleares,43
8368,Apolinar Ribera Beltran,amadormarisela@example.net,Alicante,79
8369,Felix Morante Iriarte,miralleshortensia@example.org,Córdoba,52
8370,Apolonia Núñez Bermejo,albino95@example.org,Vizcaya,23
8371,Luciana Ortega-Garcés,gallardocruz@example.org,Baleares,80
8372,Paola Viana Puerta,tperal@example.com,Guadalajara,45
8373,Eduardo Vargas-Bru,nestorribas@example.com,Valencia,41
8374,Rosario del Robles,wilfredolumbreras@example.com,Granada,49
8375,Ignacia Valcárcel Hurtado,saldanaemma@example.com,Valencia,77
8376,Isabel Calvet Santamaria,agustina31@example.org,Lleida,59
8377,Emigdio Molins Castillo,victor-manuel19@example.org,Guadalajara,52
8378,Marcelino Arias,chema68@example.net,Zaragoza,18
8379,Guiomar Lucena Aguilar,aarenas@example.net,Barcelona,66
8380,Nicodemo Huerta,ambrosio39@example.com,Burgos,36
8381,Pío Cerdán Villanueva,aosorio@example.com,Tarragona,49
8382,Jerónimo Carpio,villaloboseva@example.org,Asturias,46
8383,Custodio Carrasco Beltrán,ritamontana@example.net,Málaga,50
8384,Juanito de Jordán,evalenzuela@example.net,Albacete,39
8385,Godofredo de Fiol,usalva@example.org,Granada,71
8386,Alejo Corbacho Múñiz,brigida37@example.net,Ávila,34
8387,Leonor Hernández,dblasco@example.com,Vizcaya,70
8388,Cecilia Moliner Paredes,eloisatorrens@example.org,Madrid,30
8389,Amalia Amo Bas,zorrillajose-luis@example.org,Soria,20
8390,Sara Serra Barrio,gabrielaminguez@example.org,Almería,40
8391,Cecilio Jara Coca,hescalona@example.net,Ceuta,56
8392,Cayetano Gordillo Antúnez,alberto31@example.net,Barcelona,73
8393,Gil Arnau Cardona,inovoa@example.org,Zaragoza,59
8394,Aníbal Heredia Mariño,emelinasaldana@example.org,Guadalajara,50
8395,Elisabet Vara Pazos,cgaya@example.net,Segovia,48
8396,Aurelia Peña Lumbreras,che66@example.net,Alicante,80
8397,Adelaida Amarilis Herranz Chamorro,agapito18@example.com,Salamanca,66
8398,Xavier Almansa,carinapareja@example.net,Ourense,37
8399,Dalila de Andreu,rafabilbao@example.com,Santa Cruz de Tenerife,60
8400,Fátima Barceló Alberola,qllano@example.com,Guipúzcoa,44
8401,Francisco Javier Sarabia Palomo,guadalupeaguila@example.com,Ourense,75
8402,Leocadio Leal,rodolfo80@example.org,Cuenca,61
8403,Eva María Esparza Castillo,aurea23@example.net,La Coruña,61
8404,Magdalena Giménez,sara59@example.com,Palencia,74
8405,Catalina Estrada Bernat,cobosmarco@example.com,Huesca,76
8406,Olegario Íñigo Salcedo Estevez,esteban88@example.com,Ávila,39
8407,Agustín Peñalver Gargallo,qsedano@example.net,Toledo,62
8408,Gastón Blanes Guillen,ines55@example.net,Zaragoza,53
8409,Celestina Castellanos Saez,galcolea@example.net,Valladolid,49
8410,Baudelio Narciso Echeverría Belmonte,auroracastell@example.net,Soria,20
8411,Pánfilo Rodriguez Morán,marquesmodesto@example.org,Ceuta,43
8412,Dan Vargas,marquezpaloma@example.net,Toledo,18
8413,Fortunato Esteban Cabañas,albano62@example.com,Vizcaya,64
8414,Nidia Perez Olivares,leocadio12@example.net,Segovia,50
8415,Jose Manuel Elías Larrañaga,luisinachaparro@example.net,Huesca,60
8416,Amador Luque,julio-cesargallo@example.org,Castellón,52
8417,Antonia Clemente Salcedo,ypareja@example.org,Huesca,27
8418,Ángeles Izquierdo-Perales,enriquezsamu@example.org,Jaén,27
8419,Vinicio Sevillano Pardo,jose-luisalvarez@example.org,Tarragona,66
8420,Adalberto Ciro Farré Lluch,baldomero36@example.org,Jaén,63
8421,Calista de Ros,ferminpellicer@example.com,Valencia,63
8422,Jordi de Osuna,zacarias96@example.com,Cáceres,36
8423,Jordana del Vilar,xpizarro@example.com,Málaga,50
8424,Fernanda del Álvaro,lgalindo@example.net,Granada,62
8425,Jenaro Abella Carnero,xiomara62@example.org,La Coruña,52
8426,Matilde Ferrando Baena,ctomas@example.com,Zaragoza,52
8427,Emma Molins Vicente,ana95@example.org,Las Palmas,53
8428,Ileana Vila Barberá,csarabia@example.com,Teruel,54
8429,Luna Salas Lerma,bherrera@example.org,Toledo,60
8430,Luciana Piñeiro Montalbán,abascalanabel@example.org,Burgos,38
8431,Guiomar del Pinto,rosalva72@example.com,Las Palmas,59
8432,Ulises Carretero Vazquez,palaciosyolanda@example.net,Salamanca,58
8433,Adelardo Guerra Ríos,nverdu@example.net,Vizcaya,24
8434,Florentina Herrera Reina,qpelayo@example.net,Sevilla,28
8435,Sebastian Garcia Montero,pepebarranco@example.org,Lleida,21
8436,Ligia del Machado,anayajaime@example.net,La Coruña,28
8437,Kike Marcio Hernandez Lillo,valentin07@example.org,Huelva,42
8438,Isidoro Gil Canals,godofredoabad@example.org,Navarra,62
8439,Carlito Paniagua Hernando,gasparquintana@example.net,Teruel,58
8440,Casandra Gelabert Sebastián,sarita33@example.net,Cáceres,31
8441,Sarita Gallo,efrain43@example.org,Almería,78
8442,Cayetano Estévez Bernal,cebrianayuso@example.net,Madrid,76
8443,Susanita Pedrosa Esteban,tormosebastian@example.com,Zaragoza,56
8444,Emiliana Mateos Sala,cabrerolucio@example.net,Ciudad,58
8445,Herminia Jover Jordán,nacio94@example.com,Alicante,40
8446,Virginia Nuria Fonseca Peña,aureliano21@example.net,Girona,30
8447,Jerónimo Vega Bas,hectorfuente@example.net,Girona,52
8448,Benigna Rico Villalba,azaharmartorell@example.org,Teruel,60
8449,Palmira Pinto Casado,teodoro84@example.com,Baleares,47
8450,Florencio Losa Julián,ciriaco67@example.com,Burgos,25
8451,Máxima Padilla-Galán,plazanieves@example.net,Palencia,61
8452,Felicia Morena Boix Roldán,chelosanabria@example.net,Ávila,73
8453,Jose Luis Buenaventura Gimeno Armas,paloma71@example.net,Castellón,50
8454,Alejandro Camacho Castelló,cesarmur@example.net,Ávila,48
8455,Alfonso Carro Diaz,octaviocastaneda@example.net,Segovia,64
8456,Gertrudis Donaire-Hervia,benaventvictor@example.com,Ourense,72
8457,Isidora Salas Solsona,ccanales@example.net,Zamora,36
8458,Isaura Nayara Calzada Raya,lferrandez@example.net,Barcelona,59
8459,Casemiro de Garrido,kzurita@example.com,Cantabria,51
8460,Aurora Bernat-Acero,ihernandez@example.com,Las Palmas,59
8461,Ramón Gisbert Marí,bouleyre@example.net,Ciudad,35
8462,Flavio Vicens-Guillen,prudencio43@example.com,Salamanca,52
8463,Zaida Cabello Santos,quirinotorres@example.org,Valladolid,66
8464,Joaquina Ofelia Lillo Andres,solerurbano@example.org,Murcia,38
8465,Paulino Sanmiguel-Salinas,ucarbo@example.com,Ávila,48
8466,Heliodoro Agudo,falmazan@example.org,La Coruña,19
8467,Purificación Marcia Olmo Chamorro,gamezmaristela@example.com,La Rioja,37
8468,Toño Eric Leon Salas,vpareja@example.com,Salamanca,58
8469,Marcia Palmer Aguiló,angela52@example.net,Asturias,46
8470,Jennifer Teresita Nicolau Herrero,xaviergonzalo@example.org,Cuenca,68
8471,Aitana Guardiola Montes,tayuso@example.com,Murcia,25
8472,Marcos Español Posada,maria-cristinaquerol@example.com,Huelva,60
8473,Onofre de Palomares,plazaguadalupe@example.com,Lugo,69
8474,Nereida Maldonado,castillairma@example.com,Jaén,38
8475,Ángeles Fajardo Madrid,puribe@example.org,Cádiz,61
8476,Griselda Galindo Goicoechea,gquiroga@example.org,Santa Cruz de Tenerife,44
8477,Jose Antonio Lastra Infante,tellezseveriano@example.org,Badajoz,45
8478,Lola Casanova,cipriano08@example.net,Málaga,61
8479,Bautista Raya Roman,sabasbou@example.net,Navarra,35
8480,Fabiola Bernal Gargallo,ainarasegarra@example.net,Cáceres,69
8481,Albano Colomer Tapia,jviana@example.net,Huelva,66
8482,Berta Tena Guardiola,orianarueda@example.org,Guipúzcoa,36
8483,Chus Guerrero Duran,ciriacosanabria@example.net,Murcia,59
8484,Heliodoro Pi,diegogracia@example.com,Soria,34
8485,Pepita Cepeda Castillo,varelaconsuelo@example.org,Jaén,74
8486,Valerio Duran Plana,recioedmundo@example.net,Álava,74
8487,Amor Luz Báez,hipolito12@example.net,Teruel,35
8488,Fabricio Bustamante Espejo,romanlucho@example.org,Cuenca,76
8489,Sosimo Benavides,edgar39@example.org,Jaén,65
8490,Brunilda Torralba Alcalá,armandobernal@example.org,Ciudad,31
8491,Heraclio Rosario Sainz Arcos,africacrespo@example.org,Salamanca,69
8492,Amílcar Orozco Anaya,borjagisbert@example.com,Zaragoza,69
8493,Brígida Osuna Gibert,laura90@example.org,Valladolid,45
8494,Obdulia Cerezo Velázquez,lagojeremias@example.org,Huelva,55
8495,Gracia Ríos-Galiano,asdrubalfernandez@example.org,Segovia,44
8496,Milagros Gimenez Malo,alfarorosalva@example.net,Baleares,78
8497,Prudencia Ignacia Ortiz Mármol,fulgencio22@example.com,Huelva,59
8498,Hernando de España,noe60@example.net,La Coruña,65
8499,Jacinta Sáez Lerma,sanzcloe@example.net,Badajoz,26
8500,Ámbar Rodrigo Vidal,pramos@example.com,Girona,63
8501,Prudencio de Cortina,esala@example.net,Álava,34
8502,Dimas Grande Jordán,evalbuena@example.net,La Coruña,47
8503,Florencia Pascual-Sanjuan,climaco99@example.org,Cáceres,57
8504,María Fernanda Acosta Beltran,valenciaroxana@example.com,Jaén,62
8505,Estefanía Bueno-Amaya,isaias94@example.org,Burgos,28
8506,Atilio Vergara Ugarte,amora@example.org,Cantabria,60
8507,Pío Huerta Ramón,bsalva@example.org,Sevilla,35
8508,Esteban Amador Barba,uarranz@example.org,Córdoba,66
8509,María Teresa Elías,prudenciagiron@example.net,Salamanca,41
8510,Sol Imelda Cabanillas Rivas,diegocardenas@example.net,Zaragoza,30
8511,Eduardo Bonet Romero,estebantiburcio@example.org,Toledo,48
8512,María Carmen Otero Tovar,isa86@example.net,Madrid,19
8513,Jose Francisco Llabrés Arranz,feijooamador@example.com,Sevilla,60
8514,Emma Gilabert Juliá,amorcarbajo@example.com,La Coruña,47
8515,Ester Bernat,jose-luis26@example.com,Palencia,36
8516,Plinio Jordán-Dávila,lrosello@example.org,Teruel,42
8517,Eligio Llamas Oliveras,samuprieto@example.org,Castellón,69
8518,Arturo Diaz Morera,pulidochuy@example.org,Cuenca,56
8519,Felisa Ana Belén Larrañaga Cabeza,alcantarabienvenida@example.com,La Rioja,32
8520,Custodia Ofelia Azcona García,hermenegildo33@example.com,Guadalajara,76
8521,Julián Soriano Agustín,jmolins@example.com,León,26
8522,María Carmen de Sandoval,rboada@example.org,Alicante,72
8523,Ciriaco Calvet Solé,carrillovictoriano@example.net,Castellón,63
8524,Florentina Iglesias Alsina,casessaturnina@example.org,Santa Cruz de Tenerife,22
8525,Reina Pomares-Prat,octaviavelazquez@example.net,Córdoba,62
8526,Isidoro Anglada Vila,apolinar19@example.com,Salamanca,39
8527,Jovita Florentina Carpio Lumbreras,yolanda99@example.org,La Coruña,67
8528,Aurelio Collado Esteban,ainaravalcarcel@example.org,Lleida,38
8529,Narcisa Blázquez,jenaro64@example.net,Cantabria,64
8530,Blanca Arana Martí,wpalau@example.com,Ávila,30
8531,Zaira Antón Albero,jimenezisidora@example.com,Segovia,73
8532,Héctor de Vargas,nicodemoalegre@example.net,Jaén,66
8533,Maxi Cruz Badía,ugiron@example.net,Melilla,57
8534,Emilia Noriega,mhigueras@example.net,Cantabria,79
8535,Teobaldo de Martínez,emilioayuso@example.com,Pontevedra,45
8536,Amelia Morillo Galindo,baezaalma@example.net,Huelva,79
8537,Selena Ferrán-Macias,gargallomaria-manuela@example.com,Burgos,57
8538,Inocencio Urbano Yuste Uría,llabressancho@example.org,Castellón,51
8539,Teresa Leiva Solé,ikerroda@example.net,Albacete,79
8540,Bernardita Marí Acero,heliodorosalas@example.com,Valladolid,52
8541,Pepito Jover García,cesar89@example.org,Vizcaya,34
8542,María Belén Moll Becerra,gplaza@example.net,Jaén,20
8543,Osvaldo Montesinos-Ponce,rogeliolloret@example.org,León,37
8544,Juan Inocencio Benavides Rozas,angela23@example.net,Almería,34
8545,Amelia Montes-Ros,eric08@example.net,La Rioja,32
8546,Amando Bastida Agudo,agustinafigueras@example.org,Cáceres,44
8547,Guiomar Esparza,tomasa10@example.com,Asturias,21
8548,Elba Viana-Frías,eleuterio06@example.com,Alicante,71
8549,Mónica González Pombo,kmolina@example.net,Melilla,49
8550,Haroldo Perales Borrás,xpenalver@example.com,Cantabria,19
8551,Olimpia Lloret Galindo,rosalinda84@example.org,Tarragona,53
8552,Encarna Sandoval Giner,kmoya@example.org,Ourense,54
8553,Ángeles del Pino,gil24@example.com,Palencia,74
8554,Remedios del Robledo,dalila10@example.org,Guipúzcoa,44
8555,Modesto Manrique-Rodríguez,caceresrodrigo@example.com,Segovia,78
8556,Abraham Machado Valdés,ahuguet@example.org,Ourense,72
8557,Delfina Blázquez Hervia,lvilalta@example.net,Vizcaya,18
8558,Antonia Mateos Hierro,imiguel@example.net,Vizcaya,43
8559,Ceferino Camps,eduardo95@example.com,Asturias,74
8560,Horacio Perera,ycastell@example.net,Barcelona,28
8561,Lalo de Oliver,cuadradolupe@example.net,Zamora,70
8562,Donato Ferrero Lago,juan-franciscocanton@example.org,Castellón,68
8563,Gonzalo Solé,belen32@example.org,Cáceres,65
8564,Felipa Pombo Menéndez,toledoagueda@example.net,Girona,40
8565,Chus Vanesa Rocamora Bernad,verdejoalcides@example.net,Baleares,72
8566,Isaías Mir,pepitoacero@example.org,Ciudad,64
8567,Aitana Luna Calvet,valenzuelaamarilis@example.com,La Coruña,43
8568,Herminia de Madrigal,duilioalcantara@example.com,Soria,43
8569,Clementina Encarnación Gabaldón Barragán,georginaalcolea@example.net,Salamanca,73
8570,Elisa Cortina Frutos,isalarrea@example.com,Sevilla,30
8571,José María Toro Elorza,kgarrido@example.net,Baleares,38
8572,Encarnita Blazquez Ariño,gfigueras@example.net,Cáceres,79
8573,Lupita de Oliveras,miguel-angel69@example.net,Salamanca,48
8574,Renata Velázquez Sancho,gsacristan@example.com,Ciudad,54
8575,Oriana del Infante,anastasiolobato@example.net,Teruel,77
8576,Albino Llanos,fvillalonga@example.org,La Rioja,59
8577,Balduino Mulet Frutos,carina32@example.org,Álava,79
8578,Américo Román Aguirre,solsonaursula@example.org,Segovia,74
8579,María Del Carmen Pizarro Paredes,pbermudez@example.org,Albacete,80
8580,Sosimo Canales Carranza,jesusa06@example.org,Castellón,79
8581,Amarilis Gelabert Garcia,casadosebastian@example.net,Tarragona,41
8582,Juanita Pol Cases,agudoleonardo@example.org,La Rioja,26
8583,Albert Aguilera Ortiz,luquemanu@example.com,Melilla,69
8584,Carolina Batalla Cano,vheras@example.org,Jaén,53
8585,Félix Osorio,palominofelix@example.com,Burgos,21
8586,Aníbal Acero,jose-maria10@example.net,Álava,25
8587,Fidela Mónica Cid Aparicio,pancho17@example.net,Madrid,72
8588,Liliana Arellano Laguna,reguloherranz@example.net,Las Palmas,55
8589,Amalia Montaña-Pereira,fajardopepito@example.net,Navarra,48
8590,Maura Cid Puga,figuerolazoraida@example.org,Lugo,43
8591,César Alba Ángel,eleuteriocarretero@example.com,Badajoz,29
8592,Berta Sola,fcrespo@example.net,La Coruña,71
8593,María José Canals Aguado,bernardaazcona@example.org,Las Palmas,37
8594,Consuela Daza Castilla,teresalcedo@example.com,Baleares,18
8595,Ana Belén Cabrero-Expósito,qsalva@example.net,Badajoz,30
8596,Nicolás Lucho Viñas Manso,celestinogaliano@example.net,Murcia,47
8597,Clarisa del Pera,wcasal@example.com,Valladolid,33
8598,Dimas Escudero Trillo,pomareshilda@example.net,Palencia,43
8599,Brunilda Espejo Mayol,ciriaco57@example.org,Cádiz,18
8600,Ismael Quiroga Alarcón,fernanda52@example.net,Melilla,44
8601,Josué del Ripoll,ledesmalilia@example.org,Ávila,80
8602,Borja Vidal Palomar,unavarro@example.com,Murcia,25
8603,Cándida Becerra Múñiz,valeroarmengol@example.com,Teruel,72
8604,Ascensión Rosell-Verdú,carmela01@example.org,Valladolid,52
8605,Mateo Garzón Piquer,gamezeutropio@example.com,Álava,23
8606,Poncio Carpio-Grande,onevado@example.org,Pontevedra,49
8607,Luciano Albino Bosch Arribas,gonzalozacarias@example.org,Huelva,28
8608,Alfredo del Robles,krodrigo@example.org,Pontevedra,19
8609,María Jesús Bueno Cabo,llopisnydia@example.com,Sevilla,32
8610,Juan Jáuregui Arnaiz,rosalinavara@example.net,Lleida,53
8611,Manuel de Figueroa,linaaleman@example.net,Valencia,63
8612,Reyna Fábregas Esteve,lidia74@example.net,La Coruña,21
8613,Anna Dueñas,wguzman@example.com,Teruel,24
8614,Carmina Otero Galvez,carreterocecilio@example.net,Madrid,61
8615,Roberta Casas Millán,salcedososimo@example.com,Guipúzcoa,54
8616,Urbano Ramos Álvaro,arinocelso@example.com,Ourense,28
8617,Patricia Mateo Haro,florinacordero@example.com,Lleida,76
8618,Alonso Quintero Esparza,ycasal@example.net,Barcelona,73
8619,Cloe Zabaleta Soria,nidia94@example.com,Salamanca,50
8620,Natividad Mármol Quintana,rosauraagullo@example.org,Madrid,40
8621,Calixta Pérez Pozo,elviradalmau@example.com,Barcelona,48
8622,Nereida de Luna,kanguita@example.org,Salamanca,52
8623,Joan Aparicio Herrera,manuelitagarcia@example.net,Lugo,61
8624,Encarna Barranco Parejo,geraldo65@example.com,Ourense,37
8625,Fabián Abraham Sancho Ariza,francisco-josellopis@example.org,Granada,71
8626,Ruperto Gámez Barrera,guillenjuan-manuel@example.com,Las Palmas,23
8627,Quirino Castells Lucena,eusebia61@example.org,Toledo,22
8628,Mónica Charo Cózar Gonzalez,gertrudis09@example.net,Álava,34
8629,Fidela Tomé Pino,btorres@example.com,Lleida,29
8630,Gloria de Bauzà,luisbarrios@example.org,Lugo,67
8631,Prudencia Moles Acuña,roxanamurillo@example.org,Palencia,62
8632,Marcela Pomares Arana,duransebastian@example.net,Segovia,56
8633,Alfredo Carmona Iriarte,ghuertas@example.org,Guipúzcoa,27
8634,Jose Francisco Mora Zamorano,sergiocerro@example.net,Ourense,77
8635,Lilia Báez Verdugo,gonzaleztristan@example.net,Melilla,29
8636,Adelardo Rosales Badía,bermejoclarisa@example.com,Cáceres,18
8637,César de Echeverría,quiquemena@example.com,Toledo,34
8638,Calixto Campo Malo,mataabraham@example.org,Cuenca,70
8639,Melchor Tomas Belda,lermacirino@example.com,Murcia,75
8640,Edu Santiago Gracia,vinasnoe@example.net,Madrid,34
8641,Felipe Piquer Valderrama,aristidesmir@example.com,Almería,44
8642,Américo Roldan Llano,dvilar@example.com,La Coruña,52
8643,Feliciana Córdoba Peláez,antunezainoa@example.net,Zaragoza,75
8644,Aura de Báez,tudelaleocadia@example.net,Toledo,70
8645,María Cristina Casanovas Moll,palacioconrado@example.com,Cádiz,22
8646,Delfina Loida Criado Barco,tatianaplana@example.net,Lleida,29
8647,Américo Cobo Olivé,fruano@example.net,Ávila,31
8648,Cayetano Atienza Caro,andres-felipe50@example.net,Alicante,20
8649,Genoveva Sanjuan Jordán,bsureda@example.net,Girona,23
8650,Edelmiro Nicolau Trillo,arcoalfonso@example.org,Huelva,66
8651,Leire Martí Merino,ojedahumberto@example.net,Valladolid,54
8652,Rogelio Saldaña Huertas,encarnitapena@example.com,Cantabria,43
8653,Herminio Huertas-Cózar,glillo@example.net,Palencia,19
8654,José Antonio Cipriano Araujo Alberto,rebecamelero@example.org,Castellón,41
8655,Juana Rosalina Alcántara Diaz,ysarmiento@example.com,Cáceres,32
8656,Lorena Arévalo Calvet,linateruel@example.net,La Coruña,55
8657,León Coca Albero,pocana@example.com,Salamanca,28
8658,Isidoro Mayol,xgil@example.org,Ceuta,48
8659,María Fernanda del Ramón,yguardiola@example.org,Cádiz,35
8660,Sebastián Nogués Garcés,lvilalta@example.net,La Rioja,33
8661,Marisela Barbero-Poza,tonocarrasco@example.org,Sevilla,63
8662,Rosalva Lupe Camps Ribes,timoteocervantes@example.com,Santa Cruz de Tenerife,45
8663,Domingo Vilanova-Paniagua,yanezjoaquina@example.org,Sevilla,42
8664,Ángeles Orozco Villalobos,vcerdan@example.net,Ourense,56
8665,Fanny Ugarte Núñez,maria-fernanda84@example.org,Valencia,18
8666,Gabino Blázquez Gámez,arceeustaquio@example.com,Córdoba,28
8667,Aitana Castells Castrillo,cabellodonato@example.org,Navarra,23
8668,Marcelo del Mur,apedrero@example.com,Las Palmas,32
8669,Custodia Echevarría Múñiz,adoracionchaparro@example.com,Palencia,69
8670,Ximena Bas Mendoza,jaraclaudia@example.net,Tarragona,80
8671,Jimena Roca Vigil,lucasponcio@example.org,Guadalajara,25
8672,Maricruz Vanesa Murcia Meléndez,qrios@example.org,Valladolid,30
8673,Baldomero Villa Carro,esther00@example.net,Cádiz,28
8674,Sebastian Cruz Pallarès,naragon@example.net,Lleida,40
8675,José Antonio Pujadas Cuenca,florespatricio@example.com,Las Palmas,71
8676,Azucena Garcia Sans,albinaacosta@example.com,Barcelona,55
8677,Luis Ángel Alcolea Acero,falonso@example.com,Tarragona,31
8678,Marina Zorrilla Mateo,znunez@example.net,La Rioja,38
8679,Miguela Terrón Pastor,pbalaguer@example.net,Zaragoza,49
8680,Hilario del Agustín,niloarana@example.org,Álava,34
8681,Tomasa Menéndez Cisneros,ramonaripoll@example.net,Segovia,47
8682,Luís Galiano Arjona,segoviabenito@example.org,Ourense,67
8683,Priscila Pelayo Larrea,roberto23@example.com,Albacete,31
8684,Borja Arenas,hpulido@example.net,Ciudad,78
8685,Ignacia Rincón-Espada,caridad53@example.net,Pontevedra,63
8686,Aitana de Barros,flavia23@example.com,Barcelona,69
8687,Filomena de Dávila,monrealconcepcion@example.net,Ávila,60
8688,Chema Benitez Téllez,climaco28@example.org,Zamora,27
8689,Macario Martín Carpio,peralesabraham@example.com,Zaragoza,73
8690,Elías Beltrán Olmedo,bernabe35@example.org,Huelva,79
8691,Gloria Pinedo,gparejo@example.com,Pontevedra,33
8692,Lola Maite Mateos Boix,marcioochoa@example.org,Murcia,42
8693,Lucho Vallés Alcolea,herminiojulian@example.net,Burgos,48
8694,Imelda Salinas Montenegro,fernandavarela@example.org,Burgos,50
8695,Felix Leonardo Gras Almazán,gutierrezabilio@example.net,Melilla,38
8696,Milagros del Gonzalo,rocioescriva@example.org,Lugo,50
8697,Isaías Olivera Lastra,hortensiapereira@example.net,Asturias,69
8698,Agapito Fernandez Calatayud,ana-sofiaaramburu@example.org,Vizcaya,37
8699,Lupe Miralles Agullo,llobetemilio@example.com,Murcia,26
8700,Elisabet Barral Carbonell,valverdeitziar@example.com,Guadalajara,29
8701,Clarisa Montenegro-Nadal,alcaldecarlos@example.com,Lleida,39
8702,Juanita del Oliva,ritacatalan@example.org,Sevilla,73
8703,Poncio Macías Collado,morena83@example.org,Tarragona,22
8704,Jerónimo Julián Pera,fbernat@example.com,Albacete,57
8705,Luciana Coronado Escobar,lagoale@example.org,Cantabria,19
8706,Plinio Moreno Puga,brucayetano@example.org,Asturias,68
8707,Cesar de Mármol,juancaballero@example.net,Ourense,28
8708,Eduardo Lamas,reigeloisa@example.net,Lugo,21
8709,Xavier Cuadrado Rubio,diego70@example.com,Palencia,66
8710,Ciro Baudelio Castro Camps,bmontenegro@example.com,Soria,25
8711,Amancio Robledo Rosselló,ciriaco35@example.com,Melilla,66
8712,Macarena Gimeno Jaume,blas80@example.org,Asturias,67
8713,Edelmira Sales Castell,katienza@example.net,Segovia,34
8714,Bienvenida Aranda,torrecillaadelina@example.com,Badajoz,46
8715,Ciriaco Gordillo Ortega,xamo@example.com,Cádiz,43
8716,Pío Damián Carmona Coloma,perlita84@example.net,Cádiz,52
8717,Piedad Jiménez Salvador,reinaldomedina@example.org,Ávila,74
8718,Elena Sevillano,hgodoy@example.net,Huesca,27
8719,Alfredo Falcó Nieto,albano62@example.net,Lleida,43
8720,María Teresa Balaguer Merino,pelayo03@example.com,Huelva,69
8721,Reina Aguilera Alcalde,rodolfosamper@example.org,Ceuta,30
8722,Adela Gálvez Rivera,lalmagro@example.org,Cantabria,52
8723,Javiera Isidora Mas Guerra,torrijosapolinar@example.com,Madrid,37
8724,Nazario Coronado Valls,ruy68@example.org,Lugo,77
8725,Natanael Escobar Mendoza,xdavila@example.org,Cuenca,28
8726,Berto Moliner Benavente,atilio07@example.net,Badajoz,75
8727,Consuelo Rueda Batlle,sara98@example.org,Guipúzcoa,38
8728,Bonifacio Quero Prats,wabascal@example.net,Salamanca,24
8729,Óscar Iriarte,irene73@example.net,La Rioja,34
8730,Florentina Roig Torrent,redondoambrosio@example.com,Málaga,75
8731,María Viña Pujol,marcianomanrique@example.net,Sevilla,38
8732,Francisca Campoy Pinilla,francoenrique@example.org,Cuenca,61
8733,Pánfilo Blázquez,enrique62@example.com,Lleida,46
8734,Donato Goñi Castells,alejo54@example.net,Teruel,18
8735,Pancho Ariño Palacio,elvirajulian@example.net,La Coruña,21
8736,Alberto Abella,flaviollopis@example.com,Vizcaya,78
8737,Toribio Marquez Salvador,catalanoemi@example.com,Navarra,40
8738,Omar Noé Oliva Parra,pgarrido@example.org,Málaga,47
8739,Candelario Pujol Carrera,yesicacabezas@example.org,Navarra,34
8740,Clotilde Riera-Cuesta,jordimerino@example.com,Zaragoza,27
8741,Asunción Fuertes Garcés,camaragil@example.com,Lugo,23
8742,Juan Pablo Nevado Amador,ainoa40@example.org,Girona,63
8743,Lara Olmedo,abigail65@example.org,Castellón,42
8744,Daniela Fernández Solano,folmedo@example.com,Palencia,56
8745,Nidia del Casals,rocio76@example.com,Granada,34
8746,Edmundo Cazorla,mcanellas@example.net,Málaga,76
8747,Ani Barba,balaguerraul@example.org,Valencia,71
8748,Rosendo Carbó Bayo,jmarco@example.org,Ávila,55
8749,Nazaret Almansa-Tomás,palominoamelia@example.org,Pontevedra,25
8750,Olalla Gomez Pino,juliarevilla@example.net,Cantabria,54
8751,Edmundo Alcázar Santos,samantabarcelo@example.org,Albacete,59
8752,Asunción Dominguez,marisalastra@example.com,Ávila,49
8753,Plinio Figueroa Cortes,renatajordan@example.com,Melilla,45
8754,Carla Quesada Iglesias,huertasazahar@example.com,Girona,74
8755,Victorino Jafet Nicolás Quevedo,calderonbelen@example.com,Baleares,46
8756,Silvestre Darío Montoya Salazar,georgina49@example.com,Las Palmas,72
8757,Nico Cal Suarez,franciscojauregui@example.org,León,61
8758,Félix Prado Palomino,amorcalisto@example.org,Ourense,57
8759,Ana Belén Fajardo Roura,edelmiratello@example.org,Burgos,69
8760,César Arteaga Marco,jmenendez@example.org,Valencia,19
8761,Juanita Sedano,balaguerblanca@example.net,Santa Cruz de Tenerife,19
8762,Enrique Mendizábal Girona,vcaballero@example.com,Segovia,56
8763,Pepe Glauco Mulet Valera,mayoralluciana@example.com,Castellón,26
8764,Héctor Sanabria Nebot,vflores@example.com,Salamanca,65
8765,Lino Blanch Sevilla,qbayo@example.net,Valencia,47
8766,Perlita Romero,olimpiacoello@example.net,Almería,18
8767,Desiderio de Vázquez,marcelo35@example.com,Asturias,71
8768,Flavio Guerra Huertas,amanda82@example.net,Teruel,62
8769,Chucho Pablo Puerta,hector57@example.net,Almería,74
8770,Luís Almazán Sosa,guillenlourdes@example.net,Zaragoza,50
8771,Aníbal Lerma Palomino,luisina88@example.net,Melilla,27
8772,Piedad Rebollo Porras,pastoraadadia@example.net,Castellón,73
8773,Remedios Lucena Serna,flaviocarrasco@example.com,Asturias,48
8774,Bonifacio Prat Mateo,oscar04@example.com,Las Palmas,79
8775,Dimas de Fiol,aliagacirino@example.net,Granada,70
8776,Begoña Cózar,eguerrero@example.org,Cuenca,32
8777,Armida Toledo Morán,dricart@example.org,La Rioja,62
8778,Juanito Artigas Saavedra,qduran@example.org,Ávila,39
8779,Francisco Javier Pedraza-Ayllón,usureda@example.net,Vizcaya,27
8780,Fidel Gaspar Luque Ayllón,umonreal@example.com,Madrid,47
8781,Calixta Lamas Sarmiento,osvaldobellido@example.net,Palencia,35
8782,Mirta Carrión Patiño,samu05@example.com,Baleares,46
8783,Clarisa Pascual-Goicoechea,reypacifica@example.net,Guadalajara,40
8784,Godofredo Iñiguez,pratbenigno@example.org,Córdoba,43
8785,Fidel Sandoval,hernandojulian@example.org,Castellón,47
8786,Agapito Donoso Zaragoza,angel61@example.org,Huelva,60
8787,Sandalio Alcalá Priego,jacintasoto@example.com,Álava,66
8788,Evangelina Royo Lucas,mohamedriba@example.com,Teruel,63
8789,Antonia Alberto Rosa,venceslas30@example.net,Barcelona,62
8790,Tatiana Múñiz Bosch,toribio48@example.com,Toledo,46
8791,Anselmo Lino Jara Bastida,espinosacebrian@example.com,Huelva,27
8792,Ileana Redondo Galiano,amarin@example.net,Zamora,36
8793,Vicente Galan-Andrade,dlucena@example.net,Valencia,19
8794,Caridad Garriga Redondo,osvaldo47@example.com,Guadalajara,67
8795,Sol Palmer Cerdán,xlozano@example.net,Alicante,28
8796,Amaro Batlle Caro,anna34@example.com,Álava,29
8797,Fidela Pujol-Bernat,pascualatejera@example.net,Melilla,33
8798,Joaquín Llamas-Vilanova,olgaribes@example.org,Ourense,57
8799,Alfonso Olivé Barreda,elisabet76@example.com,Palencia,72
8800,Abilio Poncio Gutierrez Carbó,alcarazrosario@example.org,Málaga,71
8801,Feliciana Sáez-Ballesteros,azucenacarretero@example.org,Palencia,32
8802,Paco del Poza,chita26@example.org,Sevilla,65
8803,Luciano Laguna,rmorales@example.org,Palencia,33
8804,Fabián Suárez Tolosa,loretoespejo@example.com,Melilla,64
8805,Godofredo Planas Calzada,gonzalezalba@example.net,Huelva,44
8806,Crescencia Roberta Ferreras Martin,casanovarodolfo@example.org,Castellón,56
8807,Dorita Coca Sevilla,marioamor@example.net,Ciudad,37
8808,Pili Castejón Carpio,gtirado@example.org,Badajoz,38
8809,Crescencia de Hierro,gabinocabrero@example.net,Ciudad,52
8810,Remedios Mónica Jerez Giménez,camila65@example.org,Salamanca,29
8811,Pilar Larrañaga-Villar,ruperto38@example.com,Segovia,43
8812,Fabiana Socorro Arcos Castelló,noelialuz@example.net,Ceuta,20
8813,Danilo Cabeza Jódar,nribes@example.org,Soria,29
8814,Javi Galván Sancho,mariabosch@example.org,Guipúzcoa,33
8815,Luz Menéndez Zabaleta,oriana80@example.com,Pontevedra,34
8816,Artemio Muñoz Olmedo,renata17@example.net,Madrid,75
8817,Concepción Pizarro Tamarit,wvelasco@example.org,Toledo,27
8818,Teo Olivera Sotelo,carreteropepito@example.org,Pontevedra,70
8819,Ezequiel Blázquez Bermúdez,berta97@example.net,Castellón,52
8820,Domingo Olmedo-Peinado,felipa73@example.com,León,59
8821,Florina de Costa,chucho17@example.net,Teruel,31
8822,Ruperta Torres Botella,serafina24@example.net,Cantabria,71
8823,Ester Bayón,elimalo@example.org,Guadalajara,46
8824,Chucho Landa Oller,xreguera@example.com,Valencia,57
8825,Javier Teruel Arias,ayalaisidora@example.com,Valladolid,63
8826,Asunción Arroyo-Bueno,mateutito@example.org,Guadalajara,75
8827,Corona Paniagua,rozasjulio@example.org,Tarragona,74
8828,Jaime Alegria-Berenguer,marina42@example.net,Murcia,73
8829,Rosalía Baquero Duran,olivelope@example.net,Alicante,65
8830,Jimena Pinedo-Gibert,rcifuentes@example.net,Soria,49
8831,Lourdes Carro Izaguirre,vjulian@example.org,Burgos,50
8832,Natalia Girón-Manso,qsoler@example.org,Córdoba,47
8833,Aroa Pedrosa Carranza,maria-jose19@example.org,Valencia,77
8834,María Pilar Peñas Morales,bertacoello@example.net,Santa Cruz de Tenerife,76
8835,Jennifer Tamayo Zorrilla,ecerezo@example.org,Cuenca,66
8836,Irene Chacón Zapata,enriquezadelia@example.org,Palencia,77
8837,Angélica Benitez Aroca,flaviopulido@example.com,Teruel,24
8838,Gil Herranz Pou,zairasevillano@example.com,Huelva,44
8839,Judith Bárcena Chaves,lteruel@example.net,Girona,59
8840,Gabriel Carrión Vargas,adeliavicente@example.org,Melilla,53
8841,Haroldo Huertas Gallo,villalbamaria-del-carmen@example.com,Ciudad,33
8842,Haroldo del Mayol,florindaarnaiz@example.org,Cáceres,19
8843,Luciana Sánchez-Villalba,geronimo77@example.org,Ávila,61
8844,Marisa España Sandoval,silviogalvez@example.org,Ciudad,77
8845,Amada Tudela Guzmán,marita77@example.org,Castellón,42
8846,Pacífica Cuevas Mir,soraya83@example.com,Jaén,59
8847,Victoria Bueno Madrid,juan-francisco47@example.org,Valencia,21
8848,Bautista Agullo Aller,eamoros@example.com,Ávila,52
8849,Julia Tudela,roque10@example.org,La Coruña,59
8850,Wilfredo Alarcón Ortiz,lopelozano@example.net,Toledo,49
8851,Poncio Norberto Villalba Farré,sebastian67@example.net,Barcelona,42
8852,Pepe Aguiló Ramos,eulalia37@example.net,Sevilla,74
8853,Samuel Serra,chus08@example.org,Almería,29
8854,Graciana Mesa Mur,cosmesalgado@example.com,Lleida,27
8855,Lucía Alonso,apalmer@example.net,Girona,78
8856,Selena Valenciano Peláez,juan-carlos80@example.org,Tarragona,57
8857,Teresita Calderón-Portillo,malena71@example.com,Melilla,63
8858,Eliseo Arnal Pujadas,gervasionieto@example.org,Ciudad,71
8859,Vilma Dominguez Ros,campoyjose-angel@example.org,Santa Cruz de Tenerife,23
8860,Miriam Beltrán-Zamora,larranaganarcisa@example.com,León,69
8861,Aurelio Sala Cortés,juanitoduran@example.com,Ourense,45
8862,Ramiro Valenzuela,teofila36@example.org,Palencia,59
8863,Felipe Poncio Benavent Almazán,espejogenoveva@example.org,Lleida,26
8864,Natividad Bautista Tejada,chuchosolera@example.org,Castellón,61
8865,Daniel Carro Calatayud,jose-manuelsalcedo@example.org,Valladolid,29
8866,Nadia Pallarès-Alfonso,fabiola03@example.com,Granada,30
8867,Bernarda Zorrilla Miranda,alejandro16@example.net,Álava,40
8868,Evita de Perelló,kmoreno@example.com,Salamanca,59
8869,Selena Maldonado Castelló,navasfulgencio@example.net,Córdoba,64
8870,Camilo Niño Barranco,tomascarrillo@example.org,Barcelona,26
8871,Casemiro del Giner,artigasmartina@example.org,Madrid,64
8872,Remigio Luís Nadal,larias@example.net,Palencia,48
8873,Olegario Vila Aguilar,mpereira@example.net,Cáceres,29
8874,Aitor Cardona Donoso,ramonefrain@example.net,Guadalajara,43
8875,Ligia Escamilla Aranda,diazsergio@example.com,Zamora,55
8876,Vilma Uriarte Blanes,olegario32@example.org,Baleares,38
8877,Chema Cózar Perez,gloriacanovas@example.com,Tarragona,27
8878,Manuelita Nadia Amigó Elorza,felipa12@example.net,Almería,38
8879,Malena Sureda-Segarra,domingomarti@example.net,Málaga,26
8880,Xiomara Aguiló Peláez,taniaramon@example.org,Navarra,75
8881,Ricardo Gual Company,tomasmodesto@example.net,Ceuta,61
8882,Luisa de Ochoa,huertavasco@example.net,Castellón,45
8883,Josefina Torrents Reig,qbou@example.com,Almería,57
8884,Juan Francisco Ramos Durán,eliasduenas@example.org,Las Palmas,77
8885,Edelmira Villar,valenciajulio-cesar@example.org,Cáceres,50
8886,Carmelo Cruz Armas Marin,carmina88@example.com,Guadalajara,47
8887,Mauricio Izquierdo Ledesma,ugodoy@example.org,Tarragona,61
8888,Chema Paredes Lerma,ramon95@example.com,Toledo,25
8889,Édgar del Tur,bonetluis-angel@example.org,Valencia,77
8890,Ovidio Borrego Almansa,salomon82@example.com,Cádiz,19
8891,Dorita Sáenz-Páez,soniaaguila@example.com,Vizcaya,29
8892,Odalys Armengol Barranco,cdavila@example.net,Burgos,75
8893,Julia Márquez Castell,kcanellas@example.org,Tarragona,26
8894,Ámbar Chaparro Chaves,maria-jesuspino@example.net,Cádiz,60
8895,Narcisa Vera,joel44@example.org,Girona,53
8896,Diego Cerro,rabellan@example.com,Soria,67
8897,María Pilar Zamorano Armas,serrapastor@example.net,Burgos,60
8898,Lupita Priego,rupertotena@example.com,Zaragoza,73
8899,Juan José Hernán Manzanares Exposito,noemi29@example.net,Pontevedra,54
8900,Inocencio Carrillo Pagès,chuyblazquez@example.org,Huelva,55
8901,Diego Narciso Lumbreras Hervás,abraham22@example.org,Girona,75
8902,Plácido Fernández Perea,alcidescosta@example.org,Barcelona,79
8903,Eladio Vélez Pons,fidela64@example.net,Lugo,32
8904,Ruperta Mora-Pereira,hilariomas@example.com,Santa Cruz de Tenerife,41
8905,Hilario Pera Marqués,xavierseco@example.org,Murcia,70
8906,Reina Cañas Juárez,maria-belen95@example.net,Zamora,64
8907,Sigfrido Casares Jimenez,vmontoya@example.com,Málaga,23
8908,Valentina Sans,tometrinidad@example.net,Soria,33
8909,Sandalio Guillén Valencia,nelida36@example.com,Lleida,47
8910,Valentina Mata-Balaguer,izquierdosilvestre@example.org,Guipúzcoa,32
8911,Tristán Ignacio Calatayud Matas,piosacristan@example.com,Ceuta,40
8912,Ciriaco Amador Borrego,opulido@example.org,Alicante,34
8913,Noa de Flor,angelsalom@example.net,Lugo,64
8914,Hernán Garcés,reyelias@example.com,Ciudad,69
8915,Manu Pelayo-Amores,psanmiguel@example.org,Barcelona,20
8916,Alicia Bernat Pulido,fuertesgilberto@example.com,Albacete,37
8917,Ariel de Durán,santiagosusana@example.com,Santa Cruz de Tenerife,77
8918,Dora Villar Barrera,vabril@example.com,Guadalajara,51
8919,Ezequiel Leal Amador,mprado@example.net,Zamora,20
8920,Albert Lobo Camps,minguezanunciacion@example.org,Las Palmas,62
8921,Toribio Dionisio Polo Pérez,dchacon@example.org,Teruel,66
8922,Marita Duarte Carvajal,mamen74@example.org,Zaragoza,29
8923,Lola Caballero,bnebot@example.net,Soria,74
8924,Bernabé Ortega,manuelita24@example.org,Huelva,57
8925,Édgar Ródenas Verdejo,machadofelix@example.net,Las Palmas,27
8926,Ramona Gargallo Canals,riveraconcepcion@example.net,Guadalajara,61
8927,Samuel Paniagua Ibarra,dsuarez@example.com,Ourense,51
8928,Ana Arroyo Garay,pelayochacon@example.com,Toledo,41
8929,Manu Amaya Garcia,armando81@example.net,La Coruña,46
8930,Pía Alberto Bas,bgutierrez@example.net,Soria,56
8931,Plácido Parra,macariapujadas@example.org,Melilla,76
8932,Nacho Ayllón Cuadrado,rocio76@example.net,Málaga,80
8933,Gastón de Castells,tsalmeron@example.net,Toledo,19
8934,Rubén Tristán Figueroa Miranda,rafa62@example.org,Cáceres,19
8935,Isabel Tejada,tristanmarin@example.org,Álava,69
8936,Victorino Tirado Rivero,marcos33@example.com,Pontevedra,73
8937,Jose Ramón Garrido Donoso,reyes05@example.org,Valladolid,62
8938,Emiliano Maza Portero,tmolina@example.com,Cáceres,32
8939,Serafina Macias Gabaldón,bernabe69@example.com,Huesca,55
8940,Cristian Marqués Hierro,villenagonzalo@example.net,Castellón,67
8941,Perlita Rivas Villegas,climaco93@example.com,Córdoba,60
8942,Esperanza Román Armengol,hortensiacruz@example.com,Zaragoza,25
8943,Fortunato Puig,zmora@example.com,Málaga,40
8944,Cándida Viana Gaya,fgamez@example.net,Girona,58
8945,Consuelo Carnero Cuadrado,chaconvalerio@example.net,León,77
8946,Almudena Perelló Ferrán,teofila53@example.com,Jaén,24
8947,Jenny Castejón Doménech,nicolaulupita@example.org,Vizcaya,60
8948,Baudelio Lerma Rojas,ana-belen13@example.net,Alicante,69
8949,Diego del Blanco,ambrosiopujadas@example.net,Toledo,56
8950,Pepita Vilar Palau,jrobles@example.org,Ceuta,52
8951,Teobaldo Valentín Ibañez,ramiro16@example.com,Castellón,76
8952,Juliana Pla Enríquez,valba@example.net,Pontevedra,21
8953,Magdalena Sarabia Bernat,lunavalverde@example.com,Cáceres,20
8954,Ismael Salas Sanjuan,ambrosio98@example.net,Ávila,37
8955,Amada Llobet Díaz,mayolmaria-angeles@example.com,Segovia,24
8956,Ligia Cabrero-Mariño,adadiaainoa@example.org,Zaragoza,54
8957,Anastasio Estrada Ferrán,jose-luisbriones@example.com,Almería,40
8958,Andrés de Olmedo,mariano94@example.com,Barcelona,21
8959,Flora Tena Girón,xsamper@example.com,Castellón,66
8960,Victor Manuel Carrillo Villaverde,jimenalago@example.com,Huelva,78
8961,Mario Carmona Iglesias,matias08@example.net,Cantabria,42
8962,Marita Corominas Castellanos,bernardino84@example.com,Burgos,68
8963,Loreto Alvarado-Mur,emosquera@example.org,Huesca,76
8964,Gervasio de Navarro,rosendarosa@example.com,Ourense,36
8965,José Luis Sobrino Amor,aromero@example.org,Málaga,80
8966,Lupita Olmedo Marin,maria-carmen42@example.net,Badajoz,72
8967,Apolonia Vilalta López,zcordero@example.org,La Coruña,25
8968,Rodolfo Carreras Pardo,rupertofranco@example.org,Sevilla,19
8969,Olga Delgado,arturoquintero@example.com,León,43
8970,Rosa Vaquero Nebot,asevillano@example.org,Barcelona,24
8971,Clementina Farré Caballero,sancholarranaga@example.com,Segovia,76
8972,Ana Belén Palma-Iriarte,ernestodiego@example.org,Ciudad,29
8973,Zoraida Coronado Carrillo,rosalva98@example.com,Cáceres,42
8974,Saturnino Peiró Múñiz,isabelvalbuena@example.net,León,77
8975,Ildefonso Juan Pablo Céspedes Almagro,cristobal65@example.com,Granada,69
8976,María Cristina de Bárcena,adolfo72@example.net,Castellón,47
8977,Purificación Castejón Valera,quiquesantos@example.com,Barcelona,64
8978,Octavio Sastre Figueras,rafagarcia@example.net,Ourense,52
8979,Abraham Rebollo,hvidal@example.net,Soria,72
8980,Áurea del Blanch,mazaadelina@example.net,Murcia,45
8981,Paulina Crescencia Tejero Carballo,quribe@example.net,Ceuta,40
8982,Ale Leon Pozo,ruy54@example.com,Granada,36
8983,Ámbar Caballero Tejada,kcano@example.org,Pontevedra,63
8984,Paula Santana Arteaga,bermudezrodolfo@example.org,Palencia,63
8985,Ruben de Chamorro,anguitavaleria@example.com,Palencia,28
8986,Héctor Vall Carrión,noe62@example.org,Lleida,52
8987,Fabio Villa Sabater,cpolo@example.com,Valladolid,59
8988,Benjamín de Baquero,nilobelda@example.net,Murcia,30
8989,Tomasa del Anglada,palmermanola@example.net,Toledo,26
8990,Albert Carmona Bru,zacariasamaya@example.org,Ávila,21
8991,Marcio Moraleda Salas,joaquina37@example.net,Salamanca,65
8992,Cloe Echeverría Falcón,moranreyes@example.net,Huelva,71
8993,Aitor Delgado Velázquez,boixluis@example.com,Valencia,57
8994,Eusebio del Nebot,paca20@example.org,Lleida,53
8995,Toni Cuéllar-Larrea,jenaro16@example.com,Ávila,45
8996,Cristóbal Castrillo,loretocortes@example.org,Girona,40
8997,Tere Saavedra Acedo,belencespedes@example.org,Melilla,34
8998,Consuelo Cárdenas,jacobo38@example.net,Girona,78
8999,Tomás de Acedo,soteloloida@example.org,Jaén,73
9000,Adela Toledo,narcisa12@example.net,Ourense,22
9001,Berta Teófila Zurita Haro,gasconcosme@example.net,Badajoz,21
9002,Eliseo Borrego-Barral,benetjose-manuel@example.net,Salamanca,46
9003,Feliciano Dueñas Jordán,cruzpozo@example.net,Lugo,79
9004,Lucía Morán Ortega,faustogalindo@example.org,Santa Cruz de Tenerife,53
9005,Duilio Montesinos Pablo,tcontreras@example.net,Zaragoza,33
9006,Andrea Navas León,miguel-angelarcos@example.org,Salamanca,21
9007,Rogelio Mateo Huguet Alba,cifuentesvictor@example.net,Ceuta,20
9008,Marino Ferrera Isern,socorro28@example.com,Málaga,64
9009,Duilio Pujol,alfonso13@example.net,Girona,35
9010,Luna Batalla Mármol,aurelianogordillo@example.org,Soria,52
9011,Celestina Company Garcés,georgina60@example.com,Baleares,64
9012,Eutropio Ripoll Bueno,susana33@example.net,Burgos,67
9013,Cleto Recio Tormo,dbarranco@example.com,Girona,60
9014,Dora del Ortiz,isaiascanellas@example.net,Madrid,71
9015,Consuelo del Querol,svillalonga@example.com,Navarra,20
9016,Camila Antón Ordóñez,ramona81@example.org,Almería,22
9017,Custodia Ana Belén Ureña Alberdi,clementina27@example.net,Vizcaya,62
9018,Nadia Bayo Céspedes,judithcoloma@example.net,Segovia,35
9019,Luciano José Ángel Velasco Escalona,alegriaeleuterio@example.com,Málaga,54
9020,Heraclio del Goicoechea,amancio73@example.com,La Coruña,27
9021,Edelmira Carvajal Martín,orianaarnau@example.net,Valladolid,20
9022,Benigna Soraya Coello Niño,manolomontesinos@example.org,Ourense,69
9023,Reyna Gracia,emilianomartorell@example.org,Huelva,18
9024,Juan Pablo Sedano Arranz,mvizcaino@example.org,Melilla,74
9025,Yéssica Vendrell Baños,yespanol@example.net,Girona,67
9026,Emiliana Franco Méndez,lucas30@example.org,Lleida,59
9027,Arcelia Torrijos,sgodoy@example.net,León,48
9028,Narcisa Guzman Uriarte,toribioarino@example.com,Santa Cruz de Tenerife,48
9029,Cristóbal Mendoza Soriano,lloretteodora@example.net,Lugo,22
9030,Aureliano Cuéllar,mariogarriga@example.com,Murcia,18
9031,Ildefonso del Carreras,miguelabarragan@example.org,Las Palmas,24
9032,Arcelia Barón Ramón,xbenitez@example.net,Baleares,79
9033,Teodora Ortega Valderrama,anastasia57@example.org,Ourense,70
9034,Marcia Cabeza Méndez,silvia35@example.com,Baleares,56
9035,Fidela Sarabia Martínez,gpalmer@example.net,Pontevedra,21
9036,Vito Estévez-González,barrosobonifacio@example.net,Cádiz,58
9037,Anunciación Naranjo Sola,pmarmol@example.org,Badajoz,55
9038,Belen Tejada Riba,alberto91@example.com,Álava,67
9039,Clemente Cerdá Peiró,heraclio10@example.org,Burgos,46
9040,Gisela Tomé Menéndez,lupe75@example.net,Granada,74
9041,María José Ruano-Luján,amorcasares@example.com,Valladolid,73
9042,Fanny Olmedo-Perales,salgadoblas@example.org,Guipúzcoa,45
9043,Yésica Querol Malo,qcampoy@example.org,Melilla,36
9044,Lourdes Guerra,lucasloida@example.net,Jaén,25
9045,Pepito Gil-López,humberto29@example.org,La Coruña,47
9046,Eloísa Manso Escrivá,cbaro@example.net,Tarragona,25
9047,Blanca Felicia Rosa Uría,roldanjodar@example.com,Guipúzcoa,53
9048,Adelardo Juan Carlos Pineda Pablo,manuel97@example.net,Lugo,49
9049,Luciano Jódar Molins,reyes87@example.net,Toledo,69
9050,Odalis de Piquer,ramon81@example.com,Segovia,59
9051,José Ángel Jiménez Córdoba,wmiranda@example.net,Lugo,67
9052,Camila Sierra-Saldaña,agimenez@example.net,Alicante,70
9053,Lorenzo Pombo Carbonell,kalmeida@example.com,Valencia,33
9054,Rubén Bernal Burgos,sernajessica@example.org,Segovia,30
9055,Clementina Lucena,mflores@example.com,Ourense,79
9056,Andrés Felipe Ros Niño,gertrudisamor@example.net,Valencia,50
9057,Alonso Puga,mmonreal@example.net,Madrid,57
9058,Belen Pedraza-Hervás,xcheca@example.com,Ávila,51
9059,Fortunata Iris Bárcena Larrea,monicabustamante@example.net,Cuenca,72
9060,Isa de Cervantes,toromaria-teresa@example.net,Lleida,54
9061,Felisa Valverde Murillo,nestor55@example.org,Zamora,55
9062,Paula Aparicio Benítez,pepitabaena@example.net,Guadalajara,46
9063,Lino Jesús Larrañaga Dávila,expositojonatan@example.org,Girona,58
9064,Tomás Tudela,pduran@example.net,Zaragoza,69
9065,Casemiro Galán Romeu,georginalluch@example.com,Alicante,75
9066,Celso Máximo Cortina Verdú,jeremiasarco@example.net,Valencia,56
9067,Anabel Valentín Quero,oreal@example.com,Melilla,73
9068,Rómulo Pedraza Olmo,adelaida69@example.net,Cantabria,24
9069,Mariano Hurtado Huertas,miriamdominguez@example.net,Huesca,21
9070,Graciana Guijarro Calleja,marta42@example.com,Córdoba,41
9071,Benigno Mariño Calderon,amarofiol@example.net,Pontevedra,59
9072,Santos Burgos Galan,barraldanilo@example.com,Salamanca,59
9073,Gilberto Balaguer Adadia,garciagriselda@example.net,Asturias,48
9074,Gonzalo Hervás Vergara,rgalvez@example.org,Valencia,65
9075,Telmo Cordero,estebanalma@example.org,Melilla,22
9076,Lucas Agudo-Plaza,annacarrasco@example.com,Las Palmas,36
9077,Sol del Muñoz,larreaamarilis@example.org,Sevilla,56
9078,Nuria Laguna,gonzalezalbert@example.net,Murcia,59
9079,Graciana Alsina Espada,qtormo@example.net,Castellón,38
9080,Graciana Polo,epifanio46@example.org,Teruel,77
9081,Micaela Salas Valverde,maribelquiros@example.net,Alicante,47
9082,Isaías Oliva Pablo,losadageorgina@example.com,Palencia,50
9083,Zaira Aroa Cerdán Castejón,aramburuanna@example.com,Ceuta,37
9084,Luis Ángel Maestre-Isern,mercedes24@example.net,Toledo,38
9085,Dan García Olmo,caceresarturo@example.net,Vizcaya,62
9086,Dafne Ugarte,isaiasgoicoechea@example.net,Álava,60
9087,Gilberto Báez Villalonga,jpedrero@example.net,La Rioja,22
9088,Ascensión Pavón Beltrán,inocencio25@example.org,Murcia,44
9089,Eli Aguilar Uribe,genoveva17@example.com,Tarragona,78
9090,Saturnina Nicolau Vázquez,amadormaria-fernanda@example.org,Girona,31
9091,Ruben Ramis Alemany,josevalentin@example.net,Burgos,21
9092,Alfonso Mínguez-Valderrama,molinaisaias@example.net,Vizcaya,48
9093,Benigno Rovira Escamilla,agapitocases@example.org,Huesca,61
9094,María Ángeles Torrens-Osorio,portillonico@example.com,Ceuta,29
9095,Lorenzo Asenjo Alcalde,araceliiniesta@example.net,Asturias,55
9096,Nacho Falcón,herminiopina@example.net,Ceuta,72
9097,María Carmen de Morillo,velezleonor@example.org,Cantabria,37
9098,Ale Feliu Falcón,sampercarlos@example.net,La Rioja,52
9099,Eusebia del Pozuelo,jose-carlossanmartin@example.com,Teruel,61
9100,Teobaldo del Sanmartín,kcarrillo@example.org,Jaén,26
9101,Alejandro del Caballero,anunciacion92@example.com,Lugo,46
9102,Carmelita Maza Lerma,reneballesteros@example.net,Baleares,77
9103,Araceli Tena,zabaletafeliciano@example.net,Málaga,22
9104,Nadia Abascal Capdevila,bautistamarisa@example.org,Castellón,31
9105,Marita Abigaíl Correa Sacristán,pratpepe@example.org,Málaga,78
9106,Severo Ferrando Díaz,fsalvador@example.com,León,68
9107,Chuy Lucena-Morán,adalbertoolive@example.net,Cantabria,18
9108,Luz Quiroga Jaume,hoyossarita@example.org,Melilla,32
9109,Luis Miguel Barrio Cornejo,montanajulio@example.com,Baleares,73
9110,Roxana Garcia Escamilla,lorenabriones@example.net,Cantabria,65
9111,Renato Suárez Pablo,maria-del-carmencortina@example.com,Santa Cruz de Tenerife,50
9112,Alejandra Malo Tello,joanmonreal@example.net,Ciudad,36
9113,Edelmira Almudena Acedo Borja,geraldo09@example.com,Soria,25
9114,Mireia Llopis Girón,angelica82@example.net,Valladolid,51
9115,Teobaldo Gutiérrez León,fvalle@example.org,Las Palmas,70
9116,Amelia Chus Tirado Sanmartín,maxicano@example.com,Huesca,47
9117,Mariano Calvo Rozas,romeuale@example.net,Teruel,23
9118,Calista Pineda Saavedra,noemialcazar@example.com,Cádiz,72
9119,Rolando de Girón,hernan21@example.net,Ourense,80
9120,Obdulia Roda-Soria,zsanabria@example.com,Toledo,23
9121,Jose Carlos Osorio,robertosanabria@example.org,Barcelona,37
9122,Ovidio Merino Pi,garciaangelina@example.net,Ceuta,38
9123,Fernanda Iglesias Pedraza,azucena92@example.org,Ceuta,59
9124,Eric Ochoa-Céspedes,gelabertfito@example.com,Lugo,75
9125,Tere Buendía Rebollo,palauafrica@example.com,Asturias,69
9126,Hilario Izaguirre Pedrero,hernando41@example.org,Cáceres,27
9127,Julián Galvez Ocaña,xfigueroa@example.org,Valladolid,78
9128,Clímaco de Arregui,wrosell@example.net,Granada,78
9129,Cornelio Saavedra,solmora@example.com,Badajoz,24
9130,Florencia de Castro,custodia45@example.com,Guadalajara,43
9131,Itziar Esther Ibañez Carrasco,hcazorla@example.net,Sevilla,80
9132,Albino de Rozas,francocarlos@example.com,Segovia,44
9133,Lázaro Rocamora Rosell,angelino80@example.org,Cantabria,27
9134,Edu Juan Luis Lucas Ferrándiz,linacases@example.net,Navarra,78
9135,Nazario Vendrell Merino,molesmacarena@example.net,Cuenca,24
9136,Georgina Asensio Torrens,icapdevila@example.net,La Coruña,58
9137,Anita de Cervantes,anivicens@example.org,Tarragona,36
9138,Adolfo del Ayllón,rverdugo@example.org,Guadalajara,68
9139,Aristides Renato Aguiló Valcárcel,natanaelsalva@example.net,Sevilla,48
9140,Nacho Emigdio Mora Romero,rlasa@example.com,Lugo,78
9141,Isaías Ferrando Ayllón,salomongallart@example.org,Las Palmas,70
9142,Fausto Conde Jiménez,nicodemogomila@example.net,Soria,55
9143,Ricarda Arribas Uría,genovevabosch@example.com,Soria,32
9144,Josefina de Morán,urenaaurea@example.net,Ceuta,52
9145,Reinaldo Araujo Cañellas,arceliavilalta@example.net,Segovia,28
9146,Chus Cisneros Fuente,pepitosalom@example.com,Granada,33
9147,Jafet Mancebo-Barranco,rroman@example.org,Ávila,49
9148,Amor Verdugo Maestre,gil14@example.com,Zaragoza,30
9149,Soledad Belda Hidalgo,petrona63@example.net,Navarra,55
9150,Gertrudis Ariño Oliveras,guijarroalicia@example.com,Cantabria,18
9151,Pelayo Sotelo Vicens,flora99@example.org,Melilla,24
9152,Fernanda Barrena,dariomontalban@example.net,Cuenca,19
9153,Lucas Escrivá Alcázar,xavier92@example.org,Burgos,43
9154,Bienvenida Valverde Valbuena,zairamur@example.net,Guipúzcoa,35
9155,Evita Rodriguez-Anglada,pinedanicanor@example.net,Albacete,45
9156,Horacio Fernández,larranagaeustaquio@example.com,Granada,22
9157,Severo Chaparro-Cadenas,calixto83@example.org,Las Palmas,64
9158,Blas Mateos Saavedra,sonia13@example.com,Córdoba,39
9159,Amalia Ayala Pareja,alcaldeberta@example.net,Barcelona,44
9160,Abel Calzada,cgallart@example.net,Burgos,27
9161,Samu Enríquez Nieto,guardiolaligia@example.net,Pontevedra,28
9162,Venceslás Baquero Badía,juan-pablocoello@example.com,Toledo,72
9163,Josep Ortiz Collado,flavio05@example.net,Zaragoza,77
9164,Primitivo Fernandez Carmona,cecilia75@example.com,La Rioja,55
9165,María Luisa Isern Codina,teresita11@example.com,Ávila,20
9166,Paola Cuadrado,mohamed50@example.com,Huesca,19
9167,Abigaíl Caro Botella,ovalles@example.org,Granada,31
9168,Mariano Pacheco Benavente,modestorojas@example.com,Guadalajara,44
9169,Omar Portillo Cisneros,waltercampillo@example.com,Huelva,69
9170,Angelita Tamara Madrigal Suárez,eferreras@example.org,Cádiz,34
9171,María José Casal Valentín,ialmeida@example.org,Salamanca,67
9172,Olimpia Pomares Araujo,fidelasevilla@example.com,Alicante,33
9173,Rodolfo Piñol Bauzà,plinio26@example.com,Valladolid,78
9174,Mariano de Fabra,crescenciaquero@example.net,Girona,50
9175,Néstor Mateo Cabanillas,teodorobonet@example.org,Toledo,35
9176,Balduino de Gilabert,ledesmaheraclio@example.net,Navarra,26
9177,Valentina del Montero,carmonaroque@example.com,Málaga,47
9178,Araceli Pedro,nicolasatovar@example.com,Las Palmas,42
9179,Jose Francisco Querol Romeu,rosendo83@example.net,Navarra,79
9180,Ani Martorell Llorente,pancho70@example.com,Vizcaya,78
9181,Cruz del Taboada,eva98@example.com,Ceuta,55
9182,Remigio de Ramírez,walmazan@example.net,Almería,29
9183,Delia Rey Fonseca,acevedorufino@example.net,Madrid,54
9184,Adán de España,jose65@example.com,Guipúzcoa,58
9185,José Manuel Roig Peinado,jose-mari33@example.org,Navarra,77
9186,Aureliano Cobos Alonso,atienzaelisabet@example.org,Murcia,19
9187,Dani Egea Espinosa,mamen36@example.net,Lugo,28
9188,Ignacio Campillo Morán,caballerorene@example.net,Lleida,42
9189,Alma Carretero Nevado,maria-del-carmencabeza@example.com,Huesca,18
9190,Primitiva Sánchez,pio73@example.com,Valladolid,78
9191,Sonia Torre López,humbertosanz@example.org,Málaga,48
9192,Caridad Patiño Morante,angelinobarba@example.com,Barcelona,62
9193,Teófilo del Galan,augusto27@example.com,León,26
9194,Bautista Cerezo Alegre,apolinarferrera@example.com,Albacete,33
9195,Valentina González Valdés,fiolleonor@example.net,Jaén,34
9196,Antonia Andrade Goicoechea,qgibert@example.net,Tarragona,37
9197,Mónica Costa,figueroadomitila@example.com,Cáceres,70
9198,Luciano Piña Iglesias,nicolasa68@example.net,La Rioja,76
9199,Felix Uriarte Abella,margarita45@example.org,Las Palmas,34
9200,Manola Morales-Barberá,pheras@example.com,Alicante,44
9201,Rodrigo Bolaños Alarcón,xvilanova@example.org,Asturias,40
9202,Felix Urbano Sola Mayoral,fulgencio67@example.com,Soria,59
9203,Daniel Marquez-Domingo,leyrepacheco@example.org,Ciudad,44
9204,Chus Comas Cuenca,estebanmerche@example.net,Melilla,20
9205,Leandra Burgos Ordóñez,dcarrasco@example.org,Guipúzcoa,18
9206,Roldán del Mayo,ildefonsopineda@example.net,Huelva,23
9207,Eligia Teruel Tamayo,octavia08@example.org,Almería,36
9208,Manu Morante Boada,emmarevilla@example.net,Alicante,45
9209,Nuria Bas Zabaleta,jcuesta@example.net,Jaén,64
9210,Vilma Aznar-Cabrera,nhuerta@example.org,Álava,73
9211,Máxima Gálvez Marcos,maria-jesus30@example.net,Sevilla,34
9212,Fabiana Borrell Aguiló,franciscoamat@example.net,Ciudad,79
9213,Segismundo Casanovas-Cánovas,iayala@example.com,Álava,42
9214,María Luisa Teruel Ramirez,aaronballesteros@example.com,Alicante,18
9215,Concepción del Calleja,roldanguillermo@example.org,Melilla,22
9216,Prudencia Ruth Quevedo Gimeno,fabregatetelvina@example.net,Valladolid,58
9217,Plinio Peral,olmolupita@example.org,Ciudad,28
9218,Rico del Bonet,castellanosmercedes@example.org,Almería,75
9219,Toño Mariño-Abella,nazaret30@example.com,Huelva,38
9220,Florencia Plaza Plaza,eusebioolmo@example.net,Ceuta,68
9221,Ana Saura Dávila,npallares@example.org,Burgos,29
9222,Luisina Busquets Múgica,isidrogarcia@example.net,Álava,36
9223,Andrés de Ruiz,candelavidal@example.org,Santa Cruz de Tenerife,49
9224,Custodia Adelia Collado Cuervo,josefina62@example.com,Ávila,43
9225,Lucila Lloret,almeidabenigno@example.net,Cáceres,67
9226,Carina Belén Rocamora Roman,qfrutos@example.com,Valencia,56
9227,Victoria Aragón Moreno,felix15@example.org,Castellón,39
9228,Ana Boada Granados,haydee87@example.org,Córdoba,42
9229,Noé Pont,tito53@example.com,Palencia,30
9230,Ágata Sánchez Luque,ariasjose-angel@example.net,Huelva,45
9231,Ainoa Cabañas Larrea,eduarte@example.com,Castellón,18
9232,Alba del Caballero,carmelita97@example.net,Murcia,46
9233,Kike Iglesias Salgado,ccabanas@example.org,Alicante,78
9234,Alejo del Olivares,lsantamaria@example.com,Tarragona,64
9235,Octavio Molina-Montaña,clementina47@example.com,Navarra,29
9236,Florencio Vilaplana-Gárate,donato96@example.org,Murcia,62
9237,América Mulet,reynaldoparra@example.org,La Coruña,57
9238,Aitor Álvarez Escrivá,morenopombo@example.com,Zaragoza,77
9239,Emiliana Morán Azcona,baenaignacia@example.net,Teruel,41
9240,Blanca Áurea Sanz Roma,alondraabril@example.com,La Rioja,65
9241,Geraldo del Guardiola,gcuellar@example.com,Navarra,70
9242,Sarita Moreno-Lluch,marianovalles@example.org,Cantabria,48
9243,Edu Talavera,beltrancarlito@example.com,Cádiz,77
9244,María Ángeles Alcolea Codina,ilobo@example.com,Granada,80
9245,Nicolás Cabrero Luque,zgelabert@example.com,Albacete,44
9246,Ignacio Mateu Alcalde,eutropioperez@example.com,Almería,37
9247,Samu Adán-Egea,regulofuente@example.com,Zamora,22
9248,Elías Rosell Seguí,alonsocanals@example.com,Baleares,59
9249,Pascuala Sotelo Seguí,lorenzaagudo@example.com,Lleida,53
9250,Amelia Brígida Santamaría Cortes,icompany@example.net,Alicante,35
9251,Hermenegildo Figueras Román,eagudo@example.net,Granada,30
9252,Tomasa Albina Luján Silva,anastasio35@example.org,Madrid,52
9253,Rodrigo Cabanillas Bermejo,isa00@example.net,Salamanca,53
9254,Cirino Baquero,cuellartecla@example.net,Baleares,41
9255,Brunilda Mendizábal,angelinoiglesias@example.org,Cáceres,80
9256,Blanca Nayara Amaya Velázquez,marcial00@example.org,León,38
9257,Fito Barral Chamorro,rene48@example.org,Palencia,32
9258,Leopoldo Castilla Macias,falconlorenza@example.org,Guipúzcoa,68
9259,Vinicio Gomez Pazos,carolinabertran@example.net,Guadalajara,42
9260,Marcio Perea,arrietaildefonso@example.com,Teruel,68
9261,Marc Prada Sosa,rosenda11@example.org,Melilla,56
9262,Ignacia Pascual Clavero,avilaplana@example.net,Ourense,64
9263,Pacífica de Ferreras,nilda88@example.org,Palencia,30
9264,Susanita Menéndez-Toro,esparzapaca@example.org,Zaragoza,66
9265,María Manuela Pascual-Jódar,casemiro14@example.net,Toledo,66
9266,Nazaret Gutierrez Chacón,elodiacuadrado@example.org,Málaga,32
9267,Óscar Pozuelo Castelló,fulgencio35@example.com,Salamanca,32
9268,Paca de Conesa,domingojose-carlos@example.com,La Coruña,77
9269,Eloy Ropero Garcia,leocadioarevalo@example.com,Soria,66
9270,Jose Ramón Valbuena Poza,soledad09@example.com,Alicante,65
9271,Priscila Vives,pozafelicia@example.com,Cuenca,79
9272,Juan Antonio del Arribas,barorebeca@example.com,Alicante,54
9273,Eulalia Tere Bonilla Ribera,rosario94@example.org,Lugo,74
9274,Gertrudis de Espinosa,barrosmontserrat@example.com,Granada,28
9275,Ale Alejo Guzmán Rosado,heraclio15@example.net,Badajoz,63
9276,Natividad Perera López,vasco70@example.org,Las Palmas,20
9277,Mercedes del Luján,glaucogallego@example.net,Huesca,41
9278,Juanito Puente Coello,yago43@example.org,Navarra,56
9279,María Del Carmen Contreras Fuertes,qtudela@example.net,Madrid,64
9280,Máximo Cabo Vicens,rpalomar@example.org,Zaragoza,40
9281,Elodia Flor,timoteoharo@example.com,Lugo,80
9282,Clemente Farré Almansa,nadiamoreno@example.net,Ciudad,59
9283,Xiomara Cadenas-Paredes,lucila45@example.com,La Rioja,67
9284,Jenny Castelló-Planas,benavidescarmela@example.com,Asturias,65
9285,Delia Loida Carballo Alsina,cayetanacastrillo@example.org,Alicante,28
9286,Venceslás Olivé Morán,pagesarmando@example.org,Jaén,25
9287,Sabas Andrade Álvaro,cebrianangel@example.org,Cáceres,64
9288,Eduardo Maza Expósito,qsierra@example.org,Madrid,26
9289,Agapito Nevado Lledó,carolinapalma@example.org,La Coruña,49
9290,Maxi de Giménez,alvarojose-mari@example.com,Zaragoza,57
9291,Luis Miguel Acuña Pedro,ricarda14@example.org,Zaragoza,68
9292,Mariano del Luna,calamo@example.com,La Rioja,39
9293,Telmo Alfonso Rovira,chicomaxi@example.org,Huelva,65
9294,Pepita Roca Vilanova,heracliovalencia@example.net,La Rioja,79
9295,Regina Aranda Rocha,gerardo06@example.com,Jaén,20
9296,Osvaldo Azorin Lumbreras,cristobal90@example.org,Madrid,28
9297,César Pla Hervás,fgarces@example.org,Madrid,18
9298,Catalina Alfonso Gomila,alicia61@example.com,Cáceres,29
9299,Fito Puente Romero,claudia99@example.org,Ávila,22
9300,Yéssica Ortega Maestre,matiasalcazar@example.net,Toledo,28
9301,Juan José Campo Albero,llamasedgardo@example.org,Vizcaya,63
9302,Angélica del Sainz,espadaana-sofia@example.org,Madrid,71
9303,Artemio Alegre Naranjo,horacioadadia@example.org,León,45
9304,Xavier Cerdá Otero,benitezemelina@example.net,Cantabria,63
9305,Vinicio Cardona Perelló,jcontreras@example.org,Ciudad,63
9306,Jose Ignacio Cerdá Palomares,rmanjon@example.net,Segovia,50
9307,Elpidio Gracia Garcés,tconde@example.net,Vizcaya,43
9308,Ulises Valenciano Pulido,pedroesteban@example.com,Albacete,56
9309,Paula Adán Cuéllar,pbatalla@example.net,Ourense,63
9310,Jafet Vidal Gallego,severino37@example.com,Las Palmas,61
9311,Darío Jiménez Abellán,jose-luisalonso@example.com,Ciudad,41
9312,Clara Iniesta Blanca,gcervera@example.org,Palencia,32
9313,Reynaldo Rocamora Plana,tpazos@example.com,León,21
9314,Juanito Verdú Jordán,olegariosuarez@example.com,Granada,74
9315,Alondra Aguirre Duran,esantamaria@example.org,Guadalajara,54
9316,Asunción Linares Sabater,tomas64@example.com,Cádiz,70
9317,Jose Ramón Valero Robles Aguilar,esperanzallano@example.net,Toledo,57
9318,Aurelio Benet-Blasco,herminioarino@example.org,Sevilla,18
9319,Eugenia Avilés,nestor42@example.net,Santa Cruz de Tenerife,44
9320,Pascual Correa Benet,elias37@example.net,Teruel,46
9321,Renato Hidalgo Pont,severinoperello@example.com,Vizcaya,44
9322,María Jesús Coca Rios,juliachucho@example.net,Guipúzcoa,34
9323,Consuelo Nogueira-Cazorla,rosario52@example.com,Alicante,35
9324,Paco Raya Cantón,cardenasclemente@example.org,Albacete,52
9325,Toño Gascón Saez,qiniguez@example.org,Madrid,45
9326,León Simó Castilla,adominguez@example.org,Guadalajara,61
9327,Lisandro Fortuny Ugarte,almansadiego@example.com,Las Palmas,45
9328,Gervasio Barbero-Polo,amor52@example.net,Guipúzcoa,73
9329,Eva María de Alvarado,nilomayo@example.org,Girona,66
9330,Ana Sofía Bello,escrivagregorio@example.net,Palencia,62
9331,Victorino Bauzà Peralta,marcelalaguna@example.com,Pontevedra,42
9332,Calixto Porcel Tomás,fitogracia@example.net,Sevilla,69
9333,Federico Montoya Cuadrado,tfonseca@example.net,Ceuta,80
9334,Renato Manso,prietojuanita@example.com,Cantabria,20
9335,Lino Almazán Maza,salesvicenta@example.net,Málaga,35
9336,Viviana Cabezas Ortiz,delgadoalmudena@example.org,León,75
9337,Manu Yaiza Pintor Alcázar,fabricio12@example.org,Madrid,57
9338,Aitor Arnau Zamorano,navarroespiridion@example.net,Salamanca,77
9339,Jonatan González,romulo91@example.com,Granada,74
9340,Glauco de Rebollo,kvergara@example.org,Córdoba,54
9341,Brígida Lladó Cruz,clementeruano@example.com,Las Palmas,44
9342,Nicolás del Juliá,matilde76@example.com,Castellón,23
9343,Íñigo Fulgencio Arribas Puente,domingobegona@example.org,Badajoz,55
9344,Paloma Amo-Vilalta,antoniaolmo@example.org,Ciudad,78
9345,Ceferino Girona,valero96@example.com,Palencia,18
9346,Lisandro Victorino Arellano Campos,zoraidagarriga@example.org,Vizcaya,45
9347,Dulce Heredia Rivas,palomartoni@example.net,Jaén,55
9348,Sosimo Porta Sala,nalberto@example.net,Albacete,76
9349,Flavio Jaén,castellsvito@example.com,Alicante,36
9350,Lucía Palma-Jurado,pallaresjose-mari@example.org,La Rioja,32
9351,Luis Ángel Verdugo Hernando,samanta04@example.net,Córdoba,51
9352,Odalys Palau Atienza,adadiaclotilde@example.org,Girona,32
9353,Nazario Valencia Castellanos,victor-manuelmontoya@example.net,Las Palmas,42
9354,Vito Exposito,chacongerardo@example.com,Girona,66
9355,Eli Izaguirre-Sala,martarosales@example.org,Valladolid,32
9356,Adalberto de Linares,susanita90@example.net,Valladolid,45
9357,Clementina Casas Vidal,filomena94@example.org,Teruel,52
9358,Atilio Claudio Salmerón Gracia,cristian73@example.net,Cantabria,78
9359,Cebrián Mayo,ptejedor@example.com,Murcia,51
9360,Apolinar Blasco Uribe,zsantamaria@example.net,Cantabria,61
9361,Elisabet de Jiménez,cervantesvictoriano@example.org,Huesca,75
9362,Juanita Román Nebot,hugorivas@example.net,Tarragona,46
9363,Maxi Coloma Alba,qbarranco@example.org,Jaén,58
9364,Lorenzo de Feliu,darce@example.com,Vizcaya,52
9365,Cayetana Yolanda Olmedo Tamayo,parejaemperatriz@example.org,Baleares,70
9366,Mario Padilla Soler,quevedogeronimo@example.com,Navarra,68
9367,Darío Porcel Guzmán,vallejobrunilda@example.net,Albacete,64
9368,Lorena Maxi Abad Sanchez,jsebastian@example.com,León,71
9369,Luciana Merino Segura,nunezoctavio@example.org,Asturias,57
9370,Fortunata Otero Segovia,maiteamores@example.org,Guadalajara,76
9371,Manu Corral,haydee77@example.net,Jaén,34
9372,Julio César del Frutos,romajose@example.org,Almería,40
9373,Eugenia Azcona Losada,fbayon@example.com,Soria,26
9374,Amor Sierra,jorgemelendez@example.com,Salamanca,20
9375,Flavia Hervia,soniapons@example.com,Zaragoza,32
9376,Emelina Balaguer Diez,doraosorio@example.net,Asturias,49
9377,Josefina Solano Marco,narciso72@example.com,Cádiz,34
9378,Jose Francisco Fuente Chico,german38@example.com,Guipúzcoa,54
9379,Ruben Vives-Lladó,vcanton@example.com,Córdoba,52
9380,Dorotea Sedano Acevedo,moyasilvio@example.com,Segovia,56
9381,Ángela Oller Cuervo,salvadorcarbo@example.net,Soria,68
9382,Rosaura Rueda Cabañas,sarita58@example.net,Albacete,79
9383,Aránzazu Arce Manuel,walmagro@example.com,Pontevedra,59
9384,Abel Castelló-Almagro,gonzalezfebe@example.org,León,76
9385,Loreto Lladó-Páez,vgracia@example.org,Baleares,27
9386,Montserrat de Montoya,lopezangeles@example.com,Soria,28
9387,Rosalinda Gonzalez Palau,rojasgenoveva@example.net,Cáceres,75
9388,Román Nuñez Mercader,vendrellcustodio@example.net,Zaragoza,80
9389,Mirta del Acuña,ebuendia@example.net,Jaén,23
9390,Rodolfo Bernad Barba,elias16@example.org,Cádiz,61
9391,Tatiana Trujillo-Garriga,selena45@example.com,Albacete,41
9392,Paco Giménez,csabater@example.com,Madrid,56
9393,Bernarda Olivares-Puente,bernabeportero@example.net,Ciudad,49
9394,Moreno Quevedo Blazquez,rocioblanca@example.com,Zamora,70
9395,Salvador Hilario Molina Barba,yblanco@example.com,Cáceres,19
9396,Elena de Guijarro,yrico@example.net,Badajoz,39
9397,María Manuela Ayllón Burgos,azorinvictor@example.org,León,48
9398,Ángela Gómez Tomás,hpablo@example.com,Cáceres,60
9399,Rosenda Mulet Expósito,tejedorrico@example.net,Almería,48
9400,Toribio Talavera Roldan,villarinocencio@example.org,Zamora,78
9401,Emelina Sala Calleja,reinateofilo@example.com,Baleares,75
9402,Adán Olivera Benavides,rrios@example.org,Castellón,48
9403,Laura Porta Sevilla,josefinaborja@example.com,Guadalajara,46
9404,Armida Barco Collado,amando68@example.com,Asturias,51
9405,Mónica Hidalgo Gracia,rosaura31@example.com,La Coruña,46
9406,Esperanza Solana-Martin,gquero@example.net,Vizcaya,51
9407,Maristela Fortuny Ródenas,bartolome37@example.com,Ciudad,23
9408,Amando Checa-Peñas,efrain89@example.org,Alicante,73
9409,Eustaquio Menéndez Arenas,wfabregas@example.org,Granada,56
9410,Ricarda Benet,allervalentin@example.com,Asturias,64
9411,Fausto Bello Roda,natalia36@example.org,Tarragona,23
9412,Iris Roma-Coronado,reyesmartin@example.org,Baleares,62
9413,Francisca Jordana Alemán Ramis,kcespedes@example.com,Tarragona,62
9414,Ema Manzanares López,susanitaagustin@example.net,Albacete,80
9415,Mar Grande Cobo,isa81@example.com,Granada,77
9416,Mamen Genoveva Riquelme Pineda,auria@example.net,Valladolid,74
9417,Lucio Amor Salmerón Alemany,jaumejuan-antonio@example.net,Melilla,69
9418,Candela Reyna Higueras Roselló,sbonet@example.net,Tarragona,33
9419,Jafet Guerrero Romeu,ruperto99@example.net,Soria,75
9420,Morena Avilés Paredes,msanchez@example.com,Segovia,32
9421,Andrea Llamas Pont,etorres@example.net,Asturias,59
9422,Guadalupe Tejero Lluch,emarino@example.net,Jaén,61
9423,Alex Pablo Barrios,ebravo@example.org,Zamora,61
9424,Felicia Luján Ocaña,wcarrasco@example.org,Ceuta,41
9425,Flavia Ferrer,chus12@example.org,Cantabria,49
9426,Visitación Gargallo Tirado,farreelpidio@example.org,Teruel,21
9427,Casandra Ballester Cáceres,freina@example.com,Tarragona,73
9428,Hugo Blazquez Colomer,kavila@example.com,Guipúzcoa,71
9429,Geraldo Lara-Fábregas,amando77@example.net,Madrid,28
9430,Isaías de Paz,tplana@example.com,Badajoz,75
9431,Coral Martorell Coello,pprada@example.net,Toledo,38
9432,Ulises Flores Baena,galindojose-manuel@example.org,Burgos,61
9433,Chema Contreras Canet,lopezenrique@example.org,Segovia,19
9434,Palmira Prado Fonseca,tadeomartinez@example.net,Madrid,41
9435,Sandra Loreto Vilanova Reina,josechico@example.com,Lugo,42
9436,Crescencia Duque,tomaspujol@example.com,Cuenca,57
9437,Octavio Rubén Huertas Chacón,edmundogarzon@example.com,Barcelona,62
9438,Ámbar Rebollo Estrada,alsinaaugusto@example.com,Pontevedra,28
9439,Jordi de Bermejo,colomersara@example.com,Valladolid,22
9440,Amor Palau Arroyo,ofeliaalberto@example.org,Vizcaya,53
9441,Demetrio del Hoyos,ncordero@example.com,Lugo,69
9442,Aníbal Salvà Alarcón,pelayocriado@example.com,Murcia,19
9443,Roberto Agustín Campo,borjamacias@example.com,Huelva,61
9444,Nadia Cadenas Armengol,hernan08@example.com,Huelva,47
9445,Fabiola Rueda Marin,iespinosa@example.com,Albacete,44
9446,Juan Manuel Porras Ruiz,barcelojose@example.com,Pontevedra,71
9447,Lorenza Montenegro Montaña,andresvirginia@example.com,Salamanca,25
9448,Nico Montserrat Galán,xespejo@example.org,Zaragoza,64
9449,Bruno Haro,porrasjacinto@example.net,Córdoba,50
9450,Macarena Cánovas Amigó,meleroabigail@example.org,Teruel,60
9451,Manuel Bernal Méndez,fernandezhilario@example.com,Segovia,64
9452,Darío Edu Duran Arévalo,luis-angel74@example.org,Ávila,48
9453,Mauricio Cardona Montserrat,amelia33@example.net,Zaragoza,55
9454,Berto Lloret Luís,rufino07@example.org,Teruel,55
9455,Teodosio Mínguez Sierra,enunez@example.org,León,31
9456,Saturnino Sánchez Aragonés,jose-franciscosegovia@example.org,León,49
9457,Timoteo del Lastra,sfranch@example.com,Ávila,80
9458,Custodia Ponce Ferrer,sergio31@example.org,Granada,79
9459,Tatiana Viñas Campoy,anastasia26@example.com,Valladolid,57
9460,Bienvenida Donoso Parejo,juan-jose58@example.net,La Rioja,27
9461,Ramón Huguet Poza,roldanplaza@example.net,Jaén,40
9462,Atilio Santiago Toledo,panfiloarana@example.com,Ourense,74
9463,David Figueroa Bernat,ypuga@example.net,Ciudad,70
9464,Humberto Pedro-Figuerola,poloconcha@example.net,Granada,48
9465,Flavio Mateu Pla,alvaromuniz@example.net,Zamora,73
9466,Dorotea Alvarez Blanco,moises96@example.com,Toledo,34
9467,Prudencia Muro Iglesia,constanza97@example.org,Toledo,27
9468,Griselda Azorin Alvarez,framirez@example.org,Melilla,80
9469,Dafne Gomez,ezapata@example.org,Toledo,41
9470,Wálter Cantero Larrañaga,miguelaangel@example.org,Melilla,23
9471,Lola Mateu,yruano@example.org,Vizcaya,18
9472,Odalis Alcázar,sacristanadoracion@example.com,Santa Cruz de Tenerife,62
9473,Eliseo Juárez Alegria,wcarranza@example.org,Zamora,29
9474,Manuel Madrigal Farré,ktormo@example.org,Baleares,61
9475,Elodia Quiroga,francisco-javiergargallo@example.net,Cádiz,41
9476,Hernando Pozo-Cardona,glauco32@example.com,Ciudad,40
9477,Omar Pablo,mirta26@example.com,Cádiz,32
9478,Germán Fuentes Isern,jovitataboada@example.net,Huelva,70
9479,Ignacio de Acedo,tureligia@example.org,Albacete,66
9480,Elpidio Azorin,cabanashumberto@example.org,Murcia,61
9481,Juan Pablo Modesto Bellido Alcaraz,iduran@example.com,Teruel,80
9482,Jacinto Sabas Rosa Jara,cayetana05@example.net,Salamanca,62
9483,Carlos Pinedo Fuentes,alberto01@example.com,Alicante,68
9484,Gabino Olivera Jódar,tejeralazaro@example.com,Vizcaya,46
9485,Estrella Río Gutiérrez,custodiazapata@example.com,Barcelona,51
9486,José María Camacho Ureña,aluz@example.net,Teruel,75
9487,Trinidad Cueto-Galván,ureyes@example.org,Cuenca,74
9488,Mercedes Bello-Iglesias,ambar64@example.com,Vizcaya,22
9489,Marino Plaza Pineda,berta95@example.net,Málaga,53
9490,Fulgencio Montes Noguera,gcasado@example.com,Granada,24
9491,Azucena Cortes Ferrán,nidia29@example.com,Huelva,29
9492,Samu Rico Osorio,aristides90@example.com,Badajoz,19
9493,Celia Santamaria-Carbonell,ballesterosadoracion@example.net,Valencia,20
9494,Lucho Rogelio Báez Piña,azeneth53@example.net,Valencia,23
9495,Carlota Andrade Cerdán,inocenciomontes@example.net,Navarra,79
9496,Felipe Bello Palacio,aguileramarco@example.org,Baleares,22
9497,Pastor Teodosio Barberá Gárate,carranzamaria-jesus@example.org,Zamora,37
9498,Joan Escolano Coello,martinezana-sofia@example.com,Valladolid,59
9499,Irene Ángel Campos,belen30@example.com,Vizcaya,56
9500,Dorotea de Valcárcel,nbermudez@example.com,Lugo,70
9501,Teodoro Sainz,nereidaoliva@example.org,Huelva,48
9502,Julia Marí Galvez,angelinaelorza@example.com,Salamanca,59
9503,Teresita Rosado Alcántara,jordanguillermo@example.com,Cuenca,67
9504,Glauco Figuerola Barral,afalco@example.net,Ávila,55
9505,Isidora Carbó Marcos,macaria46@example.net,Cáceres,75
9506,Clotilde del Mayoral,mirallesamerica@example.org,Pontevedra,41
9507,Ascensión Bermúdez Gil,luisallorens@example.net,Jaén,46
9508,Adelaida Ignacia Solana Figuerola,lloretpriscila@example.com,Granada,59
9509,Rubén Tormo Manso,joseaznar@example.com,Málaga,58
9510,Osvaldo Grau,aranzazu44@example.net,Lleida,42
9511,Valeria Sanchez Crespi,gabaldonevangelina@example.net,Segovia,21
9512,Edelmira Palomo Hoyos,gonzalezmaria-carmen@example.org,Sevilla,67
9513,Marita Ordóñez Ferrández,linaalcolea@example.net,Málaga,49
9514,Bartolomé Vallés-Gallardo,ksanz@example.com,Valladolid,78
9515,Marco Jose Ignacio Bernad Bermejo,yavila@example.net,Zaragoza,48
9516,Graciana Nerea Arribas Garriga,calderonleopoldo@example.net,Teruel,30
9517,Calisto Hidalgo Maza,linomateos@example.org,Álava,61
9518,Ibán Correa Riera,salaaaron@example.com,Huelva,79
9519,Tristán Tomas Cruz,abrahamrodriguez@example.org,Palencia,54
9520,Alexandra del Verdú,benitezemigdio@example.net,Almería,18
9521,Amando Bauzà Duran,rvergara@example.org,Vizcaya,46
9522,Elvira Pía Arce Ángel,luis-miguel52@example.org,Sevilla,77
9523,Manola Lillo Galiano,pascualramon@example.org,Tarragona,46
9524,Berto Benavides-Barón,acalvo@example.net,Zamora,53
9525,Roxana Sedano-Villar,nunezcintia@example.net,Soria,69
9526,Mariano Baena Torrecilla,tono80@example.com,Almería,36
9527,Loreto Mayol,alfredoarteaga@example.net,La Coruña,27
9528,Feliciana de Alcalde,yago22@example.com,Castellón,35
9529,Agustina Guillen Flores,aramburunatividad@example.com,Pontevedra,80
9530,Dorotea Téllez Guardia,parejobaudelio@example.net,Castellón,27
9531,María Manuela de Chaves,manuela31@example.com,Cantabria,32
9532,Fabiola Sanz-Pelayo,gervasiojuarez@example.net,Girona,67
9533,Diana Barragán Vives,salud35@example.org,Baleares,64
9534,Carla Matas Barragán,ana47@example.net,Zamora,30
9535,Maite de Herranz,galapinto@example.net,Sevilla,20
9536,Montserrat Carlos,benignafajardo@example.org,Asturias,73
9537,Aurelio Yáñez Padilla,ernesto68@example.com,Ciudad,46
9538,Concepción Galiano Bernad,mauracompany@example.com,La Coruña,55
9539,Urbano Ortega Sancho,emiliapacheco@example.com,Álava,56
9540,Custodio Jose Francisco Pareja Arjona,puigcesar@example.org,Albacete,74
9541,José Ángel Rosales Bru,vramirez@example.com,Navarra,66
9542,Fidela Vilaplana Gracia,regulogomila@example.org,Álava,44
9543,Jaime Castells,acatalan@example.net,Santa Cruz de Tenerife,77
9544,Alexandra Crespi Montenegro,efeijoo@example.org,Santa Cruz de Tenerife,57
9545,Nydia Cabo Solano,realjuan-luis@example.com,Pontevedra,49
9546,Reyna Mendez Alvarez,anitahoz@example.org,Valladolid,57
9547,Magdalena Rosell-Noriega,qorozco@example.com,Girona,36
9548,Saturnino Palomares-Carmona,benitoasuncion@example.org,Burgos,42
9549,Lola Soria,anselmagoicoechea@example.net,Toledo,23
9550,Atilio Erasmo Martí Salcedo,maritaoliveras@example.net,Soria,40
9551,Gloria Anabel Cuéllar Gallego,ulises55@example.org,Ourense,22
9552,Nilda Carpio Yuste,miguel-angelgisbert@example.org,Granada,35
9553,Marcial de Leal,ugalan@example.com,Palencia,78
9554,Apolinar Esteban,kavila@example.com,Barcelona,68
9555,Calixta Barral Antúnez,lucila75@example.org,Salamanca,24
9556,Calixto Jiménez Acosta,milagros02@example.org,Soria,35
9557,Gilberto del Céspedes,candela24@example.com,Asturias,76
9558,Gregorio de Hernando,nbenavente@example.com,Málaga,41
9559,Nico Pino,olivaresanacleto@example.org,Toledo,27
9560,Onofre Kike Sotelo Acuña,ksosa@example.org,Cáceres,34
9561,Onofre Tovar Montserrat,alba38@example.org,Barcelona,53
9562,Susana Madrid Cerro,olgabou@example.net,Guadalajara,67
9563,Nazario Collado Noriega,amir@example.com,Ceuta,43
9564,Camilo Tello Duarte,domenechencarna@example.com,La Rioja,76
9565,Eusebio Américo Garzón Cortina,epifanio18@example.com,Huesca,72
9566,Daniela Larrea Acuña,sebastianangela@example.com,Girona,36
9567,Eli Ruano Rovira,mercedesballester@example.org,Navarra,26
9568,Paola Morera Niño,osunaalbert@example.org,Asturias,49
9569,Gil del Carmona,barrerapatricio@example.org,Girona,34
9570,Rafael Nogués-Zabaleta,maitehoz@example.com,Guadalajara,20
9571,Armida Cueto Alvarez,salinaspaco@example.org,Vizcaya,47
9572,Guillermo Royo Ayuso,haroldoaviles@example.org,Navarra,25
9573,Luciano Porras,rafaelacazorla@example.com,Salamanca,58
9574,José María Montenegro-Camino,miguelanton@example.com,Melilla,70
9575,Ignacia Estrada Rojas,alejo14@example.com,Córdoba,42
9576,Haroldo Carrasco Peiró,eric61@example.net,Granada,34
9577,Nacho Martí Galiano,eballester@example.org,Cáceres,50
9578,Cloe Pedraza-Bernal,ycuervo@example.net,Ávila,32
9579,Pánfilo Vera,quirino46@example.org,Guadalajara,58
9580,Darío Báez-Ros,kvall@example.net,Cáceres,34
9581,Matías de Oliver,tonoricart@example.com,Guadalajara,69
9582,Bonifacio Juan Luis Ferrando Escalona,cbru@example.com,Salamanca,62
9583,Chema de Cañizares,riuscosme@example.com,Valladolid,60
9584,Atilio del Martín,eloisavalls@example.net,Ceuta,76
9585,Marita Teodora Becerra Oliva,jesusamorell@example.org,Soria,43
9586,Ignacia Vicente Fonseca,rafaalberto@example.net,Vizcaya,47
9587,Noé Lamas,arturogutierrez@example.org,Álava,78
9588,Elodia Losa Cal,friasdonato@example.com,Asturias,51
9589,Cristian José María Bernat Castelló,florencioribera@example.org,Badajoz,33
9590,Rosa Donoso,desideriobonet@example.org,La Coruña,48
9591,Salud Villalba Martin,tcordoba@example.com,Jaén,74
9592,Jeremías Alcázar Llorente,olluch@example.org,Ourense,37
9593,Berto Muñoz Riera,lasatimoteo@example.com,Cádiz,59
9594,Olimpia Benavent,gseco@example.org,Barcelona,57
9595,Caridad Duarte Camino,wcid@example.org,Las Palmas,38
9596,José Manuel Tejedor Chico,hervasamaro@example.com,León,38
9597,Delfina Duque Monreal,dominguezcasemiro@example.com,Ourense,58
9598,Ignacio Rodríguez Mayo,eroura@example.org,Girona,32
9599,Montserrat Castells Benítez,isa54@example.org,León,34
9600,Juan del Cisneros,salberola@example.net,Álava,21
9601,Dominga Puga Méndez,encarnitaflor@example.org,Cádiz,40
9602,Concepción de Francisco,edusureda@example.com,Lleida,70
9603,Urbano Ariño,noasegura@example.com,Jaén,77
9604,Flavio Asensio Coca,palmajosefa@example.net,Alicante,30
9605,Armida Bas Benet,gsanmartin@example.net,Melilla,51
9606,Elpidio Jeremías Raya Sastre,uportillo@example.net,Barcelona,70
9607,Mariano Jordán Conesa,qolmedo@example.net,Ourense,37
9608,Etelvina Cobos Sedano,davilapelayo@example.org,Lugo,28
9609,Leocadio Morera Alonso,armando37@example.net,Córdoba,62
9610,Maricela Ángel Castilla,jose-manuelferreras@example.org,Las Palmas,35
9611,Godofredo Aparicio Pareja,febe86@example.com,Almería,28
9612,Porfirio Iker Santana Terrón,htur@example.com,Madrid,50
9613,Jose Luis Casal Trillo,molinereduardo@example.com,Toledo,63
9614,Santos Guardiola,acarranza@example.net,Toledo,48
9615,Remedios Dora Gilabert Jaén,glorianogues@example.net,Madrid,62
9616,Esteban Osorio Montero,ikersegarra@example.net,Zaragoza,56
9617,Arturo del Salinas,trinidad10@example.net,Soria,31
9618,Luis Miguel Pazos Santana,echevarriamaxima@example.net,Girona,66
9619,Begoña Mir Gabaldón,aguedaripoll@example.org,Vizcaya,40
9620,Herminia Bermúdez,hvilla@example.net,Zaragoza,71
9621,Marcos Duran Parra,psalas@example.com,Cuenca,48
9622,Agustina Llobet Costa,bertoamor@example.org,Ciudad,47
9623,Modesta Méndez,victor41@example.net,Badajoz,70
9624,Palmira Falcó Arellano,julian39@example.org,Baleares,47
9625,Cayetano Maldonado Berenguer,marcos31@example.org,Córdoba,40
9626,Odalis Saavedra-Morales,uuria@example.org,Cádiz,44
9627,Evaristo Palacio Román,herbertoquiroga@example.org,Málaga,27
9628,Calixta Moliner Caparrós,jjover@example.net,Córdoba,21
9629,Florencio Morante Camps,iurrutia@example.org,Guipúzcoa,19
9630,Asdrubal Duarte Guerrero,pazana-sofia@example.org,Melilla,35
9631,Virginia Comas Bilbao,barcenaildefonso@example.net,Santa Cruz de Tenerife,52
9632,Sarita Mora Gutierrez,elodiaguillen@example.com,León,29
9633,Artemio Hidalgo Toledo,nereateruel@example.net,Girona,36
9634,Valentina Canales,vallemiliana@example.org,Lleida,61
9635,Mohamed Casals Diez,serafinalosa@example.net,Barcelona,27
9636,Casandra Baquero-Martinez,gema67@example.net,Vizcaya,66
9637,Kike del Arnau,castillomarianela@example.com,Soria,44
9638,Jaime Rebollo-Gracia,roller@example.net,Valencia,34
9639,Marc Quiroga Pintor,candidapinol@example.org,Valencia,38
9640,Maximiliano Marí Conesa,anunciacion15@example.org,Sevilla,55
9641,Imelda Jordán Borrego,alebusquets@example.com,Murcia,43
9642,Águeda de Barrera,mohamedcasals@example.org,Baleares,80
9643,Eusebio Segura Garrido,lborras@example.net,Segovia,63
9644,Ofelia Miguel-Saura,alonsohilario@example.com,Badajoz,62
9645,Hilda Botella Sancho,amparo54@example.net,Navarra,47
9646,Aureliano Mariscal-Vilanova,pacifica80@example.com,Madrid,28
9647,Juan Carlos del Navarrete,leonseco@example.com,Zamora,21
9648,Elena Izaguirre Córdoba,jose-antonio46@example.net,Teruel,67
9649,Bautista Cáceres Guardiola,guiomar51@example.net,La Rioja,79
9650,Herminio Zamora,salomeladio@example.org,La Coruña,24
9651,Ramiro Ángel Fuster,leonardoverdugo@example.net,Barcelona,41
9652,Julio Gallardo Mesa,upelayo@example.org,Granada,23
9653,Elías Rozas Villalobos,kbello@example.org,Palencia,50
9654,Aitor Pedrero Novoa,francisco-jose73@example.com,Ávila,34
9655,Consuela Anastasia Perez Mercader,taguilera@example.net,Alicante,75
9656,Dafne Armida Borrell Roman,riofebe@example.org,Alicante,61
9657,Emelina Delgado Pujol,ferreromarta@example.com,Málaga,64
9658,Adelardo Moliner Bosch,fvillalonga@example.org,Vizcaya,21
9659,Maricruz Ramón Pol,jose-luis12@example.net,Cuenca,49
9660,Diana de Murillo,lucilapastor@example.com,León,55
9661,Evita Vaquero Cid,fsantamaria@example.net,Huesca,24
9662,Juan Francisco Palomares Guillen,alicia83@example.com,Pontevedra,60
9663,Blanca Rivera Ramírez,piinigo@example.com,Tarragona,52
9664,Abril Feliu Pineda,nogueiramaria-luisa@example.com,Cádiz,29
9665,Leopoldo de Fernández,manolo89@example.org,Pontevedra,29
9666,Ricardo Grande Teruel,rsarmiento@example.net,Granada,36
9667,Hermenegildo Ignacio Alberto Cabrero,liliana31@example.org,Zamora,43
9668,Loreto Bolaños Cózar,barojennifer@example.org,Sevilla,18
9669,Francisco Jose Aguilera Rovira,ovidio48@example.org,Valencia,41
9670,Marc Escobar Toro,rrocamora@example.net,Asturias,20
9671,Hipólito Duarte-Fuentes,gonzalomirta@example.org,Álava,47
9672,Lino Vendrell,realaurelia@example.org,Barcelona,33
9673,Susanita Casal Zamora,jose-antoniocarreras@example.net,Albacete,70
9674,Jose Manuel Riera Escolano,xsegovia@example.net,Badajoz,57
9675,José Polo Machado,reinaldomendez@example.org,Cádiz,69
9676,Jose Carlos Milla Villalobos,victorianofuente@example.org,Salamanca,72
9677,Nico Ferrández-Iglesias,florencio23@example.com,Álava,76
9678,Gustavo Ramis Cervantes,vilamartin@example.org,Lugo,52
9679,Bruno Herranz Aller,mendezreyna@example.com,Salamanca,45
9680,Carolina Bou Cabo,valentinmaximiliano@example.org,Jaén,59
9681,Noelia Palacios Cantero,tordonez@example.com,Lleida,69
9682,Octavia Figuerola Estévez,vidalrico@example.com,Málaga,69
9683,Wilfredo Salamanca Villalba,xviana@example.net,Alicante,20
9684,Amancio de Valencia,cespedesroxana@example.org,Castellón,38
9685,Candelas Camacho Ferrándiz,susanitapont@example.com,Pontevedra,55
9686,Miguel Ángel Prieto Peñas,falcomaximino@example.com,Valencia,76
9687,Máximo Amaya Infante,fanny02@example.org,Segovia,77
9688,Josep de Bautista,vallesamancio@example.net,Huelva,59
9689,Alfonso Tapia Casals,consuela98@example.org,Asturias,48
9690,Gema de Duarte,aaron17@example.net,Girona,69
9691,Curro Aníbal Pardo Cervera,segismundocanas@example.com,Zamora,72
9692,Aníbal Guitart Crespi,puenteemiliano@example.com,Valladolid,38
9693,Epifanio Heredia Álvarez,maria-luisa73@example.org,Cáceres,30
9694,Florencia Roma Nadal,timoteovega@example.com,Lleida,43
9695,Porfirio Sevillano Izquierdo,wrodriguez@example.com,Burgos,24
9696,Anunciación Molins Sabater,cepedaberto@example.com,Huesca,31
9697,Estrella Higueras-Porcel,ramiro75@example.net,Lleida,56
9698,Ámbar Casanova,portamaria-teresa@example.com,Álava,37
9699,Armida Madrigal Coronado,dulce09@example.net,Asturias,45
9700,Ester Buendía Solana,alonsomaza@example.org,Navarra,49
9701,Flor Gámez-Esparza,renatabecerra@example.net,Teruel,58
9702,Aníbal Amigó Villa,maria-cristinacanas@example.net,Málaga,79
9703,Samuel Mármol Ugarte,agarrido@example.net,Cantabria,67
9704,Ofelia Tello Cabello,josefavilar@example.org,Guipúzcoa,57
9705,Roberta del Ayllón,rubenayllon@example.net,Guipúzcoa,66
9706,Plinio Machado Montserrat,haguirre@example.org,Almería,72
9707,Marianela Gibert Toro,tiburcio94@example.net,Badajoz,64
9708,Tomasa Luna Hoz,emilianaleon@example.org,León,42
9709,Victor Manuel Pedrero Lopez,anastasio41@example.org,Cádiz,22
9710,Rosaura Font Dueñas,moramar@example.org,Lleida,44
9711,Lourdes Soraya Rios Barrios,felipa71@example.net,Sevilla,52
9712,Daniela Cloe Amorós Verdejo,icazorla@example.org,Valladolid,33
9713,Isabel Tapia Rozas,matilde54@example.com,Almería,53
9714,Leonel Martorell Carmona,qalemany@example.net,Huesca,41
9715,Goyo Angulo,eladioabella@example.net,Soria,59
9716,Montserrat Izaguirre Nebot,cvilanova@example.org,Lleida,31
9717,Marco Bejarano Fuertes,echevarriagoyo@example.com,Melilla,22
9718,María Manuela Criado Hoyos,valenciapia@example.net,Pontevedra,76
9719,Teodosio Palomares,lucilaamador@example.org,Navarra,63
9720,Abel Sarabia Guerrero,ypintor@example.com,Lleida,57
9721,María Manuela Heras Díaz,bauzafanny@example.com,Cantabria,80
9722,Maite Coronado,ebotella@example.com,Palencia,78
9723,Samuel Zurita,abigailcerezo@example.net,Murcia,21
9724,Serafina Rozas-Ledesma,pexposito@example.com,Cantabria,26
9725,Abel Casado Villalonga,adoracion19@example.org,Córdoba,26
9726,Seve Cadenas Castillo,manugabaldon@example.net,Castellón,46
9727,Natividad Ferreras Iriarte,herminioparejo@example.com,Alicante,49
9728,Azucena Velázquez Arévalo,ferrandezteobaldo@example.com,Asturias,26
9729,Josefa Cazorla Sosa,fbauza@example.net,Girona,26
9730,Jose Carlos Edmundo Burgos Barros,reyarsenio@example.net,Madrid,59
9731,Félix del Requena,maura85@example.com,Granada,41
9732,Juanita Cisneros Alegria,josefernandez@example.com,Málaga,52
9733,Jessica Nieto,jenniferreyes@example.org,Girona,39
9734,Pancho Artigas Valbuena,anita78@example.net,Las Palmas,46
9735,Marisol Vera Alemán,fpacheco@example.org,Murcia,20
9736,Ale Sastre Melero,waramburu@example.org,Asturias,63
9737,Alba Castelló España,casanovavictoria@example.org,Segovia,34
9738,Cruz Llorente Sales,hangel@example.org,Córdoba,46
9739,Amor Baró,eliasizaguirre@example.com,Murcia,41
9740,Flor Cornejo Arribas,zaidaortiz@example.net,Alicante,28
9741,Trinidad Dominguez-Sanchez,jose-luis60@example.org,Cáceres,35
9742,Leire Roldan Esparza,bernarditanunez@example.com,Badajoz,50
9743,Tomasa Ayuso Ródenas,juan-bautistareyes@example.net,Albacete,67
9744,César Tejedor Briones,dposada@example.net,Badajoz,79
9745,Eduardo Rivera Jiménez,danilopez@example.com,Lleida,75
9746,Loreto Atienza Escudero,adolfo98@example.org,Las Palmas,56
9747,Chuy Vélez Roma,colomervalentina@example.com,Almería,74
9748,Encarnación Nereida Gabaldón Armengol,tpadilla@example.org,Las Palmas,45
9749,Pacífica Casanova Cárdenas,kalfaro@example.net,Jaén,51
9750,Isidora Julia Corominas Vega,galindorodrigo@example.com,Palencia,75
9751,Fulgencio Barrio-Aparicio,raulheredia@example.com,Badajoz,75
9752,Lucía Casas Paniagua,filomenafuentes@example.net,Huesca,62
9753,Trini Menéndez Alvarado,severianoiglesia@example.com,Girona,22
9754,Trini Sevilla Carbó,bejaranomaria-fernanda@example.org,Cádiz,49
9755,Valero Rebollo Rosell,angelinorivero@example.net,León,32
9756,Prudencio Pizarro Mayo,vallsricardo@example.org,Zaragoza,18
9757,Tristán de Infante,cerverabeatriz@example.org,Ávila,20
9758,Curro Jordá Catalá,marino14@example.org,Zaragoza,42
9759,Xavier Villalobos Bayón,ines08@example.net,Málaga,29
9760,Adolfo Roldan Vicens,luis-miguelcantero@example.com,Badajoz,36
9761,Gerónimo Prats Ribas,pedrodolores@example.org,La Rioja,26
9762,Haydée Azahara Pintor Tur,maximinoflor@example.org,Guadalajara,50
9763,Reyes Bayón Machado,victor70@example.net,Zaragoza,26
9764,Demetrio Alcolea Viñas,lupe35@example.org,Teruel,63
9765,Ricarda Plana Salgado,davilajuanito@example.org,Castellón,73
9766,Eusebio Garcia Domingo,maria-carmen24@example.net,Palencia,48
9767,Abigaíl Elías,oarmas@example.net,Cáceres,45
9768,Abilio Escobar-Dominguez,luna64@example.net,Ceuta,63
9769,Marcela del Andrade,bonifacio66@example.net,Cantabria,34
9770,Carmela Bravo Fonseca,lara71@example.net,Albacete,65
9771,Cecilio Julio César Belda Cerdá,ksanmartin@example.net,Soria,53
9772,Mar Figueroa Carreño,jacinto38@example.net,Murcia,59
9773,Calixta Lago-Núñez,diezbernardita@example.net,Santa Cruz de Tenerife,66
9774,Francisco Javier Huguet Acedo,maria-cristinabarrio@example.com,Toledo,79
9775,Sarita Mendizábal Raya,hugoagustin@example.com,Cáceres,53
9776,Aureliano Alfonso Echevarría,manuelita03@example.org,Castellón,73
9777,Eladio Pino Cerro,jose-antonio17@example.com,Álava,64
9778,Nando Amaya Guardiola,amparo72@example.net,Almería,20
9779,Baudelio Solana,nnarvaez@example.com,Ourense,21
9780,Agustín Ramos Alberdi,paca45@example.org,Toledo,66
9781,Paca Manrique-Higueras,alcidesmiranda@example.net,Jaén,61
9782,Amador Yuste Pozuelo,fabiola44@example.org,Navarra,42
9783,Leoncio Leiva,clementecolomer@example.net,Zaragoza,68
9784,Selena Font,lazarojaen@example.com,Lugo,23
9785,Macaria Llano,nicanormartin@example.com,Guipúzcoa,78
9786,Pili Calzada Moreno,victor-manuelbertran@example.org,Pontevedra,52
9787,Benjamín Bonilla Arana,ortegareinaldo@example.org,Málaga,58
9788,Diana Boix Juliá,jsimo@example.com,Málaga,51
9789,Álvaro Díaz Marco,xmartorell@example.com,Valladolid,20
9790,Lázaro Menéndez Real,fideluribe@example.com,Palencia,61
9791,Valeria Alcalá Canales,vegaencarnacion@example.com,Ávila,68
9792,Aroa Verdú Pastor,paula06@example.org,Huelva,31
9793,Roberta Alegre Arregui,palomarvictoria@example.org,Alicante,61
9794,Porfirio Verdugo Aramburu,santosjose@example.com,Salamanca,71
9795,Florentina Garcés,candido59@example.com,Cáceres,31
9796,Rafael Lucena Aparicio,belmontemaxi@example.org,Alicante,56
9797,Agustina Gascón Sebastián,ggibert@example.com,Navarra,71
9798,Crescencia Flor Criado Vendrell,fpalau@example.net,Guadalajara,72
9799,Nuria Pastor Corbacho,guzmancleto@example.net,Girona,79
9800,Casandra Ibarra,josebravo@example.org,Almería,33
9801,Gala del Manrique,padillamanuela@example.net,Toledo,29
9802,Caridad Meléndez Céspedes,eutropiocabo@example.org,Cuenca,57
9803,Ramiro del Grande,dvalero@example.net,Córdoba,46
9804,Chus del Bastida,holivares@example.net,Soria,19
9805,Victoriano Sebastián Rovira Vizcaíno,casemiroamaya@example.org,Girona,56
9806,Nuria Guitart Otero,millanlaura@example.net,Lleida,52
9807,Martin Calderon Abad,jesusabotella@example.org,Valencia,80
9808,Silvia Merche Moya Cortés,nbarral@example.com,Palencia,27
9809,Alfonso Falcón Vergara,marquezfaustino@example.com,Palencia,71
9810,Amalia Priego Nieto,ponslorenza@example.com,León,73
9811,Delia Lluch Fuertes,ctejada@example.org,Asturias,54
9812,Heriberto Taboada-Cabrera,rbalaguer@example.com,Soria,32
9813,Montserrat Barrio Carretero,mayte26@example.org,Valladolid,42
9814,Blanca Mariscal Roldán,humberto10@example.net,Cuenca,26
9815,Maricruz Coello Larrea,cerezourbano@example.com,Las Palmas,79
9816,Nicodemo de Aguado,amorverdu@example.com,Albacete,73
9817,Felicia Echevarría-Reyes,pozamonica@example.org,Alicante,45
9818,Vito Arteaga-Huerta,portillocamila@example.com,Santa Cruz de Tenerife,60
9819,Elvira Boada Tenorio,marmas@example.net,La Coruña,66
9820,Socorro Melisa Tudela Baquero,acuenca@example.org,Asturias,53
9821,Natalio Sevillano Jordán,pereafelicidad@example.net,Salamanca,70
9822,Fidela Edelmira Uribe Bustos,fulgenciobadia@example.org,Melilla,26
9823,Ignacia Sans Fuente,qbelmonte@example.com,La Coruña,52
9824,Heriberto Julián Iniesta,vsantana@example.net,Navarra,73
9825,Valerio Espinosa,piaborras@example.org,La Rioja,80
9826,Tere Cózar,vilaltaadelia@example.com,Málaga,28
9827,Victorino Lumbreras Llobet,olegario13@example.net,Cáceres,67
9828,Palmira López Acevedo,casalsmaria-angeles@example.org,Valladolid,66
9829,Xiomara Pomares Huertas,porfirioconesa@example.com,Burgos,46
9830,Augusto de Alarcón,narciso21@example.net,Lleida,47
9831,María Pilar del Portero,lararamon@example.net,Lleida,77
9832,Yaiza Genoveva Ibañez Peiró,jenny36@example.com,Castellón,30
9833,Tristán Córdoba-Bonilla,elvirafranch@example.com,Pontevedra,21
9834,Iker Alex Higueras Arnau,ssans@example.org,Ávila,57
9835,Bonifacio Rivero,tormopia@example.com,Zamora,33
9836,Luis Moya Anguita,vicentabenitez@example.net,Murcia,27
9837,Ricarda Quirós Carvajal,candela96@example.org,Zamora,27
9838,Patricio Llamas Pol,mayoralflavio@example.net,Cuenca,43
9839,Olivia Borrego Morillo,tvall@example.com,Lugo,71
9840,Evaristo Moll Peinado,batallanoe@example.com,Toledo,55
9841,Brunilda Lamas Badía,gabrielarossello@example.com,Álava,48
9842,Cándida Marqués-Herrera,manolo31@example.org,Madrid,43
9843,Carina Clemente Colomer,rluque@example.com,Sevilla,76
9844,José Ángel Jordá Puente,icabello@example.com,Cuenca,55
9845,Rosalina Solís-Español,raimundoespana@example.net,Cuenca,36
9846,Carmelita Bautista,herbertorodrigo@example.com,Cádiz,62
9847,Nerea Huertas Carmona,fcordero@example.net,Castellón,78
9848,Ceferino Estrada Menendez,qpaniagua@example.net,Córdoba,77
9849,Marina Dávila Arnaiz,ponsambar@example.net,Melilla,79
9850,Ramiro Clavero-Sancho,ocifuentes@example.net,Madrid,40
9851,Isidora Espejo Espinosa,marcelinodavila@example.org,Pontevedra,27
9852,Amador Gallardo,baezanita@example.org,La Rioja,46
9853,Alma Ordóñez-Villalobos,casalmaria-pilar@example.org,Barcelona,26
9854,Ruperto Segarra Martorell,aagullo@example.net,Badajoz,79
9855,Lorena Báez Pedrosa,manola82@example.org,Lleida,60
9856,Gustavo Teruel Cardona,celia95@example.org,La Rioja,30
9857,Agustín Santamaria Tenorio,calixto43@example.net,Cantabria,48
9858,Toni Salas-Expósito,yolandarojas@example.org,Cantabria,66
9859,Isabel Galvez Abril,marcos45@example.net,Toledo,75
9860,Marcos Frías Salazar,lripoll@example.com,Almería,76
9861,Anabel Batalla Alba,laratorrijos@example.org,Zamora,38
9862,Laura Zorrilla Cepeda,faraujo@example.net,Castellón,35
9863,Luz de Iglesia,sandaliolamas@example.com,Sevilla,72
9864,María Canales Valle,imenendez@example.com,Cuenca,58
9865,Miriam Iborra Herrera,upujol@example.org,Cantabria,24
9866,Nuria Nuñez Mur,basilio56@example.com,Navarra,35
9867,Felicia Ledesma Paredes,hipolitoreig@example.org,Melilla,26
9868,Obdulia Benavides Esteve,macariamarquez@example.net,Jaén,43
9869,Anita Carrera Solano,florasanjuan@example.com,Sevilla,37
9870,Gema Somoza Vaquero,esmeraldatorralba@example.org,Teruel,68
9871,Marino Arteaga Landa,marianavidal@example.com,Guipúzcoa,34
9872,Marcela Cabello Plana,nmilla@example.org,Cádiz,71
9873,Jose Luis Tormo Bauzà,nacho39@example.org,Ciudad,25
9874,Nazaret Fuertes Iriarte,claraavila@example.com,Cuenca,48
9875,Emiliana Río Castro,martaroca@example.net,Ciudad,73
9876,Benjamín Abilio Sanchez Matas,villalongalupita@example.net,Las Palmas,27
9877,Rafaela Verdú,silvaroque@example.net,Álava,77
9878,Isaías Jódar Girón,nazariourena@example.net,Zaragoza,38
9879,Armida Moll Torrens,fbenitez@example.net,La Coruña,25
9880,Concepción Estevez Ferrera,barce@example.org,Valencia,56
9881,María José Adadia Tapia,estevezchema@example.org,Soria,74
9882,Elvira Arregui Porcel,sacristanheriberto@example.org,Tarragona,78
9883,Evelia Cañellas Prado,boschadela@example.net,Ourense,61
9884,Georgina Gelabert Miralles,segismundofabregat@example.com,Navarra,50
9885,Juliana Barbero-Alcántara,mariscalcornelio@example.org,Teruel,30
9886,Leoncio Jover,teofilaarco@example.org,Las Palmas,60
9887,Jose Arrieta Palomar,qescamilla@example.net,Sevilla,19
9888,Sebastián Toledo Pinto,ibanezfrancisca@example.com,Ceuta,50
9889,Eloy del Agustín,rojaseugenia@example.net,Pontevedra,54
9890,Amparo Lumbreras Esteve,paulinaribes@example.org,Toledo,51
9891,Eulalia Padilla Mendez,olallarivera@example.com,Cuenca,57
9892,Javi Sáez Gallart,carbosofia@example.org,Badajoz,29
9893,Camila Viña Bravo,mateosgerardo@example.org,Vizcaya,55
9894,Severo Calixto Diego Marcos,alemanedelmiro@example.net,Ourense,64
9895,Montserrat del Requena,rozascarla@example.net,Álava,33
9896,Eulalia Tecla Bou Iglesias,xariza@example.org,Zaragoza,79
9897,Sancho Lopez Arellano,matias68@example.com,Sevilla,47
9898,Rosalva Julieta Azcona Rodriguez,luis-angel67@example.com,Segovia,39
9899,Eusebia Luz,emartinez@example.net,La Rioja,25
9900,Febe Priego Morera,abascalaaron@example.org,Salamanca,28
9901,Bernarda Palmer,qpenalver@example.com,Cantabria,28
9902,Sofía Cano Cano,evillalba@example.org,Santa Cruz de Tenerife,41
9903,Genoveva Arnal Gomis,clementefelisa@example.net,Zaragoza,36
9904,José Luis Guardiola Pozo,coellopablo@example.org,Las Palmas,52
9905,Baltasar Mendoza Torrents,blascogala@example.org,Guadalajara,79
9906,Brígida Andrade Salmerón,galocarballo@example.net,Asturias,69
9907,Pacífica Río Martorell,btirado@example.com,Guadalajara,61
9908,María Belén Nebot,gvalentin@example.com,Baleares,69
9909,Alfredo Moles Donaire,jiniguez@example.org,Albacete,70
9910,Inés Sans,pascualaledesma@example.com,Toledo,73
9911,Gloria Pi-Espada,miriamcortes@example.net,Cádiz,27
9912,Evaristo Oliva-Giralt,eusebioharo@example.org,Sevilla,50
9913,Daniela Águeda Company Fajardo,desideriodelgado@example.org,Santa Cruz de Tenerife,29
9914,Odalys Gordillo,peraleonor@example.net,Alicante,20
9915,Roberto Plana-Casanova,teodora13@example.org,Jaén,18
9916,Hilario Morcillo Gimenez,nalcaraz@example.org,Pontevedra,74
9917,Nayara Lupe Romeu Rocha,kleiva@example.org,Barcelona,73
9918,Angelino Sanchez Duarte,lcampo@example.net,Girona,71
9919,Edgardo Román Roselló Melero,hneira@example.com,Huelva,61
9920,Marino Chamorro Requena,juanita70@example.org,Madrid,57
9921,Carlos Iglesias Caballero,vinaivan@example.org,Granada,24
9922,Lourdes Verdejo Amat,federiconovoa@example.com,Madrid,32
9923,Roberto Armas Colom,npombo@example.com,Barcelona,57
9924,Íngrid Castellanos Pascual,rrequena@example.net,Santa Cruz de Tenerife,42
9925,Desiderio Serra-Patiño,alexandravalero@example.org,Teruel,33
9926,Ainara Flores-Huguet,matealfonso@example.com,Huelva,19
9927,Balduino Pastor-Giralt,bsalcedo@example.net,Teruel,20
9928,Baudelio Tur Granados,modesto61@example.net,La Rioja,29
9929,Nadia Lago Aller,emigdioginer@example.net,Albacete,23
9930,Benigno Medina-Reig,leyre74@example.org,Cáceres,51
9931,Isabela Dueñas Hernandez,mirta06@example.net,Madrid,31
9932,Cristian Sanchez Ocaña,prudencia92@example.com,Madrid,48
9933,Olga Expósito Hervás,delfina32@example.org,Cáceres,77
9934,Régulo Palma Gilabert,bpol@example.com,Álava,46
9935,Román de Amorós,alcoleajose-antonio@example.net,Cáceres,50
9936,Fabiana Moreno-Navas,yangulo@example.com,Baleares,59
9937,Edu Haroldo Manso Pérez,larasantiago@example.net,Baleares,61
9938,Epifanio Mayoral Solera,zpedraza@example.org,Tarragona,22
9939,Julia Bartolomé Castrillo,huertasmarcelo@example.org,Barcelona,32
9940,Mónica Odalys Gallardo Noriega,patriciobenavente@example.org,Melilla,42
9941,María Manuela del Egea,ikerrocha@example.org,Zamora,73
9942,Juan Francisco Jaume,odalysbauza@example.net,Albacete,23
9943,Benito España Ferrera,jleal@example.com,Segovia,34
9944,Consuelo Batalla Molins,iris19@example.net,Albacete,73
9945,Eutropio Ávila Castellanos,guzmanpaulino@example.com,Almería,53
9946,Susana Arias Mercader,pavonadela@example.org,Vizcaya,64
9947,Lázaro Feijoo Cañizares,bsevillano@example.com,Pontevedra,78
9948,Violeta Posada Expósito,lucianoginer@example.net,Ceuta,48
9949,Asunción del Caballero,ulisesagusti@example.org,Lugo,32
9950,Rosendo Río,constanza08@example.net,Cáceres,30
9951,Victoriano Almazán Monreal,manolorio@example.org,Palencia,57
9952,Juan José Camps Jódar,chuy07@example.org,Teruel,50
9953,Federico Barbero Oliver,domitila65@example.net,Guipúzcoa,35
9954,Asdrubal Bayón Oliver,climaco68@example.net,Lugo,66
9955,Valentín Arteaga Yáñez,cazorlabelen@example.org,Albacete,58
9956,Sergio Ortiz Fuster,adelina61@example.org,Santa Cruz de Tenerife,39
9957,Calista Amador,julieta74@example.org,Valencia,45
9958,Quique de Ribes,morcilloelpidio@example.com,Melilla,49
9959,Paca Bou,nereapaz@example.com,Huesca,76
9960,Adelardo Serrano Iñiguez,wsolera@example.net,Santa Cruz de Tenerife,31
9961,Clementina Roman Benavente,fannyherrero@example.org,Girona,74
9962,Raúl del Rocamora,florinamorillo@example.com,Tarragona,49
9963,Lupe Chaves Rincón,eugenia92@example.net,La Rioja,44
9964,Candela Ángel,zgrau@example.com,Vizcaya,20
9965,Laura Calleja,pedro11@example.net,Toledo,74
9966,Benigna del Acosta,alejandro26@example.net,Tarragona,27
9967,Leocadio Heras España,eufemia78@example.com,Jaén,77
9968,Samanta Escribano García,tamarabauza@example.com,Cádiz,45
9969,Hilda Laguna Dominguez,flerma@example.org,Las Palmas,31
9970,Gastón Batalla Montserrat,fabrageraldo@example.com,Huesca,66
9971,Quirino Sáenz Palau,cmartin@example.org,Jaén,47
9972,Anita Sastre,benita50@example.net,León,43
9973,Florinda Jiménez Arnaiz,rociovalentin@example.com,Córdoba,33
9974,Luz Sanz Patiño,rufinoredondo@example.com,Málaga,62
9975,Florencio Torre-Elorza,alvaro19@example.org,La Coruña,56
9976,Eligia Soria Domingo,godofredocarreras@example.org,Cuenca,18
9977,Anacleto Piquer-Cid,begonacoloma@example.org,Córdoba,63
9978,Guadalupe Jonatan Ureña Cantón,camposchuy@example.net,Zaragoza,35
9979,Delfina Alcalde Zorrilla,beatriz10@example.com,Asturias,22
9980,María Del Carmen Amores Gisbert,inocencio32@example.net,Jaén,36
9981,Odalis Rovira Querol,alfonsocatalina@example.org,Girona,71
9982,Rita Jordana Garay Pareja,guzmanpaulina@example.org,Badajoz,46
9983,Victor Esteve,lbaro@example.com,Granada,32
9984,Jose Antonio Menendez Delgado,paula61@example.net,Jaén,19
9985,Edgardo Gras-Ferrándiz,eugenialujan@example.org,Asturias,37
9986,Julia Cerro Perales,asensiogisela@example.net,Las Palmas,63
9987,Duilio Velasco-Palomar,modestahierro@example.net,Las Palmas,30
9988,Sandra Ibañez Nicolau,qfajardo@example.org,Segovia,24
9989,María Teresa Paniagua Arcos,qnavarro@example.com,Huesca,22
9990,Wilfredo Baños Correa,obdulia84@example.org,Navarra,50
9991,Hernán Ródenas Escolano,hduenas@example.org,León,23
9992,Rafael Pou Robles,judith74@example.com,Melilla,54
9993,Óscar Abraham Bravo Valero,yguzman@example.com,Cuenca,26
9994,Ximena Perelló Pintor,vmesa@example.net,Cáceres,68
9995,Raquel Atienza Quiroga,urbanolara@example.org,Toledo,74
9996,Ezequiel Barranco Revilla,csalinas@example.com,Lugo,54
9997,Juana Hoz Ponce,maria-teresaarco@example.org,Almería,55
9998,Eutimio Montoya Campoy,manriquepiedad@example.com,Santa Cruz de Tenerife,44
9999,Juan Sales Pozo,pozuelobalduino@example.org,Lleida,45
10000,Carlos Barbero Acevedo,buenodanilo@example.net,Cáceres,47
