id,data,bezeroa,hiria,produktua,kategoria,prezioa,unitateak
1,2024-10-12,Donato Godoy-Chaparro,Soria,Mini PC,Ordenagailuak,1832.69,2
2,2024-10-17,César Guerrero Vazquez,Navarra,Switch-a,Sareak,1471.83,9
3,2025-03-03,Eligia Agudo-Cuervo,Guipúzcoa,Wi-Fi egokigailua,Sareak,323.27,6
4,2024-11-30,Gastón Núñez Lamas,Toledo,Mahaigaineko ordenagailua,Ordenagailuak,1103.15,7
5,2025-10-31,Vicenta Tere Pardo Fernandez,Alicante,Mini PC,Ordenagailuak,471.98,5
6,2026-06-10,Goyo Lobo Santana,Cáceres,Mahaigaineko ordenagailua,Ordenagailuak,732.26,5
7,2025-12-12,Juanito Hierro Cárdenas,Jaén,Mahaigaineko ordenagailua,Ordenagailuak,1900.81,9
8,2026-02-05,Darío Antón Moles,Cuenca,Prozesadorea,Osagaiak,437.72,6
9,2026-01-15,Verónica Segarra Clavero,Barcelona,RAM memoria,Osagaiak,1530.71,9
10,2026-03-23,Viviana Pujol Paredes,Barcelona,Webkamera,Periferikoak,191.96,1
11,2025-01-13,Ruy Roca Bartolomé,Jaén,Mini PC,Ordenagailuak,963.67,5
12,2026-02-02,Néstor Lasa Nieto,Girona,Mahaigaineko ordenagailua,Ordenagailuak,328.58,1
13,2026-09-03,José Luis Camino Martín,Burgos,Monitorea,Periferikoak,1566.2,9
14,2025-12-05,Agustina Caparrós Parejo,Ciudad,Ordenagailu eramangarria,Ordenagailuak,498.72,2
15,2026-03-12,Ricardo Casas Castellanos,Navarra,Ordenagailu eramangarria,Ordenagailuak,547.67,10
16,2026-08-28,Priscila de Mesa,Sevilla,Wi-Fi egokigailua,Sareak,902.66,8
17,2025-03-23,Fortunato Almazán Grau,Álava,Ordenagailu eramangarria,Ordenagailuak,1454.8,1
18,2024-11-12,Tito Murillo Belda,Cuenca,Txartel grafikoa,Osagaiak,443.69,3
19,2025-03-20,Roxana Ramírez Falcón,Badajoz,Sare-kablea,Sareak,730.54,7
20,2026-06-16,Nicodemo Cabello Barrera,Toledo,Wi-Fi egokigailua,Sareak,1644.13,4
21,2025-02-09,Berta Roca Español,Lleida,RAM memoria,Osagaiak,1795.9,8
22,2024-10-30,Socorro de Bueno,Cáceres,Mahaigaineko ordenagailua,Ordenagailuak,999.61,4
23,2026-07-14,Goyo Abril Portero,Zamora,Sare-kablea,Sareak,589.54,9
24,2025-01-15,César Ambrosio Barrera Mir,Almería,Sare-kablea,Sareak,1034.67,3
25,2026-08-26,Teodoro Estevez Bayona,Soria,Ordenagailu eramangarria,Ordenagailuak,831.15,10
26,2025-11-20,Martín Bilbao Rius,Córdoba,RAM memoria,Osagaiak,1376.91,6
27,2025-04-05,Nico Marín Sebastián,Valladolid,Prozesadorea,Osagaiak,24.58,10
28,2024-11-16,José Luis Lara,Huelva,Ordenagailu eramangarria,Ordenagailuak,1805.31,6
29,2025-01-17,Ofelia del Ángel,Sevilla,Monitorea,Periferikoak,1913.84,2
30,2025-04-05,Ramiro Cortés Lladó,Pontevedra,RAM memoria,Osagaiak,1474.43,4
31,2025-09-27,Víctor Azcona-Bru,Cuenca,Teklatua,Periferikoak,12.42,3
32,2025-01-19,Mamen Roma Agustí,Asturias,Sagua,Periferikoak,1122.4,6
33,2025-08-03,Fabio Pastor Ariño,Castellón,RAM memoria,Osagaiak,1370.13,6
34,2026-09-04,Óscar Guzmán Cámara,La Rioja,Bideratzailea,Sareak,372.94,6
35,2026-05-02,Eliseo de Campoy,Alicante,Sare-kablea,Sareak,460.25,8
36,2025-05-04,Dani de Ferrando,Guipúzcoa,Monitorea,Periferikoak,1775.8,5
37,2026-01-05,Nidia Muñoz Amorós,Córdoba,Sagua,Periferikoak,1194.33,1
38,2025-12-03,Pastora Mir Rubio,Jaén,Mini PC,Ordenagailuak,394.32,1
39,2024-09-25,Noelia de Pascual,Asturias,Wi-Fi egokigailua,Sareak,1281.4,2
40,2025-09-29,Eugenia Quevedo Marqués,Cantabria,Webkamera,Periferikoak,1366.48,3
41,2025-07-17,Evaristo Madrid Gallo,Zamora,Monitorea,Periferikoak,957.56,8
42,2025-10-02,Narciso Blazquez Luz,Ávila,RAM memoria,Osagaiak,1382.39,4
43,2025-01-09,Donato Talavera Beltran,La Rioja,RAM memoria,Osagaiak,1476.89,7
44,2025-07-12,Nacio Adán Campillo,Ceuta,Switch-a,Sareak,1651.89,9
45,2024-10-30,Álvaro de Sastre,Zaragoza,Sare-kablea,Sareak,1372.67,9
46,2026-08-18,María José Vargas Roldan,Cáceres,Webkamera,Periferikoak,926.33,4
47,2026-04-06,Julieta Haro,León,Teklatua,Periferikoak,1466.36,4
48,2025-05-27,Anita de Contreras,Jaén,Sagua,Periferikoak,1451.27,2
49,2025-07-18,Josefa del Barrios,La Rioja,Sare-kablea,Sareak,1858.98,10
50,2026-06-11,Fortunata Tapia-Aguado,Granada,Mahaigaineko ordenagailua,Ordenagailuak,1752.53,9
51,2025-09-15,Isaías Torralba-Andres,Guipúzcoa,Txartel grafikoa,Osagaiak,1488.21,8
52,2026-09-09,Alba del Amores,Segovia,Txartel grafikoa,Osagaiak,282.59,3
53,2025-04-01,Cloe Sanz Morillo,Valladolid,Mahaigaineko ordenagailua,Ordenagailuak,574.96,7
54,2026-05-26,Agustina Azorin Olmo,Segovia,Teklatua,Periferikoak,1604.83,1
55,2026-08-18,Simón Almagro,Ciudad,Ordenagailu eramangarria,Ordenagailuak,974.85,2
56,2025-08-29,Rodolfo Peinado-Diez,Vizcaya,RAM memoria,Osagaiak,1980.39,2
57,2026-08-03,Nicolasa Perez-Puente,Asturias,Mini PC,Ordenagailuak,1419.8,4
58,2026-02-14,Teodoro Octavio Carrillo Armengol,Murcia,Mahaigaineko ordenagailua,Ordenagailuak,1359.47,2
59,2024-10-03,Sandra Trillo Camacho,Huesca,Webkamera,Periferikoak,1453.19,7
60,2026-03-13,Mario Tomás-Sola,Toledo,SSD diskoa,Osagaiak,665.31,2
61,2026-06-29,Remigio del Pinilla,Albacete,Webkamera,Periferikoak,1747.41,3
62,2025-02-25,Francisco Losa-Llorente,Melilla,Switch-a,Sareak,180.3,7
63,2025-11-03,Onofre del Tudela,Zamora,Bideratzailea,Sareak,195.37,4
64,2026-02-11,Natanael Luis Ángel Peinado Sáenz,Las Palmas,Wi-Fi egokigailua,Sareak,725.89,8
65,2025-05-05,Benito de Moles,Valencia,Sagua,Periferikoak,397.27,8
66,2026-03-06,María Luna,Cantabria,Monitorea,Periferikoak,470.46,3
67,2024-10-04,Begoña del Arroyo,Navarra,Monitorea,Periferikoak,1433.16,8
68,2026-06-23,Elodia Soria-Tejero,Guipúzcoa,Ordenagailu eramangarria,Ordenagailuak,1982.6,5
69,2024-12-16,Herberto Téllez Benavent,Burgos,Switch-a,Sareak,1666.72,5
70,2026-09-19,León Rico Gonzalez,León,Mahaigaineko ordenagailua,Ordenagailuak,613.75,7
71,2025-11-13,Marcos Cabezas Galiano,Córdoba,Teklatua,Periferikoak,326.3,3
72,2025-01-16,Javiera Soriano Manuel,Ceuta,Mahaigaineko ordenagailua,Ordenagailuak,1452.36,8
73,2026-02-07,Rufino Figuerola-Rodríguez,Murcia,Ordenagailu eramangarria,Ordenagailuak,1331.19,5
74,2024-11-15,Ruy Meléndez Malo,Baleares,Txartel grafikoa,Osagaiak,1415.38,7
75,2025-09-24,Isabel Bernat Ariño,Valencia,Monitorea,Periferikoak,1241.32,1
76,2025-03-10,Maristela Almansa-Leon,Valladolid,Ordenagailu eramangarria,Ordenagailuak,968.66,8
77,2025-02-03,Isa Téllez-Bou,Huelva,Webkamera,Periferikoak,687.41,2
78,2025-05-22,Elvira Pérez Arco,Ávila,SSD diskoa,Osagaiak,521.41,2
79,2026-06-17,Nando Sevilla Reyes,Cantabria,Wi-Fi egokigailua,Sareak,1280.96,8
80,2026-04-01,Eliseo Castro,León,Sare-kablea,Sareak,253.3,10
81,2026-02-24,Leoncio Adrián Raya Buendía,Baleares,Txartel grafikoa,Osagaiak,1944.15,3
82,2026-08-05,José Manuel Patricio Llano Ribes,Lugo,Switch-a,Sareak,940.7,3
83,2025-02-10,Liliana Piedad Cerezo Baños,Vizcaya,Sare-kablea,Sareak,701.64,5
84,2025-04-18,Silvio Lázaro Tovar Comas,Murcia,Mahaigaineko ordenagailua,Ordenagailuak,711.42,9
85,2025-08-22,Tomasa Fabregat Haro,Ceuta,Sare-kablea,Sareak,94.4,8
86,2025-07-02,Jose Miguel Arco Cases,Badajoz,Sare-kablea,Sareak,209.67,8
87,2026-03-05,Tomasa Cortes Benavides,Zamora,Mahaigaineko ordenagailua,Ordenagailuak,698.79,7
88,2026-06-07,Fortunata del Torrents,Salamanca,Ordenagailu eramangarria,Ordenagailuak,485.8,5
89,2026-03-23,Ariel Cabrera Salcedo,Tarragona,SSD diskoa,Osagaiak,1855.3,1
90,2026-04-28,Gastón Glauco Rosa Coello,Melilla,Webkamera,Periferikoak,1164.87,3
91,2025-01-29,Tomasa Francisca Hernando Valenciano,Ceuta,Txartel grafikoa,Osagaiak,1311.32,8
92,2026-01-23,Xiomara Maestre Cruz,León,Monitorea,Periferikoak,1208.38,7
93,2025-08-23,Conrado Gregorio Tomas Campillo,Jaén,Monitorea,Periferikoak,1182.37,5
94,2026-09-07,Eli Aguiló Avilés,Girona,Ordenagailu eramangarria,Ordenagailuak,1248.45,4
95,2025-12-21,Mauricio Caballero Ariza,Zamora,Txartel grafikoa,Osagaiak,73.74,6
96,2024-11-28,Fernando Raúl Ribes Echevarría,Barcelona,SSD diskoa,Osagaiak,1092.64,5
97,2025-03-30,Rosenda Marquez Nevado,Lleida,Prozesadorea,Osagaiak,293.96,4
98,2026-08-31,Flavia de Prat,Córdoba,Bideratzailea,Sareak,936.47,5
99,2026-05-17,Asunción Guillen Soto,Salamanca,Wi-Fi egokigailua,Sareak,1879.78,4
100,2025-12-31,Yéssica Matas Real,Barcelona,Ordenagailu eramangarria,Ordenagailuak,1942.4,5
101,2024-12-17,Vicente de Pont,Huesca,Sare-kablea,Sareak,1207.95,3
102,2026-01-15,María Manuela Raya Losa,Tarragona,Wi-Fi egokigailua,Sareak,449.56,8
103,2026-06-10,Olegario Pedrero Palmer,La Coruña,SSD diskoa,Osagaiak,393.15,8
104,2026-01-20,Ainara Amarilis Múgica Hervia,Zamora,Mini PC,Ordenagailuak,425.8,9
105,2025-11-26,Fidel de Acedo,Burgos,RAM memoria,Osagaiak,1111.32,3
106,2026-01-19,Blas Alcolea Palma,Palencia,Mahaigaineko ordenagailua,Ordenagailuak,37.22,5
107,2024-12-25,Lucila Carballo Bartolomé,León,Mahaigaineko ordenagailua,Ordenagailuak,1056.75,2
108,2025-09-26,Amada Pascuala Vázquez Mata,Segovia,Bideratzailea,Sareak,129.61,7
109,2026-02-06,Olivia Salcedo Beltrán,Guadalajara,Switch-a,Sareak,139.16,5
110,2025-06-29,Luisa Emilia Santiago Vega,Badajoz,Teklatua,Periferikoak,1751.83,9
111,2025-08-03,Hilario del Santana,La Rioja,Prozesadorea,Osagaiak,645.54,6
112,2025-06-24,Olegario Sánchez Bautista,Ávila,Teklatua,Periferikoak,889.12,6
113,2025-11-04,Mar Murcia-Carvajal,Huelva,Txartel grafikoa,Osagaiak,1782.92,1
114,2025-12-06,Aránzazu Vera Garcia,Sevilla,Webkamera,Periferikoak,464.13,6
115,2024-12-16,Luciano Gonzalo-Romeu,Pontevedra,Monitorea,Periferikoak,64.23,5
116,2026-07-28,Adelaida Escudero Clemente,Asturias,Sagua,Periferikoak,1522.81,1
117,2026-03-22,Godofredo Rivas,Guipúzcoa,Ordenagailu eramangarria,Ordenagailuak,762.39,6
118,2026-06-30,Cayetano Ayala Bilbao,León,Mini PC,Ordenagailuak,873.62,10
119,2025-07-23,René Vila,Huelva,Sare-kablea,Sareak,232.36,10
120,2025-10-13,Alonso Damián Prats Ballesteros,Castellón,Wi-Fi egokigailua,Sareak,1941.27,3
121,2025-04-23,Abraham Valencia Ros,Barcelona,Webkamera,Periferikoak,1095.9,4
122,2024-11-15,Isaías Alfonso Segura,Guadalajara,Webkamera,Periferikoak,1179.51,7
123,2024-12-17,Fermín Duarte Seguí,Ávila,Webkamera,Periferikoak,1734.13,4
124,2025-11-27,Ani Priego,Valencia,Wi-Fi egokigailua,Sareak,458.42,3
125,2025-10-01,Juan Manuel Viana Ferrera,Huelva,Mini PC,Ordenagailuak,1967.82,3
126,2024-12-08,Conrado Durán-Coronado,Cádiz,Txartel grafikoa,Osagaiak,955.96,10
127,2026-02-03,Milagros Moraleda-Molina,León,Bideratzailea,Sareak,965.56,5
128,2025-11-29,Lilia Benavent Menéndez,León,Teklatua,Periferikoak,121.47,5
129,2026-01-07,Marino Vendrell Planas,Palencia,Mini PC,Ordenagailuak,1959.94,1
130,2026-07-19,Modesta Fabra-Montoya,Málaga,Switch-a,Sareak,1966.7,8
131,2026-05-09,Oriana Blasco Vargas,Alicante,Ordenagailu eramangarria,Ordenagailuak,1454.56,8
132,2025-06-16,Guillermo Hernando Neira Badía,Asturias,SSD diskoa,Osagaiak,198.71,7
133,2025-03-26,Trinidad Brígida Mínguez Bertrán,Huelva,Monitorea,Periferikoak,1986.83,7
134,2025-12-02,Fabián Peñas Moya,Sevilla,Prozesadorea,Osagaiak,1328.85,7
135,2024-10-07,Cipriano Custodio Noguera Torre,Ceuta,Sagua,Periferikoak,322.9,5
136,2025-09-29,Silvia de Navarro,Pontevedra,Mahaigaineko ordenagailua,Ordenagailuak,320.2,3
137,2026-03-04,Hernán Pastor Gámez,Salamanca,SSD diskoa,Osagaiak,1545.95,8
138,2025-10-18,Sandalio Ruben Somoza Ferrera,Soria,Txartel grafikoa,Osagaiak,950.98,5
139,2025-09-26,Candelaria Flores Chacón,Almería,Sare-kablea,Sareak,1795.47,9
140,2026-02-25,Susanita Casanovas,Ávila,Ordenagailu eramangarria,Ordenagailuak,563.57,9
141,2026-05-23,Xavier Girona Sanmartín,Albacete,Txartel grafikoa,Osagaiak,114.5,9
142,2025-03-15,Glauco Gomez Anaya,Badajoz,Monitorea,Periferikoak,1625.18,3
143,2025-04-21,Obdulia Chamorro Somoza,Salamanca,Ordenagailu eramangarria,Ordenagailuak,1860.1,1
144,2025-02-28,Leocadio Álamo Rocha,Vizcaya,Monitorea,Periferikoak,491.38,2
145,2025-03-17,Jesusa Ana Belén Cantero Valero,Santa Cruz de Tenerife,Mini PC,Ordenagailuak,1182.3,3
146,2025-08-03,Feliciana Dalila Riera Exposito,Melilla,Monitorea,Periferikoak,143.67,9
147,2025-07-06,Amada Pombo Perea,Valencia,Ordenagailu eramangarria,Ordenagailuak,736.8,6
148,2026-03-13,Rolando Márquez Cañellas,Huelva,SSD diskoa,Osagaiak,1671.82,3
149,2026-09-09,Melania Esparza Cepeda,Teruel,Sare-kablea,Sareak,80.37,4
150,2026-04-24,Fausto Menéndez Villalba,Murcia,Mahaigaineko ordenagailua,Ordenagailuak,523.4,4
151,2025-06-11,Toribio Mármol Llano,Zaragoza,Monitorea,Periferikoak,899.51,8
152,2025-05-29,Jose Ramón Valencia Pedrero,Zaragoza,Bideratzailea,Sareak,1494.54,2
153,2025-12-07,Leandro Marin Montesinos,Ávila,Wi-Fi egokigailua,Sareak,1358.37,5
154,2025-12-07,Carina Saldaña Ortega,Alicante,Wi-Fi egokigailua,Sareak,1264.55,5
155,2024-11-17,Filomena Vilalta Cuesta,Burgos,Mini PC,Ordenagailuak,1393.56,1
156,2024-11-12,Fidela Piñol Antúnez,Soria,Txartel grafikoa,Osagaiak,1948.47,6
157,2026-04-04,Bernardita Ávila-Pedraza,Guadalajara,Wi-Fi egokigailua,Sareak,516.14,1
158,2025-09-23,Zaira Carranza Juárez,Teruel,Txartel grafikoa,Osagaiak,444.78,5
159,2025-02-17,Teodosio Benavent Sans,Teruel,Sare-kablea,Sareak,184.87,6
160,2026-02-23,Macarena del Marín,Teruel,Sagua,Periferikoak,1630.46,9
161,2024-12-21,Ruy Chamorro,Zamora,Txartel grafikoa,Osagaiak,58.46,9
162,2025-08-31,Belén de Bastida,La Coruña,Webkamera,Periferikoak,1081.52,7
163,2024-12-24,Miguela Benavent Sandoval,Soria,Mini PC,Ordenagailuak,710.16,9
164,2026-04-07,Inocencio Valverde Baquero,Melilla,RAM memoria,Osagaiak,627.21,3
165,2026-08-07,Fulgencio del Bermúdez,Cantabria,Monitorea,Periferikoak,261.8,5
166,2025-09-25,Manu Correa Donoso,Ourense,Ordenagailu eramangarria,Ordenagailuak,1695.3,2
167,2026-08-17,Dulce Galvez-Riera,Madrid,Mini PC,Ordenagailuak,1122.37,5
168,2025-03-21,Emma Santana Beltran,Cáceres,Sare-kablea,Sareak,856.61,8
169,2025-05-30,Faustino Montaña Ojeda,Barcelona,SSD diskoa,Osagaiak,1059.71,2
170,2025-03-19,Eliseo Sancho Huguet,Badajoz,Teklatua,Periferikoak,599.49,10
171,2025-03-24,Santos Morán Milla,Valladolid,Switch-a,Sareak,1025.65,8
172,2026-06-27,Ainoa Bosch Pozuelo,Ciudad,Switch-a,Sareak,1199.45,1
173,2025-04-17,Vera Soledad Sosa Macias,Badajoz,Mahaigaineko ordenagailua,Ordenagailuak,279.33,6
174,2025-06-18,Amaya Ferreras Pareja,Asturias,Sare-kablea,Sareak,1037.57,9
175,2026-05-19,Nieves María Jesús Carrera Castells,La Coruña,Monitorea,Periferikoak,1632.43,9
176,2026-03-29,Marcial Verdú,Málaga,Teklatua,Periferikoak,97.4,3
177,2026-05-03,Jessica Company,Guadalajara,Monitorea,Periferikoak,337.5,10
178,2025-12-01,Saturnina Vergara,Teruel,Monitorea,Periferikoak,977.2,6
179,2026-01-28,Marisela Mena Amor,Córdoba,Sagua,Periferikoak,1482.6,10
180,2025-01-26,Remedios Sol Pinto Coloma,Alicante,Bideratzailea,Sareak,395.2,8
181,2025-07-26,Nuria Frías Reguera,Valencia,Teklatua,Periferikoak,1450.17,9
182,2025-11-07,Lucila Peñas Mir,Lleida,SSD diskoa,Osagaiak,1123.45,5
183,2025-02-11,Emilio del Gomila,Vizcaya,Wi-Fi egokigailua,Sareak,1448.26,8
184,2025-09-09,Rosalinda del Maestre,Ourense,Webkamera,Periferikoak,1839.5,6
185,2025-04-24,Pepe Aníbal Olivares Salamanca,Valencia,Txartel grafikoa,Osagaiak,443.25,9
186,2026-08-06,Bruno Canales-Heras,Almería,Sagua,Periferikoak,1311.29,1
187,2025-07-22,Armida Cervantes Adadia,La Rioja,Mini PC,Ordenagailuak,1919.6,8
188,2026-03-29,Felipe Eric Barranco Borrás,Murcia,Prozesadorea,Osagaiak,1875.22,7
189,2026-08-06,Silvio Puerta Valbuena,Valencia,SSD diskoa,Osagaiak,1800.4,1
190,2025-11-12,Florencio Luís Santos,Barcelona,Webkamera,Periferikoak,563.24,2
191,2025-01-20,Miriam Jimenez Estrada,Valencia,Monitorea,Periferikoak,1624.37,10
192,2025-01-30,Sarita Roma Villalba,Ávila,Txartel grafikoa,Osagaiak,1375.12,3
193,2025-09-07,Abraham del Pla,León,SSD diskoa,Osagaiak,1958.42,5
194,2025-04-02,Nydia Guzman Barrios,Lleida,Mahaigaineko ordenagailua,Ordenagailuak,332.51,9
195,2026-02-09,Gerónimo Marino Giner Gilabert,Lugo,Sagua,Periferikoak,936.95,10
196,2025-07-24,Zaira del Gil,Soria,Teklatua,Periferikoak,1081.57,9
197,2024-11-20,Aurelia Barrio-Vega,Ourense,Sagua,Periferikoak,341.41,9
198,2024-12-17,Plinio Torrijos,Málaga,Sare-kablea,Sareak,1661.7,8
199,2025-10-03,Marcela Barco Sevilla,Toledo,Prozesadorea,Osagaiak,815.32,1
200,2025-11-20,Héctor Ocaña Bartolomé,Asturias,Txartel grafikoa,Osagaiak,69.36,7
201,2026-04-08,Florentina Piñeiro Sanabria,Jaén,Prozesadorea,Osagaiak,1403.84,9
202,2026-01-14,Azahara Escalona Pozo,Toledo,RAM memoria,Osagaiak,1714.0,1
203,2025-08-27,Imelda del Gras,Lleida,Monitorea,Periferikoak,322.35,4
204,2024-10-17,María Luisa Alcázar Hernandez,Asturias,Ordenagailu eramangarria,Ordenagailuak,1221.4,8
205,2025-03-21,Herberto Ródenas Guillén,Valladolid,Ordenagailu eramangarria,Ordenagailuak,291.64,5
206,2026-05-12,Esther Montes-Gálvez,Burgos,RAM memoria,Osagaiak,851.38,5
207,2025-11-04,Vanesa Díez-Roldán,Almería,Mahaigaineko ordenagailua,Ordenagailuak,1933.82,7
208,2026-02-14,Brígida Marín Peñalver,Valladolid,Webkamera,Periferikoak,498.28,5
209,2026-05-05,Lisandro Rey Riera,Jaén,RAM memoria,Osagaiak,527.26,6
210,2026-07-29,Araceli Farré Aznar,Jaén,Mini PC,Ordenagailuak,1243.77,1
211,2025-02-08,Paloma Gaya-Tello,Guipúzcoa,Mahaigaineko ordenagailua,Ordenagailuak,1964.1,4
212,2026-08-27,Raúl Tejero Herrera,La Coruña,RAM memoria,Osagaiak,1135.41,5
213,2025-08-30,Encarnita Jurado Palomares,Lleida,Bideratzailea,Sareak,1649.92,8
214,2026-07-23,Estefanía Riba Arroyo,Valencia,Sagua,Periferikoak,38.33,9
215,2025-04-27,Fidel Grau,Ourense,Switch-a,Sareak,1027.7,6
216,2026-04-04,Paloma Trujillo Serna,Toledo,Monitorea,Periferikoak,351.17,9
217,2025-02-05,Miguela de Zamora,Asturias,Bideratzailea,Sareak,1570.0,7
218,2026-06-01,Anastasio de Agullo,Málaga,Txartel grafikoa,Osagaiak,769.7,10
219,2026-01-18,Abraham Reina Albero,Melilla,Wi-Fi egokigailua,Sareak,1102.36,1
220,2026-05-05,Balduino Bárcena Zamora,Ciudad,Switch-a,Sareak,1274.67,5
221,2025-04-07,Ani Perea Ramis,Ourense,Sagua,Periferikoak,1432.28,5
222,2026-01-14,Arturo Ramirez Pinilla,Navarra,Mahaigaineko ordenagailua,Ordenagailuak,119.81,1
223,2024-11-23,Mireia Muñoz Bustos,Ceuta,RAM memoria,Osagaiak,1850.88,10
224,2025-04-09,Octavio Lozano Aparicio,Guadalajara,Bideratzailea,Sareak,1974.26,10
225,2026-03-27,Áurea Benítez Martínez,Ourense,RAM memoria,Osagaiak,1165.49,9
226,2025-07-01,Ruperto Bermudez Valle,Almería,Teklatua,Periferikoak,900.29,2
227,2025-12-09,Martirio Gisela Morera Andreu,Zamora,Webkamera,Periferikoak,1009.29,6
228,2025-08-05,Nadia Pinto-Boada,Zaragoza,Switch-a,Sareak,1465.9,2
229,2025-01-14,Rafael Porras Moliner,Badajoz,Teklatua,Periferikoak,15.39,8
230,2026-04-02,Blas Bonet Exposito,León,Webkamera,Periferikoak,216.3,2
231,2025-11-02,María Belén Rita Morata Plaza,Girona,Webkamera,Periferikoak,799.99,2
232,2025-11-15,Octavio Pintor Doménech,Cuenca,SSD diskoa,Osagaiak,554.63,3
233,2025-01-24,Humberto Marí-Tomé,Huesca,Mahaigaineko ordenagailua,Ordenagailuak,1938.31,8
234,2025-08-24,Evaristo Agudo Priego,Salamanca,Txartel grafikoa,Osagaiak,1651.42,8
235,2025-08-04,Bernarda Emperatriz Montes Font,Guadalajara,Sagua,Periferikoak,1980.5,6
236,2026-03-14,Maricela Herrera Moreno,Cuenca,Webkamera,Periferikoak,752.14,10
237,2025-11-30,Carolina de Serrano,León,SSD diskoa,Osagaiak,1707.88,2
238,2026-01-28,Maximiliano Mateo Herranz,Sevilla,Switch-a,Sareak,1469.54,7
239,2025-08-17,Julia Marisela Pérez Velázquez,Murcia,Ordenagailu eramangarria,Ordenagailuak,1624.46,9
240,2024-12-12,Nando del Delgado,Ourense,Mini PC,Ordenagailuak,1392.82,7
241,2026-08-29,Ascensión Alarcón Cabello,Ceuta,Sagua,Periferikoak,917.47,7
242,2026-04-10,Nuria Vall-Contreras,Albacete,Sare-kablea,Sareak,219.37,7
243,2024-12-17,Félix Mesa Novoa,Zamora,Ordenagailu eramangarria,Ordenagailuak,1072.61,6
244,2024-12-04,Esther Bautista Marín,Zaragoza,Bideratzailea,Sareak,51.43,2
245,2026-08-03,Juan de Cuesta,Navarra,Txartel grafikoa,Osagaiak,1967.59,4
246,2025-12-27,Miguel Rosell Priego,Valencia,Switch-a,Sareak,925.75,7
247,2024-09-27,Cristian Lopez,Ourense,Bideratzailea,Sareak,1642.68,3
248,2025-05-19,Aurora Jáuregui Tovar,Pontevedra,Webkamera,Periferikoak,1256.5,10
249,2025-06-04,María Pilar Duque Martorell,Soria,Ordenagailu eramangarria,Ordenagailuak,646.15,4
250,2024-12-18,Nélida Cid Vicente,La Rioja,Sagua,Periferikoak,1182.49,7
251,2025-09-14,Nélida de Diaz,Girona,RAM memoria,Osagaiak,388.4,8
252,2026-06-17,Jose Carlos Cerezo Ferrero,Navarra,Mini PC,Ordenagailuak,1342.63,7
253,2025-07-24,Laura Diego Blanch,Zamora,Switch-a,Sareak,603.4,5
254,2025-10-21,Rosario Sebastián Valbuena,Ourense,Prozesadorea,Osagaiak,553.99,9
255,2025-10-24,Ricardo Sainz Gil,Badajoz,Sagua,Periferikoak,614.4,8
256,2025-06-05,Isidoro Carpio Gálvez,Zaragoza,Monitorea,Periferikoak,1768.9,10
257,2025-01-23,Ruben Gabaldón Gabaldón,Ourense,Wi-Fi egokigailua,Sareak,1095.35,10
258,2025-05-18,Espiridión Luciano Lastra Vilar,Barcelona,Txartel grafikoa,Osagaiak,1886.7,5
259,2026-02-18,Edelmiro Coll Montserrat,Valladolid,Txartel grafikoa,Osagaiak,1007.18,10
260,2025-12-26,Jennifer Benet Buendía,Málaga,Monitorea,Periferikoak,1427.47,8
261,2025-05-20,Toño Buendía Sedano,Asturias,Sare-kablea,Sareak,451.54,4
262,2025-04-08,Florentino Leocadio Castrillo Toro,Soria,Bideratzailea,Sareak,99.12,8
263,2024-12-23,Isidro Sastre Abascal,Cantabria,Mini PC,Ordenagailuak,1867.16,5
264,2026-06-24,Arturo Palomo-Ibáñez,Huesca,RAM memoria,Osagaiak,111.5,5
265,2025-08-03,Pastor Bustamante Abella,Lugo,Prozesadorea,Osagaiak,276.75,4
266,2024-09-30,Salomé Carreño Roca,Lugo,Bideratzailea,Sareak,473.49,2
267,2024-12-08,Vera Martínez Cerro,Vizcaya,Ordenagailu eramangarria,Ordenagailuak,1318.86,3
268,2025-10-16,Marcos Córdoba Sacristán,Toledo,Ordenagailu eramangarria,Ordenagailuak,1291.95,3
269,2025-12-17,Teodora Gaya Bolaños,Barcelona,Bideratzailea,Sareak,1212.93,7
270,2026-08-28,Rosa María Chaves Huguet,Segovia,Teklatua,Periferikoak,513.7,10
271,2026-04-15,Teobaldo Mata Fuertes,Valencia,Webkamera,Periferikoak,610.82,1
272,2025-09-20,Dionisio Valero Belda,Huesca,SSD diskoa,Osagaiak,275.49,10
273,2025-06-17,Rico Sotelo Beltran,Palencia,Bideratzailea,Sareak,33.33,4
274,2026-07-29,Lilia Macías Vallejo,Las Palmas,Mini PC,Ordenagailuak,828.1,9
275,2025-04-14,Aníbal José Mari Frutos Cortés,La Coruña,Prozesadorea,Osagaiak,640.89,7
276,2024-11-05,Óscar Rovira Carmona,Salamanca,Prozesadorea,Osagaiak,638.85,3
277,2024-10-03,Pascual Alberdi Céspedes,Huelva,Mini PC,Ordenagailuak,1064.92,5
278,2025-06-22,Quique Carranza-Andreu,Zaragoza,Txartel grafikoa,Osagaiak,562.67,2
279,2026-02-25,Maxi Benítez-Valderrama,Málaga,Monitorea,Periferikoak,118.63,10
280,2025-06-19,Rolando Calderon-Carlos,Valencia,Prozesadorea,Osagaiak,95.1,4
281,2025-09-03,Águeda Conesa Escamilla,Navarra,Mini PC,Ordenagailuak,1521.83,7
282,2025-05-16,Zoraida Montero Linares,Ourense,SSD diskoa,Osagaiak,249.64,1
283,2025-03-05,Amalia Quero,Lleida,SSD diskoa,Osagaiak,1589.39,6
284,2025-11-01,Gerónimo Fonseca Manzanares,Valencia,Mini PC,Ordenagailuak,501.59,6
285,2026-09-22,Quique Higueras,Álava,Sare-kablea,Sareak,53.29,9
286,2026-01-01,Florencio Abella Peñalver,Badajoz,Sagua,Periferikoak,1090.3,7
287,2026-08-26,Pelayo Losada Buendía,Ceuta,Sare-kablea,Sareak,1440.47,8
288,2025-11-21,Benita Prado,Palencia,Mini PC,Ordenagailuak,132.55,3
289,2025-04-24,Ángeles Pozo Morera,León,SSD diskoa,Osagaiak,483.9,4
290,2026-04-16,Asunción Cortés-Camacho,León,Txartel grafikoa,Osagaiak,648.52,2
291,2026-08-29,Jaime Mendez,Córdoba,Teklatua,Periferikoak,190.2,5
292,2025-02-27,Brunilda Bou Hurtado,La Coruña,Mini PC,Ordenagailuak,105.86,5
293,2026-05-15,Albino Quiroga Santamaria,Badajoz,Webkamera,Periferikoak,213.17,2
294,2024-11-08,Berto de Pérez,Soria,Mini PC,Ordenagailuak,1925.82,2
295,2026-07-25,Aitor Barón Figueroa,Zaragoza,Sagua,Periferikoak,193.42,2
296,2026-08-12,Cesar Rosselló Prat,Albacete,Mahaigaineko ordenagailua,Ordenagailuak,1404.54,3
297,2025-02-27,Emigdio Losada Salmerón,Alicante,Sagua,Periferikoak,1330.37,8
298,2026-06-30,Ana Bonilla Losa,Barcelona,Sare-kablea,Sareak,413.82,9
299,2025-12-28,Rosalina de Piñeiro,Lugo,Txartel grafikoa,Osagaiak,709.72,9
300,2025-07-04,Albert Montaña Gilabert,Zaragoza,Monitorea,Periferikoak,124.6,9
301,2026-04-06,Cebrián de Huguet,Cuenca,Teklatua,Periferikoak,1569.28,10
302,2025-06-10,Chus Guzmán Monreal,Palencia,Bideratzailea,Sareak,1445.89,6
303,2025-11-09,Silvio Ugarte,Cádiz,Txartel grafikoa,Osagaiak,82.11,1
304,2025-12-07,Juan José Tejedor Abascal,Salamanca,RAM memoria,Osagaiak,1656.16,6
305,2026-07-26,América Almeida Coloma,Vizcaya,Prozesadorea,Osagaiak,1738.67,6
306,2025-06-23,Maristela Cabrero Navarro,Guadalajara,Ordenagailu eramangarria,Ordenagailuak,327.93,7
307,2026-01-10,Paulino Palacios Godoy,Jaén,Wi-Fi egokigailua,Sareak,1508.88,5
308,2025-01-31,Pascual Posada Antúnez,Pontevedra,SSD diskoa,Osagaiak,1891.78,4
309,2026-08-08,Fito Bermejo Gárate,Guadalajara,Ordenagailu eramangarria,Ordenagailuak,1307.11,6
310,2024-10-02,Edelmiro Bauzà,Córdoba,Bideratzailea,Sareak,1480.0,1
311,2025-08-09,Carina Riba Ureña,Huelva,Sare-kablea,Sareak,212.61,10
312,2025-01-20,Salomón Aragonés Mariño,Guadalajara,SSD diskoa,Osagaiak,1954.13,2
313,2025-01-26,Candelaria Benavides Buendía,Pontevedra,Webkamera,Periferikoak,1447.3,7
314,2025-12-11,Camila Baeza Cadenas,Castellón,RAM memoria,Osagaiak,843.89,9
315,2026-01-19,Diego Atilio Ayala Pozo,Burgos,Teklatua,Periferikoak,743.0,7
316,2025-04-27,Julia Chus Caballero Amigó,Cáceres,Mini PC,Ordenagailuak,602.1,8
317,2025-05-07,Jovita Torrijos Landa,Segovia,Mini PC,Ordenagailuak,798.23,6
318,2025-06-20,Amada Lago Sabater,Córdoba,Switch-a,Sareak,1719.34,10
319,2025-01-12,Aristides Núñez Riba,Navarra,Ordenagailu eramangarria,Ordenagailuak,1726.49,9
320,2026-08-29,Maribel Gutiérrez Tamayo,Ávila,Sare-kablea,Sareak,1853.91,1
321,2024-12-20,Carmela Diego Galán,Barcelona,Prozesadorea,Osagaiak,872.1,7
322,2026-09-22,Silvestre Jordá Montenegro,Ávila,Txartel grafikoa,Osagaiak,1144.5,9
323,2026-06-11,Jesusa Alberola,Baleares,Webkamera,Periferikoak,311.18,10
324,2026-07-31,Reyna Cabrero-Macias,La Rioja,Mahaigaineko ordenagailua,Ordenagailuak,789.83,8
325,2024-10-21,Heriberto Cobo-Querol,La Coruña,Wi-Fi egokigailua,Sareak,1419.3,1
326,2026-07-28,Ainara Nebot Mateo,Cuenca,Sare-kablea,Sareak,1762.89,2
327,2024-12-31,Remedios Montesinos Leon,Pontevedra,Prozesadorea,Osagaiak,389.56,4
328,2026-03-18,Teófila Pereira,Málaga,Switch-a,Sareak,139.39,9
329,2025-01-01,Vanesa Andres,Cantabria,Switch-a,Sareak,1719.7,4
330,2025-08-23,Ofelia Flor Lledó,Lleida,Mini PC,Ordenagailuak,817.81,2
331,2025-03-19,Martirio Salmerón Elías,Palencia,Mini PC,Ordenagailuak,721.44,3
332,2026-03-24,Erasmo Amorós Pomares,Cáceres,Sagua,Periferikoak,1760.28,4
333,2025-04-08,Loida Almagro Agullo,Barcelona,RAM memoria,Osagaiak,1236.1,4
334,2025-12-12,Pelayo Pedro Llopis Roda,Huelva,Webkamera,Periferikoak,521.27,8
335,2026-01-31,Gisela Marisol Calatayud Aguilera,Navarra,Monitorea,Periferikoak,616.87,2
336,2024-11-09,Miguel Morcillo-Lluch,Segovia,Wi-Fi egokigailua,Sareak,390.19,9
337,2026-07-12,Graciana Nadia Montenegro Chaves,Segovia,Txartel grafikoa,Osagaiak,610.33,7
338,2025-07-04,Lupe Falcó Novoa,Soria,Sare-kablea,Sareak,1861.85,6
339,2026-06-03,Carolina del Cabanillas,Barcelona,Monitorea,Periferikoak,1490.71,3
340,2026-01-14,Galo de Melero,Zamora,Monitorea,Periferikoak,766.33,10
341,2025-08-28,Joel Baeza Belda,Cantabria,Teklatua,Periferikoak,1781.87,7
342,2025-07-22,Bruno Fonseca Noriega,Ourense,Webkamera,Periferikoak,298.4,3
343,2025-09-14,Faustino Barco Acuña,Cuenca,Ordenagailu eramangarria,Ordenagailuak,1563.99,3
344,2025-09-16,Berto Roura Román,Las Palmas,Txartel grafikoa,Osagaiak,790.0,1
345,2026-03-11,Victor Manuel Montserrat Farré,Soria,Prozesadorea,Osagaiak,1288.93,4
346,2026-02-12,Esperanza Castelló Calderon,Málaga,SSD diskoa,Osagaiak,347.8,1
347,2026-08-17,Pascuala Viña Zamora,Las Palmas,Sagua,Periferikoak,706.62,6
348,2025-01-22,Agustina Gracia Gomez,Castellón,Prozesadorea,Osagaiak,1212.64,3
349,2025-06-18,Godofredo Jaume Atienza,Sevilla,Ordenagailu eramangarria,Ordenagailuak,1343.2,1
350,2025-07-25,Beatriz Iriarte Sánchez,Castellón,Mini PC,Ordenagailuak,1409.8,1
351,2025-07-28,Natanael Viña Lerma,La Rioja,Teklatua,Periferikoak,1052.92,10
352,2025-04-18,Jose Ramón Fiol Folch,Melilla,Ordenagailu eramangarria,Ordenagailuak,738.9,7
353,2025-01-19,Leonor de Terrón,Ciudad,Teklatua,Periferikoak,31.85,2
354,2026-05-26,Brígida Bosch Vidal,Toledo,Mini PC,Ordenagailuak,212.32,4
355,2026-09-15,Eligio Jesús Ayllón Cabo,Alicante,Wi-Fi egokigailua,Sareak,742.86,6
356,2026-03-17,Teodoro Arroyo Agustí,Sevilla,Switch-a,Sareak,678.45,8
357,2026-06-27,Gilberto Noriega España,La Coruña,Webkamera,Periferikoak,1975.58,5
358,2026-02-09,Rosalía Robles Diaz,Barcelona,Bideratzailea,Sareak,1935.2,2
359,2026-07-21,Rosario Ríos Escudero,Vizcaya,Wi-Fi egokigailua,Sareak,1257.3,3
360,2026-07-27,Vicente Reina Saez,Asturias,Wi-Fi egokigailua,Sareak,1346.4,1
361,2026-09-07,Lorenza Zabala Bustos,Sevilla,RAM memoria,Osagaiak,991.44,7
362,2026-05-29,Violeta de Alberdi,Málaga,Txartel grafikoa,Osagaiak,1749.63,3
363,2026-03-26,Dalila Muro Lobo,Málaga,Ordenagailu eramangarria,Ordenagailuak,1132.82,7
364,2026-05-13,Jeremías Saldaña Samper,Madrid,Sare-kablea,Sareak,652.15,8
365,2024-12-07,Alicia Abad Bou,Málaga,Mini PC,Ordenagailuak,428.83,8
366,2025-06-16,Sebastian Gisbert Santos,Navarra,Webkamera,Periferikoak,1472.84,6
367,2024-12-16,Abel del Padilla,Navarra,Wi-Fi egokigailua,Sareak,1442.13,1
368,2025-09-18,Ascensión Izquierdo Ferrández,Baleares,Txartel grafikoa,Osagaiak,446.58,4
369,2024-12-11,Amalia Casal Sanjuan,Sevilla,Sagua,Periferikoak,1978.63,1
370,2025-11-01,Sofía Tomas Verdugo,Tarragona,Mini PC,Ordenagailuak,360.93,3
371,2025-07-03,María Dolores Vera Montserrat Varela,La Rioja,Mini PC,Ordenagailuak,1880.88,4
372,2025-07-11,Emilia Santamaría Cañellas,La Rioja,Monitorea,Periferikoak,1731.89,9
373,2026-02-25,Melania de Font,Salamanca,Monitorea,Periferikoak,1411.44,3
374,2025-09-26,Olimpia Carlos Ortuño,Palencia,Txartel grafikoa,Osagaiak,1385.95,9
375,2026-06-26,Roxana Alberto Yáñez,Albacete,Webkamera,Periferikoak,302.6,1
376,2025-04-06,Eric Iglesia Coll,Tarragona,SSD diskoa,Osagaiak,422.96,9
377,2025-06-12,Aroa Gomez Porcel,Málaga,Mini PC,Ordenagailuak,594.88,1
378,2025-07-03,Mamen Balaguer Alberto,Cantabria,Sare-kablea,Sareak,1704.28,6
379,2026-04-13,Eugenio Sanchez,Soria,Prozesadorea,Osagaiak,387.22,9
380,2025-06-26,Eligia Lamas Castillo,Palencia,Mahaigaineko ordenagailua,Ordenagailuak,16.42,8
381,2024-10-23,María Azcona Mascaró,Zamora,SSD diskoa,Osagaiak,154.9,6
382,2026-08-23,Anabel Vazquez,La Rioja,Txartel grafikoa,Osagaiak,193.44,4
383,2026-01-21,Fernanda Marin Gil,Navarra,Prozesadorea,Osagaiak,239.85,6
384,2025-03-18,Ágata María Ángeles Hervás Ariño,Jaén,Bideratzailea,Sareak,795.32,9
385,2024-10-12,Samanta Perera,Madrid,Teklatua,Periferikoak,612.83,4
386,2025-10-04,Celso Aguilera Bastida,Sevilla,Sagua,Periferikoak,1776.87,7
387,2025-02-21,Miriam Bello Corral,Lleida,Mini PC,Ordenagailuak,684.4,2
388,2024-11-02,León Bejarano-Goñi,La Rioja,Mahaigaineko ordenagailua,Ordenagailuak,928.8,7
389,2025-05-12,Nerea Carrasco Aguado,Valladolid,Bideratzailea,Sareak,1440.9,6
390,2025-04-23,Marcio Armando Lucena Río,La Coruña,Mini PC,Ordenagailuak,68.6,3
391,2025-01-01,Rosalinda Marquez Cobos,Soria,SSD diskoa,Osagaiak,1965.1,9
392,2024-12-22,Luciano Prado Blázquez,Castellón,SSD diskoa,Osagaiak,438.52,9
393,2025-01-19,Mario del Ferrera,Cádiz,Prozesadorea,Osagaiak,1748.96,9
394,2026-01-07,Espiridión Bautista Iglesia,Cantabria,Sare-kablea,Sareak,1953.42,6
395,2026-01-27,Aureliano del Baños,Guadalajara,Txartel grafikoa,Osagaiak,927.42,10
396,2026-02-12,Lorenzo Pastor Molina,Cáceres,Teklatua,Periferikoak,646.31,4
397,2025-04-13,Benita Mármol Tena,León,Wi-Fi egokigailua,Sareak,1591.39,8
398,2025-01-30,Anita Sol Lozano Chaves,Córdoba,Mini PC,Ordenagailuak,1820.8,2
399,2026-07-07,Melania Anguita,Vizcaya,Mini PC,Ordenagailuak,440.4,9
400,2025-10-25,Jovita de Paz,Ceuta,Monitorea,Periferikoak,279.59,9
401,2025-07-10,Adelina Haro,Valladolid,Mini PC,Ordenagailuak,292.57,3
402,2025-11-11,Mónica Coll-Tomás,Alicante,RAM memoria,Osagaiak,1564.62,4
403,2025-04-04,Alfonso de Villaverde,Jaén,Mahaigaineko ordenagailua,Ordenagailuak,1884.58,1
404,2026-09-09,Aroa Vázquez Llanos,Palencia,Mini PC,Ordenagailuak,1172.22,7
405,2025-06-17,Juan Infante Peñalver,Melilla,Sare-kablea,Sareak,727.44,8
406,2026-07-03,Josué Chamorro Sabater,Ceuta,Bideratzailea,Sareak,1058.82,5
407,2025-01-11,Gerardo Carrasco Grau,Zaragoza,SSD diskoa,Osagaiak,1480.14,8
408,2025-09-08,Candelaria Reig-Alonso,Alicante,Switch-a,Sareak,1179.75,3
409,2025-12-27,Victor Manuel Collado Barba,Córdoba,RAM memoria,Osagaiak,1063.51,10
410,2026-06-27,Aristides Cándido Sanchez Soto,Cáceres,Ordenagailu eramangarria,Ordenagailuak,1705.52,10
411,2026-04-27,Mateo Vicente Lamas,Toledo,SSD diskoa,Osagaiak,1893.58,10
412,2025-03-10,Benigna Camps Alegre,Melilla,Mini PC,Ordenagailuak,1406.53,3
413,2025-01-31,María Carmen Alma Vaquero Carpio,Lugo,Mini PC,Ordenagailuak,271.77,9
414,2026-07-10,Lourdes Rivero Pellicer,Tarragona,Mini PC,Ordenagailuak,883.29,8
415,2025-06-06,Ariel Roig-Cañete,Lugo,Switch-a,Sareak,1868.1,5
416,2025-03-31,Pedro Aguilar Yáñez,Melilla,Bideratzailea,Sareak,773.83,4
417,2025-07-19,Casemiro Rojas Izaguirre,Murcia,Webkamera,Periferikoak,1161.46,10
418,2026-09-18,Priscila Frías Reyes,Cádiz,Monitorea,Periferikoak,1150.71,8
419,2026-09-15,Fabiola Puig-Cervera,Valencia,Sagua,Periferikoak,919.89,3
420,2025-02-27,Roberta Nevado Azorin,Jaén,Mini PC,Ordenagailuak,15.11,3
421,2026-07-31,Anunciación Baró Jódar,Huesca,Bideratzailea,Sareak,1252.4,7
422,2025-12-16,Eloísa Barceló,Santa Cruz de Tenerife,Sare-kablea,Sareak,904.1,4
423,2025-02-13,Lina Lorena Guardiola Doménech,Huesca,Sagua,Periferikoak,1346.0,3
424,2026-09-21,Feliciana Prats Ramirez,Melilla,Ordenagailu eramangarria,Ordenagailuak,1514.9,2
425,2025-10-30,Zoraida del Olivera,Ceuta,Mini PC,Ordenagailuak,1977.24,8
426,2025-11-17,Chucho Ramírez-Velasco,Navarra,Bideratzailea,Sareak,1035.37,6
427,2026-05-03,Urbano Ibáñez-Salas,Ourense,Mahaigaineko ordenagailua,Ordenagailuak,1581.31,6
428,2026-02-03,Tere Amorós-Toledo,Córdoba,Bideratzailea,Sareak,788.81,4
429,2026-05-01,Feliciana Villalonga Agustí,Ciudad,SSD diskoa,Osagaiak,195.51,6
430,2025-11-02,Jordán Mir Otero,Ourense,Mahaigaineko ordenagailua,Ordenagailuak,379.95,4
431,2026-03-16,Quirino de Lara,Ceuta,Switch-a,Sareak,1714.31,10
432,2025-01-15,Benito Bermudez Ugarte,Valladolid,Teklatua,Periferikoak,1741.61,6
433,2025-09-18,Teófila Llobet-Tudela,Valladolid,Monitorea,Periferikoak,819.28,10
434,2024-11-02,Judith Antúnez Valverde,La Coruña,RAM memoria,Osagaiak,941.15,9
435,2025-05-12,Adolfo Galvez Pino,Guadalajara,Wi-Fi egokigailua,Sareak,1259.33,3
436,2025-03-16,María José Novoa Paz,Madrid,Webkamera,Periferikoak,436.53,6
437,2026-06-09,Jafet Escolano-Castro,Badajoz,Monitorea,Periferikoak,1651.3,9
438,2026-06-11,Camilo Conde,Zaragoza,Bideratzailea,Sareak,366.53,8
439,2026-09-20,Luna Moles,Granada,SSD diskoa,Osagaiak,1156.72,1
440,2024-12-05,Amor Garriga Izquierdo,Santa Cruz de Tenerife,Bideratzailea,Sareak,926.95,6
441,2025-06-14,Manuela del Núñez,La Rioja,Teklatua,Periferikoak,724.86,10
442,2025-11-19,Carmelita del Padilla,Soria,Txartel grafikoa,Osagaiak,1591.94,8
443,2025-06-29,Jesús Maximiano Coca Diez,La Rioja,Mini PC,Ordenagailuak,1259.73,7
444,2024-11-20,Corona Mir Moliner,Teruel,Mahaigaineko ordenagailua,Ordenagailuak,1244.82,7
445,2026-07-04,Piedad Viñas Sanjuan,Cáceres,Sagua,Periferikoak,1754.2,3
446,2026-01-20,Cruz Diaz Puerta,Badajoz,Prozesadorea,Osagaiak,1923.6,9
447,2024-10-13,Luciana Blanco Calleja,Salamanca,Ordenagailu eramangarria,Ordenagailuak,177.83,7
448,2025-03-10,Ismael Matías Cases Castro,Albacete,Teklatua,Periferikoak,1363.45,6
449,2025-08-31,Elena del Cepeda,Palencia,Sare-kablea,Sareak,1297.95,10
450,2025-10-11,Esmeralda del Tirado,Zaragoza,Bideratzailea,Sareak,909.39,6
451,2025-04-01,Adelardo Aarón Zabala Cerezo,Girona,Sare-kablea,Sareak,1100.1,8
452,2025-04-30,Rosalva Marco Guardia,Navarra,Wi-Fi egokigailua,Sareak,391.52,9
453,2025-07-09,Pepito Porta Pineda,Córdoba,Bideratzailea,Sareak,869.8,4
454,2025-04-19,Rufina del Rey,Asturias,Sagua,Periferikoak,284.37,2
455,2025-12-18,Pancho Téllez-Expósito,Albacete,Switch-a,Sareak,106.68,1
456,2026-09-03,Eloy Bernardino Ríos Aguiló,Ávila,RAM memoria,Osagaiak,35.63,4
457,2025-07-27,Florencia Silva Angulo,Ávila,Sagua,Periferikoak,119.34,7
458,2025-10-25,Clemente Ibáñez Pizarro,Baleares,Mini PC,Ordenagailuak,514.49,8
459,2026-03-16,Conrado Serna Burgos,Lugo,Txartel grafikoa,Osagaiak,1400.39,6
460,2025-12-27,Ramón Viñas Carvajal,Lugo,SSD diskoa,Osagaiak,411.46,1
461,2026-09-04,Maximiliano del Morata,Cáceres,SSD diskoa,Osagaiak,1202.15,7
462,2024-09-30,Luis Ángel Talavera Cortina,Vizcaya,Prozesadorea,Osagaiak,514.2,8
463,2026-02-06,Íngrid Barreda Barreda,Segovia,Ordenagailu eramangarria,Ordenagailuak,1441.68,2
464,2025-09-15,Manuela Olivera Ródenas,Albacete,Txartel grafikoa,Osagaiak,738.92,3
465,2026-07-12,Olalla Río Mariño,Cantabria,Sagua,Periferikoak,1118.44,6
466,2025-04-12,Zoraida Teodora Cueto Bayón,León,Wi-Fi egokigailua,Sareak,1683.33,9
467,2025-08-21,Fortunata Esteve,Salamanca,Monitorea,Periferikoak,1594.79,4
468,2026-03-04,Salud del Falcó,Vizcaya,Sagua,Periferikoak,1260.36,6
469,2026-01-04,Atilio Zabala Batlle,Barcelona,Switch-a,Sareak,1793.4,4
470,2025-09-13,Alcides Pont Trillo,Almería,Mahaigaineko ordenagailua,Ordenagailuak,457.77,2
471,2026-08-04,Nacio Tur,Lleida,Mini PC,Ordenagailuak,129.46,9
472,2026-05-17,Sergio Larrañaga Ángel,Toledo,Bideratzailea,Sareak,1713.38,2
473,2026-08-26,Aureliano Guardia Pol,Cantabria,RAM memoria,Osagaiak,1172.8,3
474,2026-03-22,Felisa Segarra-Roldán,Cáceres,Switch-a,Sareak,1131.51,9
475,2026-01-16,María Carmen del Ortuño,Navarra,Monitorea,Periferikoak,1735.47,7
476,2026-05-20,María Fernanda Hernandez Gargallo,Vizcaya,Wi-Fi egokigailua,Sareak,742.57,8
477,2024-09-24,Erasmo Alegre Villaverde,Granada,Bideratzailea,Sareak,620.28,4
478,2024-10-09,Ángel Vidal-Cortes,Alicante,Webkamera,Periferikoak,733.19,3
479,2025-06-18,Diana Guijarro-Jaén,Ávila,Webkamera,Periferikoak,1170.27,2
480,2026-04-25,Jose Francisco Bustos Mas,Toledo,Webkamera,Periferikoak,165.99,1
481,2025-06-04,Hilda Carreño González,Santa Cruz de Tenerife,Webkamera,Periferikoak,115.39,9
482,2025-05-15,Brígida Morillo-Vallés,Burgos,Ordenagailu eramangarria,Ordenagailuak,1384.93,7
483,2026-03-27,Ligia Bosch-Girona,Girona,Sare-kablea,Sareak,308.16,6
484,2025-09-06,Leocadio Pujol Jáuregui,La Coruña,Mini PC,Ordenagailuak,894.99,3
485,2025-09-10,Jose Francisco Prats,Navarra,RAM memoria,Osagaiak,501.9,5
486,2025-05-18,Anunciación Capdevila-Riba,Huesca,Wi-Fi egokigailua,Sareak,395.41,6
487,2026-04-08,Gabino Salamanca Coello,Alicante,Ordenagailu eramangarria,Ordenagailuak,413.87,6
488,2026-03-31,Basilio Ballester Herrero,Girona,Prozesadorea,Osagaiak,708.88,2
489,2025-08-18,Fito Gallart Galán,Murcia,Monitorea,Periferikoak,1128.61,10
490,2026-02-13,Godofredo Zurita Arranz,Cáceres,Prozesadorea,Osagaiak,586.25,10
491,2024-11-01,Anastasio Pont Linares,Badajoz,Teklatua,Periferikoak,604.83,7
492,2026-09-09,Olimpia Cabezas,Madrid,Prozesadorea,Osagaiak,386.25,9
493,2025-11-07,Alex Huertas Ávila,Guipúzcoa,Sare-kablea,Sareak,810.95,3
494,2025-06-04,Felicidad Mate Guzman,Zaragoza,Ordenagailu eramangarria,Ordenagailuak,1286.32,7
495,2026-08-14,Daniel Cordero-Noguera,Sevilla,Ordenagailu eramangarria,Ordenagailuak,184.93,7
496,2025-07-25,Calista Roldan-Miguel,León,RAM memoria,Osagaiak,428.83,3
497,2026-06-15,Omar Patricio Zabaleta Cepeda,Vizcaya,RAM memoria,Osagaiak,1348.72,3
498,2024-11-12,Pacífica de Espinosa,Burgos,Teklatua,Periferikoak,1572.4,7
499,2025-05-03,Carlos Expósito-Campillo,Cádiz,Bideratzailea,Sareak,1566.78,10
500,2025-12-10,Cristina María Guerra Gual,Huelva,Teklatua,Periferikoak,1414.99,8
501,2025-09-25,José Olivia Pereira Espejo,Madrid,Txartel grafikoa,Osagaiak,286.2,4
502,2024-10-17,Óscar Lerma Rey,Valencia,RAM memoria,Osagaiak,1556.26,2
503,2026-08-01,Teresita Trillo Morcillo,Ciudad,Txartel grafikoa,Osagaiak,834.99,1
504,2026-03-03,María José Zapata Arenas,León,Sare-kablea,Sareak,1698.5,4
505,2026-09-12,León Ponce Villalonga,Cantabria,Wi-Fi egokigailua,Sareak,905.5,5
506,2025-08-26,Emilia Ballester Villanueva,Lleida,Webkamera,Periferikoak,190.92,9
507,2025-02-02,Virginia Cerdá-Pozuelo,Guadalajara,Mahaigaineko ordenagailua,Ordenagailuak,56.22,8
508,2026-06-30,Edgardo Morante Céspedes,Ávila,Prozesadorea,Osagaiak,1451.57,6
509,2025-10-11,Pascuala Vidal Cuesta,Navarra,Mahaigaineko ordenagailua,Ordenagailuak,94.98,3
510,2025-11-10,Ceferino Coca Escamilla,La Rioja,Monitorea,Periferikoak,638.93,8
511,2025-12-25,Vinicio Catalá Franco,Salamanca,Monitorea,Periferikoak,30.58,8
512,2025-10-25,Marco Uriarte Gárate,Palencia,Sare-kablea,Sareak,934.52,8
513,2025-12-06,Donato Lobo Galiano,Cádiz,Ordenagailu eramangarria,Ordenagailuak,117.83,6
514,2025-01-08,Nazario Martín Muñoz,Almería,Ordenagailu eramangarria,Ordenagailuak,858.22,3
515,2025-12-14,Maribel Rocío Elías Sarabia,Alicante,Teklatua,Periferikoak,1578.38,6
516,2026-07-11,Reynaldo Roma Barón,Lugo,Sagua,Periferikoak,254.88,5
517,2025-10-13,Clementina Gallart,Badajoz,Teklatua,Periferikoak,995.92,10
518,2025-08-01,Dora Zaragoza Otero,Salamanca,Webkamera,Periferikoak,1069.93,8
519,2026-05-06,Cruz Olga Manrique Ferrer,Baleares,Bideratzailea,Sareak,957.8,2
520,2026-04-30,Haydée Arroyo Múgica,Navarra,RAM memoria,Osagaiak,28.81,4
521,2025-03-28,Fabio Marín Velázquez,Vizcaya,Teklatua,Periferikoak,238.87,6
522,2025-07-10,María Manuela Andres-Echevarría,Guipúzcoa,Monitorea,Periferikoak,1893.86,8
523,2026-04-28,Jose Angel Cortés Serna,Lleida,Sare-kablea,Sareak,1905.95,1
524,2025-11-10,Manu Alfonso Galindo,Zaragoza,Monitorea,Periferikoak,140.19,5
525,2025-05-29,Maura Daza Porras,Pontevedra,Ordenagailu eramangarria,Ordenagailuak,1775.96,5
526,2026-02-24,Hilario Bolaños-Valdés,Huesca,Webkamera,Periferikoak,1703.38,4
527,2025-01-29,Rita Arcos Franch,León,Teklatua,Periferikoak,1641.61,9
528,2025-02-09,Paula Zabaleta Menéndez,Burgos,Prozesadorea,Osagaiak,1688.66,3
529,2026-03-06,Gala Yuste Carmona,Granada,Prozesadorea,Osagaiak,1412.76,2
530,2025-08-30,Aurelio Viñas Miguel,Ourense,Monitorea,Periferikoak,1313.26,6
531,2025-02-11,Juan Pablo Montaña-Sainz,Cuenca,RAM memoria,Osagaiak,327.35,2
532,2026-08-24,Lola de Gabaldón,Navarra,Mahaigaineko ordenagailua,Ordenagailuak,560.18,5
533,2025-01-27,Mariano Victor Manuel Nevado Salcedo,Barcelona,Prozesadorea,Osagaiak,969.86,1
534,2025-07-01,Ignacio Pou Escamilla,Salamanca,Mahaigaineko ordenagailua,Ordenagailuak,644.42,4
535,2026-09-04,Margarita Catalá Buendía,Badajoz,Mahaigaineko ordenagailua,Ordenagailuak,640.87,8
536,2025-03-12,Calixto del Parra,Cádiz,Wi-Fi egokigailua,Sareak,1620.41,8
537,2024-10-16,Aurelia Ortega Tejero,Cáceres,Wi-Fi egokigailua,Sareak,1577.44,10
538,2025-09-29,Salomé Campo Moreno,Zamora,SSD diskoa,Osagaiak,1096.59,7
539,2025-03-17,Leocadio de Toledo,Asturias,Wi-Fi egokigailua,Sareak,431.88,10
540,2026-04-19,Margarita Nogués Guzman,Sevilla,Bideratzailea,Sareak,1519.91,10
541,2024-12-16,Jordana Eufemia Cabanillas Salgado,Granada,Sare-kablea,Sareak,147.76,2
542,2025-05-21,Artemio Gelabert Chamorro,Valladolid,Switch-a,Sareak,1358.19,8
543,2025-07-05,Itziar Ferrán-Fuster,Granada,Monitorea,Periferikoak,1886.55,6
544,2025-11-23,Lina Graciana Castell Mariscal,Huesca,Mini PC,Ordenagailuak,1987.6,1
545,2024-12-13,Toribio Albino Gutierrez Rosales,Santa Cruz de Tenerife,Monitorea,Periferikoak,1462.48,7
546,2025-08-07,Natanael Durán,Barcelona,Switch-a,Sareak,1142.49,6
547,2025-01-14,Bonifacio Alberdi Bellido,Burgos,Sare-kablea,Sareak,1352.55,3
548,2025-01-02,Teodora Sarmiento Roig,Lleida,Mini PC,Ordenagailuak,873.7,8
549,2025-06-10,Ibán Aguilera Valentín,Teruel,Wi-Fi egokigailua,Sareak,846.69,10
550,2024-10-18,Loreto Tomas Pedrosa,Palencia,Webkamera,Periferikoak,1974.88,2
551,2026-03-11,Tecla Losa,Melilla,Prozesadorea,Osagaiak,1076.78,2
552,2025-09-03,Octavio Miguel Baena,Murcia,Prozesadorea,Osagaiak,965.58,9
553,2025-11-16,Ignacia Osorio Mariño,Cáceres,Bideratzailea,Sareak,1428.76,5
554,2024-11-07,Marina Dominguez Aznar,Zaragoza,Teklatua,Periferikoak,592.62,2
555,2025-09-28,Edmundo Cazorla-Lucas,Córdoba,Prozesadorea,Osagaiak,1523.14,10
556,2026-07-20,Narciso Salom Pelayo,Córdoba,RAM memoria,Osagaiak,998.23,9
557,2025-06-01,Camilo Correa Valcárcel,Vizcaya,Mahaigaineko ordenagailua,Ordenagailuak,492.84,8
558,2025-02-24,Amelia Lamas Carmona,Cáceres,Txartel grafikoa,Osagaiak,821.6,5
559,2026-03-22,Cruz del Porta,Córdoba,Switch-a,Sareak,1091.55,1
560,2026-08-01,Francisca Moles Armengol,Murcia,Monitorea,Periferikoak,1963.55,10
561,2025-05-26,Salvador Cabello-Jara,Lleida,Sagua,Periferikoak,1508.86,10
562,2025-10-08,Faustino Alarcón Aguirre,Álava,Txartel grafikoa,Osagaiak,205.67,2
563,2025-06-07,Edgardo Clemente Aragón Alvarez,Almería,Switch-a,Sareak,1951.76,2
564,2024-11-26,Belén Florina Esteban Cantero,Córdoba,Mahaigaineko ordenagailua,Ordenagailuak,961.84,2
565,2026-07-29,Rodrigo Roldán-Morales,Cáceres,Bideratzailea,Sareak,572.99,1
566,2025-07-04,Efraín Landa Enríquez,Asturias,Sare-kablea,Sareak,1906.25,10
567,2025-02-01,Asunción Cobo Rosado,Salamanca,Bideratzailea,Sareak,1874.56,5
568,2024-10-19,Lucho Iglesia Salmerón,Madrid,Ordenagailu eramangarria,Ordenagailuak,1342.81,1
569,2026-01-22,Carlos Murcia-Posada,Málaga,Mini PC,Ordenagailuak,1929.98,8
570,2025-08-08,Julián Gonzalez Acero,Tarragona,Sare-kablea,Sareak,253.72,9
571,2025-05-25,Herberto Amaro Botella Pavón,Ávila,Webkamera,Periferikoak,1562.98,5
572,2025-01-30,Gregorio Feijoo Martínez,Badajoz,SSD diskoa,Osagaiak,1001.1,8
573,2025-01-04,Albano Gómez,Jaén,Prozesadorea,Osagaiak,1628.69,5
574,2025-10-18,Adriana Arco Nicolau,Guipúzcoa,Bideratzailea,Sareak,835.15,4
575,2026-08-11,Brígida de Bello,Valencia,Switch-a,Sareak,1006.83,1
576,2026-07-18,Amalia Daniela Castrillo Alcaraz,Santa Cruz de Tenerife,Bideratzailea,Sareak,1857.39,2
577,2025-12-14,Ana Belén Camino-Carbonell,Pontevedra,Switch-a,Sareak,134.25,7
578,2026-05-09,Eufemia Carrillo Cervantes,Zamora,Sagua,Periferikoak,1570.5,10
579,2025-05-26,Emigdio Cid Ribes,Tarragona,SSD diskoa,Osagaiak,1138.21,8
580,2026-07-31,Bonifacio Cabo Peñalver,Albacete,Txartel grafikoa,Osagaiak,170.0,1
581,2026-08-01,Victoria Luz-Rico,Tarragona,RAM memoria,Osagaiak,427.18,5
582,2025-07-21,Marcos Arellano Escolano,Salamanca,Bideratzailea,Sareak,1289.38,6
583,2024-09-27,Clemente de Bustos,Valladolid,Switch-a,Sareak,955.98,4
584,2024-11-01,Rómulo Company Sánchez,Cádiz,Sagua,Periferikoak,1377.5,1
585,2025-04-20,Dionisia Múñiz Santana,Badajoz,Teklatua,Periferikoak,1899.68,3
586,2026-04-20,Lola Carmona Belda,Toledo,Txartel grafikoa,Osagaiak,1218.74,6
587,2025-02-16,Crescencia Canet Moreno,Badajoz,Switch-a,Sareak,1515.52,4
588,2026-07-06,Jonatan Tormo Ballester,Burgos,Switch-a,Sareak,1905.78,8
589,2025-07-03,Jenaro Ferrera Palmer,Cantabria,SSD diskoa,Osagaiak,265.4,10
590,2025-04-16,Teodosio Solana Segarra,Cáceres,Mahaigaineko ordenagailua,Ordenagailuak,455.37,10
591,2026-04-23,Yolanda Carlota Gras Bolaños,Melilla,Txartel grafikoa,Osagaiak,1770.27,10
592,2026-05-28,Adrián Roman-Huerta,Guadalajara,Sare-kablea,Sareak,1191.28,10
593,2026-07-23,Horacio Arregui Arjona,Toledo,Prozesadorea,Osagaiak,876.67,7
594,2026-05-08,Jaime Valbuena Hernandez,Navarra,Bideratzailea,Sareak,1424.93,7
595,2024-12-29,Dimas Moisés Botella Alcázar,Sevilla,SSD diskoa,Osagaiak,336.9,8
596,2026-09-06,Reina Chacón Ramirez,Zamora,Mahaigaineko ordenagailua,Ordenagailuak,1288.59,1
597,2025-07-01,Luisa Antúnez Martin,Valladolid,Mahaigaineko ordenagailua,Ordenagailuak,1434.78,9
598,2026-04-22,Martín Narváez Ballesteros,Almería,Prozesadorea,Osagaiak,789.46,8
599,2025-06-17,Moisés Bautista Fuentes,Guipúzcoa,Ordenagailu eramangarria,Ordenagailuak,1110.14,8
600,2026-03-27,Felipe del Lastra,Cuenca,Prozesadorea,Osagaiak,134.47,6
601,2025-09-13,Saturnina Casado,Teruel,Wi-Fi egokigailua,Sareak,930.79,6
602,2025-02-08,Antonia Bernat Portillo,Girona,Ordenagailu eramangarria,Ordenagailuak,228.21,5
603,2026-02-14,Bárbara Fuente Viñas,Girona,Mahaigaineko ordenagailua,Ordenagailuak,1990.87,9
604,2025-09-04,Isidora Almazán Manzanares,Asturias,Prozesadorea,Osagaiak,1790.29,9
605,2025-07-21,Morena Morera Torre,Lleida,Monitorea,Periferikoak,1166.16,5
606,2026-04-23,Jose Antonio del Maldonado,Burgos,SSD diskoa,Osagaiak,587.58,3
607,2026-02-25,Ciriaco Chucho Corral Cuéllar,Baleares,Prozesadorea,Osagaiak,653.73,3
608,2025-04-02,Cristian Arana Molins,Burgos,Wi-Fi egokigailua,Sareak,923.69,3
609,2024-12-21,Hermenegildo Valera Codina,Guadalajara,Sagua,Periferikoak,13.94,9
610,2026-01-09,Jordi Victorino Manjón Colom,Guipúzcoa,Teklatua,Periferikoak,1503.61,1
611,2026-01-31,Fabio Amat Querol,León,SSD diskoa,Osagaiak,194.41,1
612,2025-11-23,Rosendo del Ferrán,Ávila,Txartel grafikoa,Osagaiak,1391.85,2
613,2025-02-12,María Cristina Vidal Barba,La Coruña,Switch-a,Sareak,1471.54,6
614,2025-06-23,Francisco Jose Gabino Mena Salinas,Castellón,Sare-kablea,Sareak,1523.53,8
615,2025-01-21,Pastora Ribas Chaparro,Burgos,Sagua,Periferikoak,626.6,9
616,2024-11-11,Prudencia Peña-Borrego,La Rioja,Monitorea,Periferikoak,853.22,9
617,2026-02-24,Cornelio Estevez Pizarro,Navarra,Sare-kablea,Sareak,91.38,10
618,2025-09-19,Consuelo Amor Acedo,Córdoba,Monitorea,Periferikoak,1962.81,8
619,2026-01-14,Horacio Chuy Téllez Hierro,Baleares,Mahaigaineko ordenagailua,Ordenagailuak,1014.8,10
620,2025-11-22,Isa Jordá-Tamarit,Huesca,Teklatua,Periferikoak,1736.33,3
621,2025-01-08,Valeria Cerdá Palau,Almería,Mahaigaineko ordenagailua,Ordenagailuak,744.53,6
622,2025-04-23,Micaela Benítez,Vizcaya,Mini PC,Ordenagailuak,380.97,2
623,2025-10-25,Sarita Mascaró Linares,Badajoz,SSD diskoa,Osagaiak,1691.18,1
624,2025-10-07,Reyes Toro Requena,Cáceres,Prozesadorea,Osagaiak,451.19,9
625,2026-05-24,María Luisa de Rincón,Asturias,Prozesadorea,Osagaiak,1681.16,1
626,2025-06-05,Berta Salamanca Zabala,Cádiz,Wi-Fi egokigailua,Sareak,63.95,2
627,2024-12-26,Omar González Meléndez,Castellón,RAM memoria,Osagaiak,165.54,2
628,2024-10-07,Prudencia Rosado Arnau,Badajoz,Ordenagailu eramangarria,Ordenagailuak,1629.84,9
629,2025-09-01,Alfredo Batalla-Mata,Valladolid,Ordenagailu eramangarria,Ordenagailuak,1607.15,10
630,2025-11-26,Cirino Ortega,Ávila,RAM memoria,Osagaiak,1737.95,5
631,2025-06-08,Reyna Herranz,Badajoz,Teklatua,Periferikoak,1088.27,4
632,2025-01-27,Adela de Gargallo,Huesca,Sagua,Periferikoak,905.86,2
633,2026-05-26,Imelda Gargallo Vilar,La Rioja,Prozesadorea,Osagaiak,1564.4,2
634,2024-12-13,Jose Miguel Paniagua Maldonado,Ávila,Wi-Fi egokigailua,Sareak,1016.14,7
635,2025-08-23,Olegario Sosimo Saldaña Gonzalez,Girona,Webkamera,Periferikoak,391.8,8
636,2025-02-01,Nerea Calzada Prieto,Melilla,Teklatua,Periferikoak,249.18,7
637,2026-02-13,Raimundo Domingo Barón,Cantabria,Wi-Fi egokigailua,Sareak,415.76,7
638,2025-03-12,Paola Valera Lopez,Valladolid,Mini PC,Ordenagailuak,1936.51,6
639,2026-01-23,Julieta Vidal Lorenzo,Vizcaya,Sare-kablea,Sareak,226.15,5
640,2025-09-22,Albino Cabezas Baena,Madrid,Bideratzailea,Sareak,1995.22,7
641,2025-01-13,Matilde Ariadna Benito Vizcaíno,Zamora,Webkamera,Periferikoak,418.37,8
642,2025-09-27,Fabiana de Angulo,Baleares,Sare-kablea,Sareak,926.4,7
643,2025-08-25,Chus Mateo Córdoba,Las Palmas,Switch-a,Sareak,644.91,7
644,2026-04-04,Nereida Trujillo-Soriano,Navarra,Switch-a,Sareak,1042.7,7
645,2025-09-20,María Manuela Osorio Luís,Almería,Teklatua,Periferikoak,1214.5,3
646,2025-06-05,Alba Nogueira-Pintor,Las Palmas,Monitorea,Periferikoak,736.52,6
647,2026-01-19,Desiderio del Blazquez,Granada,Ordenagailu eramangarria,Ordenagailuak,696.21,1
648,2024-10-21,Margarita Villa Robledo,Albacete,Webkamera,Periferikoak,1209.2,6
649,2025-11-14,Maribel Cabañas Torres,Tarragona,Switch-a,Sareak,693.63,9
650,2025-01-23,Germán Isaías Franch Valdés,Murcia,Sagua,Periferikoak,593.33,1
651,2026-09-21,Rosaura Gonzalez Briones,Palencia,Monitorea,Periferikoak,564.8,10
652,2025-08-01,Rosalinda Benítez Matas,Las Palmas,Wi-Fi egokigailua,Sareak,414.53,7
653,2025-12-24,Nazaret Escribano Alfonso,Ourense,Webkamera,Periferikoak,441.84,8
654,2026-08-09,Rufina del Barreda,Huesca,Webkamera,Periferikoak,307.3,3
655,2026-06-02,Esther Baró Frutos,Cuenca,Monitorea,Periferikoak,1328.2,5
656,2025-07-17,Carlito Fernandez Amorós,Zaragoza,SSD diskoa,Osagaiak,955.62,9
657,2025-07-29,Cosme Cuervo Llamas,Albacete,Wi-Fi egokigailua,Sareak,1622.35,9
658,2026-01-07,Poncio Torre Aller,Ávila,SSD diskoa,Osagaiak,1237.38,2
659,2026-07-10,Heliodoro Checa Guzman,Ourense,Bideratzailea,Sareak,1073.85,10
660,2025-09-21,Diego Carvajal Millán,Palencia,Webkamera,Periferikoak,1655.95,4
661,2025-03-02,Chucho Gargallo Llobet,La Rioja,Wi-Fi egokigailua,Sareak,1772.75,1
662,2025-10-18,Federico Roda Taboada,Cuenca,Switch-a,Sareak,748.6,6
663,2024-10-09,Alexandra Sol Ballester Heras,Navarra,Webkamera,Periferikoak,638.81,6
664,2025-10-19,Timoteo del Pont,La Coruña,Mahaigaineko ordenagailua,Ordenagailuak,621.11,4
665,2025-02-24,Zacarías Ródenas Molins,Zamora,Teklatua,Periferikoak,566.1,8
666,2026-03-15,Paca Rocamora Cabrera,Tarragona,Wi-Fi egokigailua,Sareak,1041.8,6
667,2025-12-07,Paz del Santana,Valladolid,Bideratzailea,Sareak,1318.82,3
668,2026-04-24,Abel Pérez Folch,Guadalajara,Bideratzailea,Sareak,231.2,4
669,2026-06-04,Rosa María Montenegro Sanmiguel,Valencia,RAM memoria,Osagaiak,538.22,10
670,2026-04-30,Aristides Ribas,Cádiz,Webkamera,Periferikoak,1799.48,10
671,2024-10-09,Íñigo Granados Borrell,Cantabria,SSD diskoa,Osagaiak,1441.21,1
672,2025-12-19,Dorita Brígida Borrell Pedro,Ourense,Bideratzailea,Sareak,33.91,9
673,2026-04-11,Sarita Urrutia Carrasco,Teruel,Switch-a,Sareak,395.34,5
674,2025-06-29,Tatiana Gabaldón Garriga,Toledo,Switch-a,Sareak,861.23,7
675,2024-10-15,Desiderio Sanmartín-Hurtado,Palencia,Txartel grafikoa,Osagaiak,180.1,8
676,2026-06-22,Noelia Garay Pla,Valencia,SSD diskoa,Osagaiak,154.12,9
677,2024-11-01,Jonatan del Arroyo,Córdoba,Mini PC,Ordenagailuak,1274.48,5
678,2026-01-27,Victor Manuel Armengol Escobar,Cáceres,Sare-kablea,Sareak,1910.43,8
679,2024-11-28,Iris Cifuentes,Baleares,SSD diskoa,Osagaiak,95.16,8
680,2026-03-23,Elisabet Lago Laguna,Las Palmas,Sagua,Periferikoak,651.94,8
681,2025-11-03,Amelia Fabregat Comas,Ceuta,RAM memoria,Osagaiak,78.6,5
682,2026-02-21,Azahar Uría Armas,Huelva,Txartel grafikoa,Osagaiak,942.63,2
683,2024-12-23,Cristian Luz Escribano,Valencia,SSD diskoa,Osagaiak,1158.84,10
684,2025-11-23,Juan José Escribano Rico,Ciudad,Txartel grafikoa,Osagaiak,1391.12,6
685,2025-04-19,Haroldo Pereira Camino,Burgos,Ordenagailu eramangarria,Ordenagailuak,171.58,8
686,2025-12-26,Manuel Adán-Mur,Segovia,Sare-kablea,Sareak,670.93,10
687,2025-02-25,Salvador Luna Moraleda,Valencia,Prozesadorea,Osagaiak,1125.77,7
688,2025-07-12,Dimas Pujadas Borrell,Castellón,Ordenagailu eramangarria,Ordenagailuak,800.99,7
689,2026-01-09,Benito Martín Tudela,Valencia,Monitorea,Periferikoak,1855.87,10
690,2025-06-13,Sigfrido Pedrero Vila,Madrid,Txartel grafikoa,Osagaiak,1818.49,8
691,2025-11-09,Apolonia Rocamora Pedrosa,Las Palmas,Webkamera,Periferikoak,195.5,9
692,2026-09-04,Moisés de Valbuena,Girona,Webkamera,Periferikoak,900.1,8
693,2025-01-10,Octavio Mas Ibarra,Girona,Teklatua,Periferikoak,1133.9,1
694,2025-10-01,Arcelia Sobrino Isern,Córdoba,Mini PC,Ordenagailuak,172.98,9
695,2024-12-16,Carmina Esparza Pozo,Ávila,Mahaigaineko ordenagailua,Ordenagailuak,1800.9,5
696,2025-11-26,Prudencia Sandoval Landa,Zaragoza,Sagua,Periferikoak,437.23,2
697,2026-06-22,Isaac Alemán Adán,Baleares,Teklatua,Periferikoak,356.83,8
698,2026-02-11,Paola Lara Mateo Palomo,Zaragoza,Wi-Fi egokigailua,Sareak,184.16,3
699,2025-02-10,Pablo Fabra Amor,Lugo,Mini PC,Ordenagailuak,302.83,4
700,2026-05-31,Celestina de Mascaró,Burgos,Sare-kablea,Sareak,869.2,2
701,2026-07-14,Julieta Soto Aller,Palencia,RAM memoria,Osagaiak,417.37,10
702,2024-10-31,Aurelio Rosales Ricart,Valencia,Wi-Fi egokigailua,Sareak,80.62,7
703,2025-10-03,Nidia Yolanda Torrents Guardiola,Melilla,Bideratzailea,Sareak,869.73,6
704,2025-04-07,Vilma Sáenz Caro,Salamanca,Mini PC,Ordenagailuak,715.57,7
705,2025-01-19,Joel Núñez,Ceuta,Mini PC,Ordenagailuak,454.75,6
706,2024-12-28,Porfirio Pelayo Portero Riera,Zamora,Sare-kablea,Sareak,1642.2,10
707,2025-04-18,Nazario Tolosa Castelló,Cantabria,RAM memoria,Osagaiak,1245.62,2
708,2026-08-13,Encarnacion Guitart Gallart,Albacete,Wi-Fi egokigailua,Sareak,1809.33,6
709,2025-01-29,Alejandra Bartolomé,Las Palmas,Prozesadorea,Osagaiak,1269.29,2
710,2025-09-14,Rita Padilla Artigas,Burgos,Prozesadorea,Osagaiak,1451.6,8
711,2026-08-27,Balduino Cal Arnaiz,Cáceres,Bideratzailea,Sareak,1788.26,6
712,2026-03-09,Rafaela Velasco Valentín,Burgos,SSD diskoa,Osagaiak,690.17,2
713,2025-08-10,Rebeca Agudo Higueras,Guipúzcoa,SSD diskoa,Osagaiak,1039.21,2
714,2025-06-22,Fernanda Higueras Cordero,Zamora,Sagua,Periferikoak,287.54,7
715,2026-07-11,Rosalina Pardo,León,Switch-a,Sareak,1582.1,9
716,2024-11-24,Gracia Córdoba Roura,La Coruña,Ordenagailu eramangarria,Ordenagailuak,1357.82,3
717,2026-09-07,Emiliana Rius,Soria,Mini PC,Ordenagailuak,1138.38,6
718,2024-09-29,Vinicio Álamo-Collado,León,Sagua,Periferikoak,1822.69,10
719,2026-02-15,Renata Figueroa Mata,Alicante,Wi-Fi egokigailua,Sareak,803.92,3
720,2025-02-27,Mamen Miguel,Valladolid,Sagua,Periferikoak,52.3,9
721,2025-03-19,Primitivo Héctor Vazquez Cano,Huesca,Monitorea,Periferikoak,1289.64,6
722,2024-10-28,Jacobo Martí Adadia,Guipúzcoa,Ordenagailu eramangarria,Ordenagailuak,1654.95,10
723,2025-06-06,Nazario Ruben Chaves Pina,Badajoz,SSD diskoa,Osagaiak,1062.74,4
724,2025-08-21,Pelayo Roig Requena,Ávila,Teklatua,Periferikoak,875.16,8
725,2025-08-15,Nicolasa Zorrilla Quevedo,Córdoba,Txartel grafikoa,Osagaiak,1308.54,8
726,2026-03-12,Sandra Cánovas Cobos,Madrid,Sare-kablea,Sareak,269.9,9
727,2026-02-12,Juana Antúnez Crespo,Baleares,Mini PC,Ordenagailuak,1750.52,2
728,2025-06-20,Alex Juan Carlos Coronado Carranza,Granada,Mahaigaineko ordenagailua,Ordenagailuak,626.37,8
729,2026-04-24,Ruben Robles Atienza,Girona,Ordenagailu eramangarria,Ordenagailuak,379.94,8
730,2024-12-22,Anabel Arribas Rios,Ourense,Mahaigaineko ordenagailua,Ordenagailuak,1163.57,6
731,2025-09-05,Benigna Rafaela Chacón Vargas,Valladolid,Sare-kablea,Sareak,1371.57,3
732,2024-11-28,Natalia Matilde Recio Ponce,La Coruña,Monitorea,Periferikoak,1112.5,8
733,2026-01-08,Paulino Amat Mendizábal,Segovia,Teklatua,Periferikoak,399.79,9
734,2026-08-23,Cecilia Tamarit,Baleares,Mini PC,Ordenagailuak,1922.68,3
735,2025-04-12,Donato Saldaña,Zaragoza,Mini PC,Ordenagailuak,1247.41,7
736,2025-09-17,Francisco Ruiz Escribano,Albacete,Mini PC,Ordenagailuak,654.48,5
737,2024-12-16,Kike Diéguez Machado,Cádiz,Mahaigaineko ordenagailua,Ordenagailuak,1578.11,3
738,2026-08-20,Amor Morell Escudero,Teruel,Teklatua,Periferikoak,615.49,2
739,2025-01-05,Dora Peña Carrillo,Cantabria,Sagua,Periferikoak,1545.76,10
740,2025-09-18,Gabriela Cardona,Almería,SSD diskoa,Osagaiak,956.7,7
741,2025-09-12,Melisa Guillen Alfonso,Navarra,Mini PC,Ordenagailuak,1387.12,4
742,2025-05-04,Itziar Blanes Vall,Zamora,RAM memoria,Osagaiak,769.69,3
743,2025-10-21,Zaida Sans Arnaiz,Lleida,SSD diskoa,Osagaiak,1342.21,1
744,2026-08-06,Elena Iglesia Pinto,Santa Cruz de Tenerife,Ordenagailu eramangarria,Ordenagailuak,1203.65,5
745,2025-01-19,Marcela de Mas,La Coruña,Mini PC,Ordenagailuak,256.17,9
746,2026-06-27,Marcos Vargas,Soria,Monitorea,Periferikoak,1305.33,8
747,2025-03-22,Evita Galvez Segura,Albacete,Sagua,Periferikoak,1328.0,10
748,2024-09-27,Nicodemo Durán Reyes,Valladolid,Sare-kablea,Sareak,1107.1,2
749,2026-07-07,Nerea Casal Osorio,Pontevedra,Mahaigaineko ordenagailua,Ordenagailuak,797.22,1
750,2025-08-27,Iván Agustí,Valencia,Ordenagailu eramangarria,Ordenagailuak,1558.35,6
751,2024-11-28,Maura Encarnacion Giner Guillén,Huesca,Prozesadorea,Osagaiak,579.63,10
752,2024-09-29,Aura Lobato Vall,Cáceres,RAM memoria,Osagaiak,1356.94,10
753,2024-11-10,Ramón Bas Castejón,Ourense,RAM memoria,Osagaiak,1809.66,5
754,2026-06-04,Osvaldo Iriarte Santiago,Las Palmas,Prozesadorea,Osagaiak,1753.41,7
755,2025-04-12,Josefa Valbuena,Melilla,Bideratzailea,Sareak,1815.92,4
756,2025-04-14,Luisina Sanchez Molina,La Coruña,Ordenagailu eramangarria,Ordenagailuak,690.1,10
757,2026-09-16,Onofre del Benavente,Cantabria,Ordenagailu eramangarria,Ordenagailuak,679.39,2
758,2024-10-14,Roxana Amador Múñiz,Ciudad,Ordenagailu eramangarria,Ordenagailuak,974.3,6
759,2026-05-16,Rosalina Guzmán,Vizcaya,Mini PC,Ordenagailuak,1273.56,2
760,2025-11-20,Américo Aragonés Pi,Tarragona,Bideratzailea,Sareak,1607.16,1
761,2024-11-02,Maura Iris Bastida Cal,Navarra,Bideratzailea,Sareak,608.48,7
762,2025-12-18,Cruz Alarcón Santana,Lleida,Mahaigaineko ordenagailua,Ordenagailuak,1807.79,10
763,2025-05-29,Javi Villar Moya,Badajoz,Ordenagailu eramangarria,Ordenagailuak,30.76,2
764,2026-07-16,Melchor Verdú Jaén,La Rioja,Txartel grafikoa,Osagaiak,1489.79,8
765,2025-03-20,Amor Castell Mesa,Málaga,SSD diskoa,Osagaiak,642.74,9
766,2025-01-09,Marcial Francisco Javier Manuel Peinado,Melilla,RAM memoria,Osagaiak,122.3,9
767,2025-07-29,Cornelio Fortuny,Guipúzcoa,Ordenagailu eramangarria,Ordenagailuak,1372.6,8
768,2026-06-07,Eva María Marí-Riquelme,Cáceres,Teklatua,Periferikoak,935.5,8
769,2026-07-27,Osvaldo de Soler,Ciudad,Txartel grafikoa,Osagaiak,1509.98,6
770,2025-02-20,Seve Agudo Parejo,Asturias,Wi-Fi egokigailua,Sareak,66.71,2
771,2025-04-24,Maximiano Palomino,Albacete,RAM memoria,Osagaiak,410.36,3
772,2026-07-02,Fortunato Hoyos Escalona,Albacete,RAM memoria,Osagaiak,1731.33,2
773,2026-05-23,Goyo Cantero Nevado,Granada,Mahaigaineko ordenagailua,Ordenagailuak,496.47,6
774,2026-08-12,Vera Irma Bas Carrasco,Barcelona,RAM memoria,Osagaiak,397.68,7
775,2025-05-14,Mercedes Hidalgo Arteaga,Murcia,Monitorea,Periferikoak,1622.19,6
776,2024-11-01,Tristán Cases-Verdejo,Castellón,Prozesadorea,Osagaiak,1611.6,10
777,2025-01-24,Pili Verdú Perelló,Melilla,Mahaigaineko ordenagailua,Ordenagailuak,371.41,6
778,2026-02-28,Juana Ledesma Quero,Castellón,Switch-a,Sareak,1837.25,8
779,2025-07-10,Ibán Victor Pi Crespo,Córdoba,Prozesadorea,Osagaiak,280.96,2
780,2025-08-14,Crescencia Armengol Sola,Las Palmas,Webkamera,Periferikoak,962.55,7
781,2026-05-04,Elena Piñeiro Amat,León,Sagua,Periferikoak,548.82,2
782,2026-07-14,Tadeo Josué Vilalta Bermudez,Ceuta,Teklatua,Periferikoak,247.9,6
783,2025-10-27,Chelo Mur Ibáñez,Valencia,Mini PC,Ordenagailuak,1736.35,4
784,2026-09-22,Zaira del Aguirre,Girona,SSD diskoa,Osagaiak,1608.51,7
785,2025-09-03,Pía Company,Ceuta,Ordenagailu eramangarria,Ordenagailuak,1486.95,4
786,2025-03-13,Roberta Solís-Serra,Zamora,Bideratzailea,Sareak,646.24,7
787,2025-02-23,Tamara Andrés Perera,Ourense,Switch-a,Sareak,630.94,1
788,2026-05-08,Evelia Gomis Rius,Soria,Sare-kablea,Sareak,1567.99,9
789,2025-05-20,Loreto Antón Chamorro,Guipúzcoa,Webkamera,Periferikoak,785.26,7
790,2025-10-19,Jordán Camps,Ourense,Mahaigaineko ordenagailua,Ordenagailuak,1313.38,2
791,2024-12-09,Carmen de Torres,Cádiz,RAM memoria,Osagaiak,147.49,5
792,2025-03-13,Anastasia Sanz,Huesca,Prozesadorea,Osagaiak,356.41,7
793,2025-01-16,Berto Ripoll Tejera,Jaén,Switch-a,Sareak,271.26,5
794,2026-05-14,Candela Menéndez Franco,Cuenca,Switch-a,Sareak,20.18,8
795,2026-05-18,Roxana Delia Zaragoza Mulet,Lleida,Mahaigaineko ordenagailua,Ordenagailuak,1184.5,2
796,2026-01-08,Fanny Martorell Portillo,La Rioja,Sagua,Periferikoak,372.79,7
797,2025-07-01,Paco Bustos Pozuelo,Ciudad,Switch-a,Sareak,565.8,9
798,2026-01-23,Paco Gaya Uriarte,Valladolid,Teklatua,Periferikoak,760.9,2
799,2025-07-20,Edmundo Galan Velasco,Lleida,Teklatua,Periferikoak,154.81,8
800,2025-06-01,Tatiana Ferreras Puente,Álava,Wi-Fi egokigailua,Sareak,239.9,3
801,2026-01-26,Julieta Serra Bayo,Navarra,Sagua,Periferikoak,1466.56,3
802,2026-05-15,Che Alemán Cabrera,Girona,Bideratzailea,Sareak,1099.94,7
803,2024-11-19,Nilo Llano Corral,Huelva,RAM memoria,Osagaiak,448.91,1
804,2025-08-12,Silvio Yáñez Calderon,Tarragona,SSD diskoa,Osagaiak,914.6,10
805,2024-10-29,Raquel Franch Iborra,Ciudad,Ordenagailu eramangarria,Ordenagailuak,192.2,7
806,2026-09-16,Samanta Fernandez Barroso,Badajoz,Mini PC,Ordenagailuak,348.92,3
807,2025-07-24,Saturnino Morillo Mora,Salamanca,Ordenagailu eramangarria,Ordenagailuak,1918.69,7
808,2024-12-21,Balduino Palacios,Cádiz,Bideratzailea,Sareak,828.83,6
809,2025-07-05,Constanza Batalla Lopez,Alicante,Ordenagailu eramangarria,Ordenagailuak,1818.27,7
810,2026-04-07,Aroa Duarte Infante,Pontevedra,Monitorea,Periferikoak,1297.89,7
811,2025-05-24,Susanita Toledo Bauzà,Albacete,Txartel grafikoa,Osagaiak,788.65,4
812,2025-03-12,Purificación Viviana Casanova Mendizábal,Valencia,Mahaigaineko ordenagailua,Ordenagailuak,1555.31,10
813,2024-11-06,Leticia Martin Franch,Jaén,Ordenagailu eramangarria,Ordenagailuak,1319.4,4
814,2026-03-17,Benita Lobo Moll,Melilla,Sare-kablea,Sareak,1332.36,1
815,2026-06-04,Fabiana Herrera Fuster,Sevilla,RAM memoria,Osagaiak,1646.87,4
816,2025-10-09,Ismael Aguado Barón,Asturias,Switch-a,Sareak,111.81,3
817,2024-12-24,Manu Fuente Guzman,Las Palmas,Txartel grafikoa,Osagaiak,642.21,4
818,2025-07-30,Diana Encarnacion Machado Sanabria,Cuenca,Txartel grafikoa,Osagaiak,168.46,7
819,2025-01-24,Ileana Vazquez Rosselló,Zamora,Sare-kablea,Sareak,45.97,7
820,2026-06-09,Manuel Julio César Corominas Echevarría,Jaén,Sare-kablea,Sareak,631.58,5
821,2025-11-08,Andrea Mínguez Cerezo,Cantabria,Switch-a,Sareak,1881.24,1
822,2026-06-15,Leandra Quiroga Ricart,Valencia,Mahaigaineko ordenagailua,Ordenagailuak,791.62,5
823,2025-07-19,Édgar Casanova Plaza,Cantabria,Mahaigaineko ordenagailua,Ordenagailuak,1965.32,6
824,2025-12-31,Obdulia Barco Pol,Valencia,Switch-a,Sareak,501.61,1
825,2025-12-28,Paco Coloma Jurado,Soria,Sagua,Periferikoak,525.31,10
826,2024-10-03,Modesto Planas Puga,Melilla,RAM memoria,Osagaiak,1799.54,3
827,2025-03-27,Josué Juan Pablo Piñeiro Mena,Valladolid,Bideratzailea,Sareak,228.81,10
828,2026-05-11,Reinaldo Gallego-Puig,Álava,Sagua,Periferikoak,1676.62,1
829,2024-11-13,Luciana Riera Maldonado,Cáceres,Ordenagailu eramangarria,Ordenagailuak,772.23,3
830,2025-09-14,Aura Sanjuan,Cádiz,RAM memoria,Osagaiak,125.95,3
831,2025-04-01,Isabela Canales Delgado,Girona,Prozesadorea,Osagaiak,778.15,5
832,2025-05-31,Custodia Tejedor-Toro,Álava,Ordenagailu eramangarria,Ordenagailuak,549.96,1
833,2024-12-03,Rosa María Aguilar,Pontevedra,Mini PC,Ordenagailuak,1975.97,5
834,2025-09-04,María Del Carmen Román Navarro,Soria,Wi-Fi egokigailua,Sareak,650.3,6
835,2025-06-27,Gaspar Murillo Cabrera,Lleida,Sare-kablea,Sareak,1490.17,1
836,2026-06-20,Pancho Ibarra-Pedrosa,Salamanca,Mini PC,Ordenagailuak,1354.6,9
837,2026-01-18,Melchor Montserrat Alegria,Alicante,Wi-Fi egokigailua,Sareak,1393.56,4
838,2025-07-13,Rosalina Anita Olivé Roman,Sevilla,Bideratzailea,Sareak,1508.49,5
839,2026-02-25,Valentina Vargas,Barcelona,Txartel grafikoa,Osagaiak,1636.11,5
840,2025-01-24,Azahar Toledo Hernando,Castellón,Switch-a,Sareak,1547.84,2
841,2025-08-07,Cecilio Morera Pla,Ceuta,Mini PC,Ordenagailuak,532.85,8
842,2026-01-22,Melisa del Botella,Ceuta,Mini PC,Ordenagailuak,1574.76,2
843,2025-06-26,Montserrat Rueda Guijarro,Córdoba,Teklatua,Periferikoak,600.11,2
844,2025-05-30,Cecilia Carmona-Pedro,Guadalajara,Mahaigaineko ordenagailua,Ordenagailuak,1186.94,1
845,2024-11-08,Celestina del Roda,Vizcaya,Monitorea,Periferikoak,1638.86,3
846,2024-12-10,Julio César Serna Molina,Girona,RAM memoria,Osagaiak,1028.87,8
847,2025-12-07,Raúl Aramburu Montero,Málaga,Prozesadorea,Osagaiak,565.9,10
848,2025-12-28,Jose Miguel Manuel,Almería,Wi-Fi egokigailua,Sareak,317.91,4
849,2026-02-17,Íñigo Escamilla Torrent,Granada,RAM memoria,Osagaiak,49.7,7
850,2025-07-29,Febe Posada Portillo,Melilla,Monitorea,Periferikoak,583.89,4
851,2024-12-04,Primitiva Balaguer Mateu,Segovia,Switch-a,Sareak,1187.17,8
852,2025-04-24,Cruz Gibert Ferrán,Huesca,Bideratzailea,Sareak,1394.18,7
853,2026-02-01,Amaro Báez Pagès,Cádiz,Bideratzailea,Sareak,245.65,6
854,2026-09-01,Delfina Aragón Carrera,La Coruña,Sare-kablea,Sareak,624.88,10
855,2026-01-13,Renata Borrás Silva,Cuenca,Txartel grafikoa,Osagaiak,757.1,2
856,2024-11-23,Miguela Vergara Gomila,Palencia,Mini PC,Ordenagailuak,1177.61,5
857,2026-04-26,Gregorio Tomé Roura,Ourense,Ordenagailu eramangarria,Ordenagailuak,208.41,2
858,2025-07-16,Haroldo Torres Bartolomé,Valladolid,RAM memoria,Osagaiak,1982.84,2
859,2026-06-15,Abilio Salvador Miralles,Alicante,RAM memoria,Osagaiak,1182.26,3
860,2025-11-08,Aristides Casanovas Velasco,Huesca,Mini PC,Ordenagailuak,356.54,1
861,2025-05-01,Yolanda Marcos,Barcelona,Txartel grafikoa,Osagaiak,1428.4,9
862,2025-12-10,Clementina Cabeza,Ciudad,Teklatua,Periferikoak,390.18,5
863,2026-08-23,Mamen Concepción Palomar Lobato,Toledo,Txartel grafikoa,Osagaiak,157.7,5
864,2025-06-29,Heraclio Sastre Blanco,Soria,Webkamera,Periferikoak,1930.88,3
865,2024-11-14,Maximiliano Fernández-Perales,La Rioja,RAM memoria,Osagaiak,652.55,7
866,2026-08-28,Antonio del Casanovas,Soria,Mini PC,Ordenagailuak,838.8,6
867,2025-06-15,Reyes Llano Coll,Cuenca,Ordenagailu eramangarria,Ordenagailuak,205.48,4
868,2026-08-19,Chucho Zurita Medina,Badajoz,Wi-Fi egokigailua,Sareak,1439.73,5
869,2025-12-11,Che Monreal Porras,Huelva,Webkamera,Periferikoak,981.75,3
870,2024-09-30,Oriana Cortés,Burgos,Webkamera,Periferikoak,1167.94,5
871,2026-07-26,Olga Ibañez Ripoll,Cádiz,Mahaigaineko ordenagailua,Ordenagailuak,729.59,9
872,2025-04-13,Loreto Granados Mayoral,Granada,Webkamera,Periferikoak,1583.4,2
873,2024-11-18,Arturo de Barceló,Valencia,Mahaigaineko ordenagailua,Ordenagailuak,1139.63,1
874,2026-01-31,Jose Valenciano Villa,La Coruña,Bideratzailea,Sareak,1267.24,1
875,2026-02-18,Delfina Álvarez Arnal,Cáceres,Switch-a,Sareak,363.9,6
876,2025-10-03,Héctor Valbuena Pinilla,Huesca,Prozesadorea,Osagaiak,697.86,4
877,2025-04-23,Emilia Landa Garcés,Valencia,Mini PC,Ordenagailuak,1169.5,4
878,2026-08-03,Sara Aranda,Salamanca,Webkamera,Periferikoak,122.45,1
879,2025-05-21,Ascensión Adadia Olmo,La Coruña,Wi-Fi egokigailua,Sareak,23.12,7
880,2025-02-15,Lola Corral,Baleares,Sare-kablea,Sareak,19.19,5
881,2025-09-02,Emperatriz Pastor Romero,Murcia,SSD diskoa,Osagaiak,227.56,8
882,2025-01-04,Adela Palomar Fiol,Cantabria,SSD diskoa,Osagaiak,87.17,7
883,2026-03-21,Cecilio Flor Tello,Baleares,Sare-kablea,Sareak,1006.7,8
884,2025-05-19,Leyre Porcel Catalá,Badajoz,Prozesadorea,Osagaiak,263.19,6
885,2026-04-07,Amancio del Román,Las Palmas,Mahaigaineko ordenagailua,Ordenagailuak,597.36,8
886,2026-04-02,Martin de Vidal,Ciudad,Mahaigaineko ordenagailua,Ordenagailuak,1575.14,5
887,2026-01-23,Chita Sáez Calderón,Cantabria,RAM memoria,Osagaiak,474.15,3
888,2024-10-22,Camilo Roldan,Salamanca,Switch-a,Sareak,191.6,7
889,2025-10-12,Dan del Rojas,Almería,Sare-kablea,Sareak,1323.6,5
890,2025-04-08,Gabino Ripoll-Huerta,Almería,Ordenagailu eramangarria,Ordenagailuak,88.0,1
891,2025-02-25,Elisa Cabrero Rosa,Córdoba,Webkamera,Periferikoak,749.42,5
892,2024-12-03,Néstor Castillo Muñoz,Valencia,Mahaigaineko ordenagailua,Ordenagailuak,1526.99,10
893,2025-03-16,Cruz Plana-Bonet,Barcelona,Teklatua,Periferikoak,89.75,4
894,2026-02-20,Anselmo Novoa Mata,Valladolid,RAM memoria,Osagaiak,1097.92,3
895,2024-12-26,Malena Iriarte Olivera,León,Mini PC,Ordenagailuak,1474.15,7
896,2025-09-11,Íngrid Vara,Cáceres,Mini PC,Ordenagailuak,566.89,3
897,2024-10-27,Ana Falcón-Puga,Soria,Teklatua,Periferikoak,343.56,9
898,2025-11-08,Gracia Llabrés Gabaldón,Álava,Switch-a,Sareak,1176.27,10
899,2026-06-27,Jessica Vara,Granada,Ordenagailu eramangarria,Ordenagailuak,611.9,5
900,2025-01-26,Juanito Gárate Manzanares,Santa Cruz de Tenerife,Ordenagailu eramangarria,Ordenagailuak,1934.35,3
901,2026-06-23,Miguel Ángel Ibarra Gallo,Álava,Monitorea,Periferikoak,1300.77,6
902,2024-11-23,Dulce de Real,Guadalajara,Teklatua,Periferikoak,1286.1,6
903,2026-03-11,Chus Jaén-Alcázar,Toledo,Txartel grafikoa,Osagaiak,1941.83,5
904,2026-05-13,Fermín del Frías,Burgos,Txartel grafikoa,Osagaiak,479.93,7
905,2025-01-10,Araceli Valcárcel Escudero,Cádiz,Sagua,Periferikoak,391.72,8
906,2026-01-09,Fabián Cánovas Elías,Soria,RAM memoria,Osagaiak,147.18,2
907,2025-03-22,Armida Zurita Cervantes,Pontevedra,Bideratzailea,Sareak,778.49,1
908,2026-05-20,Blas Hurtado Blanes,Burgos,Mini PC,Ordenagailuak,1233.1,1
909,2025-10-24,Tamara Blázquez Francisco,Lugo,Mini PC,Ordenagailuak,1832.56,3
910,2025-05-24,Domingo Barba Lastra,Albacete,Teklatua,Periferikoak,215.69,5
911,2025-10-02,Bibiana Abella Gomez,Ceuta,Mahaigaineko ordenagailua,Ordenagailuak,794.18,6
912,2025-03-07,Noelia Capdevila Téllez,Baleares,Sagua,Periferikoak,213.36,6
913,2025-12-17,Geraldo Blazquez Aroca,Cádiz,Mahaigaineko ordenagailua,Ordenagailuak,1091.42,10
914,2026-02-01,Victoriano Mata Madrid,Badajoz,SSD diskoa,Osagaiak,1881.63,6
915,2026-05-08,Rufino Abril Comas,Guadalajara,Sagua,Periferikoak,804.57,8
916,2024-12-15,Pascuala Lopez Coca,Guadalajara,Ordenagailu eramangarria,Ordenagailuak,377.98,7
917,2025-05-15,Juliana Riba Mínguez,Zaragoza,Sagua,Periferikoak,789.53,9
918,2025-10-22,Luisina Grau Planas,Palencia,Sare-kablea,Sareak,1084.73,4
919,2025-03-14,Cristian Alemany Pareja,Barcelona,Ordenagailu eramangarria,Ordenagailuak,127.44,6
920,2025-04-27,Silvestre Robledo Herrera,Ceuta,Prozesadorea,Osagaiak,1534.17,2
921,2025-06-26,Pablo Rodriguez Peral,Tarragona,Prozesadorea,Osagaiak,1362.74,2
922,2026-05-28,Albino Collado Pavón,Ávila,Switch-a,Sareak,162.1,10
923,2025-01-11,Joel Chaves Álamo,Lugo,Sare-kablea,Sareak,1484.43,8
924,2025-04-21,Amor Antón Durán,Álava,Mahaigaineko ordenagailua,Ordenagailuak,1710.54,8
925,2026-07-26,Encarnación Gordillo,Cáceres,Monitorea,Periferikoak,1997.11,9
926,2026-09-07,Ramiro Galán Pérez,Ceuta,Sare-kablea,Sareak,381.95,9
927,2026-05-13,Judith Millán Quirós,Cáceres,Ordenagailu eramangarria,Ordenagailuak,1650.47,7
928,2025-04-09,Antonio Pareja Narváez,Ciudad,SSD diskoa,Osagaiak,338.69,2
929,2025-02-25,Reyes Mendoza Expósito,Santa Cruz de Tenerife,Ordenagailu eramangarria,Ordenagailuak,497.34,2
930,2025-11-09,Amalia Asensio Miranda,Granada,Ordenagailu eramangarria,Ordenagailuak,735.96,5
931,2025-09-24,Pili Portillo Pagès,Tarragona,Bideratzailea,Sareak,683.52,9
932,2025-09-25,Albano Piña Tapia,Girona,Ordenagailu eramangarria,Ordenagailuak,315.87,8
933,2026-07-02,Plinio Guardiola Garriga,Vizcaya,Mini PC,Ordenagailuak,334.64,9
934,2025-08-16,Fortunato Manso Palomino,Alicante,Webkamera,Periferikoak,494.26,10
935,2026-08-24,Maxi Valencia-Cabanillas,Burgos,Mahaigaineko ordenagailua,Ordenagailuak,1125.11,8
936,2025-08-22,Eusebio Cuéllar Bayo,Ourense,Mahaigaineko ordenagailua,Ordenagailuak,728.11,2
937,2026-02-24,Dora Sáenz Jaén,Segovia,RAM memoria,Osagaiak,1929.15,10
938,2024-10-22,Herberto Hernando Castelló Saez,Málaga,Wi-Fi egokigailua,Sareak,770.1,7
939,2025-04-03,Martín Barberá Hierro,Burgos,Bideratzailea,Sareak,600.48,3
940,2026-06-09,Guillermo del Bueno,Lleida,Sare-kablea,Sareak,1320.68,8
941,2024-11-25,Álvaro Puente Rosselló,La Coruña,Mahaigaineko ordenagailua,Ordenagailuak,137.4,6
942,2025-02-26,Aurora Lopez Santos,Murcia,Switch-a,Sareak,1947.6,3
943,2025-05-15,Marcelo Pinto Barrios,Zamora,Txartel grafikoa,Osagaiak,974.27,1
944,2026-06-19,Elba Iniesta Echeverría,Burgos,Prozesadorea,Osagaiak,565.51,2
945,2026-06-23,Trini Rivas Zamorano,Sevilla,Monitorea,Periferikoak,381.6,2
946,2025-05-31,Celestino Conrado Olmedo Rius,Lugo,Switch-a,Sareak,1982.89,7
947,2026-07-22,Gema Agustín-Fiol,Toledo,Sagua,Periferikoak,668.85,6
948,2025-01-11,Brunilda Valera Moliner,Zamora,Mini PC,Ordenagailuak,837.33,9
949,2026-09-15,Maximiliano Sancho Cabanillas,Castellón,Mini PC,Ordenagailuak,389.53,9
950,2025-12-06,Félix Gallego,Soria,Prozesadorea,Osagaiak,763.46,1
951,2026-07-10,Salud Casanovas,Segovia,Webkamera,Periferikoak,852.52,6
952,2026-05-21,Lourdes Narváez Carballo,Lleida,Webkamera,Periferikoak,769.22,9
953,2025-10-25,Elodia Ruiz Luque,Ávila,Prozesadorea,Osagaiak,188.83,1
954,2024-12-08,Ángeles Macaria Cabo Saldaña,Sevilla,Wi-Fi egokigailua,Sareak,1749.53,4
955,2026-04-14,Francisca de Ferrán,Baleares,SSD diskoa,Osagaiak,1986.59,7
956,2024-09-29,Ricarda Goicoechea Vera,Cuenca,Wi-Fi egokigailua,Sareak,634.53,4
957,2026-07-13,Alejandra Alcántara Amo,Zamora,Mahaigaineko ordenagailua,Ordenagailuak,1726.66,10
958,2025-05-26,Irene Herranz-Posada,Salamanca,Webkamera,Periferikoak,1701.6,10
959,2024-12-27,Pascuala Durán Quintana,Melilla,Switch-a,Sareak,900.29,2
960,2025-09-27,Rita Pou-Juan,Guadalajara,RAM memoria,Osagaiak,195.11,1
961,2024-10-02,Calista Amorós-Bermúdez,Albacete,Switch-a,Sareak,934.81,6
962,2025-03-17,Eustaquio de Higueras,Vizcaya,SSD diskoa,Osagaiak,1355.6,5
963,2026-08-07,Melchor Calderón Cantero,Pontevedra,Ordenagailu eramangarria,Ordenagailuak,224.18,5
964,2026-07-09,Antonio Urrutia Pardo,La Coruña,Teklatua,Periferikoak,1010.2,7
965,2025-09-14,Cruz Rivas Perez,Santa Cruz de Tenerife,Mahaigaineko ordenagailua,Ordenagailuak,1660.2,3
966,2024-10-01,Narciso Angulo Carpio,Huelva,Webkamera,Periferikoak,1262.76,9
967,2025-01-17,Benjamín Fernández-Andreu,Melilla,Mini PC,Ordenagailuak,1563.19,4
968,2024-12-16,Albino Morán,Ceuta,Teklatua,Periferikoak,1495.88,3
969,2025-04-11,Arturo Olivé,Lleida,Webkamera,Periferikoak,898.65,7
970,2025-03-25,Olegario Lucas,Badajoz,SSD diskoa,Osagaiak,344.26,8
971,2026-06-30,María Llabrés Montalbán,Pontevedra,Sare-kablea,Sareak,884.25,10
972,2025-06-23,Jafet Diego Aragón,Palencia,Webkamera,Periferikoak,606.77,9
973,2025-07-11,Cipriano Mora Román,Huelva,Sagua,Periferikoak,153.27,6
974,2025-01-07,Azucena Agustí Montalbán,Teruel,Monitorea,Periferikoak,442.59,10
975,2026-07-12,Ana Sofía del Luque,Melilla,Sagua,Periferikoak,215.71,5
976,2025-11-16,Nilda Rozas Moll,Cantabria,Ordenagailu eramangarria,Ordenagailuak,106.63,8
977,2026-09-16,Azeneth Casanova Santamaría,Pontevedra,Mahaigaineko ordenagailua,Ordenagailuak,1215.49,4
978,2025-04-20,Adela Serrano-Luís,La Coruña,Ordenagailu eramangarria,Ordenagailuak,1839.68,9
979,2025-05-28,Andrés Soriano Bustamante,Toledo,Mahaigaineko ordenagailua,Ordenagailuak,567.4,6
980,2024-11-21,Leire Arévalo Pozuelo,Tarragona,Sare-kablea,Sareak,1015.82,2
981,2026-08-09,Alberto Goicoechea Asenjo,Barcelona,Teklatua,Periferikoak,666.88,7
982,2025-01-26,Porfirio Peinado,Tarragona,Prozesadorea,Osagaiak,536.5,2
983,2026-08-16,Eligio Mur Pino,Tarragona,Ordenagailu eramangarria,Ordenagailuak,1899.17,10
984,2024-12-20,Tere Colomer Reyes,Sevilla,Bideratzailea,Sareak,1073.67,4
985,2026-01-19,Felipe Tolosa-Gonzalez,Córdoba,Wi-Fi egokigailua,Sareak,1461.1,6
986,2026-01-18,Ovidio Bermejo,Madrid,Prozesadorea,Osagaiak,440.1,4
987,2026-05-14,Jose Francisco Calvo,Castellón,Wi-Fi egokigailua,Sareak,1562.39,8
988,2026-06-04,Zacarías Castillo Gilabert,Jaén,Txartel grafikoa,Osagaiak,1782.79,9
989,2026-04-16,Andrés Lobo,Cáceres,SSD diskoa,Osagaiak,1953.73,2
990,2025-08-26,Ramón Canet Hernandez,Lleida,RAM memoria,Osagaiak,551.3,8
991,2025-06-07,Leonardo Blasco Pablo,Castellón,Switch-a,Sareak,817.64,7
992,2024-11-01,Gil Cabañas-Avilés,Toledo,Webkamera,Periferikoak,402.37,4
993,2025-01-30,Juan Manuel Uriarte-Villena,Badajoz,Bideratzailea,Sareak,1328.31,2
994,2024-12-17,Lucio Larrea Gómez,Murcia,Prozesadorea,Osagaiak,569.28,10
995,2025-07-07,Damián Ledesma Valbuena,Cáceres,Switch-a,Sareak,716.81,5
996,2026-03-13,Cirino Vaquero Tapia,Tarragona,Sagua,Periferikoak,353.4,2
997,2025-02-07,Bibiana Alberto Sánchez,Guipúzcoa,Prozesadorea,Osagaiak,368.33,2
998,2026-02-01,Manuel Ortuño Sáez,Madrid,RAM memoria,Osagaiak,972.14,1
999,2025-11-12,Silvestre Danilo Zapata Vaquero,Valladolid,Ordenagailu eramangarria,Ordenagailuak,1592.12,2
1000,2026-05-03,Jennifer Trujillo Orozco,Sevilla,Webkamera,Periferikoak,524.46,8
1001,2026-05-21,Pedro Flavio Villaverde Tomé,Cuenca,Mini PC,Ordenagailuak,1068.93,1
1002,2026-09-08,Narciso de Palau,Albacete,RAM memoria,Osagaiak,1187.94,7
1003,2025-02-21,Cleto Pina Campoy,Santa Cruz de Tenerife,Webkamera,Periferikoak,1967.67,3
1004,2026-07-20,Victoria Muñoz Portillo,Cuenca,Monitorea,Periferikoak,395.5,10
1005,2026-05-25,Inocencio Sanz Oliver,Baleares,Teklatua,Periferikoak,1026.87,3
1006,2026-02-03,Ema Cánovas,Madrid,Wi-Fi egokigailua,Sareak,137.37,1
1007,2024-10-23,Seve Manu Casal Baena,Granada,Bideratzailea,Sareak,886.45,1
1008,2025-03-26,Valeria Luque Vallés,Ávila,Mini PC,Ordenagailuak,559.18,4
1009,2025-11-25,Espiridión Gilabert Antón,Huelva,Switch-a,Sareak,1667.86,7
1010,2025-07-12,Victoriano Jurado Matas,Cádiz,Sare-kablea,Sareak,1395.41,10
1011,2026-02-04,Edgardo Cerdá,Navarra,RAM memoria,Osagaiak,621.39,2
1012,2025-11-11,Magdalena Español Peña,Badajoz,Sagua,Periferikoak,1083.56,6
1013,2025-08-31,Josefa Rivero Reguera,Albacete,Teklatua,Periferikoak,1965.98,7
1014,2026-03-29,Yésica Encarna Herrera Vigil,Barcelona,Mini PC,Ordenagailuak,1117.72,5
1015,2026-03-29,Begoña Quintana Aguado,Zaragoza,Mini PC,Ordenagailuak,947.6,2
1016,2025-04-09,Flavio Cabanillas Manso,Tarragona,Mahaigaineko ordenagailua,Ordenagailuak,1775.7,2
1017,2026-02-18,Bienvenida Valbuena,Ceuta,Mini PC,Ordenagailuak,1315.19,5
1018,2026-03-02,Samuel Toro Font,Asturias,Teklatua,Periferikoak,318.77,2
1019,2025-03-23,Jordi Amat Vega,La Coruña,Ordenagailu eramangarria,Ordenagailuak,1901.15,5
1020,2025-09-12,Sebastián Gutierrez Juliá,Sevilla,Bideratzailea,Sareak,890.18,1
1021,2025-01-05,Che de Tamayo,Girona,SSD diskoa,Osagaiak,1372.12,10
1022,2025-06-19,Gustavo Polo-Campo,La Rioja,Sare-kablea,Sareak,308.3,5
1023,2024-12-20,Adelina Mateo Aragón,Alicante,Wi-Fi egokigailua,Sareak,1976.17,8
1024,2025-04-14,Gastón Valle Vaquero,Huelva,Sare-kablea,Sareak,1055.8,3
1025,2025-06-07,Evelia Segura-Chaves,Zamora,SSD diskoa,Osagaiak,1896.5,2
1026,2025-06-25,María Dolores Escribano Vendrell,Barcelona,Wi-Fi egokigailua,Sareak,1210.74,6
1027,2024-11-12,Teodosio Cuenca Guardiola,Sevilla,Bideratzailea,Sareak,1027.86,8
1028,2026-04-01,Baldomero de Plana,Asturias,Teklatua,Periferikoak,1258.32,2
1029,2026-06-04,Ismael Perelló Andreu,Guadalajara,Ordenagailu eramangarria,Ordenagailuak,1435.57,7
1030,2026-09-15,Manu Folch-Ferrán,Madrid,Txartel grafikoa,Osagaiak,1395.36,4
1031,2026-03-19,Ruth Álvaro Fernandez,Palencia,Prozesadorea,Osagaiak,1293.85,2
1032,2024-10-18,Victoriano Adadia Palomares,Ourense,Prozesadorea,Osagaiak,702.23,9
1033,2025-02-09,Lucho Sáez,Huelva,Switch-a,Sareak,1646.8,8
1034,2025-12-24,Lucas Bermudez Castejón,Badajoz,Bideratzailea,Sareak,1026.29,1
1035,2024-10-10,Íñigo Severino Iglesias Portero,Asturias,Sagua,Periferikoak,1987.36,2
1036,2026-06-08,Leyre Esperanza Pujol Barberá,Palencia,Txartel grafikoa,Osagaiak,1923.33,1
1037,2025-05-28,Cornelio Nadal-Barranco,Castellón,Mini PC,Ordenagailuak,1677.93,6
1038,2025-03-15,Samuel Aranda Oliva,La Rioja,Mini PC,Ordenagailuak,1519.78,2
1039,2026-08-16,Porfirio Arnaiz-Calvet,Madrid,Switch-a,Sareak,1336.44,7
1040,2025-05-03,Agustín de Amo,Murcia,Sare-kablea,Sareak,1401.87,1
1041,2024-11-01,Obdulia Casares Ropero,Navarra,Switch-a,Sareak,241.56,2
1042,2025-06-07,Isa Barco Gárate,Ávila,Teklatua,Periferikoak,470.52,9
1043,2026-09-17,Ulises Iborra Barberá,Almería,Ordenagailu eramangarria,Ordenagailuak,903.23,5
1044,2025-05-11,Morena Vilma Hidalgo Manzano,Pontevedra,Mahaigaineko ordenagailua,Ordenagailuak,985.84,2
1045,2024-11-18,Clarisa del Palau,León,Mini PC,Ordenagailuak,624.46,9
1046,2026-06-20,Juan José del Montaña,Almería,Monitorea,Periferikoak,1849.52,10
1047,2025-04-16,Xavier Cerro,Granada,Switch-a,Sareak,256.47,3
1048,2026-09-07,Mirta Santiago Carbonell,Madrid,Ordenagailu eramangarria,Ordenagailuak,558.35,10
1049,2025-05-01,Amor Lorenzo Plana,Albacete,Sare-kablea,Sareak,792.56,1
1050,2025-02-21,Narciso Rosa Badía,Alicante,SSD diskoa,Osagaiak,1924.3,10
1051,2026-07-29,Sandalio Gascón-Amorós,Toledo,Webkamera,Periferikoak,1778.54,1
1052,2025-11-01,Timoteo Juanito Silva Rodrigo,Cáceres,Mahaigaineko ordenagailua,Ordenagailuak,962.95,4
1053,2026-07-18,Salomón Lledó-Boada,Vizcaya,SSD diskoa,Osagaiak,696.73,7
1054,2025-12-17,Edelmira Iglesia Alberola,Granada,Mini PC,Ordenagailuak,1358.41,5
1055,2025-08-13,Isidro Agullo Soler,Huelva,Txartel grafikoa,Osagaiak,1311.71,4
1056,2024-11-05,Emiliano Miralles Baró,Cádiz,Wi-Fi egokigailua,Sareak,1573.35,5
1057,2024-12-25,Candelario Ayala Guerrero,Segovia,Bideratzailea,Sareak,382.87,9
1058,2025-11-21,Leonel Goñi Barrera,Córdoba,Bideratzailea,Sareak,1394.45,9
1059,2025-12-06,Asunción Berenguer Vendrell,Baleares,Mini PC,Ordenagailuak,163.3,4
1060,2025-11-14,Andrea Roldan Luna,Albacete,Monitorea,Periferikoak,1248.46,6
1061,2026-07-11,José Mariscal Anguita,Huesca,Bideratzailea,Sareak,600.19,10
1062,2024-12-10,Sancho Millán,Castellón,Mahaigaineko ordenagailua,Ordenagailuak,1706.74,1
1063,2025-06-29,Antonio Gomez Vara,Murcia,Prozesadorea,Osagaiak,1740.67,1
1064,2026-01-18,Isabela Molins,Cantabria,Wi-Fi egokigailua,Sareak,1870.31,6
1065,2026-04-30,Cristina Sarmiento Miranda,Tarragona,RAM memoria,Osagaiak,916.93,7
1066,2024-11-21,Ligia de Paredes,Pontevedra,Sagua,Periferikoak,924.53,4
1067,2026-07-31,Román del Cervera,Zamora,SSD diskoa,Osagaiak,704.4,2
1068,2025-07-19,Brunilda Urrutia,Cádiz,Mahaigaineko ordenagailua,Ordenagailuak,36.21,2
1069,2025-04-04,Olivia del Cabrero,Alicante,Sare-kablea,Sareak,54.88,3
1070,2024-12-29,Ágata Pons,Huelva,Ordenagailu eramangarria,Ordenagailuak,828.89,9
1071,2026-02-25,Florentino Navarro Campos,Asturias,SSD diskoa,Osagaiak,1950.57,7
1072,2026-03-18,Ema Tejada Cañizares,Toledo,Bideratzailea,Sareak,316.0,10
1073,2026-01-28,Fortunata Montes Ródenas,Málaga,Monitorea,Periferikoak,1939.98,2
1074,2025-04-29,Amanda Villaverde Zapata,Girona,SSD diskoa,Osagaiak,791.4,3
1075,2024-10-24,Ildefonso Vives,Ourense,SSD diskoa,Osagaiak,208.44,5
1076,2024-12-19,Jose Francisco Ródenas-Goicoechea,Girona,SSD diskoa,Osagaiak,1246.96,2
1077,2026-01-23,Atilio Gabaldón Verdugo,Albacete,Prozesadorea,Osagaiak,1970.69,9
1078,2024-09-28,Gil Frutos Luján,Toledo,Txartel grafikoa,Osagaiak,1071.16,8
1079,2026-07-26,Iván Rosell Uriarte,Ávila,Sagua,Periferikoak,575.93,2
1080,2026-05-03,Prudencio de Morillo,Málaga,Monitorea,Periferikoak,570.58,9
1081,2026-02-21,Violeta Arenas Rosselló,Teruel,Mini PC,Ordenagailuak,655.24,9
1082,2026-08-17,Donato Cerro Peñalver,Soria,Ordenagailu eramangarria,Ordenagailuak,548.6,3
1083,2026-05-11,Elisabet Catalá Fiol,Melilla,Switch-a,Sareak,11.55,2
1084,2025-11-05,Pedro Enríquez,La Rioja,Wi-Fi egokigailua,Sareak,1261.48,10
1085,2026-01-02,Luisa Escolano Marín,Girona,Txartel grafikoa,Osagaiak,1008.8,7
1086,2025-10-25,Atilio Damián Capdevila Madrigal,León,Monitorea,Periferikoak,511.84,7
1087,2025-01-30,Nadia Carballo Olivera,Teruel,Ordenagailu eramangarria,Ordenagailuak,1589.61,8
1088,2026-02-07,Espiridión Leal Vera,Zamora,Sare-kablea,Sareak,129.71,6
1089,2026-01-29,Genoveva Salamanca Rodríguez,Córdoba,Teklatua,Periferikoak,554.62,4
1090,2026-01-01,Fabio Salvà Redondo,Ourense,Sagua,Periferikoak,1102.26,2
1091,2024-12-27,Ainara de Pinilla,Vizcaya,Monitorea,Periferikoak,1873.45,9
1092,2026-01-15,Clementina Paredes,Cáceres,Mini PC,Ordenagailuak,815.91,4
1093,2026-05-01,Eusebia Reyes Garriga,Álava,Teklatua,Periferikoak,1736.2,9
1094,2025-09-25,Alondra Crespo Luna,Albacete,Ordenagailu eramangarria,Ordenagailuak,1298.98,4
1095,2025-04-10,Santos Pina Pérez,Valencia,Mahaigaineko ordenagailua,Ordenagailuak,1770.1,2
1096,2025-09-27,Ainara Alcolea Cordero,Valencia,Mini PC,Ordenagailuak,1628.5,4
1097,2026-04-19,Loida Alvarado Matas,Lleida,Sagua,Periferikoak,209.33,10
1098,2025-06-25,Araceli Girón Ramos,Lugo,Wi-Fi egokigailua,Sareak,1863.89,9
1099,2025-06-30,Pascuala Prada Peralta,León,RAM memoria,Osagaiak,1188.3,7
1100,2025-08-16,Marcela Canales Mercader,Burgos,Prozesadorea,Osagaiak,200.71,3
1101,2026-06-17,Martina Iborra Blanes,La Coruña,Txartel grafikoa,Osagaiak,1076.92,10
1102,2024-11-06,Dolores Requena Merino,Burgos,Prozesadorea,Osagaiak,663.88,10
1103,2026-06-22,Onofre Gallart-Torres,Guadalajara,Switch-a,Sareak,664.59,8
1104,2026-07-28,Odalis Berenguer Peña,Valladolid,Ordenagailu eramangarria,Ordenagailuak,336.66,2
1105,2025-02-15,Alejo Rodrigo Valbuena,Santa Cruz de Tenerife,Txartel grafikoa,Osagaiak,291.95,9
1106,2025-07-12,Benigno Isaac Mariscal Linares,Salamanca,Wi-Fi egokigailua,Sareak,1159.83,3
1107,2025-04-23,Samu Pera,Lugo,Txartel grafikoa,Osagaiak,436.42,3
1108,2025-10-11,Adelina Moll Rico,Burgos,Txartel grafikoa,Osagaiak,142.0,5
1109,2025-02-16,Julio César Segarra Muro,Almería,Txartel grafikoa,Osagaiak,1222.2,2
1110,2026-01-01,Francisco Jose de Fernández,Girona,Webkamera,Periferikoak,1201.93,5
1111,2025-12-23,Dominga Francisco Berenguer,Badajoz,Sagua,Periferikoak,578.22,5
1112,2024-12-25,Maristela Piñol,Ourense,Mini PC,Ordenagailuak,1243.35,10
1113,2025-02-23,Ruben Guardiola Gascón,Zaragoza,Switch-a,Sareak,298.21,8
1114,2025-05-18,Bruno Vidal Sabater,Sevilla,Mahaigaineko ordenagailua,Ordenagailuak,674.38,9
1115,2025-03-18,Florinda Pol Sánchez,Granada,Mini PC,Ordenagailuak,654.67,2
1116,2026-08-22,Pelayo Clavero-Ruiz,Madrid,SSD diskoa,Osagaiak,1408.15,9
1117,2026-01-13,Albano Pavón Solano,Toledo,Sare-kablea,Sareak,442.78,9
1118,2025-06-30,Raúl Alarcón Ferrández,Huesca,RAM memoria,Osagaiak,16.75,5
1119,2024-12-01,Zoraida Izaguirre Valverde,Pontevedra,Monitorea,Periferikoak,73.82,5
1120,2025-07-11,Emigdio Barceló-Anglada,Pontevedra,Sare-kablea,Sareak,1009.22,8
1121,2024-10-21,Mariano Coronado Elorza,Ávila,Mahaigaineko ordenagailua,Ordenagailuak,1713.15,1
1122,2026-01-02,Faustino Cabanillas Lobato,Segovia,Bideratzailea,Sareak,686.86,6
1123,2026-07-17,Palmira Pazos-Villalonga,Sevilla,Txartel grafikoa,Osagaiak,857.85,1
1124,2025-02-11,Brunilda Lasa,Cádiz,Mahaigaineko ordenagailua,Ordenagailuak,96.35,10
1125,2026-02-08,Carmela Acero Merino,Navarra,SSD diskoa,Osagaiak,246.43,8
1126,2025-11-11,Anunciación Carnero Botella,Toledo,Ordenagailu eramangarria,Ordenagailuak,385.4,10
1127,2026-04-06,César Perera Seguí,Toledo,Ordenagailu eramangarria,Ordenagailuak,635.87,4
1128,2025-05-08,Olalla Madrid Enríquez,Barcelona,SSD diskoa,Osagaiak,852.28,4
1129,2026-07-01,Eusebio Jover Sabater,Ávila,Webkamera,Periferikoak,732.74,6
1130,2026-04-10,Javiera Donaire,Palencia,Webkamera,Periferikoak,323.68,10
1131,2026-09-19,Fanny Malo Galan,Tarragona,SSD diskoa,Osagaiak,190.65,4
1132,2025-03-02,Alcides Carlos-Villanueva,Lugo,Sagua,Periferikoak,961.75,6
1133,2025-11-09,Xiomara Aragón-Mora,Santa Cruz de Tenerife,Monitorea,Periferikoak,1785.1,3
1134,2025-09-06,Miriam Cabrera Exposito,Granada,Switch-a,Sareak,961.69,3
1135,2025-08-10,Jessica Martina Royo Pujol,Ciudad,Mahaigaineko ordenagailua,Ordenagailuak,1486.47,10
1136,2025-09-11,Emperatriz Arjona Guillén,La Rioja,Webkamera,Periferikoak,1590.34,10
1137,2025-11-30,José María Delgado Mas,Ourense,Switch-a,Sareak,271.84,6
1138,2026-09-02,Ruy Rodolfo Cid Oliva,La Coruña,Ordenagailu eramangarria,Ordenagailuak,948.0,3
1139,2026-06-30,Fabio Apolinar Esteban Guzman,Las Palmas,Prozesadorea,Osagaiak,1488.31,3
1140,2024-09-27,Francisco Jose Cabo Sotelo,Tarragona,Sagua,Periferikoak,1874.6,7
1141,2026-02-21,Guillermo Castells Monreal,La Coruña,Wi-Fi egokigailua,Sareak,1844.36,7
1142,2025-10-18,Laura Amores Girona,Vizcaya,Switch-a,Sareak,760.46,6
1143,2025-12-13,Zoraida Berenguer Grau,Madrid,Ordenagailu eramangarria,Ordenagailuak,95.27,5
1144,2024-11-30,Montserrat Escolano Roig,Girona,Wi-Fi egokigailua,Sareak,797.86,8
1145,2025-04-02,Carmina Cárdenas Puig,Lleida,Ordenagailu eramangarria,Ordenagailuak,714.87,2
1146,2026-05-03,Cecilio Montaña Castells,Soria,Sare-kablea,Sareak,28.62,7
1147,2026-04-10,Ibán Efraín Carmona Sanjuan,Vizcaya,Sare-kablea,Sareak,1463.42,9
1148,2024-12-14,Ibán Pla Bernal,Álava,Monitorea,Periferikoak,1946.9,10
1149,2025-02-15,Pascuala Trini Sanz Royo,Lleida,Monitorea,Periferikoak,86.15,8
1150,2025-06-18,Noelia Flora Iniesta Roig,Soria,Wi-Fi egokigailua,Sareak,1575.3,9
1151,2025-02-01,Hilda Alemany Salom,Granada,Teklatua,Periferikoak,1225.14,6
1152,2025-10-16,Diana Díez Blasco,Barcelona,Mini PC,Ordenagailuak,301.81,8
1153,2026-07-07,Jesusa Hervás Zabaleta,Alicante,Bideratzailea,Sareak,673.47,1
1154,2025-12-12,Graciano Vila Bermúdez,Santa Cruz de Tenerife,SSD diskoa,Osagaiak,870.51,1
1155,2026-08-18,Poncio Bernad-Rosselló,Zamora,RAM memoria,Osagaiak,1174.33,5
1156,2026-02-12,Glauco Suárez Garrido,Cuenca,RAM memoria,Osagaiak,571.64,1
1157,2026-07-20,Elías Abilio Ramírez Galan,Zamora,Sare-kablea,Sareak,1350.16,5
1158,2025-08-27,Ariadna Giralt Gomila,Teruel,Monitorea,Periferikoak,457.8,10
1159,2026-03-09,Sarita Jimena Rivero Mulet,Lugo,Teklatua,Periferikoak,707.43,6
1160,2026-05-17,Jerónimo Valenzuela Galvez,Soria,Webkamera,Periferikoak,528.51,1
1161,2025-12-28,Fabiola de Galiano,Granada,Mahaigaineko ordenagailua,Ordenagailuak,1542.4,8
1162,2024-10-15,Marisol Carina Ortiz Rosado,Valladolid,Bideratzailea,Sareak,1543.36,9
1163,2026-09-16,Águeda Catalá Pinedo,Badajoz,Sare-kablea,Sareak,452.27,2
1164,2025-02-01,Rodolfo Quero Real,Valladolid,Sagua,Periferikoak,861.76,5
1165,2026-04-09,Nazaret Moll Vallés,Ceuta,Webkamera,Periferikoak,1018.96,8
1166,2026-05-20,Camila Elías Páez,Álava,Monitorea,Periferikoak,1567.59,3
1167,2025-06-30,Hortensia Reguera Fabregat,Salamanca,Ordenagailu eramangarria,Ordenagailuak,288.78,10
1168,2025-12-05,Ainoa Morcillo Iborra,Ourense,Mini PC,Ordenagailuak,971.87,2
1169,2024-10-10,Verónica Rosa Porras Vidal,Cáceres,Webkamera,Periferikoak,760.92,4
1170,2025-09-03,Felix Cazorla,Asturias,Prozesadorea,Osagaiak,428.73,8
1171,2025-03-21,Isidora Dalila Elorza Serra,Zaragoza,Wi-Fi egokigailua,Sareak,1791.2,4
1172,2026-03-05,Abraham Antúnez Ramos,Jaén,Bideratzailea,Sareak,1608.53,5
1173,2026-02-28,Miriam Luna Alvarez Ródenas,Toledo,Ordenagailu eramangarria,Ordenagailuak,604.5,1
1174,2025-07-12,Mayte Sacristán,Zamora,Teklatua,Periferikoak,217.18,5
1175,2026-03-05,Haydée Nicolás Cifuentes,Zamora,Mahaigaineko ordenagailua,Ordenagailuak,435.33,2
1176,2026-01-05,Jenaro Tur Hierro,Guipúzcoa,Monitorea,Periferikoak,1416.56,6
1177,2026-02-16,Eli Araujo-Chaves,Melilla,Wi-Fi egokigailua,Sareak,58.28,6
1178,2026-02-27,Pepito Cebrián Mayol Talavera,Soria,Monitorea,Periferikoak,321.95,3
1179,2025-12-11,Domitila Goñi Anaya,Palencia,SSD diskoa,Osagaiak,308.74,1
1180,2025-06-16,Petrona Villanueva,Lugo,Sagua,Periferikoak,1996.44,3
1181,2025-10-11,Teresita Toro Dominguez,Cádiz,Webkamera,Periferikoak,1842.48,1
1182,2025-05-31,Cristian Dani Conesa Lobo,Segovia,Ordenagailu eramangarria,Ordenagailuak,735.63,8
1183,2026-05-30,Viviana Gracia,Huesca,Mini PC,Ordenagailuak,72.51,2
1184,2025-09-29,Leonel Bernad-Barba,Ourense,Sagua,Periferikoak,506.32,3
1185,2025-03-09,Carmen Arjona Larrañaga,Ávila,RAM memoria,Osagaiak,1506.8,3
1186,2024-11-07,Domingo del Simó,Murcia,Teklatua,Periferikoak,658.81,2
1187,2025-09-08,Anna Tamarit Figueroa,Murcia,RAM memoria,Osagaiak,1230.62,5
1188,2025-11-22,Plácido Salas Ferreras,Álava,Mahaigaineko ordenagailua,Ordenagailuak,1550.52,10
1189,2025-09-18,Fidel Vendrell Tomas,Segovia,Monitorea,Periferikoak,546.68,4
1190,2025-04-12,Lidia del Sacristán,Valladolid,Sagua,Periferikoak,1003.0,6
1191,2025-09-20,Anacleto Rosales Mayo,León,Wi-Fi egokigailua,Sareak,1311.87,9
1192,2025-02-12,Rico Guardiola Garcés,Málaga,SSD diskoa,Osagaiak,660.98,9
1193,2024-12-08,Marcos Cruz Cortes Morante,Cantabria,Sare-kablea,Sareak,1614.21,3
1194,2025-05-19,Juana Riera,Ceuta,SSD diskoa,Osagaiak,971.38,6
1195,2025-05-05,Saturnina Miró Sandoval,Las Palmas,Txartel grafikoa,Osagaiak,1566.53,1
1196,2024-11-03,Felicidad Chaves Saura,Albacete,Switch-a,Sareak,432.84,5
1197,2026-05-24,Felipe Roma Piñeiro,Navarra,Sagua,Periferikoak,1638.27,10
1198,2026-06-11,Anselmo Herrero Cueto,Toledo,Sare-kablea,Sareak,1933.92,10
1199,2026-08-19,Rosario Porta Torrens,Cuenca,Sare-kablea,Sareak,126.12,1
1200,2025-04-13,Isabel Luís Cantero,Barcelona,Teklatua,Periferikoak,669.99,7
1201,2026-06-23,Emperatriz Folch-Borja,Ciudad,SSD diskoa,Osagaiak,1177.69,5
1202,2026-02-09,Rolando Bayo Mir,Vizcaya,Webkamera,Periferikoak,1535.27,3
1203,2025-08-31,Fidela Mínguez Flor,Córdoba,Teklatua,Periferikoak,292.15,7
1204,2025-07-10,Rosalva Asensio Álvaro,Málaga,Wi-Fi egokigailua,Sareak,38.72,7
1205,2026-08-25,Rosa Téllez Lumbreras,Santa Cruz de Tenerife,Ordenagailu eramangarria,Ordenagailuak,1509.9,10
1206,2026-09-05,Juan Pablo Cuadrado Vilanova,Ourense,Mahaigaineko ordenagailua,Ordenagailuak,1254.83,4
1207,2026-04-06,Salomé Lluch Solana,Valencia,Ordenagailu eramangarria,Ordenagailuak,1337.42,2
1208,2026-01-09,Jenny Álamo Rosell,La Coruña,SSD diskoa,Osagaiak,18.79,7
1209,2024-09-30,Inmaculada Contreras Jove,Palencia,Mini PC,Ordenagailuak,1577.41,9
1210,2026-01-14,Rogelio Pacheco,Cantabria,Switch-a,Sareak,427.39,3
1211,2024-10-13,Sonia Almudena Castejón Olivé,Guadalajara,Mahaigaineko ordenagailua,Ordenagailuak,1906.29,4
1212,2025-05-03,Elba Guijarro Gaya,Albacete,RAM memoria,Osagaiak,1802.56,2
1213,2024-10-12,Goyo Avilés,León,Sare-kablea,Sareak,411.26,7
1214,2024-11-30,José Luis Villalonga Carro,Valladolid,Ordenagailu eramangarria,Ordenagailuak,251.62,10
1215,2026-03-25,Herminia Feijoo Gallo,Zaragoza,Monitorea,Periferikoak,983.32,9
1216,2026-08-14,Abraham Pinto Rivera,Badajoz,Mahaigaineko ordenagailua,Ordenagailuak,743.39,2
1217,2026-08-15,Darío Pascual Blasco Porta,Albacete,Wi-Fi egokigailua,Sareak,1499.82,6
1218,2025-01-04,Chus de Castellanos,Barcelona,Mini PC,Ordenagailuak,967.97,1
1219,2025-12-03,Toribio Marcos,Salamanca,Mahaigaineko ordenagailua,Ordenagailuak,1691.2,7
1220,2025-01-29,Bárbara Escudero,Baleares,RAM memoria,Osagaiak,66.63,4
1221,2025-07-15,Yéssica Lara Montesinos,Zamora,Teklatua,Periferikoak,684.3,8
1222,2026-03-14,Yago Ramón Artigas,Valladolid,Mini PC,Ordenagailuak,1484.67,3
1223,2024-12-06,Viviana Gisbert Briones,Asturias,Prozesadorea,Osagaiak,1988.6,8
1224,2026-06-10,Isabela de Abascal,Lugo,Sare-kablea,Sareak,1847.32,3
1225,2026-01-16,María Luisa Bárcena Tejedor,Valencia,Sagua,Periferikoak,262.28,9
1226,2026-05-04,Daniel Blanca Bustamante,Girona,Prozesadorea,Osagaiak,516.28,5
1227,2026-03-10,Fidel Pedro Sevilla Vizcaíno,Valladolid,RAM memoria,Osagaiak,676.54,6
1228,2025-11-20,Raúl Plaza Asensio,Cádiz,Prozesadorea,Osagaiak,297.81,1
1229,2025-01-20,Adelina Terrón Tomás,Cantabria,Txartel grafikoa,Osagaiak,930.27,8
1230,2025-10-27,Ramón Losa Vilar,Guipúzcoa,Sagua,Periferikoak,527.43,8
1231,2026-01-21,Rafaela Vives Jódar,Zamora,Wi-Fi egokigailua,Sareak,878.82,1
1232,2024-12-02,Saturnina Cantero Carreño,Barcelona,SSD diskoa,Osagaiak,633.57,7
1233,2026-08-30,Casandra Puga,Burgos,Mini PC,Ordenagailuak,459.99,1
1234,2026-03-13,Lucila Cordero Zapata,Zaragoza,SSD diskoa,Osagaiak,1109.29,9
1235,2025-06-24,Noé Daza Gonzalo,Murcia,Txartel grafikoa,Osagaiak,1762.25,5
1236,2026-08-25,Emiliana Porta Vélez,Lugo,Mahaigaineko ordenagailua,Ordenagailuak,664.17,5
1237,2024-11-17,Nayara del Gallardo,Almería,Mahaigaineko ordenagailua,Ordenagailuak,292.18,8
1238,2026-04-05,Gustavo de Rius,Palencia,RAM memoria,Osagaiak,514.44,2
1239,2026-08-28,Buenaventura Querol-Casal,Castellón,Txartel grafikoa,Osagaiak,296.86,5
1240,2024-10-01,Juan Bautista Merino Zamora,Vizcaya,Webkamera,Periferikoak,480.84,8
1241,2026-05-17,Perlita del Corral,Valladolid,Monitorea,Periferikoak,1797.34,1
1242,2026-05-28,Basilio Soler-Rojas,Teruel,Sare-kablea,Sareak,1558.37,4
1243,2024-11-27,María Belén Teresa Pareja Hernández,Tarragona,Mahaigaineko ordenagailua,Ordenagailuak,868.7,2
1244,2026-05-31,Víctor Infante-Verdejo,La Rioja,Monitorea,Periferikoak,735.1,1
1245,2026-02-26,Daniela Uría Giralt,Sevilla,Mahaigaineko ordenagailua,Ordenagailuak,217.99,8
1246,2025-12-10,Alondra Campos Cabello,Baleares,Switch-a,Sareak,743.74,10
1247,2026-05-12,Fulgencio Sacristán Serna,La Coruña,Sare-kablea,Sareak,1375.3,4
1248,2024-10-11,Ariel Manzano Revilla,Toledo,Txartel grafikoa,Osagaiak,1744.32,6
1249,2025-06-08,Emiliano del Asenjo,Lleida,Monitorea,Periferikoak,1579.2,4
1250,2026-03-18,Reyna Dueñas Valero,Guipúzcoa,Monitorea,Periferikoak,1267.68,4
1251,2026-05-21,Zacarías Botella Ramis,Salamanca,Webkamera,Periferikoak,1314.23,7
1252,2025-04-05,Felicia Navas Río,Valladolid,RAM memoria,Osagaiak,1969.21,6
1253,2024-12-14,Esmeralda Velasco-Marti,La Coruña,Mini PC,Ordenagailuak,1429.9,4
1254,2024-11-29,Zoraida Valentina Quiroga Lago,Teruel,Mahaigaineko ordenagailua,Ordenagailuak,1096.45,7
1255,2026-07-28,Telmo Marin Blanca,Ceuta,Txartel grafikoa,Osagaiak,1696.5,4
1256,2026-01-24,Albert Urrutia-Gomez,Ciudad,RAM memoria,Osagaiak,906.82,4
1257,2024-10-03,Agustín del Ródenas,Navarra,RAM memoria,Osagaiak,849.23,9
1258,2025-12-25,Piedad Jurado Pascual,Las Palmas,Wi-Fi egokigailua,Sareak,751.3,6
1259,2024-11-19,Felipe Huerta Castells,Zamora,Webkamera,Periferikoak,1101.4,2
1260,2026-03-03,Samanta de Sola,Ourense,Prozesadorea,Osagaiak,947.79,8
1261,2025-11-29,Che Alonso Sanabria,Huelva,Sare-kablea,Sareak,1781.9,3
1262,2026-02-03,Plácido Llorente Iniesta,Teruel,Mini PC,Ordenagailuak,1010.55,3
1263,2025-02-28,Esmeralda Mayo Murillo,Ourense,Sare-kablea,Sareak,300.98,9
1264,2026-06-15,Amelia Olivia Palma Carretero,Salamanca,Teklatua,Periferikoak,1089.52,3
1265,2025-03-24,Remedios Purificación Escobar Escudero,Segovia,Txartel grafikoa,Osagaiak,1497.15,6
1266,2024-12-01,Maribel Ponce Ramón,Tarragona,Mahaigaineko ordenagailua,Ordenagailuak,288.43,3
1267,2025-05-09,Paulino Ros Iniesta,Ávila,Ordenagailu eramangarria,Ordenagailuak,538.51,4
1268,2025-06-07,Fortunato Sans Burgos,Albacete,Prozesadorea,Osagaiak,1145.7,6
1269,2025-01-25,Adora Acuña,Jaén,Mahaigaineko ordenagailua,Ordenagailuak,61.72,10
1270,2026-06-13,Ciríaco Valentín Espada,Huelva,Teklatua,Periferikoak,1791.87,3
1271,2025-11-17,Olalla Elías Vera,León,Teklatua,Periferikoak,1279.4,9
1272,2026-05-06,Esteban Baltasar Oller Escribano,Badajoz,Mahaigaineko ordenagailua,Ordenagailuak,400.77,3
1273,2026-08-09,Selena del Samper,Sevilla,Teklatua,Periferikoak,697.31,6
1274,2025-03-17,Cecilia Quintero Arnaiz,Almería,Txartel grafikoa,Osagaiak,1665.84,10
1275,2026-06-04,Natanael Montes Águila,Valladolid,Mini PC,Ordenagailuak,1322.25,5
1276,2024-12-31,Esteban Roldan,Las Palmas,Webkamera,Periferikoak,173.62,1
1277,2024-12-09,Julie del Maza,Zamora,Wi-Fi egokigailua,Sareak,1583.87,1
1278,2025-02-08,Fabio Durán Mir,Murcia,Ordenagailu eramangarria,Ordenagailuak,101.38,7
1279,2025-06-07,Amaya del Verdugo,Málaga,SSD diskoa,Osagaiak,1399.89,1
1280,2024-12-05,Victor Manuel Giralt Montero,Teruel,RAM memoria,Osagaiak,1019.26,10
1281,2024-10-27,Clarisa Carnero Manrique,Ciudad,Mini PC,Ordenagailuak,1671.42,3
1282,2026-05-20,África Quesada Arribas,Burgos,Switch-a,Sareak,1278.85,5
1283,2026-02-02,Cristian Valentín Llamas Recio,La Rioja,Sare-kablea,Sareak,777.35,4
1284,2025-03-28,Matías Prats Arnaiz,Barcelona,Switch-a,Sareak,149.81,2
1285,2025-01-18,Anabel Español Morán,Valencia,Mahaigaineko ordenagailua,Ordenagailuak,1961.87,7
1286,2025-10-20,Tiburcio Lucas Jurado Camps,La Coruña,Sagua,Periferikoak,1951.11,9
1287,2025-02-17,Alicia Somoza,Badajoz,Bideratzailea,Sareak,473.4,7
1288,2024-11-24,Dionisio Ruano Peláez,Valencia,RAM memoria,Osagaiak,910.76,1
1289,2026-04-08,Amada Alcaraz Corominas,Córdoba,RAM memoria,Osagaiak,722.59,4
1290,2025-07-06,Esteban Vega Bartolomé,Cádiz,Mini PC,Ordenagailuak,403.42,8
1291,2026-06-22,Tadeo Hoyos Álvaro,Navarra,Ordenagailu eramangarria,Ordenagailuak,298.7,6
1292,2024-12-14,Hernando Villaverde Alemany,Toledo,Mahaigaineko ordenagailua,Ordenagailuak,763.4,3
1293,2026-02-05,Graciano Acevedo Barragán,Vizcaya,Mini PC,Ordenagailuak,250.28,1
1294,2024-10-08,Marianela Polo Lumbreras,León,Mini PC,Ordenagailuak,491.87,8
1295,2025-06-02,Julia Coronado Santos,Ceuta,Sagua,Periferikoak,592.81,3
1296,2026-09-23,Gerónimo Almansa Rosales,Burgos,Bideratzailea,Sareak,946.52,9
1297,2026-09-14,Sosimo Osorio Galindo,La Rioja,Txartel grafikoa,Osagaiak,948.93,8
1298,2026-08-20,Filomena Nebot Moreno,Barcelona,Switch-a,Sareak,508.27,4
1299,2026-08-17,Filomena Ximena Sierra Real,Segovia,SSD diskoa,Osagaiak,442.5,3
1300,2024-12-12,Emperatriz Revilla Azcona,Castellón,Wi-Fi egokigailua,Sareak,1134.2,7
1301,2025-02-02,Aitana Fábregas Polo,Cuenca,Switch-a,Sareak,1318.51,10
1302,2025-01-11,Josefina Hoyos Castrillo,Guadalajara,Prozesadorea,Osagaiak,1389.12,2
1303,2024-10-09,Fito Bosch Millán,Cantabria,Mini PC,Ordenagailuak,313.27,5
1304,2025-06-15,Marisela Salom Taboada,Teruel,Ordenagailu eramangarria,Ordenagailuak,598.38,2
1305,2026-07-13,Ceferino Ribes Carrasco,Cáceres,Txartel grafikoa,Osagaiak,1438.35,4
1306,2026-01-21,Wálter Salgado Caballero,Barcelona,Mahaigaineko ordenagailua,Ordenagailuak,973.48,8
1307,2026-04-07,Noemí Pareja-Sainz,León,Prozesadorea,Osagaiak,1992.62,10
1308,2026-07-02,Venceslás Pelayo Bayón,Barcelona,Monitorea,Periferikoak,1392.5,3
1309,2026-09-18,Maximiliano Montes,Teruel,Ordenagailu eramangarria,Ordenagailuak,731.77,8
1310,2025-12-21,Hilda Dominguez-Patiño,Cantabria,Mini PC,Ordenagailuak,578.66,1
1311,2025-05-14,Amancio Haro Medina,León,Sare-kablea,Sareak,696.5,5
1312,2026-01-18,Mamen Angulo Castrillo,Valencia,Bideratzailea,Sareak,624.48,4
1313,2025-06-28,Ovidio León Perez,Huesca,Sare-kablea,Sareak,838.9,6
1314,2026-08-13,Leoncio Ferrando-Torrijos,Cuenca,Prozesadorea,Osagaiak,1875.57,2
1315,2026-06-14,Aitor Castells Campo,Asturias,Sagua,Periferikoak,769.8,3
1316,2026-04-15,Adalberto Alcalde Nogueira,Burgos,Txartel grafikoa,Osagaiak,1297.42,2
1317,2024-11-04,Cornelio Bertrán Estevez,Teruel,Ordenagailu eramangarria,Ordenagailuak,12.55,4
1318,2024-10-30,Guillermo Montes Ávila,Lugo,RAM memoria,Osagaiak,1455.63,10
1319,2025-09-01,Teresa Barriga-Salas,Málaga,Prozesadorea,Osagaiak,167.22,4
1320,2025-01-07,Maricela de Casals,Cantabria,Sagua,Periferikoak,1742.41,4
1321,2025-07-09,Emiliana Revilla-Velázquez,Castellón,Txartel grafikoa,Osagaiak,518.44,4
1322,2026-01-15,Epifanio Cuéllar-Barón,Asturias,Mahaigaineko ordenagailua,Ordenagailuak,709.93,1
1323,2024-11-21,Adora Borja Montalbán,Tarragona,Bideratzailea,Sareak,1170.33,6
1324,2025-06-12,Flora Valero Marín,Guadalajara,Switch-a,Sareak,472.75,3
1325,2026-02-10,Josefa Serrano Morata,Lleida,Mahaigaineko ordenagailua,Ordenagailuak,931.19,3
1326,2025-07-27,Ulises Chaparro Moliner,Santa Cruz de Tenerife,Switch-a,Sareak,823.46,1
1327,2026-04-24,Carlos Espejo Gaya,Albacete,Sare-kablea,Sareak,972.19,5
1328,2025-02-15,Genoveva Cuadrado Mateos,Ceuta,Sagua,Periferikoak,1001.77,8
1329,2025-08-07,Jose Francisco Barreda Osuna,Asturias,Wi-Fi egokigailua,Sareak,1450.61,10
1330,2025-01-05,Leocadia Gascón,Madrid,Teklatua,Periferikoak,1964.39,3
1331,2025-12-28,Inés María José Carro Castilla,Guipúzcoa,Monitorea,Periferikoak,1657.88,3
1332,2025-11-10,Ana Belén Alemán Salvador,La Rioja,Sagua,Periferikoak,433.41,4
1333,2025-12-30,Roberta Lozano Niño,Tarragona,Sagua,Periferikoak,1852.16,6
1334,2026-02-22,Cándida Ruth Ibañez Torres,Albacete,SSD diskoa,Osagaiak,1051.12,7
1335,2025-12-23,Juan Luis Tudela Sevillano,Asturias,Txartel grafikoa,Osagaiak,802.99,4
1336,2026-02-25,Susana Barral Sáez,Ceuta,Teklatua,Periferikoak,675.45,10
1337,2025-11-08,Feliciano Tormo-Miralles,Zaragoza,Switch-a,Sareak,1966.76,10
1338,2025-04-27,Quirino Ferrero Zabaleta,Ciudad,Mahaigaineko ordenagailua,Ordenagailuak,871.89,1
1339,2025-04-02,Eusebio Amaya Andres,Ávila,Monitorea,Periferikoak,957.99,3
1340,2025-12-24,Camila del Miralles,Cuenca,Sare-kablea,Sareak,570.25,10
1341,2025-04-19,Belen Moraleda-Alegria,Almería,Wi-Fi egokigailua,Sareak,1136.61,6
1342,2025-05-12,Malena Amigó Rovira,La Coruña,RAM memoria,Osagaiak,673.78,1
1343,2025-05-18,Almudena Vidal-Barba,Madrid,Teklatua,Periferikoak,1903.8,3
1344,2024-12-07,Pepe Gutierrez Briones,Huelva,SSD diskoa,Osagaiak,171.52,6
1345,2025-09-18,Ana del Priego,Navarra,Ordenagailu eramangarria,Ordenagailuak,1672.26,8
1346,2024-12-17,Danilo Heras-Barbero,Almería,RAM memoria,Osagaiak,985.5,1
1347,2026-03-31,Trinidad Cervantes Valle,Guadalajara,Txartel grafikoa,Osagaiak,1553.81,7
1348,2025-10-01,Jose Manuel Albano Ribera Bayo,Cantabria,Mini PC,Ordenagailuak,78.26,4
1349,2024-09-29,Luis Ángel Pedro Verdú,La Coruña,Switch-a,Sareak,316.68,1
1350,2025-04-05,Lina Pont Cuesta,Valladolid,Monitorea,Periferikoak,690.25,6
1351,2025-07-07,Jaime Alberto Salinas Vigil,Castellón,Sagua,Periferikoak,235.5,7
1352,2026-03-20,Cornelio Martín,Palencia,Mahaigaineko ordenagailua,Ordenagailuak,744.59,1
1353,2025-11-11,César Vicente-Alvarez,Álava,RAM memoria,Osagaiak,1703.23,6
1354,2025-09-23,Pacífica Morán Seco,Pontevedra,RAM memoria,Osagaiak,1890.62,8
1355,2026-04-27,Antonio de Abad,Salamanca,Teklatua,Periferikoak,1760.1,5
1356,2025-05-03,Pastora Cuervo Cabanillas,Huesca,Ordenagailu eramangarria,Ordenagailuak,1327.24,7
1357,2024-11-18,Montserrat Alonso Martorell,Baleares,Monitorea,Periferikoak,295.33,8
1358,2024-12-20,Valerio Tamayo Díaz,Baleares,Prozesadorea,Osagaiak,1489.3,8
1359,2025-04-09,Julia Barroso-Coronado,Asturias,Webkamera,Periferikoak,1393.48,1
1360,2025-09-22,Haydée Díez Alcalde,Sevilla,Ordenagailu eramangarria,Ordenagailuak,1969.98,5
1361,2026-03-02,Salvador Lastra,Sevilla,Monitorea,Periferikoak,1977.24,4
1362,2026-05-08,Ulises Rozas Torres,Teruel,Bideratzailea,Sareak,591.46,2
1363,2025-08-23,Macaria Céspedes Perea,Toledo,Sagua,Periferikoak,661.94,6
1364,2025-01-28,Florencia Solsona Olivera,Burgos,Sare-kablea,Sareak,1388.69,7
1365,2026-08-26,Marcial Isern Cervantes,Huelva,Webkamera,Periferikoak,928.96,9
1366,2026-07-05,Lilia Codina Noguera,Zaragoza,RAM memoria,Osagaiak,1676.26,7
1367,2026-05-18,Josué Arnaiz Vizcaíno,Ourense,Ordenagailu eramangarria,Ordenagailuak,526.7,3
1368,2026-02-05,Laura Caro Morell,Navarra,Txartel grafikoa,Osagaiak,1076.84,7
1369,2025-11-19,Noemí Camino Gonzalez,Burgos,RAM memoria,Osagaiak,1471.0,9
1370,2025-09-20,Ovidio Medina Herranz,Granada,Ordenagailu eramangarria,Ordenagailuak,1114.81,2
1371,2024-10-11,Eusebio Carrillo Galan,Vizcaya,Prozesadorea,Osagaiak,142.32,8
1372,2025-07-28,Nadia Quintana Alarcón,Guipúzcoa,Mahaigaineko ordenagailua,Ordenagailuak,772.26,5
1373,2025-12-20,Mercedes Arnaiz Tur,Madrid,Wi-Fi egokigailua,Sareak,724.3,5
1374,2026-06-14,Primitiva Cabañas Rocamora,Soria,Sare-kablea,Sareak,60.48,1
1375,2026-04-01,Jordán Iniesta Briones,Ciudad,Bideratzailea,Sareak,936.48,6
1376,2025-12-08,Alexandra Moraleda Menendez,Castellón,Txartel grafikoa,Osagaiak,199.1,3
1377,2026-08-07,Anastasia Vallés Escudero,Cuenca,Mini PC,Ordenagailuak,1162.49,9
1378,2025-03-27,Paco Villanueva Tudela,León,Mahaigaineko ordenagailua,Ordenagailuak,1753.2,1
1379,2025-12-06,Aura Cortina Benítez,Lugo,Webkamera,Periferikoak,515.0,7
1380,2026-04-10,Eutropio España Godoy,Soria,Txartel grafikoa,Osagaiak,473.91,8
1381,2024-12-07,Blas Alvarez Ríos,Huesca,Mini PC,Ordenagailuak,885.2,9
1382,2025-12-31,Hugo Sáez Aragonés,Las Palmas,Webkamera,Periferikoak,142.8,2
1383,2026-06-26,Juanita Quero Vendrell,Barcelona,Teklatua,Periferikoak,54.2,2
1384,2026-01-22,Mónica Perea Jódar,Asturias,RAM memoria,Osagaiak,1197.52,2
1385,2025-03-12,Eutimio Cañas Portillo,Huesca,Ordenagailu eramangarria,Ordenagailuak,1049.1,2
1386,2025-11-25,Evaristo Cerro Montenegro,Lugo,Sagua,Periferikoak,391.84,8
1387,2025-09-08,Chema Pons Belda,Sevilla,Switch-a,Sareak,1761.65,3
1388,2025-09-07,Lorenzo Cózar Huerta,Santa Cruz de Tenerife,Mahaigaineko ordenagailua,Ordenagailuak,1925.28,5
1389,2024-11-06,Alondra Montes Prat,Cantabria,Wi-Fi egokigailua,Sareak,805.57,10
1390,2026-03-24,Jose Vergara Ramos,Ciudad,SSD diskoa,Osagaiak,1023.98,2
1391,2025-12-05,Ana Sofía Blazquez Coello,Huesca,Wi-Fi egokigailua,Sareak,810.35,8
1392,2025-05-03,María Del Carmen del Mendez,Málaga,Webkamera,Periferikoak,795.96,10
1393,2025-09-01,Osvaldo Tovar Noriega,Córdoba,SSD diskoa,Osagaiak,1918.34,5
1394,2025-05-10,Yésica Heras Feijoo,Granada,RAM memoria,Osagaiak,1696.42,9
1395,2025-04-15,Imelda Nayara Fabra Chaparro,Cantabria,Wi-Fi egokigailua,Sareak,1464.69,9
1396,2025-02-20,Marisa Viña Durán,Toledo,Monitorea,Periferikoak,1312.31,4
1397,2025-02-04,Florentina Hoyos Pou,Teruel,Monitorea,Periferikoak,1914.72,8
1398,2025-01-08,Andrea Dolores Casanova Peñas,Álava,Teklatua,Periferikoak,391.32,8
1399,2026-08-07,Marisela del Vicente,Cantabria,Wi-Fi egokigailua,Sareak,109.54,8
1400,2025-09-06,Estefanía Carreras Chaves,Baleares,Mahaigaineko ordenagailua,Ordenagailuak,1561.6,1
1401,2025-04-14,Lupe del Castejón,Valencia,Mini PC,Ordenagailuak,871.26,1
1402,2024-10-01,Matilde Lluch Luís,Ciudad,Ordenagailu eramangarria,Ordenagailuak,456.79,10
1403,2026-08-02,Sol Guzmán Cordero,Navarra,Monitorea,Periferikoak,1566.28,3
1404,2025-02-19,Adriana Candelaria Bou Lerma,Baleares,Bideratzailea,Sareak,509.52,4
1405,2025-08-25,Victor Manuel Durán Giménez,Badajoz,Prozesadorea,Osagaiak,494.85,5
1406,2025-11-21,Susana Gabriela Salmerón García,Badajoz,Bideratzailea,Sareak,841.91,8
1407,2025-01-11,Susanita Pinto Alvarado,Castellón,Sare-kablea,Sareak,899.67,6
1408,2024-10-09,María Manuela Pons,Pontevedra,Sagua,Periferikoak,768.18,2
1409,2025-01-24,Claudia Gibert Miralles,La Coruña,Wi-Fi egokigailua,Sareak,514.91,5
1410,2025-06-27,Aitana Hervás Barón,Teruel,Prozesadorea,Osagaiak,801.73,6
1411,2025-06-29,Isa Salinas Rodrigo,Las Palmas,Monitorea,Periferikoak,718.29,5
1412,2026-07-21,Jose Cruz-Domingo,Palencia,Sagua,Periferikoak,1737.4,7
1413,2024-10-29,Artemio de Bru,Córdoba,Teklatua,Periferikoak,1080.32,8
1414,2025-04-26,Eligia Estevez Grande,Granada,RAM memoria,Osagaiak,1071.8,4
1415,2025-12-21,Morena Echeverría-Maldonado,Las Palmas,Ordenagailu eramangarria,Ordenagailuak,488.2,4
1416,2024-11-12,Eloy Escamilla Casanova,Navarra,Mahaigaineko ordenagailua,Ordenagailuak,1486.22,3
1417,2025-03-22,Fermín Duarte Lladó,Málaga,Prozesadorea,Osagaiak,811.17,3
1418,2025-09-01,Dionisio Pedrero Lorenzo,Ciudad,Mahaigaineko ordenagailua,Ordenagailuak,363.9,2
1419,2025-01-20,Priscila Alondra Bautista Pi,Álava,SSD diskoa,Osagaiak,948.67,8
1420,2025-10-30,Vilma Zapata Soler,Zamora,Sare-kablea,Sareak,1544.32,9
1421,2025-01-23,Begoña Arce Gabaldón,Pontevedra,Wi-Fi egokigailua,Sareak,1729.38,2
1422,2025-06-30,Glauco Albano Miranda Torrens,Valladolid,Bideratzailea,Sareak,446.55,3
1423,2026-06-17,Moreno Matas Prieto,Burgos,Bideratzailea,Sareak,1849.29,8
1424,2025-09-14,Olivia Sola Pera,Lleida,Sagua,Periferikoak,856.6,4
1425,2026-07-10,Eusebio Perelló Baena,Lleida,Txartel grafikoa,Osagaiak,1821.83,7
1426,2025-12-04,Samanta Vila Tejada,Lugo,Ordenagailu eramangarria,Ordenagailuak,726.42,4
1427,2026-07-29,Adelardo Cadenas Coello,Almería,Teklatua,Periferikoak,1048.27,9
1428,2024-10-11,Eva María Seguí Oliver,Girona,Monitorea,Periferikoak,109.66,10
1429,2026-06-30,Iris Vilaplana Arce,Burgos,Mahaigaineko ordenagailua,Ordenagailuak,681.84,8
1430,2025-01-07,Arturo Plana,La Coruña,Sagua,Periferikoak,90.5,5
1431,2026-08-21,Hugo Ferrer,Zaragoza,Ordenagailu eramangarria,Ordenagailuak,879.7,10
1432,2026-09-17,Aarón Batalla,Alicante,Monitorea,Periferikoak,1494.61,2
1433,2025-08-31,Óscar Uriarte Carbonell,Sevilla,Txartel grafikoa,Osagaiak,1667.43,10
1434,2026-06-06,Luis Muro-Morera,Sevilla,Monitorea,Periferikoak,1656.76,4
1435,2026-05-11,Julie Lladó Moya,Madrid,Txartel grafikoa,Osagaiak,110.75,5
1436,2024-12-10,Leopoldo Godoy Gilabert,Lleida,Sagua,Periferikoak,1901.12,9
1437,2025-07-22,Hortensia Muñoz Martínez,Ciudad,Sagua,Periferikoak,1281.61,2
1438,2026-08-01,Isaías Ramis Rosell,La Rioja,Webkamera,Periferikoak,67.42,6
1439,2025-05-06,Vanesa Téllez Prieto,La Coruña,Mahaigaineko ordenagailua,Ordenagailuak,1744.3,5
1440,2025-12-13,Florentino Cuervo Morillo,Ávila,Prozesadorea,Osagaiak,173.1,1
1441,2025-10-23,Viviana Bru Cornejo,Álava,Txartel grafikoa,Osagaiak,368.4,3
1442,2026-09-12,Nidia Palau Bonilla,Cáceres,Monitorea,Periferikoak,681.12,1
1443,2026-09-15,Abigaíl Samanta Fernandez Domínguez,Madrid,Ordenagailu eramangarria,Ordenagailuak,552.75,5
1444,2026-05-24,Bruno Anacleto Sevilla Juan,Segovia,Mini PC,Ordenagailuak,1059.12,8
1445,2026-02-08,Haroldo Nevado Cánovas,Zaragoza,Txartel grafikoa,Osagaiak,739.65,5
1446,2026-01-14,Hortensia Gutierrez Mendoza,Castellón,Sagua,Periferikoak,949.19,3
1447,2024-11-21,Valentina Carranza-Coloma,León,Ordenagailu eramangarria,Ordenagailuak,310.92,2
1448,2026-04-09,Marina Haro Tirado,La Rioja,Teklatua,Periferikoak,1909.82,9
1449,2026-08-09,Victorino Sáenz,Huesca,Sagua,Periferikoak,805.24,6
1450,2024-10-29,Guiomar Estévez-Valenciano,Sevilla,Mahaigaineko ordenagailua,Ordenagailuak,1610.9,6
1451,2024-12-30,Petrona Roca Miranda,Álava,Switch-a,Sareak,1959.32,7
1452,2025-09-14,Brunilda Arnal Checa,Málaga,Mini PC,Ordenagailuak,1019.35,4
1453,2025-07-26,Maximiano Palomo Novoa,Guipúzcoa,Prozesadorea,Osagaiak,219.61,9
1454,2025-02-25,Nieves Vazquez Llanos,Melilla,RAM memoria,Osagaiak,895.98,1
1455,2026-08-28,Maite Manrique-Sastre,Girona,Wi-Fi egokigailua,Sareak,41.52,10
1456,2025-09-05,Áurea Silva Gual,Palencia,Ordenagailu eramangarria,Ordenagailuak,925.33,5
1457,2026-05-13,Dominga Prat-Lara,Melilla,Ordenagailu eramangarria,Ordenagailuak,88.28,8
1458,2025-07-10,Amanda Benitez Llanos,Albacete,SSD diskoa,Osagaiak,1579.76,1
1459,2026-09-15,Juanito Madrigal,Ciudad,Sare-kablea,Sareak,1153.92,6
1460,2025-10-26,Adrián Román,Guipúzcoa,RAM memoria,Osagaiak,1943.61,1
1461,2024-12-27,Cesar Manzano-Jimenez,Cáceres,Mahaigaineko ordenagailua,Ordenagailuak,422.93,3
1462,2024-12-04,Fabián Kike Bayona Benito,Baleares,Teklatua,Periferikoak,1957.3,2
1463,2026-08-29,Roberto Sanmiguel Nebot,Málaga,Webkamera,Periferikoak,1051.15,8
1464,2026-04-20,Rocío Briones Osuna,Jaén,Sagua,Periferikoak,1121.32,1
1465,2026-09-18,Camilo Nogués Cueto,Lugo,Mini PC,Ordenagailuak,724.3,6
1466,2026-04-25,Aránzazu Vila Quevedo,Cáceres,Switch-a,Sareak,1276.81,8
1467,2026-09-06,Silvestre del Seco,Guadalajara,Mini PC,Ordenagailuak,760.25,1
1468,2025-08-20,Lucho Padilla Alemany,Segovia,Mahaigaineko ordenagailua,Ordenagailuak,856.95,1
1469,2026-06-15,Bonifacio Báez Viñas,Palencia,Sagua,Periferikoak,974.63,9
1470,2024-12-20,Rubén Molins Hoyos,Murcia,Webkamera,Periferikoak,605.4,2
1471,2026-08-10,Pablo Jordá Pino,Cuenca,Mahaigaineko ordenagailua,Ordenagailuak,1745.52,2
1472,2024-11-17,Rafael Eutimio Ramírez Alsina,Girona,Monitorea,Periferikoak,383.91,2
1473,2026-08-04,María Belén Tamara Cabrera Pareja,Badajoz,SSD diskoa,Osagaiak,1577.42,6
1474,2025-02-04,Lupe Bermúdez,Almería,Mahaigaineko ordenagailua,Ordenagailuak,642.97,9
1475,2026-05-09,Maricruz del Martorell,La Coruña,Ordenagailu eramangarria,Ordenagailuak,643.53,2
1476,2025-04-08,Bruno Bayona Busquets,Badajoz,Webkamera,Periferikoak,92.6,6
1477,2025-10-24,Cebrián Huguet-Bilbao,Cáceres,Switch-a,Sareak,1333.72,2
1478,2025-09-02,Cesar Vergara Gómez,Álava,Mini PC,Ordenagailuak,1076.34,10
1479,2025-09-18,Amor del Galván,Cantabria,SSD diskoa,Osagaiak,710.17,7
1480,2026-07-20,Eloy Edelmiro Casanovas Rivera,Segovia,Sare-kablea,Sareak,7.14,7
1481,2026-03-23,Luis Espinosa Carretero,Barcelona,Prozesadorea,Osagaiak,477.31,1
1482,2026-02-05,César Lloret Capdevila,Segovia,Ordenagailu eramangarria,Ordenagailuak,1473.14,1
1483,2024-12-11,Jacinto Cobos,Toledo,Bideratzailea,Sareak,1784.47,6
1484,2025-06-27,Nieves Llopis,Sevilla,Switch-a,Sareak,1761.81,3
1485,2025-07-05,Trinidad Herrero,Madrid,SSD diskoa,Osagaiak,900.6,5
1486,2025-08-06,Américo Barreda Segarra,Castellón,Mahaigaineko ordenagailua,Ordenagailuak,231.36,3
1487,2025-04-15,Rebeca Alcalá Sáenz,Palencia,Webkamera,Periferikoak,717.38,4
1488,2025-02-17,Simón Tapia-Portero,Cáceres,Sare-kablea,Sareak,456.56,3
1489,2026-04-17,Fátima Gilabert Vergara,Baleares,Mahaigaineko ordenagailua,Ordenagailuak,1482.47,9
1490,2026-02-09,Tomás Villalonga-Menéndez,Albacete,Teklatua,Periferikoak,1166.13,4
1491,2025-03-27,Reyes de Valdés,Burgos,Teklatua,Periferikoak,675.98,9
1492,2025-11-12,Jose Angel Ferrer Exposito,Toledo,Wi-Fi egokigailua,Sareak,1481.97,7
1493,2026-02-14,Lázaro Flores-Quesada,Badajoz,Webkamera,Periferikoak,971.79,4
1494,2025-05-19,Felipa Soto Hernando,Madrid,RAM memoria,Osagaiak,887.71,1
1495,2024-12-08,David Reig Arranz,Lleida,Mahaigaineko ordenagailua,Ordenagailuak,1100.94,2
1496,2026-02-03,Isabela de Giner,Castellón,Mahaigaineko ordenagailua,Ordenagailuak,203.4,5
1497,2026-07-26,Azeneth Lozano Sandoval,Ávila,Mahaigaineko ordenagailua,Ordenagailuak,1896.3,10
1498,2024-12-01,Ruy Hernando-Arregui,Tarragona,Mahaigaineko ordenagailua,Ordenagailuak,1113.21,1
1499,2026-05-13,Rómulo Requena,Badajoz,Bideratzailea,Sareak,1036.74,4
1500,2024-09-24,Felipa Santamaria Córdoba,Valencia,Teklatua,Periferikoak,1289.73,1
1501,2025-02-11,Demetrio Arrieta Escobar,Castellón,Sagua,Periferikoak,276.37,8
1502,2026-01-20,Martin de Angulo,Toledo,Mini PC,Ordenagailuak,423.46,5
1503,2025-01-14,Sigfrido Cuenca Sáez,Álava,Switch-a,Sareak,772.4,9
1504,2026-02-05,Asunción Blazquez Criado,Asturias,RAM memoria,Osagaiak,855.13,7
1505,2026-02-16,Eliseo Viña Murcia,Cáceres,RAM memoria,Osagaiak,1958.57,7
1506,2025-12-13,Eligia Moles Juan,Toledo,Prozesadorea,Osagaiak,406.51,5
1507,2026-04-10,Ángeles Bou Carlos,Almería,Switch-a,Sareak,1514.89,9
1508,2025-11-06,Yéssica Cepeda Baena,Murcia,Ordenagailu eramangarria,Ordenagailuak,1641.16,4
1509,2025-09-30,Macaria Verónica Benavent Hernández,Guipúzcoa,Mini PC,Ordenagailuak,1105.11,5
1510,2025-05-24,Severiano Escalona Arregui,Madrid,Sagua,Periferikoak,291.28,2
1511,2025-12-24,Héctor Bernat Montserrat,Cáceres,SSD diskoa,Osagaiak,1740.43,1
1512,2026-04-05,Roldán Amador Anglada,Guadalajara,Ordenagailu eramangarria,Ordenagailuak,1556.95,10
1513,2024-11-23,Jose Angel Cabello,Zamora,Mini PC,Ordenagailuak,1331.47,1
1514,2026-03-03,Estefanía Pinilla Cardona,Valladolid,Mahaigaineko ordenagailua,Ordenagailuak,539.2,2
1515,2025-12-06,Luz Tapia-Madrigal,Melilla,Prozesadorea,Osagaiak,313.22,5
1516,2025-05-11,Almudena Vendrell Royo,Albacete,Ordenagailu eramangarria,Ordenagailuak,1232.6,1
1517,2026-07-02,Fabiola Noguera Borrego,Toledo,Monitorea,Periferikoak,1090.19,7
1518,2025-11-08,Hilario de Leon,Guadalajara,Wi-Fi egokigailua,Sareak,1359.6,6
1519,2026-05-16,Florina Arnaiz-Ariza,Almería,Webkamera,Periferikoak,430.3,7
1520,2025-12-19,Rolando Zaragoza Esteban,Asturias,Bideratzailea,Sareak,553.6,2
1521,2025-03-27,Beatriz Ángel,Córdoba,Wi-Fi egokigailua,Sareak,1975.82,3
1522,2025-09-22,Juan de Pineda,Melilla,Bideratzailea,Sareak,823.34,4
1523,2026-01-28,Pablo Páez Marquez,Melilla,SSD diskoa,Osagaiak,839.38,3
1524,2025-03-20,Prudencia Castrillo Pedrosa,Castellón,Ordenagailu eramangarria,Ordenagailuak,639.99,5
1525,2025-08-27,Segismundo Portero Manzanares,Cáceres,Mahaigaineko ordenagailua,Ordenagailuak,1942.96,6
1526,2026-06-18,Ciro Quintana Grande,Guipúzcoa,Sagua,Periferikoak,606.24,1
1527,2025-09-01,Hernán Ruy Losada Manso,Vizcaya,Ordenagailu eramangarria,Ordenagailuak,1501.13,6
1528,2025-11-03,Lorenza Escalona,Guipúzcoa,RAM memoria,Osagaiak,958.78,1
1529,2024-10-21,Teodosio Manuel Haro,Castellón,Sagua,Periferikoak,1991.97,6
1530,2026-05-21,Lázaro Miró-Carvajal,Toledo,RAM memoria,Osagaiak,1657.18,2
1531,2024-12-02,Jenny Lucila Soler Casals,Pontevedra,Ordenagailu eramangarria,Ordenagailuak,498.75,2
1532,2025-09-18,Hermenegildo Moraleda Gonzalez,La Rioja,Prozesadorea,Osagaiak,1486.9,2
1533,2026-03-31,Gema Bustos Serrano,Vizcaya,Bideratzailea,Sareak,26.23,4
1534,2026-09-22,Lázaro Campillo Nadal,Baleares,Mini PC,Ordenagailuak,266.76,9
1535,2025-03-21,Eva Sureda Valencia,Toledo,Mahaigaineko ordenagailua,Ordenagailuak,1690.76,2
1536,2026-07-25,Nieves Clotilde Pou Pedro,Barcelona,Bideratzailea,Sareak,161.39,10
1537,2026-05-07,Micaela Madrid,Murcia,Mahaigaineko ordenagailua,Ordenagailuak,467.29,7
1538,2025-06-01,Lázaro Chaparro Ramón,Cáceres,Switch-a,Sareak,1933.27,10
1539,2024-11-16,Eli Naranjo Nebot,Asturias,Prozesadorea,Osagaiak,527.4,5
1540,2025-10-08,Piedad Arnau Pedraza,Vizcaya,SSD diskoa,Osagaiak,491.63,7
1541,2025-08-07,Juan Antonio Báez Carnero,Las Palmas,Bideratzailea,Sareak,1927.5,4
1542,2025-10-08,Geraldo Portero,Pontevedra,Ordenagailu eramangarria,Ordenagailuak,1680.97,1
1543,2025-01-14,Angelina Montes Garcia,Cádiz,Switch-a,Sareak,525.43,6
1544,2026-05-13,Malena Español,Ourense,Ordenagailu eramangarria,Ordenagailuak,999.8,8
1545,2026-04-04,María Galvez Zamorano,Girona,Bideratzailea,Sareak,242.3,5
1546,2026-04-26,Reyna Ferrera Noriega,Ciudad,Mahaigaineko ordenagailua,Ordenagailuak,1772.85,9
1547,2025-07-18,Demetrio Perelló,Almería,Prozesadorea,Osagaiak,1371.47,8
1548,2025-12-10,José Luis Pedrosa Barón,Girona,Mini PC,Ordenagailuak,377.2,8
1549,2025-11-23,Heriberto Rivero Peña,Navarra,Webkamera,Periferikoak,188.66,5
1550,2025-10-19,Marina Plana Hurtado,Guipúzcoa,Prozesadorea,Osagaiak,607.2,9
1551,2025-11-13,Chucho Falcón,Cádiz,Sagua,Periferikoak,607.99,3
1552,2025-07-16,Amor del Alvarado,Burgos,Sare-kablea,Sareak,1316.15,8
1553,2026-09-03,Miguel Ángel Salamanca Dávila,Granada,Switch-a,Sareak,1069.77,4
1554,2026-01-26,Yésica Fidela Hervás Viña,Sevilla,Teklatua,Periferikoak,1717.36,1
1555,2026-08-25,Calisto Rovira Noguera,Navarra,Sagua,Periferikoak,836.75,6
1556,2025-08-06,Arturo Piñeiro-Pineda,La Rioja,Prozesadorea,Osagaiak,1896.27,1
1557,2026-05-07,Nicodemo Coello Falcón,Ourense,Wi-Fi egokigailua,Sareak,1896.96,2
1558,2026-06-01,Heraclio Company-Hernandez,Málaga,Monitorea,Periferikoak,1287.5,1
1559,2025-09-08,Aarón de Vilaplana,Pontevedra,Txartel grafikoa,Osagaiak,1863.49,2
1560,2024-12-18,Lidia Franch Benavides,Sevilla,Ordenagailu eramangarria,Ordenagailuak,1672.78,6
1561,2024-10-28,Godofredo Álamo Barba,Ávila,Mahaigaineko ordenagailua,Ordenagailuak,1294.77,2
1562,2024-11-02,Remedios Elorza Vélez,Palencia,Webkamera,Periferikoak,1319.52,3
1563,2026-03-10,Melchor del León,Madrid,Mahaigaineko ordenagailua,Ordenagailuak,911.76,5
1564,2025-01-20,Vicenta Chaves Quintana,Sevilla,Switch-a,Sareak,1226.17,6
1565,2025-11-03,Ramón Téllez Sánchez,Almería,Ordenagailu eramangarria,Ordenagailuak,1162.89,10
1566,2026-04-08,Aitor Puerta-Zamora,Asturias,Ordenagailu eramangarria,Ordenagailuak,411.25,8
1567,2024-11-28,Faustino Pallarès Donoso,Huelva,Txartel grafikoa,Osagaiak,227.59,9
1568,2025-08-28,Teobaldo Córdoba,Ávila,Mini PC,Ordenagailuak,339.0,7
1569,2025-03-02,Cándida Vilanova Moll,Lleida,Mahaigaineko ordenagailua,Ordenagailuak,1123.73,6
1570,2024-12-21,Jacobo Benavente,Granada,Wi-Fi egokigailua,Sareak,1218.6,3
1571,2024-10-28,Emilia Vicens Aroca,Las Palmas,Monitorea,Periferikoak,588.6,4
1572,2025-02-20,Severo Cal-Puig,Murcia,Bideratzailea,Sareak,1904.18,8
1573,2026-01-24,Zacarías Estévez Benavides,Cáceres,Bideratzailea,Sareak,1803.62,10
1574,2024-12-07,Eladio Vives,Cáceres,SSD diskoa,Osagaiak,1509.62,10
1575,2025-03-13,Teresita Guardiola Herrero,Málaga,Switch-a,Sareak,1118.87,6
1576,2024-10-15,Luciano del Alsina,Zamora,Sare-kablea,Sareak,829.87,2
1577,2025-09-08,Heriberto Valderrama Guzman,Melilla,Switch-a,Sareak,1766.1,6
1578,2025-06-25,Aristides Donoso Escribano,Santa Cruz de Tenerife,Mahaigaineko ordenagailua,Ordenagailuak,676.86,3
1579,2026-09-18,Adoración Naranjo Salvà,Soria,Mahaigaineko ordenagailua,Ordenagailuak,834.72,3
1580,2025-10-10,Angelino Chamorro Morán,Lleida,Mini PC,Ordenagailuak,1960.5,9
1581,2025-03-14,María Fernanda Macarena Malo Alegre,Barcelona,Teklatua,Periferikoak,1747.42,1
1582,2026-01-20,Iris del Vera,Segovia,RAM memoria,Osagaiak,615.77,6
1583,2026-01-09,Fulgencio Jaime Vera Seco,Tarragona,Mini PC,Ordenagailuak,908.11,6
1584,2025-03-14,Gracia del Portero,Cantabria,RAM memoria,Osagaiak,58.78,8
1585,2025-06-28,Marino Bartolomé Serra,Salamanca,Webkamera,Periferikoak,792.69,3
1586,2025-09-28,Silvio Castilla Montero,Madrid,Bideratzailea,Sareak,1624.82,9
1587,2026-02-03,Heraclio Estrada Gámez,Almería,Monitorea,Periferikoak,1813.3,6
1588,2025-06-29,Eusebia Noelia Saura Arenas,Soria,Bideratzailea,Sareak,348.35,9
1589,2026-04-15,Tamara Perera Ledesma,Cádiz,Txartel grafikoa,Osagaiak,948.75,7
1590,2025-01-04,Emilia Cayetana Huerta Cañas,Zamora,Txartel grafikoa,Osagaiak,1705.28,4
1591,2025-05-30,Eladio Bernal Mosquera,Murcia,Mahaigaineko ordenagailua,Ordenagailuak,1484.61,3
1592,2025-07-05,Carlota Quintanilla-Giralt,Guipúzcoa,Monitorea,Periferikoak,214.28,9
1593,2025-11-06,Flora Paz Amigó,Melilla,Mahaigaineko ordenagailua,Ordenagailuak,1963.49,9
1594,2024-10-05,Prudencia Torrent Madrigal,Ceuta,Teklatua,Periferikoak,402.39,10
1595,2026-06-26,Sara Benavente,Lugo,Mini PC,Ordenagailuak,996.21,1
1596,2025-10-09,Marisa Guzman Leon,Ávila,SSD diskoa,Osagaiak,435.5,5
1597,2025-05-19,Asunción Morillo Mosquera,Badajoz,Ordenagailu eramangarria,Ordenagailuak,1497.22,6
1598,2026-05-13,Pascuala Zamorano Cabanillas,Zaragoza,Txartel grafikoa,Osagaiak,921.4,1
1599,2026-08-25,Teo Conde-Canales,Vizcaya,Ordenagailu eramangarria,Ordenagailuak,77.99,6
1600,2025-08-23,Lucía Azucena Zabaleta Suárez,Pontevedra,RAM memoria,Osagaiak,1556.61,1
1601,2025-06-14,Telmo del Quesada,Barcelona,Monitorea,Periferikoak,1146.99,7
1602,2024-11-05,Teresa Velázquez Ribes,Murcia,Sare-kablea,Sareak,577.38,3
1603,2025-09-18,Lina Navas Losa,Toledo,Txartel grafikoa,Osagaiak,1980.46,6
1604,2025-01-31,Evaristo Carrera Blanch,Guipúzcoa,Teklatua,Periferikoak,283.0,1
1605,2025-01-15,Gilberto Miguel Gras Guerra,Ciudad,Ordenagailu eramangarria,Ordenagailuak,1321.14,6
1606,2024-11-13,Felix Nieto Terrón,Melilla,Sagua,Periferikoak,1302.81,7
1607,2026-02-03,Evaristo Erasmo Vizcaíno Zamorano,Jaén,Txartel grafikoa,Osagaiak,300.63,4
1608,2025-08-17,Pacífica Marco Reyes,Valencia,Bideratzailea,Sareak,270.46,9
1609,2026-07-27,Cruz Andrés Zaragoza Gil,Teruel,Prozesadorea,Osagaiak,1514.17,4
1610,2024-12-25,Bienvenida Valeria Aguilar Mayol,Almería,Mahaigaineko ordenagailua,Ordenagailuak,1517.1,2
1611,2025-07-24,Candela Frías Sierra,Albacete,RAM memoria,Osagaiak,1575.6,7
1612,2026-01-22,Rubén Escrivá Olmo,Lleida,Mahaigaineko ordenagailua,Ordenagailuak,538.95,6
1613,2025-09-12,Calixta Antúnez Morell,Salamanca,Teklatua,Periferikoak,1051.99,8
1614,2026-07-12,Dalila de Poza,Navarra,Switch-a,Sareak,1476.56,2
1615,2025-01-30,Noelia Garrido Fiol,Zamora,Switch-a,Sareak,1901.72,10
1616,2026-08-23,Fermín Espada Duque,Ourense,RAM memoria,Osagaiak,1522.52,3
1617,2026-03-12,Máxima Benet Mateo,Navarra,Mini PC,Ordenagailuak,299.3,3
1618,2026-01-13,Ruperto de Montero,Cuenca,Webkamera,Periferikoak,255.62,8
1619,2025-03-02,Ema Huertas Aller,Córdoba,Wi-Fi egokigailua,Sareak,1187.99,8
1620,2025-02-02,María Del Carmen Ródenas Acedo,Ourense,Ordenagailu eramangarria,Ordenagailuak,906.8,3
1621,2025-05-23,Josefina Purificación Águila Valenciano,Castellón,Mahaigaineko ordenagailua,Ordenagailuak,1454.41,3
1622,2024-12-28,Santiago Cabello Cañizares,La Coruña,Prozesadorea,Osagaiak,1127.24,3
1623,2026-06-30,Ricardo Torrijos-Solana,Huelva,Mini PC,Ordenagailuak,436.88,6
1624,2025-02-05,Georgina de Arjona,Albacete,Monitorea,Periferikoak,623.3,7
1625,2026-05-11,Estrella Canals-Seguí,Huelva,Ordenagailu eramangarria,Ordenagailuak,1958.26,10
1626,2024-10-10,Modesto Diego Olivé,Ávila,Mahaigaineko ordenagailua,Ordenagailuak,412.61,5
1627,2024-11-04,Xavier Adadia,Lugo,Prozesadorea,Osagaiak,435.87,10
1628,2024-11-30,Camilo Puga Atienza,Toledo,Switch-a,Sareak,241.26,3
1629,2026-06-18,Guadalupe Soler Chaparro,Baleares,Mini PC,Ordenagailuak,1584.95,2
1630,2024-12-15,Aránzazu Castilla Escrivá,Baleares,Mini PC,Ordenagailuak,1482.4,8
1631,2026-03-05,Pía Río,Cantabria,RAM memoria,Osagaiak,80.37,10
1632,2025-08-04,Claudia Alcalde Escamilla,Segovia,SSD diskoa,Osagaiak,1595.66,2
1633,2026-04-04,Chus Aureliano Bosch Luís,Zamora,Txartel grafikoa,Osagaiak,1285.67,3
1634,2026-06-13,Natalia Morera-Cañizares,Pontevedra,Monitorea,Periferikoak,774.16,1
1635,2026-02-17,Felicia Pintor Batalla,Zaragoza,RAM memoria,Osagaiak,1470.85,10
1636,2024-12-26,Leonor Alegria-Cabanillas,Lleida,Teklatua,Periferikoak,295.35,4
1637,2026-08-07,Eugenia del Ponce,Valladolid,Switch-a,Sareak,439.3,5
1638,2026-07-04,Albert Chico Tirado,Las Palmas,Ordenagailu eramangarria,Ordenagailuak,746.78,3
1639,2025-03-11,Eligia Barrena Delgado,León,Bideratzailea,Sareak,888.54,10
1640,2025-07-22,Bernardino Lucena Campo,Guadalajara,Mahaigaineko ordenagailua,Ordenagailuak,1956.2,1
1641,2026-02-17,Alcides Edelmiro Barral Casanovas,Salamanca,SSD diskoa,Osagaiak,1864.51,8
1642,2025-06-20,María Anacleto Peláez Salas,Huesca,Wi-Fi egokigailua,Sareak,875.22,4
1643,2025-09-09,Bruno Iglesias Serrano,Álava,Teklatua,Periferikoak,95.71,1
1644,2026-04-28,Azucena Arias,Albacete,Mini PC,Ordenagailuak,1628.52,9
1645,2024-12-06,Eliana Bosch Torrijos,Las Palmas,Prozesadorea,Osagaiak,1119.1,9
1646,2026-05-10,Jacinta Campo Colomer,Toledo,Ordenagailu eramangarria,Ordenagailuak,706.9,1
1647,2024-11-24,Alondra Real,Badajoz,Switch-a,Sareak,115.59,4
1648,2024-11-21,Santos Maestre Paniagua,Madrid,Monitorea,Periferikoak,413.51,3
1649,2026-02-19,Adán Rozas Espada,Murcia,Mini PC,Ordenagailuak,1390.45,8
1650,2026-02-19,Dolores Leonor Andreu Fuente,Navarra,Bideratzailea,Sareak,688.25,4
1651,2025-01-16,Ámbar Izquierdo Ruiz,Las Palmas,Switch-a,Sareak,166.45,10
1652,2025-10-11,Pancho Taboada Alfonso,Almería,Mahaigaineko ordenagailua,Ordenagailuak,830.53,7
1653,2025-05-08,Maura Amaya Bauzà,Almería,Mahaigaineko ordenagailua,Ordenagailuak,1210.62,8
1654,2026-07-23,Agustín Jáuregui Guzman,Teruel,Mini PC,Ordenagailuak,1555.89,5
1655,2025-05-11,Federico Dueñas Arnal,Salamanca,Mini PC,Ordenagailuak,1032.4,10
1656,2026-01-09,Samanta Leonor Prat Ángel,Santa Cruz de Tenerife,Sagua,Periferikoak,1332.8,4
1657,2025-11-28,Santos Ribera Piña,Badajoz,Sare-kablea,Sareak,1864.48,2
1658,2025-02-28,Amador Jose Carlos Tena Larrea,Ceuta,RAM memoria,Osagaiak,1565.41,7
1659,2025-02-24,Nayara Mancebo,Salamanca,Txartel grafikoa,Osagaiak,1657.1,2
1660,2025-01-22,Susana Chaparro Amo,Lleida,Teklatua,Periferikoak,1060.58,9
1661,2024-12-10,Amor Cuadrado Amorós,Badajoz,Prozesadorea,Osagaiak,486.47,10
1662,2026-07-13,Ariel Sales Alonso,Sevilla,Bideratzailea,Sareak,1674.9,9
1663,2026-07-08,Juanito Bruno Cuevas Carreño,Huelva,Switch-a,Sareak,1174.56,9
1664,2025-08-09,Julián Duque Barrio,Córdoba,Teklatua,Periferikoak,862.6,6
1665,2026-01-23,Tadeo Fabregat Pinto,Granada,Sare-kablea,Sareak,192.97,2
1666,2025-10-01,Nereida León Dalmau,Navarra,RAM memoria,Osagaiak,953.92,7
1667,2026-01-22,Eliseo Aroca Pacheco,Teruel,Bideratzailea,Sareak,534.11,10
1668,2024-12-15,Amada Urrutia Hurtado,Madrid,Wi-Fi egokigailua,Sareak,1385.88,9
1669,2025-05-25,Felicidad Campo Seguí,Cádiz,SSD diskoa,Osagaiak,1315.5,10
1670,2026-02-18,Silvestre Marcos Peñalver Pla,Toledo,Wi-Fi egokigailua,Sareak,1921.78,7
1671,2025-04-05,Esperanza Cordero,León,Ordenagailu eramangarria,Ordenagailuak,318.71,6
1672,2025-07-02,Gaspar Herrero Ramos,Murcia,Mini PC,Ordenagailuak,261.0,9
1673,2025-04-06,Luisina Valls Goñi,Las Palmas,RAM memoria,Osagaiak,534.5,8
1674,2026-09-17,Isidora Bayo,Albacete,Prozesadorea,Osagaiak,187.38,2
1675,2026-09-23,Lázaro Hurtado Pallarès,Castellón,Txartel grafikoa,Osagaiak,226.29,4
1676,2026-03-03,Francisco Estévez Ibarra,Córdoba,Wi-Fi egokigailua,Sareak,1144.65,2
1677,2025-05-24,Wálter Daza Palomino,Valladolid,Wi-Fi egokigailua,Sareak,1019.18,5
1678,2025-12-17,Ester Angulo Ferrando,Cuenca,Ordenagailu eramangarria,Ordenagailuak,1618.72,7
1679,2026-06-02,Priscila Tomé Bas,Tarragona,Wi-Fi egokigailua,Sareak,1222.68,10
1680,2025-10-28,Toribio Pérez Serrano,Badajoz,Mahaigaineko ordenagailua,Ordenagailuak,168.56,5
1681,2025-10-06,Rufino Gonzalo Morera,La Coruña,Sare-kablea,Sareak,1944.33,9
1682,2025-12-18,María Pilar de Priego,Granada,Sare-kablea,Sareak,1166.39,2
1683,2025-05-30,Faustino Avilés-Cano,Salamanca,Sagua,Periferikoak,1484.76,3
1684,2026-06-02,Fernanda Hoz Pizarro,Huelva,Ordenagailu eramangarria,Ordenagailuak,149.6,2
1685,2026-02-04,Danilo Prat Galan,Guadalajara,Switch-a,Sareak,846.9,3
1686,2025-10-04,Fernando Perales-Barba,Madrid,Ordenagailu eramangarria,Ordenagailuak,105.3,10
1687,2026-05-06,Juan Manuel Luis Ángel Ibáñez Escamilla,Girona,Webkamera,Periferikoak,773.87,5
1688,2025-08-04,Amarilis Morillo Ruano,Cáceres,Bideratzailea,Sareak,1684.39,6
1689,2026-06-17,Prudencia Salazar Nieto,Ourense,Sare-kablea,Sareak,1607.39,6
1690,2025-02-11,Rosenda Andres,Barcelona,RAM memoria,Osagaiak,1760.47,5
1691,2026-06-25,Teófilo Espinosa Riquelme,Tarragona,Wi-Fi egokigailua,Sareak,115.13,7
1692,2025-12-08,Crescencia Baeza Agullo,Cáceres,Sagua,Periferikoak,247.22,3
1693,2025-02-03,Inés Tejera Sáez,La Coruña,Sagua,Periferikoak,1569.4,10
1694,2025-07-05,Aníbal Elorza Lucas,Ávila,Mahaigaineko ordenagailua,Ordenagailuak,1870.64,5
1695,2026-09-19,Ricardo Alcolea Campoy,Palencia,Sare-kablea,Sareak,990.91,8
1696,2025-02-13,Chema Palma Saldaña,Zaragoza,SSD diskoa,Osagaiak,918.17,7
1697,2026-06-08,Angelita Colom Cantero,Almería,Sagua,Periferikoak,1087.32,4
1698,2025-05-31,Fanny Polo Asensio,Navarra,Wi-Fi egokigailua,Sareak,1999.81,3
1699,2026-09-11,Carmelita Menendez,Baleares,Sagua,Periferikoak,1036.41,5
1700,2026-04-28,Amado Angulo-Román,Granada,Monitorea,Periferikoak,589.83,8
1701,2026-03-18,Telmo Benítez,Barcelona,Sagua,Periferikoak,320.91,8
1702,2026-04-08,Ramona Paz Tur Blazquez,León,Webkamera,Periferikoak,1569.26,4
1703,2026-01-07,Jose Ignacio Doménech Anglada,Navarra,Webkamera,Periferikoak,1408.21,2
1704,2025-06-09,Nacio Barrera Bautista,Ciudad,Bideratzailea,Sareak,527.42,4
1705,2025-07-03,Fermín de Lasa,Guipúzcoa,Ordenagailu eramangarria,Ordenagailuak,1809.39,1
1706,2026-06-12,José Ángel Bayón Prieto,Lugo,Mini PC,Ordenagailuak,591.65,2
1707,2025-06-03,Emilio Izquierdo Izquierdo,Córdoba,Wi-Fi egokigailua,Sareak,880.6,9
1708,2026-05-15,Noemí Batalla Talavera,León,Prozesadorea,Osagaiak,36.82,6
1709,2026-01-06,Candelario Sastre Vallés,Murcia,Txartel grafikoa,Osagaiak,1651.79,10
1710,2026-09-15,Lola Cortina,Granada,Wi-Fi egokigailua,Sareak,990.74,3
1711,2024-12-09,Nieves Cervantes Izaguirre,Ceuta,Bideratzailea,Sareak,1664.11,10
1712,2026-02-24,Eloy Catalán Frías,Palencia,Sare-kablea,Sareak,338.66,4
1713,2025-11-12,Carlos Capdevila Valero,La Coruña,RAM memoria,Osagaiak,1937.72,4
1714,2025-10-06,Ángela Ayala,Cáceres,RAM memoria,Osagaiak,253.5,2
1715,2025-02-06,Victor Abril Alegre,Tarragona,Mini PC,Ordenagailuak,795.59,7
1716,2024-12-16,José Manuel Terrón Pomares,Álava,Bideratzailea,Sareak,1679.37,4
1717,2025-07-01,Ernesto Barrio Gutierrez,Guadalajara,Sagua,Periferikoak,1318.1,10
1718,2026-04-20,Humberto Chacón-Ferrero,Granada,Mahaigaineko ordenagailua,Ordenagailuak,1779.75,6
1719,2024-10-19,Quique Alegria,Valladolid,Mahaigaineko ordenagailua,Ordenagailuak,1880.23,1
1720,2026-05-13,Fidel Pinilla-Río,Guipúzcoa,Teklatua,Periferikoak,1854.88,1
1721,2025-08-05,Ileana Leiva Briones,Álava,Sare-kablea,Sareak,1881.47,5
1722,2026-02-23,Epifanio de Salvador,Badajoz,Mahaigaineko ordenagailua,Ordenagailuak,1262.75,5
1723,2024-10-24,Adoración Flor Ferreras Ropero,Navarra,Switch-a,Sareak,607.7,3
1724,2025-10-19,Marcia Quirós-Cuervo,Pontevedra,Sare-kablea,Sareak,1612.1,9
1725,2025-10-23,Manu de Sureda,Zamora,Prozesadorea,Osagaiak,750.3,6
1726,2025-02-02,Sonia Berenguer Santos,Albacete,Switch-a,Sareak,264.2,2
1727,2025-08-05,Jenny Yuste Estévez,Álava,SSD diskoa,Osagaiak,166.7,1
1728,2026-08-07,Ruben Serra Paniagua,Málaga,Monitorea,Periferikoak,1994.15,8
1729,2025-08-23,Nico Cervera Torrents,Jaén,Switch-a,Sareak,1610.9,2
1730,2025-04-16,Olivia Martina Quevedo Cervera,Cuenca,RAM memoria,Osagaiak,338.18,10
1731,2025-05-26,Angelita Sancho-Baeza,Toledo,Wi-Fi egokigailua,Sareak,550.16,2
1732,2026-02-03,Julieta Arrieta Montaña,Vizcaya,Sagua,Periferikoak,10.73,3
1733,2026-06-02,Leonor Abad Alemán,Asturias,Txartel grafikoa,Osagaiak,454.9,6
1734,2025-04-12,Jeremías Duarte Galván,Cuenca,Sare-kablea,Sareak,368.64,3
1735,2026-07-03,Abilio Barragán-Borrell,Melilla,Sagua,Periferikoak,334.88,5
1736,2025-03-18,Hugo Belmonte Porras,Álava,Sare-kablea,Sareak,139.7,6
1737,2024-11-29,Florencia Abella-Enríquez,Zaragoza,Ordenagailu eramangarria,Ordenagailuak,1676.84,2
1738,2025-02-06,Raúl Arranz Pareja,Zamora,Webkamera,Periferikoak,114.72,3
1739,2024-10-26,Andrea Ros Mir,Álava,Txartel grafikoa,Osagaiak,530.89,2
1740,2025-11-08,Octavia Marcos González,Zaragoza,Webkamera,Periferikoak,851.75,9
1741,2026-06-17,Fabiola Catalá Jimenez,Lugo,Prozesadorea,Osagaiak,851.93,2
1742,2026-09-07,Samuel Mercader,Castellón,Prozesadorea,Osagaiak,77.33,6
1743,2025-01-14,Narcisa del Girona,Asturias,Mahaigaineko ordenagailua,Ordenagailuak,1832.37,4
1744,2025-08-09,Ramona Herranz,Burgos,Webkamera,Periferikoak,1090.7,7
1745,2026-09-08,Alma Román Samper,Palencia,Sagua,Periferikoak,1474.32,5
1746,2025-10-28,Federico Goñi Piñeiro,La Coruña,RAM memoria,Osagaiak,1111.6,6
1747,2024-11-01,Ángeles Lloret Ayllón,Huesca,Webkamera,Periferikoak,1274.42,6
1748,2025-06-16,Candela Fuster España,Pontevedra,Ordenagailu eramangarria,Ordenagailuak,1112.42,6
1749,2024-10-25,Pío Alberto Cal Guillen,Ávila,Ordenagailu eramangarria,Ordenagailuak,952.99,9
1750,2024-12-02,Calisto Moya Marquez,Soria,Sare-kablea,Sareak,115.87,3
1751,2025-12-30,Paca Peláez Guillen,Cuenca,Prozesadorea,Osagaiak,1402.22,1
1752,2026-01-23,Isidoro Mir Palau,Álava,Ordenagailu eramangarria,Ordenagailuak,1766.53,1
1753,2025-05-15,Clotilde España Oliver,León,Mini PC,Ordenagailuak,1828.79,6
1754,2025-08-09,Silvestre Ugarte Cabo,Teruel,Ordenagailu eramangarria,Ordenagailuak,1734.16,8
1755,2026-08-04,Nereida Paz-Anaya,Sevilla,Ordenagailu eramangarria,Ordenagailuak,103.1,7
1756,2026-08-23,Concepción Encarnacion Albero Frutos,Álava,Monitorea,Periferikoak,718.16,1
1757,2025-08-02,María José Luís,Asturias,SSD diskoa,Osagaiak,1288.78,2
1758,2026-09-17,Vanesa Dávila Palomar,Valladolid,RAM memoria,Osagaiak,1867.47,10
1759,2025-01-08,Gala Bejarano Aragonés,La Rioja,Webkamera,Periferikoak,1171.73,1
1760,2025-07-11,Zaira Barral Beltrán,Teruel,Mahaigaineko ordenagailua,Ordenagailuak,982.33,1
1761,2026-09-21,Débora Casares,Sevilla,RAM memoria,Osagaiak,1172.36,5
1762,2026-06-15,Abel Pozo Tudela,Jaén,Sagua,Periferikoak,689.41,1
1763,2025-01-19,Saturnina Alba Beltran,Castellón,Txartel grafikoa,Osagaiak,646.32,3
1764,2025-02-05,Jeremías Iñiguez Espejo,Santa Cruz de Tenerife,Switch-a,Sareak,1359.73,3
1765,2026-04-23,Fito Tiburcio Bustos Baños,Valencia,Prozesadorea,Osagaiak,1175.5,7
1766,2025-06-11,Melchor Riba Vicens,Ciudad,Ordenagailu eramangarria,Ordenagailuak,315.14,2
1767,2025-07-07,Régulo de Agudo,Soria,Wi-Fi egokigailua,Sareak,1966.58,6
1768,2025-05-17,Teodora Estrada-Bonilla,Palencia,Sare-kablea,Sareak,643.21,7
1769,2025-03-11,Hugo de Aguirre,Lleida,Mahaigaineko ordenagailua,Ordenagailuak,729.66,3
1770,2025-03-29,Vilma Amat Cases,León,Ordenagailu eramangarria,Ordenagailuak,191.44,3
1771,2026-02-26,Adelaida de Fajardo,Tarragona,RAM memoria,Osagaiak,207.82,10
1772,2024-11-12,Roberta Casanova,Toledo,Prozesadorea,Osagaiak,1410.46,10
1773,2025-08-06,José Rueda Galán,Guipúzcoa,Mini PC,Ordenagailuak,1132.1,10
1774,2025-11-13,Nuria Sosa Diego,Jaén,Teklatua,Periferikoak,1456.6,6
1775,2025-09-08,Tecla Concepción Bautista Perez,Málaga,Txartel grafikoa,Osagaiak,1846.22,9
1776,2025-05-24,Toribio Amando Báez Vilaplana,Cáceres,Webkamera,Periferikoak,337.0,1
1777,2025-10-31,Emilia Lupe Castell Granados,Sevilla,RAM memoria,Osagaiak,126.32,2
1778,2025-04-15,Nacio Galván-Catalá,Asturias,Webkamera,Periferikoak,1999.46,10
1779,2026-02-17,Quirino Alberto Castell,Santa Cruz de Tenerife,RAM memoria,Osagaiak,108.35,3
1780,2026-06-08,Plinio Ródenas Valenciano,Barcelona,Prozesadorea,Osagaiak,504.47,4
1781,2026-07-11,José Bueno Rios,Almería,Mahaigaineko ordenagailua,Ordenagailuak,524.5,4
1782,2026-02-03,Francisco Jose Gual Sacristán,Lleida,Mahaigaineko ordenagailua,Ordenagailuak,819.74,2
1783,2024-12-29,Octavio Alsina Cáceres,La Rioja,Prozesadorea,Osagaiak,966.38,7
1784,2026-06-14,Lupe Gibert Carreras,Córdoba,Ordenagailu eramangarria,Ordenagailuak,1729.94,9
1785,2024-11-11,Genoveva Cámara Contreras,Zaragoza,Sagua,Periferikoak,1927.15,7
1786,2024-10-04,Gervasio Ramis Pedrosa,La Coruña,Sare-kablea,Sareak,1958.96,1
1787,2025-03-13,Íngrid Coronado Blasco,Huesca,Wi-Fi egokigailua,Sareak,128.38,10
1788,2026-04-15,Eutimio Arce-Sainz,La Coruña,Sagua,Periferikoak,1407.39,10
1789,2026-03-01,Hilda Núñez-Aguirre,Segovia,Txartel grafikoa,Osagaiak,347.58,4
1790,2026-06-03,Benita Roura Carpio,Girona,RAM memoria,Osagaiak,528.27,7
1791,2026-07-27,Morena Montes Larrea,Badajoz,Prozesadorea,Osagaiak,1098.94,8
1792,2026-03-18,Brunilda Heredia Merino,Sevilla,Mini PC,Ordenagailuak,1174.87,7
1793,2025-03-04,Evelia de Cañete,Lleida,Sagua,Periferikoak,1825.46,1
1794,2025-10-17,Donato del Francisco,Zaragoza,Sagua,Periferikoak,163.1,6
1795,2025-07-17,Pacífica Lasa Pelayo,Vizcaya,Sare-kablea,Sareak,1881.88,10
1796,2025-09-23,Gracia Ledesma Narváez,Huesca,Sagua,Periferikoak,899.47,10
1797,2026-09-17,Haroldo Pomares-Valverde,Zaragoza,Bideratzailea,Sareak,887.26,5
1798,2024-11-20,Eloísa Pelayo Alonso,Ourense,SSD diskoa,Osagaiak,1900.79,5
1799,2026-05-11,Ricardo Pujol Clavero,Zamora,Mahaigaineko ordenagailua,Ordenagailuak,1184.48,7
1800,2026-06-02,Basilio Heras Alcalde,Cuenca,Sagua,Periferikoak,495.47,10
1801,2025-04-05,Azucena Macias Badía,Segovia,Mini PC,Ordenagailuak,1200.25,4
1802,2026-08-11,Eutropio Moliner Mendizábal,Teruel,Prozesadorea,Osagaiak,932.72,7
1803,2026-01-17,Coral Calvet Alfaro,Murcia,Prozesadorea,Osagaiak,1020.67,6
1804,2025-01-05,Aníbal Pedrosa Salom,Navarra,SSD diskoa,Osagaiak,656.2,4
1805,2026-05-12,Rafael Echeverría-Roselló,Córdoba,Monitorea,Periferikoak,1733.87,8
1806,2024-12-15,Modesto Céspedes,Tarragona,Mini PC,Ordenagailuak,846.43,3
1807,2026-07-16,Jennifer Catalán Ropero,Soria,SSD diskoa,Osagaiak,837.24,4
1808,2024-09-26,Xavier Barrio-Artigas,Burgos,Sare-kablea,Sareak,1914.68,2
1809,2026-08-02,Eufemia Vives Arroyo,Albacete,Ordenagailu eramangarria,Ordenagailuak,995.87,3
1810,2024-11-10,Feliciano Sierra Ferrero,Las Palmas,Prozesadorea,Osagaiak,1242.38,4
1811,2026-04-08,Rico Puig,Madrid,Ordenagailu eramangarria,Ordenagailuak,1865.4,4
1812,2025-02-15,Fanny Felicia Correa Villegas,Cádiz,Mini PC,Ordenagailuak,59.76,3
1813,2026-04-19,Belen Perea Ortuño,Ciudad,Switch-a,Sareak,351.19,8
1814,2026-02-16,Victoriano Yuste,Álava,SSD diskoa,Osagaiak,749.6,4
1815,2025-03-07,Héctor del Bonet,Alicante,Webkamera,Periferikoak,818.11,1
1816,2024-10-27,Guiomar Valenciano Carrillo,Cantabria,Sare-kablea,Sareak,84.12,1
1817,2024-12-24,Armida Pablo Girón,Teruel,Bideratzailea,Sareak,1978.63,7
1818,2025-10-18,Rosario Quevedo-Tejera,Guadalajara,Webkamera,Periferikoak,1548.33,3
1819,2025-02-24,Onofre Corominas,Cáceres,Prozesadorea,Osagaiak,1304.13,10
1820,2025-03-28,Fulgencio Correa Espinosa,Toledo,Monitorea,Periferikoak,834.7,7
1821,2026-05-16,Evangelina Cloe Peral Avilés,Ciudad,Txartel grafikoa,Osagaiak,1775.31,2
1822,2025-10-17,Heliodoro Téllez-Llorens,Ciudad,Ordenagailu eramangarria,Ordenagailuak,999.85,6
1823,2026-06-11,Rolando Benjamín Morante Comas,Sevilla,Prozesadorea,Osagaiak,455.99,7
1824,2025-07-13,José Manuel Madrid Pujol,Ourense,Txartel grafikoa,Osagaiak,1350.46,7
1825,2025-05-11,Ruperto Tamayo-Arrieta,Guadalajara,Mahaigaineko ordenagailua,Ordenagailuak,1169.9,3
1826,2025-06-19,Pacífica Leal Bello,Ourense,Mini PC,Ordenagailuak,705.42,7
1827,2024-10-06,Luis Peña Galán,León,Webkamera,Periferikoak,737.23,1
1828,2026-05-03,Agapito Izaguirre Domingo,Cáceres,Bideratzailea,Sareak,150.79,8
1829,2025-01-01,Carlito Meléndez Beltrán,Ourense,Ordenagailu eramangarria,Ordenagailuak,1544.91,7
1830,2025-08-27,Miriam Santiago-Ramis,Ourense,Sare-kablea,Sareak,446.9,3
1831,2025-09-17,Cristina Bernal Esteve,León,Sare-kablea,Sareak,1387.97,1
1832,2026-08-25,Luisa Talavera-Rivera,Ciudad,Switch-a,Sareak,1931.8,10
1833,2025-02-19,Apolonia Mayte Piña Mulet,Cantabria,Teklatua,Periferikoak,1958.65,10
1834,2025-02-03,Camilo Arroyo Cuadrado,Palencia,Teklatua,Periferikoak,725.3,6
1835,2026-05-06,Epifanio Sastre-Luz,Álava,Bideratzailea,Sareak,7.17,7
1836,2025-07-09,Lalo Nazaret Rozas Valderrama,Granada,Sare-kablea,Sareak,1219.57,5
1837,2025-07-27,Guadalupe Olivera,Tarragona,Ordenagailu eramangarria,Ordenagailuak,531.42,1
1838,2025-07-17,Estela Giménez Sosa,Alicante,Mini PC,Ordenagailuak,1518.49,5
1839,2025-12-18,Isabela Bermúdez Canet,Barcelona,Sare-kablea,Sareak,461.41,4
1840,2026-02-13,Josefa Aguiló-Escobar,Huelva,Ordenagailu eramangarria,Ordenagailuak,335.67,3
1841,2025-07-22,Ignacio Marí,Ávila,Wi-Fi egokigailua,Sareak,1262.37,9
1842,2025-12-14,Ámbar Lucena Riba,Ciudad,Monitorea,Periferikoak,1996.42,5
1843,2026-03-22,Pedro Eduardo Beltran Mayoral,La Coruña,Sagua,Periferikoak,1547.77,4
1844,2025-04-13,Elodia Gonzalo Lerma,Córdoba,Teklatua,Periferikoak,1081.97,9
1845,2025-01-08,Manu Moya Valle,Barcelona,Txartel grafikoa,Osagaiak,1486.27,10
1846,2024-12-05,Baldomero Aguiló Salinas,Almería,Sagua,Periferikoak,240.61,1
1847,2025-05-20,Febe Fernández,Santa Cruz de Tenerife,Sare-kablea,Sareak,763.43,8
1848,2026-06-13,Alejo Hidalgo Agustín,Granada,SSD diskoa,Osagaiak,1165.55,5
1849,2026-08-03,Porfirio Godoy Ballester,Burgos,Wi-Fi egokigailua,Sareak,223.17,2
1850,2026-03-13,Eva Pozuelo Palacio,Cantabria,SSD diskoa,Osagaiak,1197.43,8
1851,2025-11-03,Rosenda Bermúdez Gil,Córdoba,Mini PC,Ordenagailuak,743.7,5
1852,2025-04-01,Gisela Pons Giralt,Asturias,RAM memoria,Osagaiak,1918.69,9
1853,2024-10-29,Eusebio Español,La Rioja,Sagua,Periferikoak,1915.85,3
1854,2026-06-12,Fabián Sebastián,Cádiz,Mahaigaineko ordenagailua,Ordenagailuak,837.26,2
1855,2025-05-01,Oriana Ricart Vargas,Zamora,Mini PC,Ordenagailuak,1707.3,1
1856,2026-02-24,Lucas Lozano Pizarro,Burgos,Teklatua,Periferikoak,1329.84,8
1857,2026-07-05,Joan Lago Fabra,Granada,Switch-a,Sareak,1728.4,1
1858,2025-03-09,Amanda Cárdenas Cáceres,Las Palmas,Txartel grafikoa,Osagaiak,697.23,8
1859,2026-03-10,Conrado Font Cañellas,Salamanca,Sagua,Periferikoak,24.17,1
1860,2025-05-23,Asunción Garriga-Fuente,Ceuta,Prozesadorea,Osagaiak,454.25,5
1861,2025-08-31,Quique Casado Roman,Huesca,Bideratzailea,Sareak,901.54,3
1862,2025-12-13,Pili Miró Ibañez,Cádiz,Wi-Fi egokigailua,Sareak,1319.47,4
1863,2024-11-20,Xavier Gual Jordán,Cáceres,Ordenagailu eramangarria,Ordenagailuak,64.27,5
1864,2024-10-28,Emiliana del Bayo,Ávila,Txartel grafikoa,Osagaiak,1474.2,3
1865,2025-04-25,Amparo Saavedra Riba,Sevilla,Txartel grafikoa,Osagaiak,1499.99,2
1866,2026-01-05,Estrella Juliá Riba,Salamanca,Switch-a,Sareak,1900.33,1
1867,2025-06-13,Corona del Correa,Santa Cruz de Tenerife,Switch-a,Sareak,700.64,2
1868,2025-01-15,Almudena Rosario Novoa Pol,Valladolid,SSD diskoa,Osagaiak,1464.32,9
1869,2026-08-16,Diana Expósito Sanmiguel,Zamora,RAM memoria,Osagaiak,209.16,2
1870,2026-09-08,Juan Manuel Seco Vilanova,Ciudad,Mini PC,Ordenagailuak,714.88,9
1871,2026-05-06,Amarilis Nayara Benavent Santos,Madrid,Wi-Fi egokigailua,Sareak,1425.4,4
1872,2025-06-08,María Teresa Infante-Pacheco,Pontevedra,SSD diskoa,Osagaiak,1510.97,2
1873,2024-12-07,Calisto Ugarte Pons,Ciudad,Switch-a,Sareak,1146.58,3
1874,2024-10-09,Carlito Calixto Carbajo Peña,Jaén,SSD diskoa,Osagaiak,1408.33,10
1875,2026-06-06,Wálter Ferrero,Tarragona,Switch-a,Sareak,419.37,5
1876,2025-08-13,Ezequiel Vallés Villena,Málaga,Monitorea,Periferikoak,29.34,8
1877,2026-05-04,Tito Perelló Pina,Asturias,Mini PC,Ordenagailuak,1573.4,4
1878,2025-09-21,Odalys Yaiza Espada Puerta,Santa Cruz de Tenerife,Switch-a,Sareak,332.76,6
1879,2025-03-13,Jaime Valenciano Sánchez,Zamora,Switch-a,Sareak,332.45,10
1880,2024-10-06,Venceslás Pujol Olmedo,Burgos,RAM memoria,Osagaiak,61.83,6
1881,2025-01-12,Bautista Andrés Felipe Mora Reguera,Alicante,RAM memoria,Osagaiak,1216.4,6
1882,2025-03-12,Jesús de Real,Salamanca,Wi-Fi egokigailua,Sareak,1365.97,3
1883,2025-08-04,Florencio Jove Vilar,Segovia,Mini PC,Ordenagailuak,1133.43,2
1884,2025-02-20,Dani Arjona Arranz,Ourense,RAM memoria,Osagaiak,1447.2,2
1885,2025-01-31,Asdrubal Duran Benito,Valencia,Mahaigaineko ordenagailua,Ordenagailuak,1052.84,2
1886,2025-10-21,Macaria Rincón Valera,Granada,Teklatua,Periferikoak,217.97,10
1887,2025-10-16,Leopoldo Barragán-Porras,Granada,Ordenagailu eramangarria,Ordenagailuak,1719.86,1
1888,2026-04-27,Lucas Valverde Valenciano,Santa Cruz de Tenerife,Mini PC,Ordenagailuak,988.31,6
1889,2026-04-13,Merche Querol Luján,Valencia,Monitorea,Periferikoak,1592.95,2
1890,2026-03-06,Eusebio Escribano,Salamanca,Switch-a,Sareak,1469.55,3
1891,2024-11-17,Adán Mayoral Bartolomé,Girona,RAM memoria,Osagaiak,1257.32,9
1892,2026-04-27,Epifanio Torralba Vicente,Ávila,Txartel grafikoa,Osagaiak,1771.78,8
1893,2026-05-19,Marita Lobato Zurita,Segovia,RAM memoria,Osagaiak,1057.89,4
1894,2026-03-14,Ambrosio Gimenez Rosales,La Rioja,Ordenagailu eramangarria,Ordenagailuak,1515.88,3
1895,2024-11-08,Chelo Cuéllar Navarro,Murcia,Mahaigaineko ordenagailua,Ordenagailuak,391.12,1
1896,2025-12-29,Rufina Escobar León,Melilla,Sagua,Periferikoak,1131.9,1
1897,2025-11-01,Óscar Rios Donoso,Almería,Webkamera,Periferikoak,820.68,7
1898,2026-05-17,Úrsula Hervás Gordillo,Navarra,RAM memoria,Osagaiak,1811.64,10
1899,2026-01-28,Custodio Tomás,Valencia,Bideratzailea,Sareak,1040.43,2
1900,2025-01-31,Aránzazu Huguet Roura,Vizcaya,Bideratzailea,Sareak,6.9,4
1901,2026-01-21,Cornelio Gonzalez Corominas,Soria,RAM memoria,Osagaiak,720.23,8
1902,2025-10-14,Olga Aller Ramis,Madrid,Mahaigaineko ordenagailua,Ordenagailuak,199.83,1
1903,2026-03-29,Sara Diego Aguado,Segovia,Wi-Fi egokigailua,Sareak,511.98,2
1904,2025-08-30,Guadalupe Caro Serna,Huelva,Txartel grafikoa,Osagaiak,1191.68,4
1905,2025-06-06,Carmina Alegria Contreras,Jaén,Monitorea,Periferikoak,1430.51,9
1906,2026-04-04,Tomasa Felicidad Burgos Chacón,León,Switch-a,Sareak,635.78,9
1907,2025-06-01,Marcial del Rozas,Valladolid,Txartel grafikoa,Osagaiak,1516.38,3
1908,2025-08-14,Bienvenida Requena Rocha,Asturias,Mahaigaineko ordenagailua,Ordenagailuak,1180.79,7
1909,2024-10-09,Leonel Sebastián Melero,Córdoba,Wi-Fi egokigailua,Sareak,1409.79,10
1910,2025-07-17,José Manuel Ferrer Varela,Baleares,Webkamera,Periferikoak,951.31,5
1911,2025-10-07,Clarisa Pujadas Campillo,Girona,Bideratzailea,Sareak,548.37,6
1912,2026-04-25,Natanael Villa Prado,Guadalajara,Ordenagailu eramangarria,Ordenagailuak,247.4,3
1913,2025-01-03,Almudena Puente Páez,Navarra,Bideratzailea,Sareak,42.69,3
1914,2025-10-19,Gastón Viña-Calvet,Álava,Sagua,Periferikoak,1796.85,1
1915,2025-09-11,Mamen de Sáez,Valencia,Teklatua,Periferikoak,1138.44,7
1916,2024-10-04,Rocío Pellicer Alberto,Álava,RAM memoria,Osagaiak,99.86,6
1917,2026-04-01,Aroa Pagès Frutos,Huelva,Sare-kablea,Sareak,604.12,9
1918,2026-04-07,Seve Ríos,Las Palmas,Webkamera,Periferikoak,1171.6,9
1919,2026-07-23,Nacho Carrasco Suarez,La Rioja,Bideratzailea,Sareak,68.14,4
1920,2025-06-22,Amado Gual Linares,Granada,Wi-Fi egokigailua,Sareak,274.76,10
1921,2025-07-08,Nazaret Novoa-Roca,Huesca,Ordenagailu eramangarria,Ordenagailuak,621.4,7
1922,2026-04-21,Bautista Morales Núñez,Lugo,RAM memoria,Osagaiak,650.54,3
1923,2026-08-10,Bernabé Aguiló Mármol,Castellón,SSD diskoa,Osagaiak,905.3,5
1924,2025-05-06,Encarnacion Maldonado Morell,Pontevedra,Switch-a,Sareak,1235.55,6
1925,2024-12-03,Juanito de Milla,Madrid,Prozesadorea,Osagaiak,1990.17,5
1926,2026-03-09,Aurelio Delgado,Álava,Sagua,Periferikoak,812.16,3
1927,2026-08-04,Plinio Sureda Gálvez,Santa Cruz de Tenerife,Mahaigaineko ordenagailua,Ordenagailuak,1018.2,7
1928,2025-10-20,Patricia de Olivares,Teruel,Monitorea,Periferikoak,1139.41,3
1929,2025-11-24,Che Noé Olivares Chaves,Badajoz,Txartel grafikoa,Osagaiak,241.64,6
1930,2025-06-19,Jacobo Batlle Ballesteros,Almería,Bideratzailea,Sareak,748.39,10
1931,2025-03-31,Encarnita Leon Soto,Valladolid,Mahaigaineko ordenagailua,Ordenagailuak,1312.27,6
1932,2025-04-29,Patricia Marqués,Zamora,Txartel grafikoa,Osagaiak,248.45,10
1933,2026-02-18,Jimena Flores-Juan,Pontevedra,Sagua,Periferikoak,80.42,4
1934,2025-10-01,Dan Ferrero Casanovas,La Rioja,Bideratzailea,Sareak,1794.8,4
1935,2026-05-19,Ágata Esparza,Alicante,Txartel grafikoa,Osagaiak,1041.68,3
1936,2025-06-08,Jose Talavera Ferrándiz,Girona,Mini PC,Ordenagailuak,895.23,6
1937,2025-05-10,Iván Maza Real,Sevilla,Ordenagailu eramangarria,Ordenagailuak,1902.41,4
1938,2026-05-09,Amarilis Cadenas,Huelva,Sare-kablea,Sareak,1409.61,4
1939,2025-04-15,Leonor Bonilla Tello,Valencia,Webkamera,Periferikoak,1916.2,10
1940,2025-11-27,Fabián Gomez Gallego,Barcelona,Wi-Fi egokigailua,Sareak,1824.48,7
1941,2026-09-03,Amaya Andres Arco,Almería,Monitorea,Periferikoak,987.29,10
1942,2025-10-16,Sigfrido del Céspedes,Teruel,Ordenagailu eramangarria,Ordenagailuak,1111.76,7
1943,2026-07-16,Máximo Mariño Porta,Valencia,Monitorea,Periferikoak,1273.96,10
1944,2025-11-23,Carlota Peláez Trujillo,Santa Cruz de Tenerife,Wi-Fi egokigailua,Sareak,1549.66,3
1945,2026-06-01,Chuy Clemente Bellido,Valencia,Mini PC,Ordenagailuak,952.93,9
1946,2026-05-15,Juan Luis Julián Expósito Sans,Lleida,Ordenagailu eramangarria,Ordenagailuak,1901.42,10
1947,2026-07-24,Óscar Mulet-Cabeza,Zamora,Sagua,Periferikoak,876.63,3
1948,2026-09-10,Ariel Esparza Gelabert,Castellón,Wi-Fi egokigailua,Sareak,1545.55,9
1949,2026-04-13,Delfina Tur-Bernal,Guipúzcoa,Mini PC,Ordenagailuak,28.2,10
1950,2026-05-25,Josefina Arévalo Pellicer,Burgos,Txartel grafikoa,Osagaiak,1898.54,10
1951,2025-03-04,Anunciación Millán Vargas,Valladolid,Txartel grafikoa,Osagaiak,1973.95,1
1952,2025-02-13,Ainara Carrión Carro,Zamora,Teklatua,Periferikoak,26.31,9
1953,2026-06-08,Encarnita Cañizares Miró,Baleares,RAM memoria,Osagaiak,1486.54,1
1954,2026-02-09,Sarita Cabrero Vallés,Alicante,Mahaigaineko ordenagailua,Ordenagailuak,676.7,3
1955,2025-02-25,Clarisa Pérez Baños,Tarragona,Webkamera,Periferikoak,426.48,7
1956,2026-07-23,César Oller Vergara,Ourense,RAM memoria,Osagaiak,433.45,4
1957,2026-02-20,Macaria Montoya Ros,Huesca,Mini PC,Ordenagailuak,1962.37,8
1958,2024-11-25,Teodora Polo Peña,Palencia,Txartel grafikoa,Osagaiak,1168.23,6
1959,2026-04-23,Aureliano Pino Manrique,La Coruña,Teklatua,Periferikoak,1356.17,9
1960,2025-09-03,Javier Anaya Cuadrado,Vizcaya,Txartel grafikoa,Osagaiak,844.0,6
1961,2025-04-27,Anna Pina,Córdoba,Prozesadorea,Osagaiak,1678.9,7
1962,2024-10-19,Mateo Serrano Morales,Guipúzcoa,Mini PC,Ordenagailuak,1791.81,5
1963,2026-05-21,Glauco Casanova Arcos,Sevilla,Bideratzailea,Sareak,282.62,4
1964,2025-04-04,Hortensia Gallardo Roca,Málaga,Ordenagailu eramangarria,Ordenagailuak,544.81,5
1965,2025-08-20,Priscila Gras,Zamora,Sagua,Periferikoak,1902.2,10
1966,2025-11-17,Hugo Valbuena Quesada,Tarragona,Bideratzailea,Sareak,1171.22,3
1967,2026-08-10,Jenny Lerma,Valladolid,Monitorea,Periferikoak,234.9,4
1968,2025-10-21,Bernarda Tudela Casal,Cuenca,Sagua,Periferikoak,48.82,7
1969,2026-04-22,Sofía Lillo Arana,Granada,Ordenagailu eramangarria,Ordenagailuak,1214.64,9
1970,2025-09-29,Leocadio Soriano,Segovia,Mini PC,Ordenagailuak,740.65,4
1971,2025-02-27,Ricardo Jordán Sancho Alcalá,Badajoz,RAM memoria,Osagaiak,1474.1,10
1972,2025-12-22,Félix Ferrando Vila,Albacete,Ordenagailu eramangarria,Ordenagailuak,1121.16,7
1973,2025-06-05,Alex Juárez Bauzà,Ceuta,Prozesadorea,Osagaiak,1256.4,6
1974,2025-08-27,Eloy Losa Batalla,Almería,Sare-kablea,Sareak,1417.75,5
1975,2025-11-10,Elpidio Pera Heredia,Almería,Mini PC,Ordenagailuak,993.91,10
1976,2024-12-05,Calixto Lluch Solana,Palencia,Webkamera,Periferikoak,314.95,7
1977,2026-06-17,Griselda Fuentes-Español,Huesca,Teklatua,Periferikoak,1020.38,3
1978,2025-04-23,Sigfrido Gargallo-Duque,Badajoz,Prozesadorea,Osagaiak,1097.79,1
1979,2025-02-11,Lucila Rosado Cabezas,Castellón,Ordenagailu eramangarria,Ordenagailuak,977.1,3
1980,2025-08-17,Amaro Cordero Arana,Pontevedra,Wi-Fi egokigailua,Sareak,1601.3,7
1981,2026-03-04,Lucho Palomo Ferrándiz,Murcia,Bideratzailea,Sareak,25.43,8
1982,2025-12-09,Amor Báez Uría,Barcelona,Wi-Fi egokigailua,Sareak,1961.72,1
1983,2026-04-29,Mario Serrano,Cantabria,Ordenagailu eramangarria,Ordenagailuak,1345.57,3
1984,2024-12-01,Julián Pintor,Valencia,Txartel grafikoa,Osagaiak,1816.9,7
1985,2025-01-06,Albano Izaguirre Molina,Valencia,Sare-kablea,Sareak,1627.14,8
1986,2025-11-13,Roxana de Sáez,Lleida,Mahaigaineko ordenagailua,Ordenagailuak,632.31,7
1987,2026-09-11,Seve Gomis Mata,Zamora,Ordenagailu eramangarria,Ordenagailuak,381.46,3
1988,2026-01-10,Calixto Noriega Escrivá,Palencia,Mahaigaineko ordenagailua,Ordenagailuak,1551.1,3
1989,2025-11-23,Raimundo Sergio Salmerón Sánchez,Jaén,Mini PC,Ordenagailuak,51.26,3
1990,2026-01-05,Estela Busquets Gomila,Lugo,Sare-kablea,Sareak,166.83,8
1991,2026-03-03,Nilo Cañete León,Tarragona,Monitorea,Periferikoak,1201.69,6
1992,2025-06-30,Balduino Camino Cano,Murcia,Mini PC,Ordenagailuak,1893.11,3
1993,2025-10-23,Prudencia Machado Riba,Lugo,Sare-kablea,Sareak,1625.65,7
1994,2025-02-27,América Agustí Vall,Granada,Txartel grafikoa,Osagaiak,535.3,9
1995,2025-08-09,Anunciación de Antúnez,Girona,RAM memoria,Osagaiak,180.55,5
1996,2024-10-30,Paz Ángel-Fortuny,Pontevedra,Mini PC,Ordenagailuak,1285.16,4
1997,2026-09-09,Julián Leiva-Viana,Cuenca,Webkamera,Periferikoak,1939.5,9
1998,2024-12-18,Lucía Reguera-Montalbán,Las Palmas,RAM memoria,Osagaiak,308.91,1
1999,2024-11-11,Cornelio Tur Colomer,Huelva,SSD diskoa,Osagaiak,8.26,4
2000,2024-11-07,Leocadio Villena Peñas,Zamora,Mahaigaineko ordenagailua,Ordenagailuak,1528.91,7
2001,2025-03-17,Mariano Acuña Acero,Baleares,Wi-Fi egokigailua,Sareak,248.51,1
2002,2025-11-21,Gregorio Cornejo Gutierrez,Soria,Mahaigaineko ordenagailua,Ordenagailuak,417.58,10
2003,2026-03-18,Amada Gala Agullo Navarro,Murcia,Bideratzailea,Sareak,1935.7,7
2004,2026-09-23,Delfina Armas Ayuso,Pontevedra,Wi-Fi egokigailua,Sareak,1406.28,4
2005,2024-12-19,Porfirio Hidalgo Salinas,Badajoz,Bideratzailea,Sareak,656.11,10
2006,2026-02-12,Leyre Cid Mendizábal,Albacete,Sagua,Periferikoak,1307.33,1
2007,2025-06-16,Rafaela Haro Lobato,La Rioja,Ordenagailu eramangarria,Ordenagailuak,919.41,7
2008,2025-04-18,Tomás Quiroga-Rosales,Burgos,Teklatua,Periferikoak,200.7,9
2009,2025-04-06,Sandalio Chaparro Bravo,Barcelona,RAM memoria,Osagaiak,1056.57,10
2010,2026-08-31,Victor Manuel Portillo Chico,Melilla,Monitorea,Periferikoak,1030.8,8
2011,2026-02-08,Joaquín Gordillo Palmer,La Rioja,Monitorea,Periferikoak,332.28,6
2012,2024-10-06,Armando Cebrián Busquets Chaparro,Badajoz,Bideratzailea,Sareak,1411.53,2
2013,2026-04-21,Fanny Alemán Madrid,Baleares,Prozesadorea,Osagaiak,129.59,10
2014,2025-03-02,Ignacio Real-Alvarez,Ávila,RAM memoria,Osagaiak,1155.31,9
2015,2025-08-24,Arsenio Echevarría Fonseca,Ourense,Txartel grafikoa,Osagaiak,145.44,2
2016,2024-10-15,Juan Pablo Perelló-Alberdi,Valencia,Txartel grafikoa,Osagaiak,896.96,6
2017,2026-08-22,Fabricio Pizarro-Arteaga,Segovia,RAM memoria,Osagaiak,1835.18,8
2018,2026-09-14,Gregorio Seve Amaya Campo,Guipúzcoa,Switch-a,Sareak,19.46,8
2019,2026-08-28,Jose Luis Telmo Comas Jover,Huelva,Txartel grafikoa,Osagaiak,175.62,7
2020,2025-01-21,Prudencia Cadenas Cases,Sevilla,RAM memoria,Osagaiak,812.57,1
2021,2026-06-04,Felicia Páez Corominas,Cuenca,Bideratzailea,Sareak,1963.79,8
2022,2026-06-08,Lina Lerma Marcos,Lleida,Bideratzailea,Sareak,1361.2,10
2023,2026-01-03,Adoración Arce Rey,Zaragoza,Mini PC,Ordenagailuak,626.64,10
2024,2026-09-19,Bernardino Gutierrez Millán,Zaragoza,Switch-a,Sareak,634.6,5
2025,2026-06-27,Maite Corominas Cano,Ávila,Wi-Fi egokigailua,Sareak,1624.81,7
2026,2025-12-09,Candelas Palacios Jerez,Albacete,Webkamera,Periferikoak,1356.88,5
2027,2026-01-06,Rodolfo Casals Cadenas,Vizcaya,Sagua,Periferikoak,1124.7,2
2028,2025-08-28,Tiburcio Romeu Guillen,Ceuta,SSD diskoa,Osagaiak,1391.75,5
2029,2026-03-06,Lorena Lluch,Murcia,Prozesadorea,Osagaiak,834.51,5
2030,2025-06-04,Sebastian Cabrero Arranz,Ávila,Ordenagailu eramangarria,Ordenagailuak,1674.47,5
2031,2026-01-16,Ariel Estrada-Huertas,Baleares,Txartel grafikoa,Osagaiak,109.39,10
2032,2024-09-27,Jose Ramón de Cabrera,Almería,Bideratzailea,Sareak,419.2,1
2033,2024-12-09,Malena Ayala Bernat,Zaragoza,SSD diskoa,Osagaiak,71.1,4
2034,2026-07-26,Ruth Caro Hernandez,Valladolid,Webkamera,Periferikoak,1535.12,10
2035,2026-04-03,Herminia de Calvo,Burgos,Wi-Fi egokigailua,Sareak,1405.91,10
2036,2026-03-04,Augusto López-Soler,Huesca,Ordenagailu eramangarria,Ordenagailuak,1292.15,2
2037,2026-08-24,Consuelo Nebot Daza,Albacete,Txartel grafikoa,Osagaiak,1894.21,9
2038,2025-10-10,Jonatan Cervantes Solé,Teruel,Switch-a,Sareak,963.14,7
2039,2025-08-01,Nuria de Soriano,Barcelona,Ordenagailu eramangarria,Ordenagailuak,1391.76,10
2040,2025-03-26,Remedios Carrillo Figuerola,Guipúzcoa,Switch-a,Sareak,87.57,7
2041,2026-07-12,Ciriaco Madrid Alcolea,Zamora,Mahaigaineko ordenagailua,Ordenagailuak,958.64,1
2042,2025-01-25,Nicanor Marcos-Ferrera,Castellón,Mahaigaineko ordenagailua,Ordenagailuak,1979.23,3
2043,2025-07-06,Ruperto Planas Piñeiro,Lleida,Mahaigaineko ordenagailua,Ordenagailuak,820.85,8
2044,2025-07-04,Nilda Palacios Batalla,Salamanca,Mini PC,Ordenagailuak,247.31,10
2045,2026-02-14,Arsenio Montserrat Ballesteros,La Rioja,Monitorea,Periferikoak,1691.18,7
2046,2024-09-27,César Figueroa Pascual,Segovia,Mini PC,Ordenagailuak,1575.33,3
2047,2026-06-05,Martín Girona Cerro,Murcia,Monitorea,Periferikoak,1035.8,4
2048,2024-10-01,Rafael Rodríguez Benavente,Guadalajara,Ordenagailu eramangarria,Ordenagailuak,100.18,2
2049,2026-07-21,Juanita Pastor Pons,La Coruña,Sagua,Periferikoak,478.85,10
2050,2025-03-12,Apolonia de Acero,Albacete,Teklatua,Periferikoak,1808.97,5
2051,2025-07-28,Jose Luis Vega Rodriguez,Guadalajara,Sare-kablea,Sareak,510.7,6
2052,2026-03-21,Bruno Benito Sanchez,Guipúzcoa,Teklatua,Periferikoak,279.29,10
2053,2026-04-05,Lilia Cabello Noguera,Córdoba,Sagua,Periferikoak,775.81,1
2054,2025-01-19,Agustina Corral Marqués,Las Palmas,Wi-Fi egokigailua,Sareak,1585.35,7
2055,2025-09-01,Gastón Barón Sala,Albacete,Sare-kablea,Sareak,421.7,9
2056,2024-12-22,Rosenda Lago Terrón,Lugo,Bideratzailea,Sareak,448.12,8
2057,2025-05-06,Juan Manuel de Estevez,Girona,Teklatua,Periferikoak,1726.38,9
2058,2026-02-21,Gregorio Ayllón Cáceres,Guipúzcoa,Monitorea,Periferikoak,1583.96,7
2059,2026-09-10,Cayetana Villalonga Marín,León,Sare-kablea,Sareak,882.32,3
2060,2025-08-15,Nilda Gabaldón Cobo,Asturias,Mini PC,Ordenagailuak,427.43,4
2061,2025-09-06,Gastón Casares Gibert,Toledo,Sare-kablea,Sareak,1248.6,7
2062,2026-04-29,Ágata Zabala,Palencia,Mini PC,Ordenagailuak,483.22,1
2063,2026-04-16,Efraín de Oliver,Soria,Sagua,Periferikoak,976.25,10
2064,2026-03-19,María Sancho Romeu,Vizcaya,Bideratzailea,Sareak,648.24,6
2065,2025-08-18,Leyre Sierra Valero,Huelva,Wi-Fi egokigailua,Sareak,330.55,2
2066,2025-03-19,Dora Colom,Lugo,Ordenagailu eramangarria,Ordenagailuak,1766.51,3
2067,2026-03-09,Amor Echeverría Echevarría,Lugo,Bideratzailea,Sareak,222.97,2
2068,2026-05-22,Inmaculada Carrillo Téllez,Las Palmas,Switch-a,Sareak,122.99,5
2069,2025-12-18,Florencia de Malo,Navarra,Txartel grafikoa,Osagaiak,1186.7,4
2070,2025-06-24,Silvestre Rodríguez Aguiló,Palencia,Ordenagailu eramangarria,Ordenagailuak,388.3,3
2071,2026-09-20,Rosalina Alcalá-Bustos,Cádiz,Sare-kablea,Sareak,555.63,2
2072,2025-07-29,Toño Bellido Sanjuan,Valladolid,Ordenagailu eramangarria,Ordenagailuak,1892.27,2
2073,2026-07-30,Victoria Ariza Noriega,Alicante,Wi-Fi egokigailua,Sareak,1199.25,4
2074,2025-07-22,Casandra Izaguirre Losa,Ourense,RAM memoria,Osagaiak,1751.14,8
2075,2025-11-09,Iris Hernández Adadia,Ourense,Prozesadorea,Osagaiak,1523.5,6
2076,2024-11-07,María Manuela Morcillo Camps,Valencia,Sagua,Periferikoak,265.59,3
2077,2025-02-02,Cebrián Carranza Ponce,Huelva,Bideratzailea,Sareak,616.98,10
2078,2024-11-06,Paca Rivas Santamaria,Segovia,Wi-Fi egokigailua,Sareak,1692.21,8
2079,2025-11-01,Gaspar Cristian Torrijos Landa,Albacete,Txartel grafikoa,Osagaiak,1485.0,9
2080,2025-05-01,Hugo Valbuena Parra,Albacete,Switch-a,Sareak,96.69,1
2081,2025-11-10,Manuel Artigas Daza,Vizcaya,Ordenagailu eramangarria,Ordenagailuak,1856.47,5
2082,2025-12-20,Efraín Aramburu-Gomis,Cáceres,SSD diskoa,Osagaiak,1965.24,4
2083,2025-01-28,Donato Pallarès Bautista,Burgos,SSD diskoa,Osagaiak,1860.83,6
2084,2026-06-09,Baudelio Gonzalo Nebot,Guipúzcoa,Teklatua,Periferikoak,467.51,10
2085,2026-02-13,Mateo Ferrer,Cantabria,Sagua,Periferikoak,608.31,7
2086,2025-11-30,Abraham Amor Oliver,Baleares,RAM memoria,Osagaiak,1708.34,5
2087,2025-01-20,Amparo Saldaña-Mínguez,Guadalajara,Mini PC,Ordenagailuak,1236.78,3
2088,2024-12-19,Jose Ramón del Figuerola,Lugo,Mahaigaineko ordenagailua,Ordenagailuak,637.75,6
2089,2025-01-18,Gregorio Esparza Ledesma,Ourense,Sagua,Periferikoak,1851.57,6
2090,2025-11-25,Hector Salom Benitez,Badajoz,Mahaigaineko ordenagailua,Ordenagailuak,767.29,7
2091,2026-08-14,Jordi Montalbán-Corbacho,Córdoba,Txartel grafikoa,Osagaiak,215.18,1
2092,2024-12-20,Albert de Cuadrado,Guadalajara,Switch-a,Sareak,558.7,4
2093,2026-02-20,Galo Grau Mármol,Álava,SSD diskoa,Osagaiak,197.34,4
2094,2024-12-06,Eutimio Gámez Ayala,Madrid,Txartel grafikoa,Osagaiak,1311.17,5
2095,2025-12-09,Glauco Iglesias Castro,Ávila,Switch-a,Sareak,1455.32,6
2096,2025-11-29,Eutropio Tomas Ugarte,Las Palmas,Mahaigaineko ordenagailua,Ordenagailuak,1303.48,10
2097,2026-08-26,Reyes de Ropero,Badajoz,SSD diskoa,Osagaiak,1792.79,1
2098,2025-05-30,Natalia del Rosselló,Almería,SSD diskoa,Osagaiak,1308.64,6
2099,2026-05-22,Carlota del Ruiz,Barcelona,Txartel grafikoa,Osagaiak,1619.22,1
2100,2025-07-11,Narciso Diéguez Pareja,Castellón,Monitorea,Periferikoak,1514.47,2
2101,2025-01-25,Chema Español Ordóñez,Valladolid,Bideratzailea,Sareak,1097.23,6
2102,2025-01-24,Jacinto Chema Reina Fabregat,Cádiz,Bideratzailea,Sareak,190.21,3
2103,2026-07-29,Ernesto Díez Alberdi,Pontevedra,Txartel grafikoa,Osagaiak,812.21,8
2104,2024-12-31,Abigaíl Jáuregui Noriega,Palencia,Mahaigaineko ordenagailua,Ordenagailuak,886.24,3
2105,2025-09-07,Moisés Alex Alfonso Guardiola,Almería,Mini PC,Ordenagailuak,1562.1,10
2106,2025-03-22,Julio César Elías,Cáceres,SSD diskoa,Osagaiak,1717.59,2
2107,2026-08-18,Graciano de Artigas,Albacete,Mini PC,Ordenagailuak,299.59,8
2108,2025-05-15,Heraclio Cantero-Ripoll,Lugo,Mahaigaineko ordenagailua,Ordenagailuak,1787.16,7
2109,2025-03-02,Oriana Otero,Álava,Monitorea,Periferikoak,472.59,3
2110,2025-04-10,Iván Roig Collado,Soria,Prozesadorea,Osagaiak,426.25,7
2111,2024-10-03,Dora Elisabet Buendía Rozas,Barcelona,Ordenagailu eramangarria,Ordenagailuak,1470.12,7
2112,2025-04-13,Bautista Zacarías Ferrándiz Segura,Lleida,Webkamera,Periferikoak,1353.49,9
2113,2025-09-06,Virginia Angulo Roca,Zamora,Monitorea,Periferikoak,1242.37,3
2114,2026-05-14,Rufina Baños Sáenz,Guipúzcoa,Ordenagailu eramangarria,Ordenagailuak,1052.7,8
2115,2026-09-22,María Teresa Fabregat Duque,Tarragona,Ordenagailu eramangarria,Ordenagailuak,89.21,5
2116,2025-08-15,Rolando Lastra-Bermejo,Cáceres,RAM memoria,Osagaiak,555.44,7
2117,2026-04-28,Sandra Porcel,León,Teklatua,Periferikoak,343.45,5
2118,2026-03-22,Soledad Cerro Ripoll,Cuenca,Webkamera,Periferikoak,359.25,9
2119,2026-03-13,Amílcar Albero-Acero,Ceuta,Wi-Fi egokigailua,Sareak,1286.4,8
2120,2025-01-29,Paola Lopez Guitart,Vizcaya,Teklatua,Periferikoak,1715.4,10
2121,2025-09-07,Eleuterio Roma Ayllón,Madrid,Txartel grafikoa,Osagaiak,1514.12,5
2122,2025-08-22,Dorotea Llorens,Lleida,Prozesadorea,Osagaiak,816.93,7
2123,2025-10-24,Soledad Ortega Ricart,La Rioja,Mahaigaineko ordenagailua,Ordenagailuak,274.86,7
2124,2025-07-16,Gerónimo Martinez Bonet,Melilla,Prozesadorea,Osagaiak,1926.7,3
2125,2025-09-06,Luis Canet Alba,Guipúzcoa,Bideratzailea,Sareak,1433.58,9
2126,2024-10-08,Germán del Romero,Guipúzcoa,Bideratzailea,Sareak,471.9,4
2127,2025-04-06,Martina Verdú Hoyos,Albacete,Sare-kablea,Sareak,994.82,8
2128,2024-10-10,Jovita Carreño Cerdá,Valencia,RAM memoria,Osagaiak,866.52,8
2129,2026-04-13,Adriana Regina Vigil Sans,Guipúzcoa,Sagua,Periferikoak,1033.97,6
2130,2025-07-03,Luciano Ribera,Granada,Mini PC,Ordenagailuak,1670.21,9
2131,2026-09-14,Raimundo Miranda Mora,Sevilla,Wi-Fi egokigailua,Sareak,1174.17,3
2132,2026-02-12,Eleuterio Rocamora Bermejo,Soria,Mini PC,Ordenagailuak,911.3,7
2133,2025-02-21,Rico Baños Quesada,Ourense,Bideratzailea,Sareak,976.24,10
2134,2026-04-06,Sofía Bernat,Madrid,Prozesadorea,Osagaiak,1155.19,7
2135,2026-08-30,Rolando Guijarro,Ávila,Webkamera,Periferikoak,1515.0,9
2136,2026-05-17,Marcos Eleuterio Duarte Quirós,Cáceres,Bideratzailea,Sareak,427.91,10
2137,2026-09-03,Nicolás Gámez Morillo,Soria,Prozesadorea,Osagaiak,236.36,6
2138,2025-08-18,María Belén Escobar Bartolomé,Murcia,Sare-kablea,Sareak,393.0,6
2139,2026-09-21,Candelas Llabrés,Navarra,Monitorea,Periferikoak,1353.31,1
2140,2026-04-18,Joan Cantón Ribas,Málaga,Prozesadorea,Osagaiak,796.81,7
2141,2026-01-21,Francisco Javier Álamo Azorin,Jaén,Monitorea,Periferikoak,1812.98,10
2142,2026-07-13,Araceli Moya,Cantabria,Txartel grafikoa,Osagaiak,1591.5,2
2143,2024-11-02,Calixta Haydée Martín Arnau,Almería,Switch-a,Sareak,68.65,9
2144,2025-10-06,Javi Cuervo Quesada,Melilla,Ordenagailu eramangarria,Ordenagailuak,1235.53,9
2145,2026-01-12,Sigfrido Eutimio Zurita Morera,Sevilla,Prozesadorea,Osagaiak,942.18,9
2146,2026-08-19,Miguel Ángel Solera Llorens,Asturias,Webkamera,Periferikoak,1110.0,7
2147,2026-03-03,Tecla Canet Duarte,La Coruña,Mahaigaineko ordenagailua,Ordenagailuak,276.1,9
2148,2025-10-16,Dimas Carretero Sastre,Santa Cruz de Tenerife,Ordenagailu eramangarria,Ordenagailuak,1894.53,4
2149,2025-04-16,Fermín Pizarro,Segovia,Monitorea,Periferikoak,689.66,8
2150,2024-11-22,Quirino Marquez Clavero,Cáceres,Mini PC,Ordenagailuak,1800.47,4
2151,2025-12-03,Apolonia Costa-Gisbert,Huesca,Switch-a,Sareak,23.23,9
2152,2025-11-14,Sandra Barral Iborra,Segovia,Webkamera,Periferikoak,6.16,5
2153,2025-06-25,Telmo Mendez Arnal,Huelva,RAM memoria,Osagaiak,1435.97,7
2154,2025-09-24,Pancho Sabater Pedrero,Soria,Teklatua,Periferikoak,1993.31,7
2155,2026-05-30,Magdalena Collado,Huelva,Webkamera,Periferikoak,1025.31,9
2156,2025-04-13,Guiomar Cornejo Figueroa,Ceuta,Webkamera,Periferikoak,83.48,7
2157,2025-12-09,Lucía Griselda Luz Beltrán,Huesca,Wi-Fi egokigailua,Sareak,1166.62,3
2158,2026-03-24,Ciro Zamorano-Pombo,Cáceres,Txartel grafikoa,Osagaiak,1159.79,3
2159,2025-07-01,Angelina Santiago Raya,Cantabria,Mahaigaineko ordenagailua,Ordenagailuak,777.78,10
2160,2025-11-27,Rosa María Paula Huguet Garriga,Valladolid,Txartel grafikoa,Osagaiak,1776.51,9
2161,2026-02-24,María Jesús Exposito Perales,Álava,Wi-Fi egokigailua,Sareak,253.31,5
2162,2024-10-29,Victorino Huerta-Bustos,Cantabria,RAM memoria,Osagaiak,1570.76,2
2163,2026-09-17,Adelina Andreu Acuña,Girona,SSD diskoa,Osagaiak,106.83,8
2164,2025-01-09,Paloma Piedad Bautista Mayol,Alicante,Wi-Fi egokigailua,Sareak,1502.72,2
2165,2025-05-01,Cristian Villalonga Valcárcel,Burgos,Txartel grafikoa,Osagaiak,276.4,10
2166,2026-01-07,Emma Cuesta Cerdá,Álava,Wi-Fi egokigailua,Sareak,1276.9,3
2167,2025-10-07,Florentino de Anguita,Las Palmas,Mahaigaineko ordenagailua,Ordenagailuak,1251.13,10
2168,2025-11-05,Gracia Begoña Aragón Pelayo,Murcia,Sagua,Periferikoak,1805.0,2
2169,2026-01-17,Mauricio de Sanabria,La Rioja,Bideratzailea,Sareak,1922.67,7
2170,2026-09-08,Reyes Manrique Agudo,Ciudad,Monitorea,Periferikoak,1010.32,2
2171,2025-05-14,Nando Ferrera Toledo,La Coruña,Prozesadorea,Osagaiak,31.6,8
2172,2025-09-20,Angelino Valderrama Olmo,Ceuta,Sare-kablea,Sareak,181.96,10
2173,2026-08-30,Ovidio Múgica Belda,Melilla,Txartel grafikoa,Osagaiak,401.26,8
2174,2025-02-09,Sandalio Marin Menéndez,León,Mahaigaineko ordenagailua,Ordenagailuak,1131.77,1
2175,2025-09-19,Iván Ricart Castells,Guadalajara,Teklatua,Periferikoak,1895.0,8
2176,2025-05-16,Andrea Roberta Soto Aragón,Ávila,Sare-kablea,Sareak,1428.3,3
2177,2024-11-20,Fátima Fernández Jaume,Pontevedra,Teklatua,Periferikoak,1148.45,9
2178,2025-06-02,Perla de Bustos,León,Mahaigaineko ordenagailua,Ordenagailuak,560.91,10
2179,2026-01-25,Marcial de Puig,Segovia,Sare-kablea,Sareak,1686.6,1
2180,2025-04-20,Delfina Alberola-Merino,Granada,Ordenagailu eramangarria,Ordenagailuak,1110.35,1
2181,2025-12-09,Brígida de Bertrán,Soria,RAM memoria,Osagaiak,1210.48,7
2182,2026-04-07,Dimas Vilaplana Peral,Soria,SSD diskoa,Osagaiak,1291.88,1
2183,2025-10-18,Carlos Pou Montoya,Pontevedra,Wi-Fi egokigailua,Sareak,190.48,5
2184,2026-02-23,Toribio Frías,Guipúzcoa,Sare-kablea,Sareak,275.25,1
2185,2025-12-09,Emperatriz Lago Almansa,Valladolid,Txartel grafikoa,Osagaiak,1003.5,9
2186,2026-09-18,Marc Diéguez Armengol,Pontevedra,Bideratzailea,Sareak,1112.92,5
2187,2024-11-20,Noé Codina,Jaén,Prozesadorea,Osagaiak,202.42,9
2188,2025-11-02,Amanda del Cánovas,Ciudad,Sagua,Periferikoak,1352.15,2
2189,2024-10-17,Rosalva Cuenca Collado,Guadalajara,Switch-a,Sareak,1235.6,1
2190,2025-09-07,Germán Lopez-Marti,Toledo,Bideratzailea,Sareak,1773.68,3
2191,2024-11-21,Espiridión Portero Beltrán,Toledo,RAM memoria,Osagaiak,1185.34,7
2192,2026-05-03,Benigna Ramón Escolano,Guadalajara,Sare-kablea,Sareak,1894.0,6
2193,2026-09-06,Reinaldo Planas Beltrán,Albacete,RAM memoria,Osagaiak,770.62,9
2194,2024-09-28,Lorena Quero Atienza,Almería,Sare-kablea,Sareak,489.5,7
2195,2025-03-17,Gil Arregui Castelló,Segovia,Sare-kablea,Sareak,549.1,10
2196,2024-10-01,Lázaro Arranz,Cáceres,Ordenagailu eramangarria,Ordenagailuak,1654.94,4
2197,2025-01-06,Aitor Jáuregui Nicolau,Tarragona,Ordenagailu eramangarria,Ordenagailuak,1576.58,6
2198,2026-02-14,Cristina Caparrós Estévez,Alicante,Bideratzailea,Sareak,1281.91,9
2199,2024-10-25,Febe Ureña Marquez,Córdoba,Wi-Fi egokigailua,Sareak,1295.75,3
2200,2025-05-14,María Del Carmen del Machado,Ceuta,Mini PC,Ordenagailuak,190.15,9
2201,2025-12-28,Plinio Porras Oliveras,Melilla,Ordenagailu eramangarria,Ordenagailuak,585.36,6
2202,2026-09-09,Toribio Diez Peláez,Baleares,Sare-kablea,Sareak,1267.63,1
2203,2026-02-16,Adora Guitart Real,Zaragoza,Webkamera,Periferikoak,1726.17,5
2204,2024-10-16,Eusebio Sanchez Correa,La Coruña,Bideratzailea,Sareak,273.25,6
2205,2025-06-18,Alba Belda Perelló,Soria,Ordenagailu eramangarria,Ordenagailuak,143.56,4
2206,2025-07-29,Fausto Rocha Balaguer,Melilla,Mahaigaineko ordenagailua,Ordenagailuak,1176.7,6
2207,2025-02-01,Anselmo Cruz Higueras Morera,León,SSD diskoa,Osagaiak,120.9,7
2208,2026-03-12,Clotilde Caballero Montero,Palencia,Teklatua,Periferikoak,658.92,8
2209,2025-11-16,Reynaldo Zamorano Puga,Valencia,Mahaigaineko ordenagailua,Ordenagailuak,1740.91,7
2210,2025-08-03,Vicenta Casal Gutierrez,Guadalajara,Txartel grafikoa,Osagaiak,545.8,9
2211,2025-07-10,Glauco Solís Avilés,Ciudad,Sare-kablea,Sareak,1740.6,2
2212,2025-03-21,Samuel Cabrera Estevez,Albacete,Monitorea,Periferikoak,890.62,4
2213,2025-02-09,Onofre Tello Garcia,Castellón,Txartel grafikoa,Osagaiak,597.33,1
2214,2026-06-20,Felipe Heredia Céspedes,Zaragoza,Txartel grafikoa,Osagaiak,775.79,10
2215,2025-03-31,Juana Guzmán Cuervo,Toledo,SSD diskoa,Osagaiak,1339.18,1
2216,2025-03-16,Aitor Burgos Iglesias,Asturias,Txartel grafikoa,Osagaiak,1268.24,4
2217,2025-10-05,Bruno Curro Martinez Uría,Pontevedra,RAM memoria,Osagaiak,1826.77,1
2218,2025-05-23,Tere Blasco Moya,Tarragona,Wi-Fi egokigailua,Sareak,264.49,1
2219,2025-05-18,Nuria Baños-Franch,Baleares,Bideratzailea,Sareak,12.91,7
2220,2026-09-12,Nicodemo Cortes,Vizcaya,Webkamera,Periferikoak,1285.92,3
2221,2025-09-18,Josefina Gil Frías,La Rioja,Prozesadorea,Osagaiak,1960.5,7
2222,2026-03-10,Óscar Salazar Acevedo,Navarra,Monitorea,Periferikoak,112.3,7
2223,2025-05-26,Carla Vara Mayo,Santa Cruz de Tenerife,Mahaigaineko ordenagailua,Ordenagailuak,178.93,1
2224,2026-04-24,Prudencio Amando Catalán Valcárcel,Albacete,Sare-kablea,Sareak,974.97,6
2225,2025-08-02,Bernardita Pera Abril,Cáceres,Prozesadorea,Osagaiak,1730.5,4
2226,2025-02-10,Narcisa Palacios,Zamora,Wi-Fi egokigailua,Sareak,1942.52,2
2227,2025-11-16,Fausto Torralba-Gallardo,Melilla,Sagua,Periferikoak,1207.89,10
2228,2026-03-24,Olga del Berenguer,Pontevedra,Sare-kablea,Sareak,75.75,10
2229,2026-05-11,Toribio Luján Galiano,La Rioja,Webkamera,Periferikoak,612.27,3
2230,2026-03-22,Domitila Piquer-Cadenas,Badajoz,RAM memoria,Osagaiak,1476.7,10
2231,2026-01-19,Fidel Maldonado Nicolás,Córdoba,Ordenagailu eramangarria,Ordenagailuak,13.89,2
2232,2026-02-06,Perla Cárdenas Cervantes,Palencia,SSD diskoa,Osagaiak,1928.63,5
2233,2026-05-20,Francisco Puga Serra,Asturias,RAM memoria,Osagaiak,1866.16,4
2234,2025-10-12,Mirta del Barco,Sevilla,Wi-Fi egokigailua,Sareak,143.49,9
2235,2025-07-01,Pío Folch Jaume,La Coruña,Mahaigaineko ordenagailua,Ordenagailuak,962.95,10
2236,2025-07-06,Lola Romero Salcedo,Ourense,Webkamera,Periferikoak,399.86,9
2237,2026-09-02,Tecla Ágata Sales Correa,La Coruña,Prozesadorea,Osagaiak,108.69,1
2238,2025-07-25,Gracia Cazorla Aguilera,La Rioja,SSD diskoa,Osagaiak,734.4,8
2239,2026-08-19,Leticia Yáñez Pujadas,Guadalajara,Wi-Fi egokigailua,Sareak,1824.63,6
2240,2026-09-17,Edu Sosa Rosa,Álava,Ordenagailu eramangarria,Ordenagailuak,112.49,9
2241,2025-05-28,Roxana Cazorla Manuel,Huelva,Bideratzailea,Sareak,854.48,6
2242,2025-05-19,Chucho Jerez Mate,Asturias,Webkamera,Periferikoak,1915.37,1
2243,2026-05-02,Cosme Ángel,Murcia,Txartel grafikoa,Osagaiak,39.65,4
2244,2026-05-16,Pánfilo Bartolomé Santamaria,Ciudad,Webkamera,Periferikoak,402.5,10
2245,2026-05-08,Carmelo Garay-Vila,Almería,Sagua,Periferikoak,97.88,6
2246,2025-10-23,Consuelo de Lobo,Castellón,Mahaigaineko ordenagailua,Ordenagailuak,1373.74,1
2247,2026-01-02,Juanita María Tormo Torrens,Cuenca,Wi-Fi egokigailua,Sareak,318.71,5
2248,2025-02-24,María Jesús León Zurita,Granada,Mahaigaineko ordenagailua,Ordenagailuak,1877.5,8
2249,2025-06-09,Pili Téllez Martínez,Ourense,SSD diskoa,Osagaiak,1025.81,4
2250,2026-01-31,Marisol Arrieta Checa,Álava,Sagua,Periferikoak,1473.78,5
2251,2025-01-09,Salvador Guijarro Bosch,Melilla,Sagua,Periferikoak,685.66,5
2252,2025-09-01,Carmelo Alex Gordillo Bárcena,Sevilla,Mahaigaineko ordenagailua,Ordenagailuak,969.36,9
2253,2025-08-26,Flavia Aurora Mendizábal Batlle,Valencia,Wi-Fi egokigailua,Sareak,1866.87,9
2254,2025-02-18,Lourdes Castelló,Zamora,Txartel grafikoa,Osagaiak,1431.65,5
2255,2025-11-14,Donato Gimeno Diéguez,Albacete,Mini PC,Ordenagailuak,1321.46,9
2256,2026-02-28,Celestino Segovia-Rivera,Girona,Switch-a,Sareak,207.56,4
2257,2025-07-01,Tadeo García Bolaños,Ávila,Mini PC,Ordenagailuak,1895.97,2
2258,2025-10-23,Eugenio Collado Pizarro,Guipúzcoa,Wi-Fi egokigailua,Sareak,853.79,9
2259,2026-08-06,Desiderio Cañellas Seguí,Ceuta,Mini PC,Ordenagailuak,975.15,8
2260,2026-09-09,Danilo Soto Barbero,Teruel,Mahaigaineko ordenagailua,Ordenagailuak,652.34,9
2261,2024-11-03,Elisa del Salom,Teruel,Wi-Fi egokigailua,Sareak,149.8,8
2262,2025-09-21,Cintia Zamorano Berenguer,León,Switch-a,Sareak,952.65,2
2263,2025-11-23,Leire Barco Mate,Málaga,Webkamera,Periferikoak,348.51,9
2264,2025-09-28,Loida del Reig,Melilla,Prozesadorea,Osagaiak,1768.19,1
2265,2025-07-11,Diego Pujol Camps,Baleares,Bideratzailea,Sareak,1299.42,2
2266,2025-01-14,Miriam Zabala-Pombo,Málaga,Ordenagailu eramangarria,Ordenagailuak,1675.3,8
2267,2026-07-24,Otilia Arco Carrasco,Lleida,Mini PC,Ordenagailuak,275.28,8
2268,2025-11-28,Guillermo Guardia Goicoechea,Teruel,Txartel grafikoa,Osagaiak,1359.38,10
2269,2026-07-28,Pepe del Arregui,Madrid,Wi-Fi egokigailua,Sareak,947.65,10
2270,2026-06-15,Claudio del Pablo,Álava,Sare-kablea,Sareak,910.3,2
2271,2026-05-30,Aureliano Moraleda,Guipúzcoa,Prozesadorea,Osagaiak,1400.98,6
2272,2026-01-30,Gastón Castejón Bueno,Salamanca,Switch-a,Sareak,1062.35,5
2273,2024-10-26,Liliana Gallart Calvo,Granada,Teklatua,Periferikoak,636.61,1
2274,2026-03-27,Moisés del Avilés,La Coruña,Mini PC,Ordenagailuak,914.14,6
2275,2026-05-14,María Cristina de Arcos,León,Sare-kablea,Sareak,1106.6,3
2276,2026-01-03,Samu Roque Lasa Palau,Málaga,SSD diskoa,Osagaiak,544.52,8
2277,2024-10-12,Sebastián del Roma,Albacete,Teklatua,Periferikoak,889.27,3
2278,2025-09-09,Lilia Galindo Carrera,Palencia,Webkamera,Periferikoak,754.57,3
2279,2026-01-20,Baldomero del Galindo,Barcelona,Prozesadorea,Osagaiak,683.71,6
2280,2026-01-06,Danilo de Marín,Jaén,Monitorea,Periferikoak,146.7,6
2281,2025-10-21,Iris Porcel-Amador,Castellón,Monitorea,Periferikoak,602.49,8
2282,2025-07-04,Francisco Jose Palacios Luque,Santa Cruz de Tenerife,Webkamera,Periferikoak,553.94,10
2283,2025-07-31,Abril Navarro Alberto,Cáceres,Ordenagailu eramangarria,Ordenagailuak,1056.85,2
2284,2025-11-10,Mohamed Madrid Cabeza,Zamora,Wi-Fi egokigailua,Sareak,1720.35,8
2285,2026-02-16,Patricio Jara Frutos,Zaragoza,Sare-kablea,Sareak,594.3,3
2286,2025-10-20,Nazaret Melchor Hernández Fortuny,Zaragoza,RAM memoria,Osagaiak,874.81,6
2287,2025-11-17,Fátima Exposito-Carnero,La Rioja,Mahaigaineko ordenagailua,Ordenagailuak,931.58,2
2288,2026-09-16,Irma Bermejo Abellán,Guadalajara,Sare-kablea,Sareak,1879.3,5
2289,2026-05-09,Bonifacio Castellanos Cañellas,Cuenca,Prozesadorea,Osagaiak,153.26,8
2290,2025-11-02,Lara Palma Alegre,Lugo,Sare-kablea,Sareak,1263.9,6
2291,2026-01-01,Santos Quintanilla-Carreño,Girona,Prozesadorea,Osagaiak,1268.21,4
2292,2026-04-14,Ana Belén Seco Mateu,Huesca,Txartel grafikoa,Osagaiak,1810.39,3
2293,2026-05-10,Leonardo Pla Hoz,Valladolid,Switch-a,Sareak,782.27,2
2294,2026-03-14,Virginia Nadal Palacio,Santa Cruz de Tenerife,Sagua,Periferikoak,1000.87,8
2295,2026-06-07,Santiago Bru-Martín,Albacete,Switch-a,Sareak,1904.7,6
2296,2026-09-04,Fabiana Bartolomé Galindo,Vizcaya,Mahaigaineko ordenagailua,Ordenagailuak,1900.87,5
2297,2025-09-10,Juanito Granados Abascal,Lugo,Switch-a,Sareak,1964.29,2
2298,2026-07-31,Gonzalo Blanes-Pereira,Girona,Sagua,Periferikoak,309.45,2
2299,2025-04-02,Jesusa Zorrilla-Villanueva,Palencia,Mahaigaineko ordenagailua,Ordenagailuak,442.8,3
2300,2025-04-23,Estrella Machado-Hervás,Madrid,Mini PC,Ordenagailuak,896.54,2
2301,2024-10-31,Rosaura Pereira,Almería,Prozesadorea,Osagaiak,1485.89,9
2302,2026-08-29,Fabricio Fábregas Blasco,Ávila,Bideratzailea,Sareak,517.29,7
2303,2025-10-19,Maximiano Calleja Alcolea,Zaragoza,Bideratzailea,Sareak,1128.58,2
2304,2025-12-17,Melania Zamorano Montero,Granada,Ordenagailu eramangarria,Ordenagailuak,682.97,8
2305,2025-07-17,Modesta de Clavero,Palencia,Mini PC,Ordenagailuak,410.31,2
2306,2026-08-12,Patricio Ferrández Alberola,Alicante,Teklatua,Periferikoak,383.24,1
2307,2026-08-25,Trinidad Naranjo Naranjo,Soria,SSD diskoa,Osagaiak,1879.17,3
2308,2026-03-18,Espiridión Corral Amores,La Rioja,Webkamera,Periferikoak,80.13,6
2309,2025-03-29,Marcia Cifuentes-Aliaga,La Coruña,Mahaigaineko ordenagailua,Ordenagailuak,1833.31,4
2310,2024-12-26,Emilio Arcos Angulo,Ceuta,RAM memoria,Osagaiak,382.85,3
2311,2025-06-22,Nacio Amorós Bustos,Asturias,Ordenagailu eramangarria,Ordenagailuak,1557.26,5
2312,2025-02-23,Armida Fernández-Goñi,Huesca,Sagua,Periferikoak,1063.48,2
2313,2025-01-17,Dominga Eva María Requena Luque,Barcelona,RAM memoria,Osagaiak,628.23,9
2314,2025-04-29,Marcos Ismael Roman Adadia,Córdoba,Sare-kablea,Sareak,884.24,5
2315,2026-03-22,Felipa Huertas-Ruiz,Santa Cruz de Tenerife,Txartel grafikoa,Osagaiak,1285.31,5
2316,2025-01-31,Selena Guerra Palacio,Vizcaya,Teklatua,Periferikoak,690.88,3
2317,2026-09-10,Flora Márquez Batalla,Madrid,Sare-kablea,Sareak,1971.2,6
2318,2026-06-22,Ana Riera,Granada,Prozesadorea,Osagaiak,550.6,6
2319,2025-03-24,Octavia Peláez-Cuervo,León,SSD diskoa,Osagaiak,1896.97,7
2320,2026-03-03,Fortunato de Raya,Valladolid,Wi-Fi egokigailua,Sareak,1536.31,3
2321,2025-02-18,Leire Contreras Martorell,Guipúzcoa,Webkamera,Periferikoak,172.2,8
2322,2026-08-19,Íngrid de Morante,Castellón,Wi-Fi egokigailua,Sareak,846.7,6
2323,2025-03-22,Alba Rey-Cadenas,Toledo,Switch-a,Sareak,611.72,8
2324,2025-12-17,Rocío de Ribes,Huelva,RAM memoria,Osagaiak,1384.64,2
2325,2025-07-08,Morena Ferrándiz,Ávila,Ordenagailu eramangarria,Ordenagailuak,506.2,8
2326,2025-09-05,América Soto Delgado,Badajoz,SSD diskoa,Osagaiak,1103.78,7
2327,2026-08-25,Leopoldo Chaves Pomares,Ourense,Switch-a,Sareak,246.16,2
2328,2025-07-11,Manu Martorell,La Coruña,Sagua,Periferikoak,667.82,5
2329,2026-03-24,Guillermo Martin Ocaña,Castellón,RAM memoria,Osagaiak,1229.13,8
2330,2026-03-24,Teodora Mas-Alberdi,La Coruña,SSD diskoa,Osagaiak,1040.85,2
2331,2025-02-03,Odalys Piñol Manzano,Ávila,Mini PC,Ordenagailuak,844.57,1
2332,2026-02-03,Consuelo de Mulet,Pontevedra,Bideratzailea,Sareak,72.13,7
2333,2025-01-25,Albina Carballo-Quero,Ourense,Mini PC,Ordenagailuak,562.93,10
2334,2026-04-02,Cleto Gonzalo Guardiola,Cuenca,Ordenagailu eramangarria,Ordenagailuak,980.85,7
2335,2026-01-16,Olegario Llanos,Girona,Bideratzailea,Sareak,1695.72,9
2336,2024-11-27,Andrés Felipe Rovira Uriarte,Alicante,Teklatua,Periferikoak,519.69,2
2337,2025-07-13,Luis Miguel Nacio Blanco Amaya,Granada,Mini PC,Ordenagailuak,1846.2,1
2338,2025-10-15,Tamara Rincón Carrera,Murcia,Prozesadorea,Osagaiak,1536.9,10
2339,2025-03-22,Benjamín Fonseca Jordá,Granada,Mini PC,Ordenagailuak,539.19,1
2340,2025-05-15,Ibán Barriga Tejera,Madrid,Prozesadorea,Osagaiak,425.69,7
2341,2024-11-21,Ariel Boix Valbuena,Castellón,Ordenagailu eramangarria,Ordenagailuak,1607.9,2
2342,2026-08-01,Borja Mateos Simó,Cáceres,Teklatua,Periferikoak,597.11,2
2343,2026-05-30,Susanita Martínez Molins,Madrid,Prozesadorea,Osagaiak,1587.77,4
2344,2025-09-06,Flor Tudela,Girona,Sare-kablea,Sareak,389.77,2
2345,2025-11-02,Alejo Valera Mata,Sevilla,Txartel grafikoa,Osagaiak,255.73,5
2346,2025-03-25,Benigno Olivé Luz,Asturias,RAM memoria,Osagaiak,173.42,4
2347,2024-10-31,Narcisa Iris Esteve Pont,La Rioja,Monitorea,Periferikoak,1672.44,6
2348,2026-09-22,Reyes Valdés Mesa,Álava,RAM memoria,Osagaiak,1301.46,5
2349,2026-03-04,Paulino Soler Llorente,Las Palmas,Sare-kablea,Sareak,1243.36,9
2350,2026-09-10,Gil Camino Niño,León,SSD diskoa,Osagaiak,1928.84,7
2351,2025-06-17,Emiliana Coello,León,Prozesadorea,Osagaiak,938.19,7
2352,2024-12-30,Graciela Pedraza Amo,Jaén,Bideratzailea,Sareak,980.2,1
2353,2025-04-26,Bartolomé Girón-Adadia,Málaga,Mini PC,Ordenagailuak,1962.53,3
2354,2024-10-23,Isidora Calderon,Álava,Webkamera,Periferikoak,842.69,10
2355,2026-01-27,Jose Carlos Cerdá Chico,Lugo,Mahaigaineko ordenagailua,Ordenagailuak,350.24,9
2356,2024-12-21,Buenaventura Grande Clavero,Cádiz,Ordenagailu eramangarria,Ordenagailuak,1143.19,5
2357,2025-10-20,Eugenia Cortés Zorrilla,Huelva,Mini PC,Ordenagailuak,1215.76,5
2358,2024-09-24,Alejo Leal Santamaria,Ceuta,Mahaigaineko ordenagailua,Ordenagailuak,1827.13,2
2359,2025-06-04,Seve Miralles Ferrera,Vizcaya,Txartel grafikoa,Osagaiak,1904.18,3
2360,2026-07-30,Ruy Rueda Mancebo,Santa Cruz de Tenerife,SSD diskoa,Osagaiak,1963.62,9
2361,2025-12-05,Luciana Hernandez Andres,Murcia,Ordenagailu eramangarria,Ordenagailuak,1748.9,1
2362,2024-12-07,Wálter Toribio Mur Herrera,Asturias,Monitorea,Periferikoak,1790.97,3
2363,2026-08-03,Ernesto Soria-Redondo,Girona,Mini PC,Ordenagailuak,1814.8,3
2364,2025-01-29,Nereida Godoy,Jaén,Ordenagailu eramangarria,Ordenagailuak,1553.44,8
2365,2026-01-28,Jesús de Coello,Ceuta,Mini PC,Ordenagailuak,1275.92,8
2366,2026-08-04,Segismundo del Alcalá,Guipúzcoa,Monitorea,Periferikoak,1966.44,8
2367,2025-11-30,Paco Rodrigo Almansa Lobo,Ourense,Teklatua,Periferikoak,1713.53,10
2368,2025-11-11,Onofre Martí Palomar,Melilla,Sare-kablea,Sareak,35.48,2
2369,2025-07-04,Jimena Hernandez Guillen,Valladolid,Mahaigaineko ordenagailua,Ordenagailuak,765.56,1
2370,2025-07-12,Iván Ribas Buendía,La Rioja,Mini PC,Ordenagailuak,1152.8,5
2371,2025-01-04,Maximino de Vigil,Cantabria,Mahaigaineko ordenagailua,Ordenagailuak,1485.51,10
2372,2026-01-04,Emiliana Leon Mata,Vizcaya,Txartel grafikoa,Osagaiak,1765.23,6
2373,2025-10-16,Dionisio Chico Iglesia,Castellón,Mahaigaineko ordenagailua,Ordenagailuak,1054.0,1
2374,2024-11-21,Fabio Cano Muro,Ciudad,Webkamera,Periferikoak,1234.13,6
2375,2025-05-12,Teo Luís Andrade Plana,Madrid,Webkamera,Periferikoak,35.2,5
2376,2025-06-20,Dimas Garcés Giralt,Salamanca,SSD diskoa,Osagaiak,1388.76,5
2377,2025-02-03,Teobaldo de Montserrat,Melilla,Webkamera,Periferikoak,468.5,5
2378,2026-07-21,Marciano Rozas Poza,Tarragona,Mini PC,Ordenagailuak,1233.11,8
2379,2024-12-05,Cayetano Marcelo Chamorro Castro,Granada,Prozesadorea,Osagaiak,839.59,9
2380,2026-07-16,Noa Hernando Echeverría,Jaén,RAM memoria,Osagaiak,977.0,7
2381,2026-09-13,Pili Aparicio Garriga,Ceuta,RAM memoria,Osagaiak,1029.5,5
2382,2024-09-29,Alonso Ripoll Bustos,Badajoz,Sagua,Periferikoak,1321.31,4
2383,2025-12-19,María Del Carmen Torrens Blazquez,Álava,Teklatua,Periferikoak,1328.2,3
2384,2025-08-04,Blanca Espinosa Niño,Teruel,Monitorea,Periferikoak,1438.63,2
2385,2025-06-09,Esmeralda Abril Sancho Clavero,Álava,Monitorea,Periferikoak,1630.99,6
2386,2025-01-01,Ariel del Solís,Zamora,Prozesadorea,Osagaiak,588.42,7
2387,2025-08-11,Silvio Donato Saldaña Alberto,Salamanca,Monitorea,Periferikoak,1940.96,6
2388,2026-01-31,Édgar Bernat Sanmiguel,Las Palmas,Txartel grafikoa,Osagaiak,1462.54,6
2389,2025-06-02,Miriam Ripoll Bautista,Albacete,Mini PC,Ordenagailuak,332.7,2
2390,2025-09-07,Herminio Benavent Barreda,Barcelona,Sagua,Periferikoak,146.86,2
2391,2025-09-08,Nieves del Amador,Santa Cruz de Tenerife,Sare-kablea,Sareak,1300.54,4
2392,2025-03-22,Conrado Torre Casal,Palencia,Sagua,Periferikoak,151.17,7
2393,2026-01-09,Herminia Giménez Valenciano,Ávila,Monitorea,Periferikoak,1737.19,10
2394,2025-02-11,Alberto Hierro Santana,Vizcaya,Sagua,Periferikoak,1171.96,9
2395,2026-06-23,Cristóbal Clemente Jover,Huelva,Txartel grafikoa,Osagaiak,783.78,4
2396,2026-09-02,Oriana del Calderón,Sevilla,RAM memoria,Osagaiak,1646.87,8
2397,2025-06-01,Valero Nogueira Gallo,Alicante,Bideratzailea,Sareak,206.99,5
2398,2026-05-11,Candelas Roman Pozo,Cádiz,Mahaigaineko ordenagailua,Ordenagailuak,916.28,6
2399,2026-05-05,Casandra Losa Molina,Ceuta,Ordenagailu eramangarria,Ordenagailuak,1006.46,7
2400,2026-08-04,María Luisa Soria Reig,Melilla,Webkamera,Periferikoak,1052.37,10
2401,2025-01-18,Santos Maestre-Pedrero,Albacete,Wi-Fi egokigailua,Sareak,838.8,3
2402,2024-09-28,Marina Castilla Riquelme,Jaén,Monitorea,Periferikoak,1763.14,3
2403,2026-06-18,Remigio Salvà Rios,Cádiz,Mini PC,Ordenagailuak,1939.29,6
2404,2025-12-16,Reyes Garriga-Jiménez,Barcelona,Ordenagailu eramangarria,Ordenagailuak,273.73,2
2405,2025-08-09,Xiomara Acosta Estrada,Zamora,Sagua,Periferikoak,604.63,8
2406,2025-04-21,Leire Silva Cerro,Baleares,Mini PC,Ordenagailuak,601.89,1
2407,2024-10-11,Moreno de Bueno,León,Switch-a,Sareak,1590.31,4
2408,2026-01-07,Ovidio Barba Lerma,Asturias,Sare-kablea,Sareak,1004.51,8
2409,2025-07-09,Mayte Gimenez Checa,Cantabria,Ordenagailu eramangarria,Ordenagailuak,236.8,3
2410,2024-10-13,Victor Manuel Villaverde Manzano,Barcelona,Txartel grafikoa,Osagaiak,1678.32,9
2411,2025-02-20,Héctor Sanmiguel,Albacete,RAM memoria,Osagaiak,1927.88,9
2412,2025-09-23,Paco Gabaldón Piquer,Guipúzcoa,Wi-Fi egokigailua,Sareak,1247.36,7
2413,2024-10-11,África Rius Losada,Baleares,RAM memoria,Osagaiak,303.33,10
2414,2026-04-04,Wilfredo Garrido Perelló,Segovia,Teklatua,Periferikoak,163.13,6
2415,2025-07-06,Fabiola Barreda Atienza,Melilla,Teklatua,Periferikoak,590.32,2
2416,2025-04-17,Dionisio Bartolomé-Olivé,Jaén,Mini PC,Ordenagailuak,701.9,4
2417,2025-02-10,Emigdio Villa Gaya,Granada,Webkamera,Periferikoak,659.45,9
2418,2025-02-14,Micaela Adora Calderón Quintana,Jaén,Mahaigaineko ordenagailua,Ordenagailuak,921.14,8
2419,2025-10-29,Artemio Arcos Cortes,Zamora,Bideratzailea,Sareak,834.77,9
2420,2025-09-12,Isaías Bueno Campillo,Melilla,Txartel grafikoa,Osagaiak,873.66,7
2421,2024-11-25,José Pol-Ródenas,Palencia,Mini PC,Ordenagailuak,1464.66,4
2422,2025-01-18,Jordán Arnaiz Montesinos,Guipúzcoa,RAM memoria,Osagaiak,772.24,5
2423,2026-01-06,Macario Oliveras Roca,León,Sagua,Periferikoak,1122.47,4
2424,2026-08-19,Luis Miguel de Lumbreras,Jaén,Webkamera,Periferikoak,1355.18,2
2425,2026-07-16,Eva María Aroca Batlle,Murcia,Wi-Fi egokigailua,Sareak,1907.54,7
2426,2025-12-09,Abilio Francisco,Burgos,Wi-Fi egokigailua,Sareak,423.2,8
2427,2025-09-08,Irene Girona Jara,Asturias,SSD diskoa,Osagaiak,1665.94,1
2428,2025-05-15,Flora Marín,Badajoz,RAM memoria,Osagaiak,14.69,8
2429,2026-08-12,Julio Suarez Casares,Santa Cruz de Tenerife,Txartel grafikoa,Osagaiak,1572.28,9
2430,2026-08-18,José Sarmiento Carmona,Valladolid,SSD diskoa,Osagaiak,292.4,3
2431,2026-01-13,Chita Abella Barriga,León,Bideratzailea,Sareak,304.9,1
2432,2026-02-28,Calisto Ferrer-Marquez,Madrid,RAM memoria,Osagaiak,1824.86,1
2433,2026-03-17,Susana Salvador Soria,Valladolid,Webkamera,Periferikoak,1919.15,10
2434,2024-12-12,Olimpia Rovira Olmo,La Coruña,Sare-kablea,Sareak,837.37,1
2435,2025-10-11,Cleto del Larrañaga,Albacete,Wi-Fi egokigailua,Sareak,316.2,5
2436,2026-09-14,Nilda Pastor Ferrández,Salamanca,RAM memoria,Osagaiak,1965.88,3
2437,2026-05-28,Angelita Jordán-Hervás,Lleida,Prozesadorea,Osagaiak,746.88,5
2438,2026-01-27,Amarilis Carbonell Nadal,Zamora,Bideratzailea,Sareak,174.42,1
2439,2024-10-26,Olga Cordero Rius,Albacete,Mini PC,Ordenagailuak,71.17,7
2440,2025-11-07,Nicanor Jurado,Guipúzcoa,Webkamera,Periferikoak,1773.71,4
2441,2025-05-14,Leyre Gabaldón,Madrid,Prozesadorea,Osagaiak,1234.23,2
2442,2025-11-14,Mariana Bou Iniesta,Ciudad,Webkamera,Periferikoak,1302.49,5
2443,2026-05-09,Urbano Galiano Bravo,Tarragona,RAM memoria,Osagaiak,1678.84,7
2444,2025-06-17,Bibiana Menéndez,Murcia,Wi-Fi egokigailua,Sareak,545.75,3
2445,2026-01-25,Abel Alex Aramburu Cid,Murcia,Sare-kablea,Sareak,1365.6,2
2446,2026-01-23,Rosa Alemany Montenegro,Palencia,Teklatua,Periferikoak,1150.98,6
2447,2025-02-23,Jose Miguel Carbó Pérez,Toledo,Teklatua,Periferikoak,1805.82,4
2448,2025-05-15,Sonia Gaya Pizarro,Zaragoza,Prozesadorea,Osagaiak,188.7,1
2449,2025-11-28,Samanta Guitart,Navarra,Mahaigaineko ordenagailua,Ordenagailuak,1072.14,1
2450,2026-06-09,Amada de Zurita,Guipúzcoa,Monitorea,Periferikoak,137.42,9
2451,2025-12-24,María Grau Ayala,Teruel,RAM memoria,Osagaiak,1302.56,7
2452,2024-11-27,Georgina Domínguez Amat,Barcelona,Switch-a,Sareak,1386.81,7
2453,2025-06-05,Encarnacion Segarra-Jerez,Álava,Mahaigaineko ordenagailua,Ordenagailuak,1871.91,4
2454,2026-09-19,Alejandro Oller Garay,Álava,Mini PC,Ordenagailuak,891.63,4
2455,2025-12-19,Buenaventura Asdrubal Casanovas Mendez,Sevilla,Sare-kablea,Sareak,1246.29,8
2456,2026-03-13,Miriam Andrade Calleja,Zaragoza,Sare-kablea,Sareak,879.61,2
2457,2025-09-08,Nando Gascón Rebollo,Las Palmas,Wi-Fi egokigailua,Sareak,55.11,7
2458,2025-08-25,Carmela Cuenca Espejo,Las Palmas,Txartel grafikoa,Osagaiak,914.65,9
2459,2025-11-14,Jacobo Puerta,La Coruña,Mahaigaineko ordenagailua,Ordenagailuak,351.23,9
2460,2025-08-28,Marisela Herranz-Monreal,Barcelona,Mahaigaineko ordenagailua,Ordenagailuak,704.79,8
2461,2025-08-29,Etelvina Valcárcel Pinto,Albacete,Switch-a,Sareak,1873.71,6
2462,2025-05-13,Ángel Manso Casanovas,Badajoz,Mahaigaineko ordenagailua,Ordenagailuak,680.61,9
2463,2025-11-15,Manolo Ortuño Prieto,Zaragoza,Prozesadorea,Osagaiak,1099.68,8
2464,2026-01-10,Juan José Iker Ariza Barba,Vizcaya,Ordenagailu eramangarria,Ordenagailuak,13.91,10
2465,2025-04-03,Ofelia Merche Escrivá Yáñez,Navarra,Txartel grafikoa,Osagaiak,720.81,8
2466,2025-12-25,Roldán Cid Ferrández,Baleares,Ordenagailu eramangarria,Ordenagailuak,1502.19,6
2467,2024-11-09,Genoveva Araujo,Cuenca,Ordenagailu eramangarria,Ordenagailuak,1175.96,1
2468,2026-01-19,Fabiola Brígida Escudero Cáceres,Cantabria,Sare-kablea,Sareak,1243.26,2
2469,2025-07-01,Adolfo Valentín Ferrán,Barcelona,Mahaigaineko ordenagailua,Ordenagailuak,1613.22,7
2470,2025-01-03,Jennifer Parra-Haro,Zamora,Wi-Fi egokigailua,Sareak,55.89,6
2471,2026-07-01,Sancho Lluch Mayol,Sevilla,Wi-Fi egokigailua,Sareak,1850.52,8
2472,2024-10-30,Macarena Ureña Galindo,Segovia,Monitorea,Periferikoak,523.47,4
2473,2025-05-23,Enrique Pintor Romeu,Huelva,Sagua,Periferikoak,1369.95,5
2474,2026-04-21,Perla de Osuna,Santa Cruz de Tenerife,RAM memoria,Osagaiak,1755.53,8
2475,2025-08-06,Saturnina Marí Villaverde,Ciudad,RAM memoria,Osagaiak,65.84,8
2476,2025-06-17,Adela Verdejo Manso,Cáceres,Sare-kablea,Sareak,1584.78,9
2477,2026-01-16,Eutimio Hervás-Ros,Murcia,Prozesadorea,Osagaiak,734.3,5
2478,2026-04-30,Palmira Antón Díez,La Coruña,Webkamera,Periferikoak,343.93,1
2479,2025-08-24,Chema Ferrández-Arroyo,León,Ordenagailu eramangarria,Ordenagailuak,1878.94,8
2480,2026-06-02,Estela Lerma-Ojeda,Ciudad,Prozesadorea,Osagaiak,134.53,3
2481,2025-11-06,Aura Pablo Arenas,Tarragona,Teklatua,Periferikoak,619.43,1
2482,2026-08-25,Fabricio Gallego Nuñez,Asturias,RAM memoria,Osagaiak,1866.59,10
2483,2026-04-10,Seve de Tur,Cantabria,Teklatua,Periferikoak,1638.92,2
2484,2025-01-05,Maricela Andres Llobet,La Coruña,Mahaigaineko ordenagailua,Ordenagailuak,383.58,5
2485,2025-10-31,Yolanda Español Núñez,Tarragona,Prozesadorea,Osagaiak,1077.46,8
2486,2025-10-14,Otilia del Olivé,Guipúzcoa,Prozesadorea,Osagaiak,536.8,7
2487,2026-04-29,Luís Guerra Morante,Ávila,Mahaigaineko ordenagailua,Ordenagailuak,1368.38,6
2488,2025-05-10,Omar del Angulo,Barcelona,Webkamera,Periferikoak,386.69,2
2489,2025-08-22,Ismael del Pol,Barcelona,Bideratzailea,Sareak,1372.4,8
2490,2026-08-28,Ricardo Roig Jiménez,Cádiz,Webkamera,Periferikoak,63.65,5
2491,2025-10-02,Genoveva Cuesta Alcalá,Las Palmas,Mini PC,Ordenagailuak,484.1,10
2492,2025-03-18,Íñigo del Benavent,Valencia,Sare-kablea,Sareak,1932.7,5
2493,2024-10-17,Palmira Clavero Casares,León,Sagua,Periferikoak,1390.12,3
2494,2025-04-16,Severiano de Mendez,Ávila,SSD diskoa,Osagaiak,1336.19,1
2495,2025-06-20,Herberto del Pazos,Soria,RAM memoria,Osagaiak,1137.22,4
2496,2025-03-22,Jonatan Pardo Peláez,Jaén,Mahaigaineko ordenagailua,Ordenagailuak,383.77,10
2497,2024-12-13,Emelina Amador Machado,Cantabria,Ordenagailu eramangarria,Ordenagailuak,1072.9,4
2498,2025-03-24,Florencia Coral Blazquez Arenas,Sevilla,Webkamera,Periferikoak,995.15,2
2499,2024-10-05,Néstor Carbó Solsona,Jaén,Monitorea,Periferikoak,1661.8,8
2500,2026-06-11,Aurelia Roma,Soria,Prozesadorea,Osagaiak,1527.6,9
2501,2025-03-09,Calixta Camila Cabañas Hoz,Ourense,Bideratzailea,Sareak,1616.41,8
2502,2026-02-01,Reyes Tomé Carbonell,Huelva,RAM memoria,Osagaiak,1161.65,8
2503,2024-09-24,Fulgencio Teodoro Berrocal Perea,Almería,Wi-Fi egokigailua,Sareak,566.4,1
2504,2026-05-07,Abraham Castro Pi,Navarra,Mahaigaineko ordenagailua,Ordenagailuak,1141.78,1
2505,2026-03-21,Melchor Fulgencio Baquero Domínguez,Málaga,Txartel grafikoa,Osagaiak,931.97,7
2506,2025-03-16,Elías Aguirre Fuster,La Rioja,Mini PC,Ordenagailuak,1417.58,6
2507,2025-12-24,Olivia de Heredia,Murcia,Teklatua,Periferikoak,96.9,4
2508,2025-08-15,Amado Mir Cabrera,Ciudad,SSD diskoa,Osagaiak,773.7,2
2509,2025-01-18,Augusto Gutierrez Dominguez,Zamora,Sagua,Periferikoak,360.4,9
2510,2026-02-06,Valero Pombo Zabala,Toledo,Txartel grafikoa,Osagaiak,460.53,1
2511,2025-10-21,Moreno Tejero Higueras,Pontevedra,Prozesadorea,Osagaiak,959.95,9
2512,2026-01-10,Juliana Espinosa Arteaga,Albacete,Monitorea,Periferikoak,270.1,5
2513,2026-04-16,Zaira Agullo Saura,Las Palmas,Ordenagailu eramangarria,Ordenagailuak,555.71,6
2514,2026-04-26,Sofía del Calvet,Castellón,Mahaigaineko ordenagailua,Ordenagailuak,18.67,6
2515,2026-04-05,Primitiva Bernat-Landa,Huesca,Mahaigaineko ordenagailua,Ordenagailuak,1919.46,7
2516,2025-01-05,Fabiola Nevado Porras,Pontevedra,Switch-a,Sareak,933.54,8
2517,2025-03-15,Paula Carnero Vallejo,Valladolid,Ordenagailu eramangarria,Ordenagailuak,1738.54,4
2518,2025-07-13,Raimundo Querol Pizarro,Murcia,Sagua,Periferikoak,1930.3,6
2519,2025-09-19,Ariel Ferrán Zamorano,Valencia,Monitorea,Periferikoak,1690.5,3
2520,2025-03-01,Nazario Goyo Bayona Matas,Zamora,Txartel grafikoa,Osagaiak,1819.48,3
2521,2025-07-30,Aarón Martin,Asturias,Sare-kablea,Sareak,857.99,2
2522,2025-01-29,Glauco Estevez Marqués,Baleares,Webkamera,Periferikoak,1094.94,7
2523,2026-07-03,Dorotea Tello Amores,Jaén,SSD diskoa,Osagaiak,777.68,10
2524,2025-12-01,Ángeles Almeida Gascón,Navarra,Switch-a,Sareak,11.3,5
2525,2025-09-14,Águeda Miguela Goñi Querol,Tarragona,Prozesadorea,Osagaiak,1572.44,10
2526,2026-03-23,Rosario Carballo Diez,Almería,Txartel grafikoa,Osagaiak,680.76,4
2527,2024-11-10,Amador Pi-Codina,Ávila,Webkamera,Periferikoak,353.16,9
2528,2025-04-16,Juan Antonio Fernández Almagro,Murcia,Prozesadorea,Osagaiak,919.89,10
2529,2026-01-12,Eva María Samper Zaragoza,Ourense,Sare-kablea,Sareak,1836.36,10
2530,2025-12-23,Fausto Cuéllar Cepeda,Madrid,Bideratzailea,Sareak,231.35,9
2531,2026-04-24,Felipa Villanueva Bustamante,Álava,Sare-kablea,Sareak,162.63,4
2532,2025-07-17,Asdrubal del Folch,Cáceres,Webkamera,Periferikoak,1961.46,6
2533,2026-05-14,Aroa Riquelme Mayol,Castellón,Sare-kablea,Sareak,1876.71,9
2534,2024-11-27,Juan José Baeza,Melilla,Ordenagailu eramangarria,Ordenagailuak,1433.6,2
2535,2026-01-06,Josep Benítez Rojas,Huelva,RAM memoria,Osagaiak,1633.87,3
2536,2025-07-04,Humberto Carreño,Asturias,Mahaigaineko ordenagailua,Ordenagailuak,1262.67,6
2537,2025-11-20,Fabián Barbero Herrera,Soria,Sagua,Periferikoak,1236.45,5
2538,2025-10-05,Lidia Gomila Noguera,Ciudad,Teklatua,Periferikoak,318.61,5
2539,2025-12-08,Camilo Montserrat Nogués,León,SSD diskoa,Osagaiak,147.76,3
2540,2025-11-05,Maxi Izquierdo Uriarte,Cádiz,Teklatua,Periferikoak,1682.9,3
2541,2025-07-17,Benjamín Prats Guijarro,Huelva,SSD diskoa,Osagaiak,205.26,9
2542,2025-05-14,Faustino Porras Gelabert,Pontevedra,Sagua,Periferikoak,22.98,8
2543,2025-10-09,Remedios Arteaga Romero,Huesca,Sare-kablea,Sareak,282.8,5
2544,2025-11-08,María Del Carmen Teresita Echeverría Campos,Lugo,Mini PC,Ordenagailuak,1595.24,6
2545,2025-07-26,Ana Belén Batlle,Castellón,Mini PC,Ordenagailuak,968.24,7
2546,2024-10-15,Benito Tejero Gonzalo,Álava,Switch-a,Sareak,630.16,3
2547,2026-03-14,Asdrubal Zapata-Gras,La Rioja,RAM memoria,Osagaiak,383.93,4
2548,2025-05-10,Asdrubal Cabo Menendez,Cuenca,Switch-a,Sareak,612.97,9
2549,2025-01-15,Cayetano Losa Hierro,Álava,Monitorea,Periferikoak,904.52,6
2550,2024-12-19,Inmaculada Bas,La Rioja,Mahaigaineko ordenagailua,Ordenagailuak,21.78,10
2551,2024-12-08,Felicia Fernández Bas,Lleida,Teklatua,Periferikoak,660.39,3
2552,2026-05-29,Octavio Barba Verdugo,Jaén,Teklatua,Periferikoak,1371.99,2
2553,2026-01-06,Fátima Montenegro Lastra,Valencia,Mini PC,Ordenagailuak,1220.22,1
2554,2025-03-19,Olivia Pizarro Roselló,Pontevedra,RAM memoria,Osagaiak,1592.21,10
2555,2025-03-13,Fátima de Ibáñez,Asturias,Sagua,Periferikoak,1251.86,1
2556,2026-04-18,Bernardino Enrique Comas Mariscal,Jaén,Txartel grafikoa,Osagaiak,1384.22,9
2557,2025-04-09,Cosme Marín,Ciudad,SSD diskoa,Osagaiak,432.6,6
2558,2026-08-10,Francisca Rubio,Toledo,Ordenagailu eramangarria,Ordenagailuak,1044.55,6
2559,2025-01-30,Prudencio de Pla,Navarra,Monitorea,Periferikoak,708.2,8
2560,2025-02-20,Luis Olivera Cárdenas,Pontevedra,Monitorea,Periferikoak,1805.61,1
2561,2025-11-13,Trinidad Ileana Luque Morillo,Guadalajara,Prozesadorea,Osagaiak,1724.6,7
2562,2024-10-26,Beatriz Zabala Fortuny,Alicante,Monitorea,Periferikoak,566.17,9
2563,2025-02-25,Erasmo Quesada-Pi,Las Palmas,Sare-kablea,Sareak,1211.68,10
2564,2025-08-23,Odalis Campillo Seco,Las Palmas,Teklatua,Periferikoak,179.33,10
2565,2026-07-18,Albert Garrido Zabaleta,Zamora,Sare-kablea,Sareak,215.43,7
2566,2026-05-22,Iris Moreno Abad,Asturias,Sare-kablea,Sareak,1937.2,2
2567,2025-09-17,Eladio Lope Escrivá Fuente,Tarragona,Switch-a,Sareak,1990.47,10
2568,2025-11-18,Agustina Lobo Morante,Segovia,Wi-Fi egokigailua,Sareak,1605.52,7
2569,2025-09-12,Alonso Borja Lamas Enríquez,Asturias,Txartel grafikoa,Osagaiak,1707.89,9
2570,2026-07-12,Beatriz Mas Aragonés,Guipúzcoa,Prozesadorea,Osagaiak,1770.87,4
2571,2026-06-22,Inés Duque Peñalver,Málaga,Teklatua,Periferikoak,1293.52,4
2572,2025-11-16,Teodora Azorin Pol,Guadalajara,Monitorea,Periferikoak,457.2,2
2573,2026-04-08,Isidoro Pi Mínguez,Zaragoza,Mini PC,Ordenagailuak,1333.26,1
2574,2026-01-06,Teodora Peinado,Teruel,Webkamera,Periferikoak,946.44,9
2575,2026-04-01,Victor Manuel Garzón Ponce,La Rioja,Switch-a,Sareak,110.24,7
2576,2025-03-28,Curro Mauricio Jordá Quintana,Valencia,RAM memoria,Osagaiak,481.13,9
2577,2026-01-29,Clímaco Girón Peláez,Soria,Mahaigaineko ordenagailua,Ordenagailuak,186.61,1
2578,2026-06-30,Venceslás Salom Mata,Huelva,Sare-kablea,Sareak,950.54,3
2579,2026-07-05,Delfina Poza Sales,Tarragona,Bideratzailea,Sareak,1048.78,9
2580,2026-05-11,Ruben Valcárcel-Perelló,Soria,Wi-Fi egokigailua,Sareak,1336.3,5
2581,2025-01-02,Susana Falcón Salmerón,Zamora,Monitorea,Periferikoak,1803.3,4
2582,2025-07-05,Manuela Talavera Lucena,Córdoba,Switch-a,Sareak,51.61,7
2583,2025-06-09,Marc Iván Orozco Folch,Ávila,Bideratzailea,Sareak,654.96,8
2584,2026-01-12,Amor Barragán,Segovia,Prozesadorea,Osagaiak,1174.35,1
2585,2025-06-22,Paola Velasco Conesa,Valencia,Wi-Fi egokigailua,Sareak,1484.33,6
2586,2025-10-12,Morena Rocamora Pavón,Guipúzcoa,RAM memoria,Osagaiak,1876.25,3
2587,2025-08-03,Maximiano Alcalde Arco,Lleida,Bideratzailea,Sareak,1756.73,2
2588,2024-11-06,Saturnino del Pardo,Asturias,Ordenagailu eramangarria,Ordenagailuak,1233.88,10
2589,2026-05-25,Armando Cal Monreal,Valencia,Sare-kablea,Sareak,1617.35,7
2590,2024-11-18,Joel Jacobo Rodríguez Buendía,Málaga,Sare-kablea,Sareak,1374.0,5
2591,2026-03-13,Gloria Pla Colom,Valencia,Wi-Fi egokigailua,Sareak,1463.17,6
2592,2025-06-01,Maristela Florentina Alegria Zurita,Cuenca,Switch-a,Sareak,1441.29,4
2593,2026-03-10,Ofelia Estevez-Valderrama,Girona,Ordenagailu eramangarria,Ordenagailuak,651.35,8
2594,2025-12-22,Carmelita Cortés Bautista,Almería,SSD diskoa,Osagaiak,142.27,2
2595,2025-06-25,Jose Carlos Fabio Sanmartín Hervia,Navarra,Bideratzailea,Sareak,523.58,9
2596,2025-01-24,Emperatriz Mate Castellanos,Cantabria,Monitorea,Periferikoak,1245.33,5
2597,2024-10-06,Álvaro Gonzalez Vargas,Segovia,Ordenagailu eramangarria,Ordenagailuak,1721.45,2
2598,2025-07-22,Julia Mate Bustos,Ávila,Switch-a,Sareak,1886.46,2
2599,2024-09-30,Lola Pereira Ferrán,La Rioja,SSD diskoa,Osagaiak,1099.1,6
2600,2026-08-19,Renata Pastor,Tarragona,Prozesadorea,Osagaiak,1006.7,10
2601,2025-06-01,Roxana María Teresa Barco Yáñez,Teruel,Teklatua,Periferikoak,1882.21,9
2602,2025-05-23,Sofía Cano,Lleida,Wi-Fi egokigailua,Sareak,1557.79,3
2603,2025-10-21,Lázaro Giménez Merino,Navarra,Prozesadorea,Osagaiak,1504.7,4
2604,2026-05-14,Cecilia Jove Castejón,Granada,Ordenagailu eramangarria,Ordenagailuak,215.88,10
2605,2025-11-17,Rico de Cal,Asturias,Monitorea,Periferikoak,321.6,4
2606,2024-11-29,Eusebio Querol Borja,Ciudad,Teklatua,Periferikoak,685.82,6
2607,2025-02-13,Amílcar Montes Godoy,Cantabria,Teklatua,Periferikoak,1660.39,5
2608,2025-08-18,Anunciación de Asenjo,Huesca,Mini PC,Ordenagailuak,1129.38,6
2609,2025-08-23,Cándida Mayoral Morell,Baleares,Sagua,Periferikoak,1228.75,2
2610,2025-07-17,Tecla Yolanda Lasa Nogueira,Almería,Txartel grafikoa,Osagaiak,633.87,2
2611,2024-10-10,Álvaro Piñeiro Pintor,Albacete,Ordenagailu eramangarria,Ordenagailuak,1838.96,9
2612,2025-01-18,Bonifacio Casal-Quiroga,La Rioja,RAM memoria,Osagaiak,316.87,2
2613,2025-06-10,Carlota Piquer Pizarro,Albacete,Switch-a,Sareak,1298.34,8
2614,2026-03-22,Francisco Jose Grau Chamorro,Madrid,Ordenagailu eramangarria,Ordenagailuak,1561.16,9
2615,2024-10-29,Cayetano Coello,Alicante,Sare-kablea,Sareak,1874.34,9
2616,2025-12-17,Edu Feijoo Sierra,Burgos,Monitorea,Periferikoak,185.37,6
2617,2026-07-13,Fito Vigil Alvarado,Santa Cruz de Tenerife,Txartel grafikoa,Osagaiak,37.48,1
2618,2025-11-01,Ruy Espada Juárez,La Rioja,Monitorea,Periferikoak,1740.38,8
2619,2025-08-19,Nydia Nogueira Arnaiz,Córdoba,Teklatua,Periferikoak,1304.64,10
2620,2025-08-08,Cristian Aranda-Burgos,Guipúzcoa,Monitorea,Periferikoak,888.17,4
2621,2025-10-16,Isaura Piquer,Las Palmas,Switch-a,Sareak,156.26,7
2622,2025-07-25,Venceslás Cervera Alvarado,Badajoz,Mini PC,Ordenagailuak,1782.24,9
2623,2024-09-30,Jose Angel Lluch-Salvador,Valladolid,Bideratzailea,Sareak,443.65,1
2624,2025-05-22,Tiburcio Vázquez-Mora,Navarra,RAM memoria,Osagaiak,1952.91,10
2625,2025-05-06,Olivia Carro-Jover,Zaragoza,Teklatua,Periferikoak,1965.46,4
2626,2025-08-11,Dafne del Buendía,Lugo,Sagua,Periferikoak,1314.7,10
2627,2026-03-09,Nando Prada Uriarte,Zaragoza,Monitorea,Periferikoak,1775.65,9
2628,2026-05-11,Pilar Riba,Jaén,Switch-a,Sareak,1219.21,6
2629,2026-06-23,Juan José Cózar Abellán,Melilla,RAM memoria,Osagaiak,320.31,6
2630,2024-10-24,Lola Novoa,Murcia,SSD diskoa,Osagaiak,1400.54,8
2631,2026-01-03,Agustina Pujol,Guadalajara,Switch-a,Sareak,987.34,5
2632,2026-05-23,Eva María Collado Bernad,Huelva,Sagua,Periferikoak,171.61,6
2633,2026-02-05,María Carmen Cuadrado Vaquero,Cuenca,Webkamera,Periferikoak,1982.35,2
2634,2026-02-21,Juan José Guadalupe Crespi Romero,Guadalajara,Ordenagailu eramangarria,Ordenagailuak,1723.95,2
2635,2025-07-30,Consuelo Ledesma Ramos,Zamora,Wi-Fi egokigailua,Sareak,152.98,6
2636,2025-05-08,Mariano Quintana Saez,Ciudad,Bideratzailea,Sareak,1875.6,10
2637,2025-06-07,Salomé Espejo,Baleares,Txartel grafikoa,Osagaiak,1611.24,1
2638,2026-03-31,Maricela Talavera Cortina,Cuenca,Ordenagailu eramangarria,Ordenagailuak,263.67,5
2639,2025-05-04,Carina Julia Pizarro Reguera,Ourense,SSD diskoa,Osagaiak,897.83,1
2640,2026-05-04,Alexandra Llobet,Zamora,Ordenagailu eramangarria,Ordenagailuak,407.38,9
2641,2024-11-15,Tomasa Gilabert Ródenas,Huesca,Mini PC,Ordenagailuak,822.51,8
2642,2026-08-02,Dorita Llamas Riera,Huelva,Ordenagailu eramangarria,Ordenagailuak,1204.19,7
2643,2025-12-16,Julieta Lastra Quintana,Madrid,Ordenagailu eramangarria,Ordenagailuak,103.8,6
2644,2025-07-09,Mateo Luciano Barros Campo,Teruel,SSD diskoa,Osagaiak,842.56,3
2645,2026-03-16,Aristides Palau Montesinos,Navarra,Sagua,Periferikoak,1768.2,8
2646,2025-05-30,Malena Chamorro Borrell,Jaén,Switch-a,Sareak,858.33,4
2647,2025-07-11,Débora Maldonado,Álava,Webkamera,Periferikoak,1154.78,1
2648,2026-05-22,Nazario Cabo Vargas,Lleida,Sare-kablea,Sareak,772.47,2
2649,2025-11-15,Eutimio Báez-Melero,Guipúzcoa,RAM memoria,Osagaiak,1381.12,7
2650,2025-12-20,Juan Bautista Hidalgo Villar,Sevilla,Webkamera,Periferikoak,562.56,8
2651,2025-06-06,Marisela Arco Teruel,Huesca,Wi-Fi egokigailua,Sareak,625.92,10
2652,2026-01-10,Melchor Maza,Vizcaya,Webkamera,Periferikoak,1104.6,8
2653,2025-05-27,Rosalía Díaz Chico,Palencia,Mahaigaineko ordenagailua,Ordenagailuak,1577.78,1
2654,2025-07-16,Eustaquio de Oliva,Huesca,Sare-kablea,Sareak,960.15,1
2655,2024-12-13,Milagros Iniesta Sevilla,Ceuta,Mahaigaineko ordenagailua,Ordenagailuak,1263.33,4
2656,2026-05-14,Ovidio Tomás-Cañellas,Huelva,Mahaigaineko ordenagailua,Ordenagailuak,964.64,6
2657,2025-03-28,Francisco Javier del Torrents,Badajoz,Sare-kablea,Sareak,1098.42,6
2658,2025-02-27,Bárbara Gámez Coca,Huesca,Wi-Fi egokigailua,Sareak,1136.2,10
2659,2025-09-13,Encarna Serafina Torrents Paredes,Segovia,Webkamera,Periferikoak,829.5,3
2660,2025-12-26,Román Ferrer Reguera,Ciudad,Sagua,Periferikoak,1523.94,5
2661,2024-09-25,Joan Cal Infante,Zaragoza,Sare-kablea,Sareak,1302.91,2
2662,2026-03-10,Nayara Torrijos Higueras,Baleares,Monitorea,Periferikoak,1466.4,10
2663,2026-09-20,Olivia Gascón,Girona,Monitorea,Periferikoak,1467.98,7
2664,2024-12-22,Claudio Pont Cabrero,Asturias,Mahaigaineko ordenagailua,Ordenagailuak,717.78,1
2665,2026-03-31,Pilar Aranda Piñol,Ourense,Mini PC,Ordenagailuak,557.73,1
2666,2025-10-25,Carmina Lucía Milla Mir,La Coruña,Switch-a,Sareak,229.95,6
2667,2026-01-22,Imelda Salgado-Querol,Huelva,RAM memoria,Osagaiak,1624.54,8
2668,2025-06-19,Ofelia Águila Ramón,Madrid,Prozesadorea,Osagaiak,935.16,3
2669,2025-04-09,Custodio Gual Ojeda,Valladolid,RAM memoria,Osagaiak,1258.0,2
2670,2025-02-09,Josefina Zaida Menendez Cózar,Santa Cruz de Tenerife,Monitorea,Periferikoak,1263.29,7
2671,2026-06-07,Faustino del Riba,Vizcaya,Bideratzailea,Sareak,1952.88,5
2672,2025-02-14,Nazaret Aznar Sastre,Zaragoza,Mahaigaineko ordenagailua,Ordenagailuak,1590.8,7
2673,2025-11-07,Guiomar Amaya Vilanova,Guipúzcoa,Sagua,Periferikoak,1947.85,7
2674,2026-07-10,Rufina Lamas Bayo,Málaga,Txartel grafikoa,Osagaiak,883.74,2
2675,2026-05-08,Clímaco Delgado Benet,Santa Cruz de Tenerife,Mini PC,Ordenagailuak,345.41,3
2676,2024-11-23,Luís Torrijos Collado,Zaragoza,Wi-Fi egokigailua,Sareak,812.97,6
2677,2026-08-28,Gonzalo Perales-Garmendia,Huesca,Wi-Fi egokigailua,Sareak,578.36,2
2678,2025-10-09,Natalia del Blázquez,Jaén,Mahaigaineko ordenagailua,Ordenagailuak,389.65,1
2679,2025-01-07,Leoncio Cabrera,León,Webkamera,Periferikoak,1055.38,2
2680,2026-06-15,Eladio Piña Cañizares,Albacete,Teklatua,Periferikoak,539.84,9
2681,2025-02-15,Débora Barreda Cabanillas,Cádiz,Txartel grafikoa,Osagaiak,351.69,4
2682,2024-10-02,José Manuel Tirado Prat,Lleida,Sare-kablea,Sareak,99.93,10
2683,2026-09-17,Irma Camps Gálvez,Jaén,Ordenagailu eramangarria,Ordenagailuak,1521.77,6
2684,2025-09-11,Noemí Bastida Rico,Badajoz,Mahaigaineko ordenagailua,Ordenagailuak,306.5,5
2685,2025-11-07,Aurelio Josué Porta Girón,Ceuta,Switch-a,Sareak,797.38,6
2686,2025-03-30,Josefina Martín Canales,La Coruña,Bideratzailea,Sareak,666.91,4
2687,2025-07-03,Rómulo Aparicio-Torrecilla,Ceuta,Mahaigaineko ordenagailua,Ordenagailuak,272.43,2
2688,2026-02-04,Leoncio Bayón Pereira,Cantabria,Sare-kablea,Sareak,1120.18,10
2689,2025-08-29,Jerónimo Lluch Díez,Guipúzcoa,Switch-a,Sareak,142.76,4
2690,2026-03-09,Carlota Querol Acevedo,Cádiz,Bideratzailea,Sareak,872.73,1
2691,2025-06-18,José Ángel Alarcón-Cid,Cantabria,Wi-Fi egokigailua,Sareak,1121.29,9
2692,2025-02-11,Micaela Anna Acosta Real,León,Sagua,Periferikoak,1818.41,2
2693,2025-05-09,Gonzalo Gelabert-Ochoa,Albacete,Switch-a,Sareak,1509.1,5
2694,2026-07-18,Carlos Hidalgo Fajardo,Ourense,Mahaigaineko ordenagailua,Ordenagailuak,757.65,10
2695,2025-11-11,Damián Nicolau Santiago,Madrid,Sare-kablea,Sareak,171.62,1
2696,2024-10-17,Leyre Sans Barberá,Asturias,RAM memoria,Osagaiak,524.89,7
2697,2025-05-22,Dolores Guardiola Montes,Ciudad,Mahaigaineko ordenagailua,Ordenagailuak,793.71,5
2698,2026-03-29,Ramona Quintanilla Sebastián,Sevilla,Mahaigaineko ordenagailua,Ordenagailuak,1761.7,1
2699,2025-04-16,Fermín Nacio Sanz Guijarro,Santa Cruz de Tenerife,Sare-kablea,Sareak,1562.3,1
2700,2025-03-07,Luis Ángel Rivera-Sanmiguel,Valladolid,Txartel grafikoa,Osagaiak,1840.33,6
2701,2026-04-16,Kike Enrique Aroca Mateos,Toledo,Ordenagailu eramangarria,Ordenagailuak,1732.14,9
2702,2026-09-17,Ainara Nogueira Mancebo,Lugo,Ordenagailu eramangarria,Ordenagailuak,936.76,10
2703,2026-05-13,Samu Jorge Reyes Carpio,Badajoz,Teklatua,Periferikoak,996.73,8
2704,2025-05-05,Fidela Manjón Ortega,Guipúzcoa,Sare-kablea,Sareak,311.65,10
2705,2025-01-12,Nilda Gallo Marti,Cuenca,Bideratzailea,Sareak,1557.26,10
2706,2025-12-12,Octavio Pinto-Álvaro,Valencia,Mahaigaineko ordenagailua,Ordenagailuak,28.55,7
2707,2026-07-29,Anabel Gil Vives,La Rioja,Txartel grafikoa,Osagaiak,74.79,8
2708,2026-07-05,María Perera Solís,Valladolid,Switch-a,Sareak,1171.72,7
2709,2025-06-25,Josefina Espejo Saldaña,Sevilla,Prozesadorea,Osagaiak,117.56,4
2710,2024-12-22,María del Duque,Sevilla,Teklatua,Periferikoak,838.69,3
2711,2025-02-18,Clemente de Azorin,Castellón,Sagua,Periferikoak,521.35,7
2712,2026-04-21,Silvestre Pina Jordán,Soria,Ordenagailu eramangarria,Ordenagailuak,821.78,6
2713,2025-02-10,Lupita Pou Moraleda,Pontevedra,SSD diskoa,Osagaiak,190.17,9
2714,2025-03-19,Alcides Piñeiro Landa,Melilla,Monitorea,Periferikoak,593.68,8
2715,2025-03-22,Luis Miguel Viña Agustín,Cáceres,Monitorea,Periferikoak,721.39,3
2716,2025-05-18,Guiomar Mate Catalán,Guipúzcoa,Ordenagailu eramangarria,Ordenagailuak,987.71,7
2717,2025-10-26,Norberto Escribano Arnal,Toledo,Switch-a,Sareak,350.15,4
2718,2026-07-25,Virgilio Buendía Moreno,La Rioja,Ordenagailu eramangarria,Ordenagailuak,1953.75,10
2719,2025-10-23,Marcia Zamorano Tomé,Melilla,Txartel grafikoa,Osagaiak,420.89,2
2720,2026-05-02,Loreto Gerardo Rebollo Durán,Lugo,Webkamera,Periferikoak,639.38,2
2721,2024-09-30,Ricardo España,Lugo,Bideratzailea,Sareak,44.41,2
2722,2025-02-01,Esperanza Nevado Bernad,Albacete,Ordenagailu eramangarria,Ordenagailuak,1399.2,1
2723,2026-03-05,Fernanda Martorell Pazos,Asturias,Mahaigaineko ordenagailua,Ordenagailuak,569.67,8
2724,2026-01-17,Amaro Leon Ramis,Barcelona,Txartel grafikoa,Osagaiak,659.83,1
2725,2025-06-10,Nieves Salvà Iriarte,Cáceres,Ordenagailu eramangarria,Ordenagailuak,475.92,7
2726,2025-09-10,Emelina Fabregat Franch,Ourense,Mahaigaineko ordenagailua,Ordenagailuak,1044.63,3
2727,2026-02-08,Heliodoro Alarcón,Almería,Prozesadorea,Osagaiak,1775.33,6
2728,2026-09-07,Darío Cañizares Quero,Asturias,Wi-Fi egokigailua,Sareak,1523.84,9
2729,2025-09-24,Martín Seguí Aguilar,Huesca,Teklatua,Periferikoak,1484.13,10
2730,2025-09-21,Nayara Catalán Amorós,Huelva,Bideratzailea,Sareak,1175.16,1
2731,2026-06-05,Leonardo Osorio Cases,Ceuta,Mini PC,Ordenagailuak,310.72,8
2732,2026-05-23,Miriam Figueroa-Tapia,Málaga,Ordenagailu eramangarria,Ordenagailuak,1220.13,6
2733,2026-07-23,Antonio Román Galván,Ávila,Monitorea,Periferikoak,1236.21,1
2734,2025-05-26,Encarna Cano Menendez,Granada,Sare-kablea,Sareak,1698.3,10
2735,2025-01-17,Fulgencio Bernal Villar,Tarragona,Bideratzailea,Sareak,369.38,10
2736,2026-03-09,Reynaldo del Serra,Cáceres,Wi-Fi egokigailua,Sareak,613.24,5
2737,2025-12-27,Teodora Mayo Sevillano,Cáceres,Txartel grafikoa,Osagaiak,746.6,2
2738,2026-07-15,Dani Victoriano Villegas Aroca,Salamanca,Teklatua,Periferikoak,1567.28,5
2739,2026-01-04,Eugenio Sotelo Riquelme,Santa Cruz de Tenerife,Ordenagailu eramangarria,Ordenagailuak,1481.6,10
2740,2024-09-30,Hugo Pablo Tomas,Lugo,Webkamera,Periferikoak,266.36,3
2741,2025-06-29,Bernardino Paz Jurado,Alicante,Switch-a,Sareak,849.76,4
2742,2025-12-02,Plinio Ledesma Barral,Soria,Mahaigaineko ordenagailua,Ordenagailuak,308.59,4
2743,2026-08-14,Renato Seguí Espinosa,La Coruña,Mahaigaineko ordenagailua,Ordenagailuak,1871.8,5
2744,2026-08-25,Ignacia Alberto Alberdi,Melilla,Wi-Fi egokigailua,Sareak,262.78,4
2745,2026-09-08,Lucía Paz Llamas Sanabria,Cáceres,RAM memoria,Osagaiak,1183.68,4
2746,2025-12-18,Zaida Teruel Tapia,Huelva,Sagua,Periferikoak,1772.76,1
2747,2025-01-23,Raimundo Mascaró Sola,La Coruña,SSD diskoa,Osagaiak,26.5,4
2748,2025-12-09,Lucio Arellano Baquero,Granada,Txartel grafikoa,Osagaiak,837.8,5
2749,2025-01-08,Laura Ibañez,Guadalajara,Monitorea,Periferikoak,1353.6,5
2750,2026-01-05,Herberto Ureña Cobo,Valencia,Txartel grafikoa,Osagaiak,912.46,5
2751,2025-12-22,David Octavio Páez Aliaga,Guadalajara,RAM memoria,Osagaiak,1519.99,10
2752,2026-04-24,Carmelita Vilanova Somoza,Guipúzcoa,Txartel grafikoa,Osagaiak,410.31,9
2753,2026-07-07,Agustín del Guerrero,Guipúzcoa,Ordenagailu eramangarria,Ordenagailuak,1293.86,4
2754,2025-02-02,Héctor del Cadenas,Burgos,Mahaigaineko ordenagailua,Ordenagailuak,1557.6,5
2755,2025-12-30,Florentina de Segarra,Almería,Ordenagailu eramangarria,Ordenagailuak,476.44,1
2756,2026-07-24,Amanda Casas Ibarra,Guadalajara,Teklatua,Periferikoak,1682.3,8
2757,2025-06-17,Eufemia Valenzuela Balaguer,Santa Cruz de Tenerife,Mini PC,Ordenagailuak,112.34,3
2758,2026-07-09,Francisco Haroldo Mayoral Belda,Palencia,RAM memoria,Osagaiak,765.47,2
2759,2025-05-16,Rosario Aranda,Vizcaya,Prozesadorea,Osagaiak,1205.11,4
2760,2026-07-15,Otilia Godoy Menéndez,Valladolid,Teklatua,Periferikoak,1267.91,8
2761,2025-05-25,Tecla Miralles Palma,Baleares,Mahaigaineko ordenagailua,Ordenagailuak,890.29,3
2762,2026-09-09,Delfina Alemany Ros,Valencia,Txartel grafikoa,Osagaiak,279.9,9
2763,2026-07-06,Cándida Molina Catalá,Vizcaya,Teklatua,Periferikoak,943.55,2
2764,2024-10-24,Amaro Miralles Pol,Sevilla,Webkamera,Periferikoak,1224.57,8
2765,2025-05-05,Osvaldo Rocamora,Málaga,Ordenagailu eramangarria,Ordenagailuak,1531.97,10
2766,2024-12-12,Álvaro Luís Rios,Almería,Mini PC,Ordenagailuak,448.76,3
2767,2026-05-23,Leyre Cabello,Alicante,Wi-Fi egokigailua,Sareak,1641.5,2
2768,2026-08-09,Lourdes de Ramón,Teruel,Wi-Fi egokigailua,Sareak,186.67,6
2769,2026-08-04,Gabino Aranda Pizarro,La Coruña,Switch-a,Sareak,783.61,3
2770,2024-10-02,Pepe Torrents Crespi,Toledo,Mini PC,Ordenagailuak,1139.14,5
2771,2025-01-14,Jenaro Galvez,La Rioja,Wi-Fi egokigailua,Sareak,41.59,9
2772,2026-03-08,Juanito Girona Ayala,Pontevedra,Txartel grafikoa,Osagaiak,1955.66,10
2773,2024-12-08,Fulgencio Luz-Fuente,Lleida,Teklatua,Periferikoak,537.49,8
2774,2025-11-09,Fortunata Zurita Villa,León,Monitorea,Periferikoak,145.71,6
2775,2026-07-08,Ibán Mayo Pablo,Alicante,Wi-Fi egokigailua,Sareak,1374.77,6
2776,2025-02-22,Edelmiro Remigio Borrás Vara,Santa Cruz de Tenerife,Sare-kablea,Sareak,434.75,3
2777,2026-03-03,Félix Ángel Oliva,Guipúzcoa,Ordenagailu eramangarria,Ordenagailuak,496.98,8
2778,2025-09-10,Agapito de Cabezas,Madrid,Sare-kablea,Sareak,226.75,3
2779,2024-12-11,Leocadio Jose Angel Corral Alberola,Burgos,Wi-Fi egokigailua,Sareak,1366.7,3
2780,2026-08-22,Florentino Felipe Alvarez Barco,Girona,Teklatua,Periferikoak,1043.95,1
2781,2025-11-12,Gracia Sedano Gálvez,Barcelona,SSD diskoa,Osagaiak,778.12,7
2782,2024-10-03,Edelmiro Juan José Gimeno Barranco,Albacete,Prozesadorea,Osagaiak,601.28,6
2783,2025-12-17,Coral Agustina Téllez Lobo,León,Txartel grafikoa,Osagaiak,648.34,7
2784,2025-01-13,Leonor Nydia Ferreras Palomar,Melilla,Sare-kablea,Sareak,326.18,6
2785,2025-08-20,Melania Quintero Barba,Cáceres,RAM memoria,Osagaiak,516.4,3
2786,2026-07-10,Alejo Gilberto Piña Solé,Badajoz,RAM memoria,Osagaiak,741.1,6
2787,2026-05-20,Íñigo Villalonga Daza,Guipúzcoa,Ordenagailu eramangarria,Ordenagailuak,850.51,7
2788,2026-02-24,Teodoro Escolano Gelabert,Madrid,Mini PC,Ordenagailuak,1138.37,5
2789,2025-12-31,Lupe Pizarro Ferrer,Ávila,Wi-Fi egokigailua,Sareak,292.6,7
2790,2026-05-22,Evaristo Evaristo Cortés Alcolea,Cáceres,Monitorea,Periferikoak,1426.71,3
2791,2025-10-20,Celestina Bejarano Hidalgo,Ciudad,Webkamera,Periferikoak,162.38,6
2792,2025-03-08,Silvio Canet Angulo,Jaén,Mini PC,Ordenagailuak,784.8,10
2793,2026-07-27,Marciano Ibarra Rebollo,Jaén,Ordenagailu eramangarria,Ordenagailuak,55.33,8
2794,2026-06-23,Serafina Casanova-Cal,Toledo,Mahaigaineko ordenagailua,Ordenagailuak,1739.48,10
2795,2026-07-04,Guadalupe Galván Mancebo,Alicante,RAM memoria,Osagaiak,541.1,5
2796,2025-02-15,Juan Calleja Cantero,Granada,Ordenagailu eramangarria,Ordenagailuak,1948.43,2
2797,2025-01-16,Iván Abril Menendez,León,Prozesadorea,Osagaiak,1033.46,7
2798,2025-11-15,Ruy Asenjo-Pomares,Badajoz,Mahaigaineko ordenagailua,Ordenagailuak,1357.64,8
2799,2024-11-13,Baldomero Jáuregui,Valladolid,Txartel grafikoa,Osagaiak,561.4,8
2800,2026-08-15,Jenaro Mosquera Sureda,Zamora,Prozesadorea,Osagaiak,936.92,5
2801,2025-03-05,Dulce Jordá Zapata,Álava,Mini PC,Ordenagailuak,1935.29,4
2802,2026-02-22,Piedad Malo Borrell,Santa Cruz de Tenerife,Mahaigaineko ordenagailua,Ordenagailuak,1978.38,2
2803,2026-05-25,Dani Diez Roldan,Huelva,Ordenagailu eramangarria,Ordenagailuak,1930.8,9
2804,2025-06-04,Dalila Bonilla Arce,Albacete,Mini PC,Ordenagailuak,1239.51,6
2805,2025-07-18,Celestino Montserrat Gonzalez,Alicante,Webkamera,Periferikoak,1911.36,1
2806,2025-04-17,Juan Bautista Heraclio Simó Mas,Vizcaya,Mini PC,Ordenagailuak,1307.74,9
2807,2025-09-30,Anastasia Solsona,Segovia,Sagua,Periferikoak,835.13,1
2808,2026-07-28,Rosalva Solís Acosta,León,Mahaigaineko ordenagailua,Ordenagailuak,1949.97,4
2809,2025-05-10,Manuel Conrado Franch Arco,Melilla,Bideratzailea,Sareak,231.9,8
2810,2025-11-16,Serafina Azorin Arce,Salamanca,Ordenagailu eramangarria,Ordenagailuak,353.11,5
2811,2025-04-26,Eva María Rocha Salvà,Ceuta,Sagua,Periferikoak,482.85,9
2812,2026-01-21,Odalys Noriega Perelló,Ceuta,Teklatua,Periferikoak,988.99,1
2813,2026-03-08,Daniela Abella Baquero,Salamanca,RAM memoria,Osagaiak,792.8,7
2814,2025-02-27,Paca Cantón Tejedor,Ciudad,Teklatua,Periferikoak,935.27,10
2815,2026-04-04,Elías Velázquez Valbuena,Cantabria,Monitorea,Periferikoak,1737.67,7
2816,2026-09-01,Silvestre de Tello,Navarra,Webkamera,Periferikoak,1364.11,5
2817,2026-09-17,Emigdio de Casanova,Pontevedra,Mahaigaineko ordenagailua,Ordenagailuak,906.4,7
2818,2025-06-17,Miguela de Tejedor,Guadalajara,Mahaigaineko ordenagailua,Ordenagailuak,1249.16,2
2819,2025-07-04,Aitana Pozuelo Expósito,Valladolid,Mahaigaineko ordenagailua,Ordenagailuak,810.38,7
2820,2026-05-15,Nélida del Alcántara,Girona,SSD diskoa,Osagaiak,743.62,1
2821,2025-12-05,Edgardo de Talavera,Toledo,Txartel grafikoa,Osagaiak,819.95,10
2822,2025-06-15,Marciano Ballesteros Mur,Salamanca,RAM memoria,Osagaiak,802.6,1
2823,2026-01-23,Nazario Baquero Blanco,Las Palmas,Ordenagailu eramangarria,Ordenagailuak,855.9,10
2824,2025-02-11,Rufino Iniesta-Vilar,Barcelona,Bideratzailea,Sareak,1756.29,1
2825,2026-01-27,Loida de Ferrando,Sevilla,Mahaigaineko ordenagailua,Ordenagailuak,1709.73,10
2826,2026-04-04,Tamara del Tejera,Cantabria,Mini PC,Ordenagailuak,1914.27,2
2827,2025-04-04,Juan Luis Casanovas-Uribe,Santa Cruz de Tenerife,Ordenagailu eramangarria,Ordenagailuak,1291.52,6
2828,2026-03-06,Marcio Chacón Cases,Vizcaya,Sagua,Periferikoak,1804.17,1
2829,2025-02-26,Juan José Puga Madrigal,Lugo,Sare-kablea,Sareak,134.81,4
2830,2025-01-15,Dorotea Carnero Rubio,Las Palmas,Mini PC,Ordenagailuak,392.4,10
2831,2025-07-23,Irma Llanos Alcolea,Burgos,Ordenagailu eramangarria,Ordenagailuak,1605.73,2
2832,2026-01-17,Berta Company Quesada,Badajoz,RAM memoria,Osagaiak,784.77,4
2833,2025-11-23,Soraya Matilde Montesinos Dalmau,Guadalajara,Switch-a,Sareak,1862.78,7
2834,2025-03-31,Eligia Hurtado,Vizcaya,Webkamera,Periferikoak,1043.14,2
2835,2025-05-07,Dan de Rojas,Albacete,Mini PC,Ordenagailuak,1454.66,1
2836,2025-11-08,Anselma Múgica Molins,Pontevedra,Teklatua,Periferikoak,1583.81,7
2837,2026-04-16,Julia Azorin,Huelva,Prozesadorea,Osagaiak,1414.19,1
2838,2026-08-21,Joaquín de Carnero,Cádiz,Webkamera,Periferikoak,814.92,1
2839,2025-01-08,Liliana Martinez Belmonte,Cádiz,SSD diskoa,Osagaiak,710.84,10
2840,2025-08-31,Poncio del Ferrán,Madrid,Wi-Fi egokigailua,Sareak,1568.44,2
2841,2025-03-29,Edelmira Blázquez Beltrán,Lugo,RAM memoria,Osagaiak,806.58,1
2842,2026-02-24,Brunilda Padilla Pozo,Las Palmas,Prozesadorea,Osagaiak,216.2,6
2843,2026-03-11,Cristian Galiano Anglada,Murcia,Teklatua,Periferikoak,745.5,4
2844,2026-03-20,Odalis Coll,Santa Cruz de Tenerife,Mahaigaineko ordenagailua,Ordenagailuak,1310.71,3
2845,2025-03-05,Salomón Cano Ariza,Soria,Switch-a,Sareak,175.21,8
2846,2026-02-28,Rafaela Manso Oller,Cádiz,Prozesadorea,Osagaiak,971.17,1
2847,2025-12-18,Leonardo Marquez Cervera,Córdoba,Mini PC,Ordenagailuak,147.55,3
2848,2025-12-15,Rafaela Gallart Priego,Asturias,Switch-a,Sareak,1284.93,6
2849,2025-05-24,Agapito Parra Berrocal,Málaga,Teklatua,Periferikoak,1271.38,9
2850,2026-02-24,Iker Duran Galiano,Álava,Sagua,Periferikoak,861.1,8
2851,2024-12-27,Alma Corral Ángel,Álava,RAM memoria,Osagaiak,1376.34,3
2852,2025-02-15,Eusebia Fuentes Carbó,Vizcaya,Sagua,Periferikoak,1744.71,1
2853,2026-06-21,Consuela Casals Roca,Salamanca,Mahaigaineko ordenagailua,Ordenagailuak,1717.71,8
2854,2024-09-30,Timoteo Abella,Huesca,Monitorea,Periferikoak,1868.32,2
2855,2025-07-05,Genoveva Laguna Simó,Albacete,Mini PC,Ordenagailuak,1124.36,5
2856,2025-11-01,Fidel Bustamante Trillo,Granada,Sagua,Periferikoak,1193.52,3
2857,2025-11-26,Atilio Benigno Palmer Aguado,Albacete,Mini PC,Ordenagailuak,1253.52,10
2858,2024-12-05,Benjamín Murcia,Teruel,Wi-Fi egokigailua,Sareak,767.2,4
2859,2024-12-30,Amanda del Vaquero,Lleida,Txartel grafikoa,Osagaiak,1307.38,4
2860,2026-07-28,Pancho Maza Valdés,Cádiz,Monitorea,Periferikoak,1533.86,4
2861,2024-10-28,Armando Carmona Murcia,Guadalajara,Monitorea,Periferikoak,1042.87,7
2862,2025-08-27,Mamen de Quesada,Ceuta,Prozesadorea,Osagaiak,916.35,9
2863,2026-09-01,Edu Palmer Vera,Teruel,Mini PC,Ordenagailuak,969.15,9
2864,2024-11-12,Severiano Virgilio Castro Enríquez,Huesca,Wi-Fi egokigailua,Sareak,1970.88,5
2865,2025-12-03,Alonso Moreno Osorio,León,Monitorea,Periferikoak,916.63,10
2866,2024-12-11,Rubén Sanchez,Albacete,Mini PC,Ordenagailuak,630.97,6
2867,2025-07-21,Ismael Ibáñez Morcillo,Ávila,Sare-kablea,Sareak,6.7,10
2868,2026-08-31,Jordana Arias-Canales,Sevilla,Sagua,Periferikoak,376.14,4
2869,2025-06-27,Martirio Peña,Álava,RAM memoria,Osagaiak,562.58,7
2870,2024-12-27,Mercedes Villalonga,Álava,Mini PC,Ordenagailuak,1890.63,5
2871,2026-07-14,Raúl Hoz Tello,Lleida,Bideratzailea,Sareak,1302.42,7
2872,2026-07-22,Curro del Vives,Burgos,Mini PC,Ordenagailuak,753.93,9
2873,2025-10-03,Leandro Jordá Guitart,La Coruña,Switch-a,Sareak,109.91,10
2874,2026-01-07,Cándida Valderrama Luís,Zamora,Mahaigaineko ordenagailua,Ordenagailuak,645.59,5
2875,2025-04-14,Jaime Quintana Domínguez,Barcelona,Webkamera,Periferikoak,1316.98,6
2876,2026-01-14,Rodrigo Jaime Pacheco Canales,Albacete,Monitorea,Periferikoak,515.43,10
2877,2026-07-28,Eulalia Balaguer,Zaragoza,Txartel grafikoa,Osagaiak,750.64,6
2878,2025-09-29,Íñigo del Murcia,Sevilla,Bideratzailea,Sareak,779.61,9
2879,2026-09-21,Ezequiel Arias,Tarragona,Sagua,Periferikoak,121.56,2
2880,2025-08-29,Arcelia Ferrando Molina,Segovia,Bideratzailea,Sareak,1012.65,9
2881,2025-07-04,Carlito Farré Figueroa,Girona,Prozesadorea,Osagaiak,488.24,7
2882,2024-12-27,Eva de Exposito,Ávila,Sagua,Periferikoak,1909.87,7
2883,2025-02-13,Cándida Mir Muro,Girona,Webkamera,Periferikoak,324.33,10
2884,2025-02-08,Donato Leal Toledo,Asturias,Mahaigaineko ordenagailua,Ordenagailuak,873.78,6
2885,2025-11-25,Estefanía Pedro Ocaña,Alicante,Ordenagailu eramangarria,Ordenagailuak,80.5,7
2886,2025-09-02,Cleto Ripoll Mendoza,Zamora,Mahaigaineko ordenagailua,Ordenagailuak,1159.35,8
2887,2024-12-14,Baltasar Ibañez Buendía,Lugo,Bideratzailea,Sareak,1730.53,6
2888,2025-08-09,Aroa Correa Domingo,Murcia,Mini PC,Ordenagailuak,490.83,1
2889,2025-07-02,Hugo León Osorio Hurtado,Córdoba,Monitorea,Periferikoak,762.41,6
2890,2024-10-31,Cloe Méndez Romero,Madrid,Webkamera,Periferikoak,1002.98,9
2891,2026-07-29,David Cerro,La Rioja,Sagua,Periferikoak,1185.92,10
2892,2025-04-03,Alicia Andres Vizcaíno,Tarragona,Mini PC,Ordenagailuak,1694.31,7
2893,2026-03-04,Ibán Alemany Espejo,Burgos,Bideratzailea,Sareak,1160.56,6
2894,2026-01-30,Aránzazu Seco Arcos,Segovia,Webkamera,Periferikoak,53.92,2
2895,2026-02-01,Alejo Barba Galan,Córdoba,Monitorea,Periferikoak,1257.4,8
2896,2025-12-05,Yago Carbó Piñeiro,Toledo,Bideratzailea,Sareak,1133.83,4
2897,2026-03-29,Macario de Criado,Zamora,RAM memoria,Osagaiak,235.0,6
2898,2024-10-12,Cebrián Duran Rios,Almería,RAM memoria,Osagaiak,1816.18,9
2899,2026-01-13,Pilar Losa Espada,Vizcaya,Prozesadorea,Osagaiak,651.36,10
2900,2025-09-17,Lupe del Diaz,Almería,Webkamera,Periferikoak,401.19,3
2901,2026-08-25,Humberto Baena Manuel,La Rioja,Mini PC,Ordenagailuak,863.46,9
2902,2025-01-02,Jose Luis Real-Alberto,Tarragona,Teklatua,Periferikoak,1329.54,5
2903,2025-01-15,Álvaro Noriega-Elorza,Lleida,Switch-a,Sareak,932.7,8
2904,2025-09-01,Yolanda del Alcalá,Álava,Monitorea,Periferikoak,858.4,8
2905,2025-08-24,Isaac Boix Cisneros,Burgos,Wi-Fi egokigailua,Sareak,322.51,9
2906,2026-04-27,José María Collado Quero,Teruel,Mini PC,Ordenagailuak,1553.48,5
2907,2025-08-09,Francisco Ferrández Ureña,Segovia,Mini PC,Ordenagailuak,1933.54,1
2908,2025-07-03,Macarena Villalba Alarcón,Asturias,Webkamera,Periferikoak,779.39,8
2909,2026-01-01,Joan Zabaleta Farré,Cádiz,Monitorea,Periferikoak,278.71,6
2910,2026-09-11,Ariel Pujadas-Alemán,Ourense,Prozesadorea,Osagaiak,1268.71,5
2911,2025-10-10,Pascual Carrasco Soto,Tarragona,Mini PC,Ordenagailuak,1601.92,7
2912,2026-06-22,Gervasio Donaire Ariza,Lleida,Bideratzailea,Sareak,1488.7,8
2913,2024-11-05,Daniel del Peralta,Pontevedra,Webkamera,Periferikoak,932.89,3
2914,2025-07-21,Fernando Bautista Bravo,Ourense,Teklatua,Periferikoak,109.86,8
2915,2026-05-12,Manu Paredes Anaya,Álava,Mahaigaineko ordenagailua,Ordenagailuak,103.19,6
2916,2025-11-10,Olegario Gras Echevarría,Ávila,Teklatua,Periferikoak,1386.22,10
2917,2025-06-17,Rosa María Cristina Sáenz Leiva,Soria,Wi-Fi egokigailua,Sareak,1315.29,10
2918,2025-05-16,Pilar Mendoza Iñiguez,Huelva,Switch-a,Sareak,790.84,10
2919,2026-01-25,Amaro Lucena Blanco,Girona,Teklatua,Periferikoak,720.99,4
2920,2025-04-24,Araceli Expósito Gómez,Vizcaya,Switch-a,Sareak,1783.56,7
2921,2026-03-19,Jacinta Fortunata Cardona Peñas,Melilla,Wi-Fi egokigailua,Sareak,708.63,2
2922,2025-05-01,Salomón Parejo Viñas,Salamanca,Sare-kablea,Sareak,1062.65,2
2923,2025-04-11,Alexandra Lola Barragán Galán,Málaga,Webkamera,Periferikoak,355.36,1
2924,2025-08-14,Fito Amor-Rueda,Cádiz,Monitorea,Periferikoak,770.97,4
2925,2025-01-08,Paz Canales Cabanillas,Ávila,Teklatua,Periferikoak,1870.89,9
2926,2026-05-01,Juanito Ibáñez Reguera,Málaga,Monitorea,Periferikoak,1226.28,3
2927,2025-03-20,Guiomar Carranza-Vall,Almería,Mini PC,Ordenagailuak,934.92,4
2928,2026-02-12,Adelia de Costa,Sevilla,Webkamera,Periferikoak,547.19,6
2929,2026-01-20,Adalberto Nadal Mármol,Murcia,Switch-a,Sareak,1689.73,9
2930,2026-07-28,Teresa de Chico,Valladolid,Wi-Fi egokigailua,Sareak,968.87,5
2931,2025-08-16,Adela Mariño Díaz,Lleida,Teklatua,Periferikoak,991.92,9
2932,2026-02-04,Apolinar Jáuregui Ropero,Lleida,Sagua,Periferikoak,1027.43,9
2933,2026-05-07,Rosalía Cobos Escrivá,León,Mahaigaineko ordenagailua,Ordenagailuak,1274.64,9
2934,2025-11-28,Luciana del Sosa,Girona,Wi-Fi egokigailua,Sareak,679.65,5
2935,2026-03-31,Desiderio Lobato Acosta,Salamanca,Switch-a,Sareak,1483.74,4
2936,2026-09-20,Onofre Moya Royo,Tarragona,Sare-kablea,Sareak,686.84,2
2937,2025-03-26,Juan de Cantero,Cuenca,SSD diskoa,Osagaiak,1618.37,8
2938,2025-07-29,Griselda Carrera Becerra,La Rioja,Txartel grafikoa,Osagaiak,283.9,3
2939,2026-06-19,Santiago Solana Anaya,Guipúzcoa,SSD diskoa,Osagaiak,1066.3,6
2940,2024-12-07,Blas Castrillo Sancho,Ciudad,RAM memoria,Osagaiak,113.27,8
2941,2026-05-07,Anabel Riba Cáceres,Granada,Txartel grafikoa,Osagaiak,1791.45,7
2942,2026-06-14,Berto Benito Gallego,Madrid,RAM memoria,Osagaiak,1146.62,9
2943,2026-07-17,Angélica Montaña Martín,Salamanca,Mini PC,Ordenagailuak,683.65,7
2944,2025-03-12,Eufemia Martin Bernal,Cáceres,Switch-a,Sareak,698.17,2
2945,2026-07-23,Ofelia Piquer,Palencia,Prozesadorea,Osagaiak,1871.4,10
2946,2025-07-05,Lucila Pía Menéndez Echevarría,Tarragona,Monitorea,Periferikoak,924.4,6
2947,2024-10-26,Nicanor Giménez Diez,Ávila,RAM memoria,Osagaiak,434.95,3
2948,2025-02-22,Francisca Zabala Rubio,Barcelona,Mahaigaineko ordenagailua,Ordenagailuak,1908.95,8
2949,2025-01-01,Odalys del Estrada,Burgos,Sare-kablea,Sareak,1518.48,1
2950,2025-01-11,Zaira Tomas,Navarra,RAM memoria,Osagaiak,1707.34,8
2951,2026-08-23,Herminio Espada Goñi,Cuenca,Mini PC,Ordenagailuak,1301.44,6
2952,2025-03-20,Carmela Ferrando Castelló,Madrid,Bideratzailea,Sareak,119.32,6
2953,2025-05-29,Olalla Soriano Gil,Barcelona,Txartel grafikoa,Osagaiak,456.95,3
2954,2025-10-31,Ámbar Alsina Miguel,Zamora,SSD diskoa,Osagaiak,90.97,3
2955,2025-05-31,Wálter Hernán Vázquez Gisbert,Lleida,Teklatua,Periferikoak,605.13,2
2956,2025-09-06,Lupita de Palomares,Santa Cruz de Tenerife,Wi-Fi egokigailua,Sareak,823.82,8
2957,2025-10-14,Fortunata Agustín Martinez,Málaga,SSD diskoa,Osagaiak,1533.85,7
2958,2026-03-22,Ciro Escalona,Tarragona,Switch-a,Sareak,585.69,10
2959,2025-06-08,Ágata Río Andres,Sevilla,Webkamera,Periferikoak,1830.2,4
2960,2026-08-11,Sol Lorenzo-Cuervo,Cuenca,Teklatua,Periferikoak,1004.52,1
2961,2025-02-21,Bernardo Arévalo Gomis,Ourense,Teklatua,Periferikoak,1425.15,4
2962,2024-11-29,Bienvenida Goicoechea Huguet,Las Palmas,Bideratzailea,Sareak,661.7,2
2963,2025-10-23,Bautista Paz Gil,Lleida,Mahaigaineko ordenagailua,Ordenagailuak,1720.25,6
2964,2025-08-24,Maximino Sandoval Tudela,Málaga,Sare-kablea,Sareak,150.4,7
2965,2025-12-11,Flor Joaquina Marqués Osuna,Guipúzcoa,Monitorea,Periferikoak,1257.72,6
2966,2024-10-12,Etelvina Heredia Pombo,Ourense,Teklatua,Periferikoak,912.14,5
2967,2026-06-24,Vidal Anselmo Gomez Ochoa,Tarragona,Monitorea,Periferikoak,273.94,6
2968,2026-05-07,Javi Ávila Valle,Vizcaya,Prozesadorea,Osagaiak,812.83,6
2969,2026-06-23,Mayte Olimpia Esteban Bru,Huesca,Mahaigaineko ordenagailua,Ordenagailuak,609.9,5
2970,2025-01-10,Alex Cerdá,Santa Cruz de Tenerife,Webkamera,Periferikoak,1571.79,5
2971,2025-02-18,Patricia Cid,Almería,Switch-a,Sareak,1689.93,6
2972,2025-01-27,Rubén Domingo Luís,Álava,RAM memoria,Osagaiak,1198.25,7
2973,2025-04-23,Lucio Iglesia Bosch,Zaragoza,Prozesadorea,Osagaiak,1689.7,1
2974,2026-03-02,Galo Tejera Molins,Teruel,Teklatua,Periferikoak,583.61,10
2975,2024-11-27,Vito de Morcillo,La Rioja,Teklatua,Periferikoak,181.7,10
2976,2026-08-22,Cristian Mate Guijarro,Zaragoza,Mini PC,Ordenagailuak,1459.46,8
2977,2025-02-18,Raquel Noelia Rosell Echeverría,Las Palmas,Mini PC,Ordenagailuak,856.11,3
2978,2025-03-17,Bautista Carnero Contreras,Vizcaya,Switch-a,Sareak,1273.11,4
2979,2026-09-19,Arturo Manjón Mayoral,Cáceres,Mini PC,Ordenagailuak,1081.77,1
2980,2025-11-20,Encarna Palomo Cruz,Baleares,Mini PC,Ordenagailuak,225.86,10
2981,2025-10-03,Nico Gaya Fernandez,La Coruña,Mini PC,Ordenagailuak,1494.89,4
2982,2025-08-12,Demetrio Rosa Pujadas,Almería,Mahaigaineko ordenagailua,Ordenagailuak,1999.91,2
2983,2024-11-25,Onofre Briones,Málaga,Sare-kablea,Sareak,600.4,6
2984,2024-12-14,Rosendo Cuenca,Valladolid,Ordenagailu eramangarria,Ordenagailuak,562.33,10
2985,2025-08-03,Angélica Jaén Vives,Vizcaya,Webkamera,Periferikoak,711.7,8
2986,2025-06-04,Gastón Segovia Cornejo,Asturias,Sare-kablea,Sareak,1553.95,4
2987,2025-07-08,Natanael Valencia,Ávila,Mini PC,Ordenagailuak,1996.85,1
2988,2026-04-09,Soraya Anguita Expósito,Vizcaya,Sagua,Periferikoak,128.54,7
2989,2024-10-10,Martirio Lucas Quevedo,La Coruña,Switch-a,Sareak,1768.91,3
2990,2025-03-02,América Andres Ureña,Valencia,SSD diskoa,Osagaiak,1075.1,1
2991,2026-06-18,Emigdio Atienza Rivero,Ciudad,Switch-a,Sareak,447.38,4
2992,2026-04-30,Evangelina Tudela Marcos,Tarragona,Mini PC,Ordenagailuak,1425.67,9
2993,2025-12-22,Domingo Solé Naranjo,Ourense,Txartel grafikoa,Osagaiak,386.18,9
2994,2026-07-22,Olegario Pereira Nebot,Huelva,Monitorea,Periferikoak,1787.14,4
2995,2026-07-08,Ricarda Amador Garmendia,Melilla,Ordenagailu eramangarria,Ordenagailuak,1598.96,4
2996,2025-09-20,Yéssica de Torrijos,La Coruña,Switch-a,Sareak,302.3,9
2997,2024-10-17,Hernán del Saavedra,Melilla,Mahaigaineko ordenagailua,Ordenagailuak,851.53,5
2998,2026-03-16,Augusto Pozo-Gual,Vizcaya,Bideratzailea,Sareak,271.4,7
2999,2024-12-10,Fabiola Domingo Salamanca,La Coruña,Prozesadorea,Osagaiak,254.33,6
3000,2024-09-27,Bartolomé Leon Isern,Huesca,Webkamera,Periferikoak,370.69,2
3001,2026-02-25,Violeta Bayona Belmonte,Murcia,Webkamera,Periferikoak,247.13,5
3002,2026-07-25,Valentín Perez,Ávila,Switch-a,Sareak,823.95,1
3003,2025-05-31,Goyo Orozco-Jordá,Valencia,Webkamera,Periferikoak,1030.31,7
3004,2026-07-31,Josep del Borrás,Zaragoza,Teklatua,Periferikoak,411.37,5
3005,2025-04-16,Soraya Pablo Reguera,Albacete,Teklatua,Periferikoak,477.0,2
3006,2025-12-06,Milagros Cervantes Cornejo,Vizcaya,Ordenagailu eramangarria,Ordenagailuak,1963.28,9
3007,2026-04-30,Yésica Lasa Casas,Segovia,Sare-kablea,Sareak,1528.26,7
3008,2025-10-19,Luis Ángel Morcillo Sanmartín,Zamora,RAM memoria,Osagaiak,534.3,10
3009,2025-07-17,Alejandra Carballo Baños,La Rioja,Mini PC,Ordenagailuak,1624.33,1
3010,2025-04-12,Maxi Infante,Cantabria,Txartel grafikoa,Osagaiak,1669.59,1
3011,2026-02-10,Sandalio Torrens Muro,Teruel,Ordenagailu eramangarria,Ordenagailuak,629.23,10
3012,2025-03-29,Pilar Gala Roman Mur,Barcelona,Teklatua,Periferikoak,1524.96,8
3013,2026-06-02,Jordán Novoa Domingo,Álava,Teklatua,Periferikoak,854.95,2
3014,2025-02-20,Jerónimo Luis Miguel Luís Montaña,Ceuta,Wi-Fi egokigailua,Sareak,1385.15,7
3015,2025-10-31,Héctor Lopez Vilar,Teruel,Prozesadorea,Osagaiak,1411.87,1
3016,2024-11-29,Joan Calderón Casares,Santa Cruz de Tenerife,Mini PC,Ordenagailuak,696.57,7
3017,2026-03-16,Alex del Mata,Ávila,Mini PC,Ordenagailuak,1891.36,3
3018,2025-05-10,Remedios Conde Franch,Lugo,RAM memoria,Osagaiak,1386.68,8
3019,2026-06-13,Maribel Casanovas Galindo,Barcelona,Webkamera,Periferikoak,1818.41,7
3020,2026-01-02,Ariadna Blanch Noguera,Toledo,Teklatua,Periferikoak,1716.67,8
3021,2026-01-29,Rosa Lobato,Toledo,Ordenagailu eramangarria,Ordenagailuak,1003.93,10
3022,2024-12-17,Azeneth Benitez Mas,Córdoba,Mahaigaineko ordenagailua,Ordenagailuak,786.91,2
3023,2026-09-23,Dalila Barrena,Huesca,Mahaigaineko ordenagailua,Ordenagailuak,358.93,5
3024,2025-02-26,África Navarro,Ciudad,Sare-kablea,Sareak,1482.85,8
3025,2025-11-06,Jesusa Acuña Barbero,Navarra,Teklatua,Periferikoak,1300.18,6
3026,2025-01-27,Cayetano Bolaños Anguita,Valladolid,RAM memoria,Osagaiak,836.61,10
3027,2025-12-16,Guiomar Aliaga Colomer,Huesca,Mini PC,Ordenagailuak,1732.26,9
3028,2026-05-22,Jimena Barroso Redondo,La Coruña,RAM memoria,Osagaiak,227.98,1
3029,2025-02-08,Adelia Almazán Salvador,Zaragoza,Ordenagailu eramangarria,Ordenagailuak,1003.66,1
3030,2026-07-26,Pili Gomila Córdoba,Madrid,Bideratzailea,Sareak,1173.65,4
3031,2025-09-27,Calixta Nerea Rozas Téllez,Murcia,Webkamera,Periferikoak,1776.52,3
3032,2025-06-04,Rosalva Macías Leiva,La Coruña,Wi-Fi egokigailua,Sareak,909.17,7
3033,2025-07-09,Arsenio Viana-Cueto,León,Wi-Fi egokigailua,Sareak,1025.61,10
3034,2024-09-26,Cleto Meléndez Múgica,Valladolid,Sagua,Periferikoak,129.23,7
3035,2025-07-10,Ambrosio de Casares,Sevilla,SSD diskoa,Osagaiak,712.21,6
3036,2025-03-05,Mariano Aparicio Serrano,Vizcaya,Bideratzailea,Sareak,1505.48,4
3037,2024-11-26,Fabiana Collado,Cuenca,Webkamera,Periferikoak,823.95,8
3038,2024-12-22,Olga Folch Toledo,Almería,Monitorea,Periferikoak,1726.26,7
3039,2025-12-06,Cleto Cerdán,Las Palmas,Switch-a,Sareak,449.33,3
3040,2025-10-17,Obdulia Páez Cuervo,Lleida,RAM memoria,Osagaiak,1838.28,8
3041,2025-02-06,Claudia Cal-Aranda,Zaragoza,RAM memoria,Osagaiak,1474.6,1
3042,2025-10-25,Esperanza Cisneros-Galiano,Alicante,Ordenagailu eramangarria,Ordenagailuak,1526.57,1
3043,2025-02-15,Vicente de Casals,Murcia,Monitorea,Periferikoak,756.51,2
3044,2025-06-13,Violeta Alberola Leon,Ceuta,Txartel grafikoa,Osagaiak,211.75,9
3045,2026-03-27,Jorge Robledo Pol,Segovia,Webkamera,Periferikoak,610.47,6
3046,2025-05-02,Atilio Pedrero Tovar,Lleida,Sagua,Periferikoak,896.37,1
3047,2025-02-21,Maxi Sanjuan Figuerola,Melilla,Monitorea,Periferikoak,1268.26,5
3048,2025-10-13,Clotilde de Giner,Salamanca,Txartel grafikoa,Osagaiak,1876.86,9
3049,2026-01-31,Ovidio Perales Alsina,Cáceres,Prozesadorea,Osagaiak,1221.65,6
3050,2026-08-28,Reyna Berrocal Andrés,Guipúzcoa,Bideratzailea,Sareak,816.55,7
3051,2026-01-02,Heriberto Seco Godoy,Madrid,Sare-kablea,Sareak,969.11,5
3052,2025-03-23,Marisela del Borrell,Ceuta,Wi-Fi egokigailua,Sareak,384.39,3
3053,2025-06-29,Aurelio Morell Ortuño,Ciudad,Sare-kablea,Sareak,609.26,10
3054,2025-03-09,Domitila María Luisa Navarro Malo,Cantabria,Wi-Fi egokigailua,Sareak,661.95,5
3055,2025-06-15,Chita Benavente Soriano,Málaga,Sare-kablea,Sareak,449.4,1
3056,2026-03-16,Adán Coll Solsona,Jaén,Txartel grafikoa,Osagaiak,458.87,3
3057,2026-03-15,Clara Estevez Domínguez,Girona,Webkamera,Periferikoak,553.72,4
3058,2025-08-01,Adela Báez Casals,Pontevedra,Ordenagailu eramangarria,Ordenagailuak,624.7,9
3059,2025-07-10,Raúl Salamanca Galiano,La Rioja,Wi-Fi egokigailua,Sareak,628.96,8
3060,2026-01-22,Felipa Parejo,Ávila,Txartel grafikoa,Osagaiak,887.7,10
3061,2025-12-05,Ariadna Ribera Marco,Santa Cruz de Tenerife,Mini PC,Ordenagailuak,225.1,5
3062,2026-03-26,Pepito del Riquelme,Ourense,Monitorea,Periferikoak,527.63,4
3063,2025-10-22,Vera de Morell,Málaga,Prozesadorea,Osagaiak,1355.42,7
3064,2025-06-02,Leonel Feijoo Salas,Valencia,Sare-kablea,Sareak,911.11,10
3065,2026-09-06,Donato Laguna-Pacheco,Pontevedra,Txartel grafikoa,Osagaiak,1045.4,10
3066,2025-09-26,Camila Morales Barco,Ciudad,Prozesadorea,Osagaiak,1052.73,10
3067,2025-04-16,Micaela Caridad Lara Girón,Vizcaya,Switch-a,Sareak,738.32,9
3068,2025-12-02,Basilio Estévez Calatayud,Jaén,Bideratzailea,Sareak,1689.3,9
3069,2024-11-09,Magdalena Arrieta,Guipúzcoa,Wi-Fi egokigailua,Sareak,864.79,5
3070,2025-08-01,Lázaro Salvador Barral Garay,La Coruña,Wi-Fi egokigailua,Sareak,908.35,8
3071,2026-03-14,Azucena Bilbao-Rojas,Cádiz,Switch-a,Sareak,242.43,1
3072,2026-03-08,Octavia Millán Ortega,Teruel,Prozesadorea,Osagaiak,1312.72,1
3073,2026-04-22,Benjamín Faustino Vázquez Giralt,Castellón,Mahaigaineko ordenagailua,Ordenagailuak,273.69,7
3074,2024-09-24,José Ángel del Moles,Vizcaya,Bideratzailea,Sareak,347.75,6
3075,2025-02-11,Adelina Camacho,Asturias,Switch-a,Sareak,1757.37,6
3076,2024-12-02,Araceli del Ballesteros,Valencia,Bideratzailea,Sareak,1229.37,10
3077,2025-02-09,Maura Pereira Arce,Guipúzcoa,Ordenagailu eramangarria,Ordenagailuak,1183.12,10
3078,2026-05-25,Guiomar Ríos-Bertrán,Zamora,Txartel grafikoa,Osagaiak,162.61,1
3079,2026-01-05,Brunilda María Frías Cánovas,Albacete,Mahaigaineko ordenagailua,Ordenagailuak,1885.89,2
3080,2024-11-24,Constanza Galiano-Checa,Valladolid,Switch-a,Sareak,577.73,6
3081,2026-08-27,Lope Lara Armengol,Castellón,Txartel grafikoa,Osagaiak,1792.86,2
3082,2025-09-21,Manu Oller,Burgos,Sare-kablea,Sareak,527.69,1
3083,2025-07-12,Onofre Escudero Ribas,Toledo,Bideratzailea,Sareak,1335.29,1
3084,2025-11-30,Angelina Román Monreal,Soria,Bideratzailea,Sareak,349.14,2
3085,2024-10-29,Kike Bilbao Carrión,Sevilla,Switch-a,Sareak,1796.86,10
3086,2025-02-13,Fermín Palau Verdejo,Palencia,RAM memoria,Osagaiak,126.54,3
3087,2024-12-16,Saturnino Natanael Nogueira Ros,Albacete,Txartel grafikoa,Osagaiak,1301.13,10
3088,2026-06-13,Ernesto Palomar Anguita,Cáceres,Bideratzailea,Sareak,138.18,1
3089,2026-04-25,Juan Antonio Carvajal Quirós,Vizcaya,Prozesadorea,Osagaiak,1933.88,9
3090,2025-03-27,Sofía Arnau Benet,Badajoz,Mahaigaineko ordenagailua,Ordenagailuak,83.99,9
3091,2025-04-11,Eufemia Lago-Lozano,Albacete,Txartel grafikoa,Osagaiak,28.75,6
3092,2025-07-23,Osvaldo Saura Jáuregui,La Coruña,Mahaigaineko ordenagailua,Ordenagailuak,1221.71,4
3093,2025-11-15,Jose Francisco Jordá Cifuentes,Ávila,Monitorea,Periferikoak,298.85,10
3094,2025-04-23,Jenny Salazar Rosa,Guadalajara,Ordenagailu eramangarria,Ordenagailuak,1386.97,9
3095,2025-08-21,María Del Carmen Boada Ojeda,Alicante,Teklatua,Periferikoak,805.36,8
3096,2025-10-11,Beatriz Soria Marin,Melilla,SSD diskoa,Osagaiak,1197.1,3
3097,2024-12-27,Gala Blazquez Carrillo,Jaén,Switch-a,Sareak,1579.92,9
3098,2025-08-07,Fabio Yuste,Cuenca,Sare-kablea,Sareak,1799.7,10
3099,2025-09-11,Bernabé Priego Peiró,Cáceres,Sare-kablea,Sareak,1532.62,5
3100,2025-01-17,Samanta Valencia Catalán,Ávila,Mini PC,Ordenagailuak,1925.18,6
3101,2025-04-11,Francisco Cordero,Valencia,Txartel grafikoa,Osagaiak,1707.4,1
3102,2026-03-21,Socorro Mendizábal,Asturias,Webkamera,Periferikoak,373.13,6
3103,2025-05-29,Adalberto Palomino Goñi,Cantabria,Ordenagailu eramangarria,Ordenagailuak,390.92,2
3104,2025-06-22,Adriana Mur Gras,Sevilla,Sagua,Periferikoak,501.19,3
3105,2024-09-28,Vasco Collado Lillo,Valencia,Ordenagailu eramangarria,Ordenagailuak,1490.13,5
3106,2025-04-17,Sancho Torralba Vigil,Córdoba,Mini PC,Ordenagailuak,1862.25,8
3107,2025-11-29,Bárbara del Arrieta,Badajoz,Bideratzailea,Sareak,879.67,3
3108,2024-11-30,María Ángeles Villanueva Berrocal,Segovia,Prozesadorea,Osagaiak,1971.5,10
3109,2025-01-11,Ceferino Hernando Núñez Sierra,Zaragoza,Switch-a,Sareak,1396.42,6
3110,2025-08-19,Román Trinidad Oliver Castell,Castellón,Wi-Fi egokigailua,Sareak,1033.66,9
3111,2025-02-13,Sandra Company Miranda,Girona,RAM memoria,Osagaiak,267.81,6
3112,2025-05-20,Vinicio Solano Zurita,Navarra,Prozesadorea,Osagaiak,683.5,4
3113,2025-05-27,Leonel de Vicente,Cáceres,Teklatua,Periferikoak,541.56,7
3114,2025-08-07,Olga Arregui Castells,Granada,Wi-Fi egokigailua,Sareak,1452.89,9
3115,2024-11-20,Amaro Sureda Millán,Asturias,Switch-a,Sareak,1472.49,9
3116,2025-12-09,Gilberto Cerezo Prieto,Badajoz,Teklatua,Periferikoak,989.37,2
3117,2026-04-23,Damián Acevedo-Carro,Zaragoza,Webkamera,Periferikoak,172.35,5
3118,2025-01-05,Francisca Íngrid Maza Ortuño,Granada,Monitorea,Periferikoak,1912.26,4
3119,2025-12-02,Susanita Julia Caballero Carvajal,Ceuta,Ordenagailu eramangarria,Ordenagailuak,1681.31,5
3120,2025-01-22,Soledad Solsona Andrade,Albacete,Bideratzailea,Sareak,1533.26,5
3121,2025-04-26,María Carmen Leonor Pastor Pagès,Santa Cruz de Tenerife,Prozesadorea,Osagaiak,1507.67,9
3122,2026-05-28,Loida Quintanilla Baeza,Baleares,Mahaigaineko ordenagailua,Ordenagailuak,1177.75,3
3123,2025-12-11,Javier Ruiz,Málaga,Switch-a,Sareak,1010.36,10
3124,2026-08-20,Custodio Carpio,Cáceres,Ordenagailu eramangarria,Ordenagailuak,474.77,6
3125,2025-11-04,Adoración Manjón Sanjuan,Soria,Teklatua,Periferikoak,644.93,9
3126,2026-04-29,Jordana del Segura,Toledo,Txartel grafikoa,Osagaiak,528.0,8
3127,2025-03-04,Guiomar Osuna Quesada,Álava,Mini PC,Ordenagailuak,1985.57,7
3128,2025-01-20,Tamara de Carreño,Zamora,RAM memoria,Osagaiak,252.74,4
3129,2026-06-17,Caridad del Jurado,Barcelona,Sare-kablea,Sareak,540.9,4
3130,2025-02-15,Wilfredo Marí Palomino,Ourense,RAM memoria,Osagaiak,1361.97,1
3131,2025-07-13,Alejandra Llano Ortuño,Badajoz,Switch-a,Sareak,419.32,5
3132,2026-09-22,Ruperta Lluch,Baleares,SSD diskoa,Osagaiak,1766.55,6
3133,2025-01-14,Cipriano Carrasco-Andres,Valencia,Ordenagailu eramangarria,Ordenagailuak,962.71,2
3134,2026-03-30,Fabio Gomis Peñalver,Santa Cruz de Tenerife,Bideratzailea,Sareak,175.88,7
3135,2025-11-20,Paz Perales Jordá,Asturias,Sagua,Periferikoak,1028.73,4
3136,2025-02-23,Charo Prada Navarro,Cádiz,Mahaigaineko ordenagailua,Ordenagailuak,823.59,7
3137,2025-09-06,Margarita Gallego Paniagua,Asturias,Switch-a,Sareak,1711.99,5
3138,2025-09-13,Angelina Marisol Oliva Gimeno,Navarra,Mini PC,Ordenagailuak,1119.38,3
3139,2026-04-21,Clemente Fonseca Alberto,La Coruña,Bideratzailea,Sareak,749.3,1
3140,2024-11-17,Marcos de Múñiz,Melilla,Ordenagailu eramangarria,Ordenagailuak,635.36,3
3141,2025-07-22,Josep Crespi-Benavente,Palencia,Prozesadorea,Osagaiak,183.0,9
3142,2024-12-03,Renata Ibáñez Seguí,Granada,Bideratzailea,Sareak,706.61,4
3143,2025-06-29,Maribel Francisca Serrano Guardia,León,Ordenagailu eramangarria,Ordenagailuak,79.74,7
3144,2024-10-26,Ricardo Ferrer Sedano,Las Palmas,Mahaigaineko ordenagailua,Ordenagailuak,463.86,3
3145,2025-06-16,Margarita Ródenas Cuadrado,Huesca,Mini PC,Ordenagailuak,965.13,6
3146,2026-07-23,María Pilar Ferrán Crespo,Lleida,Teklatua,Periferikoak,247.14,6
3147,2026-01-31,Sigfrido Soler Valera,Santa Cruz de Tenerife,Sagua,Periferikoak,1500.52,1
3148,2025-09-29,Liliana Rivera Barros,Valladolid,Wi-Fi egokigailua,Sareak,1384.77,8
3149,2026-08-12,Florinda Tejero,Castellón,RAM memoria,Osagaiak,1756.52,5
3150,2026-07-01,Cesar Piñeiro Font,Madrid,Webkamera,Periferikoak,1724.63,7
3151,2025-12-02,Quirino Nadal-Villegas,Segovia,Webkamera,Periferikoak,793.79,5
3152,2026-09-03,Félix Otero Gómez,León,Monitorea,Periferikoak,1773.4,1
3153,2025-03-27,Dalila Salas Valbuena,Pontevedra,Prozesadorea,Osagaiak,1150.92,5
3154,2025-05-11,Miguel Ángel del Méndez,Ciudad,Sare-kablea,Sareak,1653.44,5
3155,2026-04-11,Luciana Aguilar Perera,Murcia,Ordenagailu eramangarria,Ordenagailuak,411.93,9
3156,2026-07-31,Cecilia Estévez-Carrillo,La Rioja,Webkamera,Periferikoak,625.94,9
3157,2026-02-14,Santiago Andres-Taboada,Lleida,Ordenagailu eramangarria,Ordenagailuak,118.35,2
3158,2024-09-24,Concha Egea Jiménez,Guadalajara,Teklatua,Periferikoak,98.94,3
3159,2025-06-14,Trinidad del Rosales,Cantabria,Wi-Fi egokigailua,Sareak,1898.5,8
3160,2026-01-09,Osvaldo Prado-Rosales,Ciudad,Sagua,Periferikoak,1747.17,8
3161,2026-05-17,María Teresa Sánchez-Lamas,Guipúzcoa,RAM memoria,Osagaiak,1607.6,10
3162,2026-05-14,Amando Borrego Almazán,Santa Cruz de Tenerife,Webkamera,Periferikoak,898.5,8
3163,2026-02-03,Eugenia Aurora Pou Martínez,Palencia,Mahaigaineko ordenagailua,Ordenagailuak,979.72,8
3164,2025-10-07,Tomás de Roldán,Córdoba,SSD diskoa,Osagaiak,445.41,8
3165,2025-04-08,Lucía Gallo Noguera,Zaragoza,Monitorea,Periferikoak,1374.96,3
3166,2024-10-17,Albina Quintanilla Álvarez,Guipúzcoa,Sare-kablea,Sareak,1553.6,1
3167,2024-11-25,Nieves de Cuesta,Ciudad,Sare-kablea,Sareak,1894.12,4
3168,2024-12-25,Joaquina Izaguirre Pascual,Soria,Ordenagailu eramangarria,Ordenagailuak,1438.94,4
3169,2025-09-22,Itziar Agullo,Tarragona,Prozesadorea,Osagaiak,1007.74,2
3170,2025-12-26,Sonia Parra Carrera,Las Palmas,Mahaigaineko ordenagailua,Ordenagailuak,88.63,1
3171,2025-10-14,Nieves del Sainz,Málaga,Switch-a,Sareak,1654.1,4
3172,2025-10-06,Joaquina Garcés Roselló,Sevilla,Monitorea,Periferikoak,1418.86,1
3173,2026-06-26,Belén Julia Esteban Vilaplana,Salamanca,Teklatua,Periferikoak,392.15,8
3174,2026-04-25,Rosaura Jaén Hoyos,Las Palmas,Txartel grafikoa,Osagaiak,1529.66,6
3175,2026-08-17,Victor Arnaiz-Moles,Albacete,Sagua,Periferikoak,386.8,1
3176,2025-12-25,Isa Adadia Nogués,Las Palmas,Bideratzailea,Sareak,259.95,6
3177,2025-02-21,Vinicio Castillo Quesada,Cantabria,RAM memoria,Osagaiak,48.76,3
3178,2025-06-12,Feliciana Landa Acero,Albacete,Txartel grafikoa,Osagaiak,1228.82,10
3179,2026-05-03,Samuel Barrena-Escolano,Castellón,Ordenagailu eramangarria,Ordenagailuak,57.15,3
3180,2025-02-27,Águeda del Acosta,Girona,Sagua,Periferikoak,415.1,9
3181,2026-02-16,Úrsula Villar Cases,Granada,Prozesadorea,Osagaiak,1606.88,1
3182,2026-07-20,Wálter Olivares Martinez,Teruel,Txartel grafikoa,Osagaiak,450.66,6
3183,2026-03-30,María Carmen Salvador Fuente,Cuenca,Wi-Fi egokigailua,Sareak,1311.87,6
3184,2025-10-13,Glauco Blazquez Crespo,Burgos,RAM memoria,Osagaiak,1571.65,3
3185,2026-08-05,Lázaro Padilla Cabello,Cádiz,Wi-Fi egokigailua,Sareak,752.82,8
3186,2026-04-12,Nadia Bernad,Guipúzcoa,Bideratzailea,Sareak,504.6,9
3187,2025-11-17,Eulalia Sonia Mateos Juárez,Jaén,Ordenagailu eramangarria,Ordenagailuak,1387.43,1
3188,2025-10-03,Luís Rafael Cardona Morell,Málaga,Sagua,Periferikoak,1345.32,5
3189,2026-02-25,Diego Márquez Amor,La Rioja,Wi-Fi egokigailua,Sareak,714.45,10
3190,2025-06-19,Liliana Vicente Bermejo,Málaga,RAM memoria,Osagaiak,1364.19,8
3191,2026-04-13,Jacinto Rodrigo Sans Valdés,Cuenca,Wi-Fi egokigailua,Sareak,1181.23,6
3192,2026-06-27,Bernardino Gaya Vilar,Burgos,Monitorea,Periferikoak,1513.75,4
3193,2025-12-03,Alma Adriana Uriarte Barrios,Guipúzcoa,Wi-Fi egokigailua,Sareak,1233.36,9
3194,2025-11-13,Joaquina Lara Camacho,Las Palmas,Sagua,Periferikoak,409.86,10
3195,2026-04-22,Azahara Correa Murcia,Palencia,Sagua,Periferikoak,708.3,3
3196,2025-08-04,Mateo Almansa-Peña,Baleares,Switch-a,Sareak,1871.99,3
3197,2025-01-09,Gisela Palomo Figueroa,Girona,Wi-Fi egokigailua,Sareak,1947.14,4
3198,2024-12-08,Amaro Nicolau Luna,Guipúzcoa,Sagua,Periferikoak,1623.37,6
3199,2025-12-22,Victoria Parra Rozas,Baleares,Webkamera,Periferikoak,1148.84,4
3200,2025-06-23,Odalis Ribera Ribera,Navarra,SSD diskoa,Osagaiak,1558.0,5
3201,2024-10-15,Purificación Azcona Marin,Ávila,Mahaigaineko ordenagailua,Ordenagailuak,186.47,6
3202,2025-11-06,Arturo Saura Guardiola,La Coruña,Sare-kablea,Sareak,1821.5,10
3203,2026-06-21,Alicia Zabaleta Villaverde,Segovia,Prozesadorea,Osagaiak,185.4,6
3204,2026-04-23,Chelo de Buendía,Huesca,Sagua,Periferikoak,359.5,3
3205,2025-04-20,Marcos Falcó Gámez,Ourense,Sare-kablea,Sareak,502.63,10
3206,2025-02-06,Nazaret Guzman Salvà,Segovia,Ordenagailu eramangarria,Ordenagailuak,1151.68,10
3207,2025-10-14,Jafet Juan Bautista Cabezas Revilla,Las Palmas,Txartel grafikoa,Osagaiak,513.95,5
3208,2026-03-17,Cruz del Vila,Cádiz,SSD diskoa,Osagaiak,386.95,7
3209,2025-04-25,Carlito Rey-Melero,Albacete,Wi-Fi egokigailua,Sareak,953.82,9
3210,2026-04-06,Ricardo Uría Rovira,Ciudad,Txartel grafikoa,Osagaiak,1221.83,6
3211,2026-02-04,Juana del Mate,Salamanca,Mini PC,Ordenagailuak,350.39,7
3212,2026-01-21,Eduardo Gregorio Gaya Nadal,Ávila,Wi-Fi egokigailua,Sareak,681.55,7
3213,2026-01-14,Marino Lorenzo,Burgos,Webkamera,Periferikoak,1627.74,1
3214,2025-04-07,Gala Portero-Ripoll,Baleares,Switch-a,Sareak,1724.17,10
3215,2025-03-20,Eliseo Pla Trujillo,Cádiz,Prozesadorea,Osagaiak,468.59,4
3216,2025-09-13,Remedios del Baeza,Soria,Prozesadorea,Osagaiak,422.65,7
3217,2026-07-27,Eugenia Valcárcel,Almería,Wi-Fi egokigailua,Sareak,1617.42,6
3218,2026-02-07,Nereida Sancho Pujol,Zaragoza,Sare-kablea,Sareak,1033.49,9
3219,2024-11-02,Evangelina Bautista Catalá,Santa Cruz de Tenerife,Mini PC,Ordenagailuak,985.83,7
3220,2026-01-03,Dulce Clotilde Ribas Gomez,Lleida,Teklatua,Periferikoak,757.52,2
3221,2026-08-27,Celia Iglesias Isern,Alicante,Teklatua,Periferikoak,602.19,2
3222,2025-08-13,Otilia Cabo Peinado,Almería,Switch-a,Sareak,672.1,10
3223,2025-11-15,Fanny Almeida,La Rioja,Mahaigaineko ordenagailua,Ordenagailuak,1289.12,4
3224,2025-05-13,Esther de Bonilla,Cantabria,RAM memoria,Osagaiak,1710.23,10
3225,2026-07-12,Olimpia Fuentes Estrada,Sevilla,Bideratzailea,Sareak,1601.35,3
3226,2025-02-20,Aarón Quesada Armas,Valencia,Txartel grafikoa,Osagaiak,93.4,6
3227,2024-12-25,Juan Luis Lastra Olmedo,Segovia,SSD diskoa,Osagaiak,1193.98,7
3228,2025-12-19,Flavio Cazorla Suárez,Teruel,Sagua,Periferikoak,724.78,10
3229,2024-12-02,Salvador Manjón Garriga,Málaga,Switch-a,Sareak,96.39,1
3230,2025-09-08,Beatriz Giner Arjona,Asturias,Bideratzailea,Sareak,1224.96,3
3231,2024-12-12,Maristela del Madrigal,Zaragoza,RAM memoria,Osagaiak,1690.58,2
3232,2026-09-22,Silvestre de Arranz,Ciudad,Teklatua,Periferikoak,1253.16,8
3233,2025-03-24,Chuy Riba Rodríguez,Huelva,Webkamera,Periferikoak,1757.5,3
3234,2025-02-17,Víctor Riba Pagès,Málaga,Prozesadorea,Osagaiak,862.97,3
3235,2025-08-21,Evelia Conde Robledo,Barcelona,Teklatua,Periferikoak,1386.3,7
3236,2026-03-23,Javi Miralles Capdevila,Álava,Wi-Fi egokigailua,Sareak,1855.95,7
3237,2024-10-24,Abril Montaña-Sevilla,Vizcaya,Bideratzailea,Sareak,1994.22,2
3238,2026-06-06,Tomasa Francisco Escribano,Huesca,Ordenagailu eramangarria,Ordenagailuak,1181.29,4
3239,2025-12-27,Elena Ávila Luján,Ávila,Mahaigaineko ordenagailua,Ordenagailuak,682.6,1
3240,2025-11-22,Camilo Campoy,Alicante,Switch-a,Sareak,560.22,7
3241,2025-07-21,Rita Múñiz,Valencia,Teklatua,Periferikoak,1179.3,3
3242,2025-05-04,Felix Mayol Vargas,Vizcaya,Mahaigaineko ordenagailua,Ordenagailuak,206.6,10
3243,2025-02-09,Remedios Patiño Huguet,La Rioja,RAM memoria,Osagaiak,1569.3,1
3244,2025-09-10,Odalis Mate Ferrer,Tarragona,Teklatua,Periferikoak,10.73,9
3245,2024-12-20,Demetrio Sanmartín-Sanchez,Santa Cruz de Tenerife,Sagua,Periferikoak,201.59,1
3246,2025-08-11,Sebastián Espejo Nogueira,Navarra,Sagua,Periferikoak,1771.27,10
3247,2024-11-30,Florentina del Ángel,Lleida,Sare-kablea,Sareak,1244.56,6
3248,2025-06-09,Jose Manuel Guzmán Haro,Valladolid,Mini PC,Ordenagailuak,146.7,6
3249,2026-07-07,Anna Pinedo-Fajardo,Teruel,Teklatua,Periferikoak,1004.75,4
3250,2025-04-21,Albina Vives Jiménez,Alicante,Sare-kablea,Sareak,722.9,5
3251,2026-05-21,Marianela Francisco Pedrosa,Albacete,Webkamera,Periferikoak,1750.48,6
3252,2025-11-18,Carolina Alberola Somoza,Las Palmas,Ordenagailu eramangarria,Ordenagailuak,1341.92,3
3253,2024-12-13,Hernán Amo Castells,Zamora,Bideratzailea,Sareak,253.71,7
3254,2026-03-17,Marcio Giménez Ruano,Palencia,Mini PC,Ordenagailuak,144.75,5
3255,2026-05-11,Nacho Solsona Avilés,Cantabria,Ordenagailu eramangarria,Ordenagailuak,1028.88,7
3256,2025-10-13,Áurea Zabaleta Serrano,Madrid,Txartel grafikoa,Osagaiak,1612.6,2
3257,2026-01-26,Benita Pol Velázquez,Badajoz,Teklatua,Periferikoak,1158.42,7
3258,2025-05-05,Jose Luis Sancho Francisco,Pontevedra,Wi-Fi egokigailua,Sareak,804.89,10
3259,2026-09-17,Carlito Arco Pablo,Castellón,Mahaigaineko ordenagailua,Ordenagailuak,826.3,10
3260,2026-04-28,Ricarda Díaz,Alicante,Bideratzailea,Sareak,1020.45,2
3261,2025-08-30,Valerio Zapata-Rico,Cantabria,Wi-Fi egokigailua,Sareak,1113.15,9
3262,2026-03-11,Pascuala Valdés Juárez,Girona,Txartel grafikoa,Osagaiak,928.77,4
3263,2026-06-16,Áurea María Ángeles Mínguez Melero,Murcia,Sagua,Periferikoak,768.49,10
3264,2026-03-26,Gabino Coca Araujo,Salamanca,Switch-a,Sareak,131.89,7
3265,2025-07-31,Beatriz Comas-Pizarro,Baleares,Teklatua,Periferikoak,1169.53,10
3266,2025-02-24,Norberto de Garcia,Ciudad,Txartel grafikoa,Osagaiak,1145.27,1
3267,2026-01-05,Benigna Villalba,Huesca,Sagua,Periferikoak,487.42,6
3268,2025-07-30,Amando Cerdán Lloret,Córdoba,Txartel grafikoa,Osagaiak,1037.15,2
3269,2025-11-05,Marta Figueras Manrique,Baleares,Txartel grafikoa,Osagaiak,477.73,3
3270,2025-01-02,Ariel del Seguí,Guipúzcoa,Prozesadorea,Osagaiak,1629.31,10
3271,2026-02-06,Florentina Baquero Molina,Lugo,Webkamera,Periferikoak,1489.61,10
3272,2025-08-24,Angelino Casas,Castellón,Mahaigaineko ordenagailua,Ordenagailuak,1317.4,4
3273,2025-03-23,Andrés Murillo Uría,Alicante,Sagua,Periferikoak,1848.58,3
3274,2025-12-19,Alexandra Fabra,Palencia,Mini PC,Ordenagailuak,1755.47,8
3275,2026-09-18,Valero Jerez Figueras,Ourense,Teklatua,Periferikoak,838.68,7
3276,2026-09-06,Lupe Miró,Albacete,Sare-kablea,Sareak,1177.97,5
3277,2026-04-12,Milagros Llamas-Larrañaga,Almería,Prozesadorea,Osagaiak,37.38,3
3278,2026-04-16,Juana Juliá-Ferrando,Cuenca,Switch-a,Sareak,239.0,2
3279,2025-09-27,Herminia María Jesús Carballo Gargallo,Valladolid,Mini PC,Ordenagailuak,1205.31,6
3280,2026-09-02,Clementina Álvaro Melero,Badajoz,Bideratzailea,Sareak,670.91,8
3281,2026-06-10,Jenaro Gil Priego Baena,La Rioja,Mahaigaineko ordenagailua,Ordenagailuak,1728.87,3
3282,2025-02-07,Yéssica Morales Luz,Cáceres,Bideratzailea,Sareak,1872.22,2
3283,2025-05-31,Régulo Porras-Doménech,Sevilla,RAM memoria,Osagaiak,1171.36,1
3284,2026-05-27,Remigio Sales Hoz,Ceuta,Wi-Fi egokigailua,Sareak,793.49,1
3285,2026-05-25,Jonatan Ayala-Ayuso,Almería,Sagua,Periferikoak,1902.73,9
3286,2024-10-31,Remedios Pallarès-Campoy,Cantabria,Mahaigaineko ordenagailua,Ordenagailuak,278.9,5
3287,2026-03-18,Yago Donaire Dalmau,Santa Cruz de Tenerife,Ordenagailu eramangarria,Ordenagailuak,1003.43,7
3288,2025-06-30,Víctor Nebot Rubio,Sevilla,Ordenagailu eramangarria,Ordenagailuak,1087.93,6
3289,2024-12-21,Nicolás Figueras,La Coruña,Monitorea,Periferikoak,1501.1,3
3290,2026-09-09,Rosalía Águeda Bautista Mulet,Tarragona,Monitorea,Periferikoak,1135.14,8
3291,2026-01-23,Maite Donaire Barranco,Cádiz,Mini PC,Ordenagailuak,1649.38,10
3292,2025-01-26,Tere Carmona-Calderon,Cáceres,SSD diskoa,Osagaiak,1036.14,5
3293,2025-04-19,Cándido Vilanova Paredes,Ourense,Mini PC,Ordenagailuak,393.74,2
3294,2026-06-09,Estrella Correa Adán,Cáceres,Teklatua,Periferikoak,226.57,5
3295,2025-01-13,Xiomara Lilia Mate Meléndez,Salamanca,Mini PC,Ordenagailuak,1056.66,7
3296,2025-06-16,Lalo Angelino Collado Sierra,Zaragoza,Bideratzailea,Sareak,511.84,7
3297,2026-07-03,María Dolores Cal Rico,Cuenca,Bideratzailea,Sareak,1866.4,4
3298,2026-03-03,Morena de Bustamante,Cantabria,Prozesadorea,Osagaiak,1064.4,3
3299,2024-12-07,Saturnina Donaire Gutiérrez,Cádiz,SSD diskoa,Osagaiak,1918.91,1
3300,2025-01-09,Hector Dávila-Pozo,Ávila,RAM memoria,Osagaiak,1603.2,1
3301,2025-05-10,Cebrián Herranz-Rodrigo,Zaragoza,Prozesadorea,Osagaiak,1671.57,8
3302,2024-10-15,Martin Figuerola Uriarte,Teruel,Sare-kablea,Sareak,1868.6,5
3303,2026-09-03,Lara Cañete Benavides,León,Mini PC,Ordenagailuak,697.22,5
3304,2024-10-08,Paco Araujo,Asturias,Ordenagailu eramangarria,Ordenagailuak,1413.86,10
3305,2026-08-30,Erasmo Sevilla Cervantes,Cuenca,Switch-a,Sareak,890.44,5
3306,2025-08-08,Martina de Enríquez,Las Palmas,Mini PC,Ordenagailuak,1957.96,4
3307,2026-02-16,Leopoldo de Dominguez,Jaén,Sagua,Periferikoak,1992.85,3
3308,2025-10-29,Lorena Almazán Tejera,Cuenca,Switch-a,Sareak,1337.29,6
3309,2026-04-11,Aníbal del Gutierrez,Ávila,Sare-kablea,Sareak,1401.74,10
3310,2026-01-29,Feliciano Ibañez,Teruel,Txartel grafikoa,Osagaiak,1479.7,6
3311,2026-05-12,Jose Miguel Tello Perera,Toledo,Mini PC,Ordenagailuak,1134.99,5
3312,2026-01-17,María José Rosa María Pulido Figuerola,Lleida,Webkamera,Periferikoak,1038.53,7
3313,2026-04-08,Leandro de Morell,Asturias,SSD diskoa,Osagaiak,1136.35,6
3314,2026-03-24,Vinicio Peláez Méndez,Badajoz,Sagua,Periferikoak,1678.24,1
3315,2025-12-15,Emilia Bárcena Reyes,Sevilla,Monitorea,Periferikoak,229.95,2
3316,2025-12-03,Esmeralda Noriega Campo,Zaragoza,Mahaigaineko ordenagailua,Ordenagailuak,474.51,6
3317,2026-08-13,Paula Anglada Infante,Madrid,Ordenagailu eramangarria,Ordenagailuak,1022.18,3
3318,2025-04-02,Teresita Torrens Vallés,Alicante,RAM memoria,Osagaiak,1814.86,3
3319,2025-12-30,Aurelia de Villalobos,León,Prozesadorea,Osagaiak,1821.67,10
3320,2025-06-08,Nicolás Ismael Montero Chamorro,Asturias,RAM memoria,Osagaiak,908.95,6
3321,2025-03-21,Violeta Gelabert Bejarano,Granada,Switch-a,Sareak,493.13,1
3322,2025-01-20,Amando del Múñiz,Soria,Bideratzailea,Sareak,59.3,9
3323,2025-09-30,Domingo Rios Martorell,Teruel,Ordenagailu eramangarria,Ordenagailuak,1392.4,1
3324,2024-11-12,Evaristo Benitez Iriarte,Murcia,Prozesadorea,Osagaiak,921.5,3
3325,2026-09-03,Ibán Sosa Salinas,Cádiz,Teklatua,Periferikoak,581.72,10
3326,2026-06-15,Cruz Castellanos Almansa,Cantabria,Wi-Fi egokigailua,Sareak,1365.63,5
3327,2026-03-06,Ezequiel Berto Calvet Aroca,Huesca,Prozesadorea,Osagaiak,1788.5,1
3328,2026-06-01,Anacleto Albero Manzano,Cantabria,Teklatua,Periferikoak,485.43,6
3329,2026-08-25,Marianela Mateos Cañas,Toledo,Webkamera,Periferikoak,1561.18,3
3330,2025-12-03,Ileana Simó Castrillo,Madrid,Txartel grafikoa,Osagaiak,1632.99,2
3331,2026-02-28,Leandra Roda Tamayo,Huesca,Bideratzailea,Sareak,450.64,8
3332,2026-01-16,Ruperto Garcés Blasco,Salamanca,Sare-kablea,Sareak,1322.81,3
3333,2025-04-14,Coral Arias Llopis,Baleares,Mini PC,Ordenagailuak,522.4,6
3334,2026-08-03,Mohamed Sastre Godoy,Baleares,Bideratzailea,Sareak,1026.74,7
3335,2026-03-09,Duilio Campo Oliveras,Zaragoza,Monitorea,Periferikoak,1049.42,10
3336,2026-07-18,Rodolfo Morell Gómez,Toledo,RAM memoria,Osagaiak,72.46,5
3337,2025-12-06,Lupe de Samper,Soria,Monitorea,Periferikoak,520.3,7
3338,2025-10-06,Visitación Sastre Aguirre,Almería,Txartel grafikoa,Osagaiak,1978.81,2
3339,2025-02-14,Máxima del Estevez,Soria,Monitorea,Periferikoak,740.87,6
3340,2026-03-29,Débora Lumbreras Araujo,Valladolid,Webkamera,Periferikoak,938.59,9
3341,2026-01-07,Salomón Camacho Angulo,Lleida,RAM memoria,Osagaiak,1395.85,1
3342,2024-10-09,Esmeralda Leocadia Bayo Casanovas,Girona,Webkamera,Periferikoak,221.88,8
3343,2026-01-25,Nydia de Losa,Albacete,Monitorea,Periferikoak,1135.54,7
3344,2024-11-22,Domitila Llano Company,Barcelona,Wi-Fi egokigailua,Sareak,620.63,1
3345,2025-11-08,José Blanca Cardona,Baleares,Webkamera,Periferikoak,959.99,1
3346,2025-03-19,Jordana Arévalo Machado,Ceuta,Prozesadorea,Osagaiak,954.31,3
3347,2026-05-30,Reina Tolosa Jerez,Valladolid,Sagua,Periferikoak,1313.99,1
3348,2026-04-29,José María de Simó,Salamanca,Sagua,Periferikoak,539.51,10
3349,2025-04-19,Epifanio Álamo Carrión,Soria,RAM memoria,Osagaiak,126.11,9
3350,2026-04-07,Donato Borja Huertas Blanes,Huelva,Sare-kablea,Sareak,1675.47,2
3351,2025-01-23,Martirio Berrocal Taboada,Albacete,Ordenagailu eramangarria,Ordenagailuak,560.3,8
3352,2025-02-15,Galo Piquer Somoza,Albacete,Monitorea,Periferikoak,435.48,3
3353,2024-11-29,Cristian Casal Beltran,Córdoba,Teklatua,Periferikoak,1309.8,2
3354,2026-01-04,Goyo Alberdi Torrijos,Ciudad,Mini PC,Ordenagailuak,828.83,10
3355,2024-11-01,Geraldo Castells Egea,Soria,SSD diskoa,Osagaiak,547.2,7
3356,2026-01-14,Reinaldo del Folch,Sevilla,Switch-a,Sareak,652.99,7
3357,2024-12-23,Asunción Milla Merino,Valencia,Ordenagailu eramangarria,Ordenagailuak,851.89,2
3358,2026-06-07,Estela Gallego Ródenas,Murcia,Sagua,Periferikoak,827.67,3
3359,2024-11-06,Elpidio Mercader Angulo,Zaragoza,Sagua,Periferikoak,278.24,6
3360,2025-12-01,Lina Barba Fábregas,Segovia,Sagua,Periferikoak,1045.66,1
3361,2024-10-14,Estela Arroyo Valencia,Palencia,Webkamera,Periferikoak,1660.27,6
3362,2026-04-22,Xavier Blas Palma Escrivá,Teruel,Webkamera,Periferikoak,1013.62,8
3363,2025-04-20,Lorenzo Portero-Lamas,Alicante,Monitorea,Periferikoak,879.36,1
3364,2025-08-07,Margarita Vicente Cerdá,Granada,Mini PC,Ordenagailuak,894.16,8
3365,2026-05-05,Jose Ramón Sevillano,Zamora,Monitorea,Periferikoak,1854.83,5
3366,2024-10-09,Buenaventura Carrión Alonso,Albacete,Sare-kablea,Sareak,326.46,5
3367,2026-03-11,Irma Amada Bru Rovira,Ourense,Sagua,Periferikoak,294.8,5
3368,2024-10-16,Bienvenida Puerta-Cerdán,Sevilla,Bideratzailea,Sareak,1452.61,5
3369,2024-12-23,Remedios Barberá Gelabert,Huesca,Prozesadorea,Osagaiak,1334.29,10
3370,2025-03-22,Liliana Luisa Jordán Lastra,Lleida,Monitorea,Periferikoak,323.87,4
3371,2024-11-29,Marta Lamas Ribas,Guipúzcoa,Wi-Fi egokigailua,Sareak,1243.89,6
3372,2026-06-01,Valentina Carmona,León,Sagua,Periferikoak,1491.13,8
3373,2026-02-03,Isidoro Campillo Ángel,Barcelona,Sagua,Periferikoak,1913.87,5
3374,2025-01-19,Claudia Georgina Castelló Tamarit,Badajoz,Mahaigaineko ordenagailua,Ordenagailuak,841.34,1
3375,2026-09-08,Prudencio Porras-Navarrete,Badajoz,Teklatua,Periferikoak,339.7,7
3376,2025-09-27,Adán Ordóñez Agudo,Teruel,RAM memoria,Osagaiak,1094.91,10
3377,2024-10-21,Norberto Maximino Nevado Palacios,Zamora,RAM memoria,Osagaiak,910.99,7
3378,2025-09-10,Ciriaco Fábregas-Gallo,Tarragona,Wi-Fi egokigailua,Sareak,449.96,4
3379,2025-02-12,Pepito Saez Viña,Pontevedra,Sare-kablea,Sareak,1581.95,10
3380,2024-11-21,Azeneth Armengol Albero,Jaén,Prozesadorea,Osagaiak,1007.56,3
3381,2025-03-30,Pablo Vélez-Pol,Zamora,Mahaigaineko ordenagailua,Ordenagailuak,448.63,2
3382,2026-07-14,Diana Cantón Amo,Cádiz,Teklatua,Periferikoak,1152.72,9
3383,2024-11-10,Consuela Anglada Pardo,Lugo,RAM memoria,Osagaiak,1727.29,8
3384,2026-06-06,Baldomero de Tamayo,Cuenca,Bideratzailea,Sareak,1524.39,9
3385,2024-10-31,Octavio Santiago Perea,Melilla,Sagua,Periferikoak,848.69,1
3386,2025-12-11,Bárbara Duque Amorós,Ávila,Ordenagailu eramangarria,Ordenagailuak,1937.96,2
3387,2025-06-04,Marc del Reyes,Barcelona,Sagua,Periferikoak,434.9,6
3388,2026-08-15,Jeremías Palomo Salinas,Cantabria,Switch-a,Sareak,407.1,9
3389,2026-04-26,Venceslás Luna Bautista,Guipúzcoa,Ordenagailu eramangarria,Ordenagailuak,351.93,5
3390,2026-08-16,Amado Salcedo Vilanova,Madrid,Mini PC,Ordenagailuak,720.66,8
3391,2025-05-30,Evelia de Nevado,Granada,Monitorea,Periferikoak,93.37,10
3392,2025-01-30,Gustavo del Manuel,Barcelona,Sare-kablea,Sareak,369.64,7
3393,2024-12-09,Ernesto Cañizares Ariza,Zamora,Sagua,Periferikoak,1338.7,5
3394,2026-07-22,Wilfredo Quero-Coll,Madrid,Webkamera,Periferikoak,539.84,4
3395,2025-12-09,Timoteo Macías,Las Palmas,Webkamera,Periferikoak,924.32,1
3396,2025-11-03,Nerea del Vicente,Murcia,Wi-Fi egokigailua,Sareak,919.34,10
3397,2026-08-24,Amando Prats Rueda,Segovia,Ordenagailu eramangarria,Ordenagailuak,883.37,2
3398,2025-12-24,Javiera Molins-Gascón,Lugo,Bideratzailea,Sareak,153.2,5
3399,2026-06-27,Ildefonso Larrañaga Palacio,Córdoba,RAM memoria,Osagaiak,1922.56,9
3400,2025-04-09,Esteban Ariza Tolosa,Jaén,Mahaigaineko ordenagailua,Ordenagailuak,144.65,8
3401,2025-07-08,Carmina Rosales-Chaparro,Vizcaya,Sagua,Periferikoak,1373.92,3
3402,2026-08-20,Renata Valderrama Carranza,Huesca,Sare-kablea,Sareak,1829.61,3
3403,2025-01-14,Abilio de Noguera,Sevilla,Mini PC,Ordenagailuak,1771.73,6
3404,2025-06-19,Patricio Mayol Escudero,Vizcaya,Mahaigaineko ordenagailua,Ordenagailuak,784.2,1
3405,2026-06-25,África Tudela Garcia,Segovia,Mini PC,Ordenagailuak,99.89,4
3406,2025-02-18,Angelino Hoyos-Ramirez,Segovia,Ordenagailu eramangarria,Ordenagailuak,261.75,9
3407,2025-08-06,Débora del Sainz,Valencia,Webkamera,Periferikoak,1645.5,7
3408,2024-10-12,Gonzalo Cabezas-Lobo,Ciudad,Mahaigaineko ordenagailua,Ordenagailuak,69.6,5
3409,2026-03-10,Esmeralda Luz Figueras,Navarra,Mahaigaineko ordenagailua,Ordenagailuak,173.84,7
3410,2025-09-26,Isa Estrada Bernad,Lugo,Txartel grafikoa,Osagaiak,1643.38,1
3411,2025-03-29,Serafina Valls Ruiz,Baleares,Sagua,Periferikoak,599.97,9
3412,2025-05-06,Che Torrijos-Velasco,Ceuta,Bideratzailea,Sareak,518.13,10
3413,2025-01-28,Paulino Jordá,Ávila,Switch-a,Sareak,284.26,4
3414,2024-12-22,Roberta Alvarez-Alcaraz,Tarragona,Prozesadorea,Osagaiak,438.17,1
3415,2026-03-02,Dora Ortega,Lleida,Webkamera,Periferikoak,150.46,5
3416,2026-03-13,Mirta Pino Portero,Girona,Mahaigaineko ordenagailua,Ordenagailuak,860.7,10
3417,2025-11-19,Herberto Menéndez Pellicer,Segovia,Txartel grafikoa,Osagaiak,1011.85,8
3418,2026-08-05,Pacífica Roselló Plaza,Córdoba,Sare-kablea,Sareak,1997.5,1
3419,2024-12-24,Nazaret Nogués,Palencia,Webkamera,Periferikoak,641.42,6
3420,2024-11-14,Ana Madrigal Vives,Melilla,RAM memoria,Osagaiak,1220.71,9
3421,2026-09-21,Fernanda Martínez Llorens,Cáceres,Bideratzailea,Sareak,887.9,9
3422,2026-02-11,Vilma Domínguez Solsona,Segovia,Webkamera,Periferikoak,1612.87,5
3423,2024-11-08,Berta Mayoral Ribera,Cantabria,Mini PC,Ordenagailuak,81.31,3
3424,2025-03-30,Cleto Borrell Falcó,Ciudad,Ordenagailu eramangarria,Ordenagailuak,1841.1,2
3425,2026-05-01,Dorotea Almazán,Huelva,Mahaigaineko ordenagailua,Ordenagailuak,1032.68,6
3426,2025-10-10,Florencia Cañellas Mancebo,Burgos,Webkamera,Periferikoak,218.43,2
3427,2025-02-11,Jesusa Dolores Olivares Sanz,Guadalajara,Teklatua,Periferikoak,1924.57,10
3428,2026-01-11,Olivia Borrell Hernández,Huelva,Txartel grafikoa,Osagaiak,1961.54,10
3429,2026-09-04,Nando de Padilla,Sevilla,Wi-Fi egokigailua,Sareak,144.59,9
3430,2025-05-20,Yaiza Arteaga Casado,Vizcaya,Txartel grafikoa,Osagaiak,269.33,7
3431,2025-12-30,Ofelia Diéguez Ferrández,Zaragoza,Monitorea,Periferikoak,286.55,9
3432,2026-05-27,Marta Seco Feijoo,Lugo,Teklatua,Periferikoak,190.0,3
3433,2026-05-10,Purificación Amparo Milla Castejón,Cantabria,Sare-kablea,Sareak,330.12,3
3434,2026-04-13,Merche Benet Armengol,Huelva,Mini PC,Ordenagailuak,1636.48,3
3435,2026-05-12,Horacio España-Contreras,Badajoz,Webkamera,Periferikoak,694.54,7
3436,2025-12-29,Marcial de Osorio,Melilla,RAM memoria,Osagaiak,594.24,3
3437,2024-12-26,Nicodemo de Lloret,Ciudad,Bideratzailea,Sareak,1322.63,6
3438,2026-08-14,Prudencia Lucila Luz Bastida,Cáceres,Teklatua,Periferikoak,294.36,9
3439,2025-02-09,Amarilis Torrents Losada,Álava,Sagua,Periferikoak,1515.31,3
3440,2026-06-10,María Fernanda Solana-Amat,Córdoba,Mahaigaineko ordenagailua,Ordenagailuak,13.38,4
3441,2024-10-11,Adora Josefina Tomé Bárcena,Ciudad,Mini PC,Ordenagailuak,677.89,4
3442,2026-03-30,Juanita Giménez Tovar,Huelva,SSD diskoa,Osagaiak,531.56,7
3443,2025-08-09,Felipa Tamarit Gomis,Guadalajara,Mahaigaineko ordenagailua,Ordenagailuak,1146.13,5
3444,2026-08-09,Wálter Porras Ramos,Badajoz,Wi-Fi egokigailua,Sareak,1830.87,4
3445,2026-04-30,Petrona Castell-Larrea,Lleida,Prozesadorea,Osagaiak,1709.17,2
3446,2024-11-05,Cristóbal Iñiguez Girón,Ourense,Teklatua,Periferikoak,899.2,8
3447,2025-09-27,Santiago Jacinto Sáenz Fabregat,Teruel,Teklatua,Periferikoak,1707.16,10
3448,2025-03-04,Omar Canals Colomer,Huelva,Mini PC,Ordenagailuak,501.72,6
3449,2025-08-27,Ernesto Escrivá Blasco,La Rioja,Sagua,Periferikoak,368.4,7
3450,2025-12-04,Abel Llorente Iglesias,La Coruña,Monitorea,Periferikoak,1800.27,7
3451,2025-04-23,Sergio Cueto,Palencia,Teklatua,Periferikoak,522.18,3
3452,2025-12-29,Mayte Conesa Dalmau,La Coruña,Mini PC,Ordenagailuak,1029.3,6
3453,2025-08-27,Teo Vendrell Salmerón,Sevilla,Txartel grafikoa,Osagaiak,222.7,10
3454,2025-02-08,Concha Ariza Alcaraz,Palencia,Prozesadorea,Osagaiak,1847.7,7
3455,2025-12-30,Francisco Javier Vilar Rodrigo,León,SSD diskoa,Osagaiak,585.51,6
3456,2024-12-21,Leonel Mendizábal Sevillano,Ciudad,Wi-Fi egokigailua,Sareak,566.53,4
3457,2025-02-05,Sebastián Gonzalo Otero Reyes,Vizcaya,Prozesadorea,Osagaiak,689.37,7
3458,2025-05-25,Estefanía Uría Frías,Valladolid,Prozesadorea,Osagaiak,1679.65,6
3459,2026-04-21,Gertrudis Pomares Palomar,Palencia,Mahaigaineko ordenagailua,Ordenagailuak,675.52,1
3460,2026-04-20,Patricio de Salvà,Burgos,Ordenagailu eramangarria,Ordenagailuak,1171.5,5
3461,2026-01-02,Adalberto Cuesta Espejo,Guadalajara,Teklatua,Periferikoak,1504.33,6
3462,2025-09-09,Melisa Pedrosa-Figuerola,Segovia,Sagua,Periferikoak,475.62,7
3463,2024-10-26,Erasmo Cobo Román,Castellón,Bideratzailea,Sareak,383.79,8
3464,2025-10-26,Ruperto del Cortina,Palencia,Mini PC,Ordenagailuak,297.15,1
3465,2025-06-15,Fabricio Falcón Corominas,Pontevedra,SSD diskoa,Osagaiak,72.11,5
3466,2026-07-11,Dorita de Serna,Soria,Wi-Fi egokigailua,Sareak,410.77,1
3467,2025-10-22,Narciso Mariscal,La Coruña,Sare-kablea,Sareak,1412.79,1
3468,2026-08-19,Ligia Costa Mercader,La Coruña,Mahaigaineko ordenagailua,Ordenagailuak,808.48,10
3469,2026-02-08,Ildefonso de Mendoza,Melilla,Webkamera,Periferikoak,1040.2,6
3470,2025-10-15,Marina Escrivá Múñiz,Cáceres,Mini PC,Ordenagailuak,981.23,7
3471,2025-11-10,Cruz Clavero Morán,Valencia,Switch-a,Sareak,1004.31,5
3472,2026-07-28,Olivia Caridad Sáenz Ballesteros,Lleida,Switch-a,Sareak,399.99,4
3473,2026-01-02,Hilda Puga Calzada,Huelva,Teklatua,Periferikoak,1924.38,10
3474,2024-11-26,Gonzalo Vilanova Priego,Málaga,Sare-kablea,Sareak,1556.94,9
3475,2026-08-13,Carla Elena Iglesia Iñiguez,Valladolid,Switch-a,Sareak,1398.97,10
3476,2024-11-23,María Ángeles Morante Rincón,Ceuta,Monitorea,Periferikoak,564.6,9
3477,2026-02-13,Toño de Huguet,Baleares,Txartel grafikoa,Osagaiak,1191.94,4
3478,2025-09-01,Anabel Cepeda-Frutos,Madrid,Sagua,Periferikoak,1298.78,9
3479,2024-11-29,Cebrián Amorós Benítez,Castellón,Ordenagailu eramangarria,Ordenagailuak,1031.97,6
3480,2024-10-16,Dionisio Cabezas Pascual,Castellón,Prozesadorea,Osagaiak,1905.24,4
3481,2026-01-02,Norberto Batlle,Vizcaya,Bideratzailea,Sareak,1220.7,3
3482,2025-01-24,Ciriaco Hidalgo Carvajal,Lugo,Ordenagailu eramangarria,Ordenagailuak,76.14,3
3483,2025-12-09,Augusto del Torre,La Coruña,Teklatua,Periferikoak,20.89,1
3484,2026-01-15,Jesús Peñalver Noriega,Valladolid,Ordenagailu eramangarria,Ordenagailuak,1928.37,5
3485,2025-03-30,Ruben Vicens,Baleares,SSD diskoa,Osagaiak,1875.9,6
3486,2026-03-02,Isaac Martin Carlos Carballo,Santa Cruz de Tenerife,Teklatua,Periferikoak,1843.91,9
3487,2024-10-01,Bibiana Estrada Aparicio,Almería,Bideratzailea,Sareak,1281.3,9
3488,2026-06-14,Úrsula de Luna,Cádiz,Ordenagailu eramangarria,Ordenagailuak,348.14,7
3489,2024-10-12,Tomasa Olimpia Garmendia Enríquez,Tarragona,Ordenagailu eramangarria,Ordenagailuak,1123.29,3
3490,2025-02-07,Fátima Cueto Paniagua,Segovia,Teklatua,Periferikoak,1815.2,2
3491,2024-12-14,Josefina Olivares Manrique,Melilla,RAM memoria,Osagaiak,347.49,8
3492,2024-12-07,Herberto Salmerón Vega,Baleares,Mahaigaineko ordenagailua,Ordenagailuak,1895.59,9
3493,2026-03-15,Adelaida Carmina Montero Báez,Cantabria,Sare-kablea,Sareak,1796.32,3
3494,2025-08-12,Che Donoso Armas,Ávila,Sare-kablea,Sareak,1409.43,4
3495,2025-04-18,Geraldo Figueroa Berenguer,Vizcaya,Ordenagailu eramangarria,Ordenagailuak,129.85,6
3496,2025-08-16,Abril Álamo Jover,Cáceres,Mini PC,Ordenagailuak,601.52,8
3497,2024-11-08,Ligia Iglesia Rubio,Salamanca,Sare-kablea,Sareak,106.93,1
3498,2026-09-21,Georgina Llamas Mariscal,Guipúzcoa,RAM memoria,Osagaiak,664.41,1
3499,2025-09-22,Ismael Diego Santos,Ciudad,Mini PC,Ordenagailuak,286.7,3
3500,2024-12-18,Yésica de Castrillo,Huesca,Ordenagailu eramangarria,Ordenagailuak,189.96,3
3501,2026-05-20,Alberto Roldán-Ferrán,Murcia,Ordenagailu eramangarria,Ordenagailuak,154.79,10
3502,2025-06-16,Evaristo Armengol Quero,Asturias,Ordenagailu eramangarria,Ordenagailuak,1386.6,5
3503,2026-05-02,Jeremías Avilés Pozo,Murcia,Wi-Fi egokigailua,Sareak,1928.56,10
3504,2026-07-22,Graciela de Borrás,Zamora,Wi-Fi egokigailua,Sareak,1703.7,8
3505,2025-05-06,Lalo Octavio Bernat Hoz,Ourense,Ordenagailu eramangarria,Ordenagailuak,1876.15,2
3506,2026-05-16,Octavia Ramírez Valero,Lleida,Webkamera,Periferikoak,857.9,10
3507,2024-12-27,Gloria Andres-Bárcena,Alicante,Sagua,Periferikoak,1623.12,8
3508,2025-05-05,Vinicio Tomas Soler,Barcelona,Switch-a,Sareak,1367.26,9
3509,2025-03-26,Crescencia Mayoral Sans,León,Mahaigaineko ordenagailua,Ordenagailuak,1350.17,6
3510,2026-03-09,Martin Osuna Esparza,Melilla,Txartel grafikoa,Osagaiak,1610.3,6
3511,2025-01-29,Carlota Falcón Garrido,Tarragona,Sare-kablea,Sareak,1831.87,1
3512,2026-02-17,Albino Herrero-Vaquero,Sevilla,Txartel grafikoa,Osagaiak,405.91,10
3513,2026-04-06,Juanito Eric Larrea Cerdá,Ciudad,Sagua,Periferikoak,658.92,7
3514,2024-12-28,Marcial de Rico,La Coruña,Sagua,Periferikoak,1620.19,8
3515,2025-05-25,Severo de Mesa,Jaén,RAM memoria,Osagaiak,120.13,7
3516,2025-02-12,Rosario Barranco-Carnero,Tarragona,Switch-a,Sareak,193.47,7
3517,2025-03-29,Carmen Ricart Galán,Cáceres,Txartel grafikoa,Osagaiak,377.27,4
3518,2025-08-25,Emiliano Eliseo Pascual Parejo,Valencia,Monitorea,Periferikoak,421.34,5
3519,2024-11-24,Joaquín Nicolás Lara,Girona,SSD diskoa,Osagaiak,984.82,5
3520,2026-04-05,Maximiano Martínez Escobar,Jaén,RAM memoria,Osagaiak,1040.14,6
3521,2025-01-19,Benjamín Raya Llano,Segovia,Mini PC,Ordenagailuak,360.32,7
3522,2025-01-31,Valeria Leyre Salamanca Durán,León,Sagua,Periferikoak,666.27,10
3523,2025-06-24,Ruperta Carrasco-Palomino,Álava,Bideratzailea,Sareak,956.4,2
3524,2025-06-20,Sabas Ángel Giménez,Lugo,Sagua,Periferikoak,1883.87,4
3525,2025-05-29,Ruth Duarte Juan,Valencia,Ordenagailu eramangarria,Ordenagailuak,161.3,9
3526,2025-01-04,Emperatriz Gómez Tejera,Cáceres,Mahaigaineko ordenagailua,Ordenagailuak,426.95,1
3527,2026-07-28,Adora Roig Rivero,Baleares,Mini PC,Ordenagailuak,59.48,10
3528,2025-03-19,Zaira Mendoza Calatayud,Zaragoza,Bideratzailea,Sareak,1067.62,10
3529,2025-07-02,Ibán Berenguer Larrea,Ávila,Mahaigaineko ordenagailua,Ordenagailuak,1195.1,2
3530,2026-07-13,Abril Chamorro Feijoo,La Rioja,Ordenagailu eramangarria,Ordenagailuak,8.32,1
3531,2026-07-20,Caridad Ricart Vidal,Santa Cruz de Tenerife,RAM memoria,Osagaiak,236.22,1
3532,2026-07-04,Raúl Marquez-Chico,Alicante,Sare-kablea,Sareak,1271.5,7
3533,2025-09-27,Ceferino Antúnez-Barrio,Girona,Bideratzailea,Sareak,574.34,3
3534,2025-07-07,Consuelo Torres Doménech,Teruel,Webkamera,Periferikoak,143.91,6
3535,2025-01-25,Pepita Llano Saura,Sevilla,Webkamera,Periferikoak,1433.55,4
3536,2026-02-18,Lidia Carlota Gras Andrade,Guadalajara,Sare-kablea,Sareak,983.73,8
3537,2025-07-05,Adriana Somoza Mesa,Alicante,SSD diskoa,Osagaiak,1206.27,10
3538,2026-03-10,Aroa del Acuña,Ceuta,Teklatua,Periferikoak,489.43,7
3539,2026-06-24,Felipa Redondo,Las Palmas,Mini PC,Ordenagailuak,35.79,7
3540,2025-06-11,Yésica Pozo Alemany,Guadalajara,Prozesadorea,Osagaiak,1637.21,2
3541,2024-11-27,Berto Guiomar Dalmau Cerro,Granada,Mini PC,Ordenagailuak,590.13,9
3542,2026-06-25,Teófilo Lobato Ojeda,Almería,Mini PC,Ordenagailuak,719.77,4
3543,2025-07-16,Florentino de Lloret,Lugo,Webkamera,Periferikoak,1569.93,10
3544,2024-10-21,Paloma Rincón Pareja,Lleida,Sagua,Periferikoak,1000.32,9
3545,2026-03-09,Fito Benitez Donaire,Guipúzcoa,Monitorea,Periferikoak,863.58,10
3546,2024-11-23,Rosenda Morata Doménech,Lugo,Mini PC,Ordenagailuak,1544.81,3
3547,2025-11-08,Eugenia Cáceres Gallart,Madrid,Monitorea,Periferikoak,1394.74,10
3548,2025-01-05,Nazaret del Leon,León,Ordenagailu eramangarria,Ordenagailuak,125.71,5
3549,2025-06-01,Bernardo Luna Clemente,Ourense,Mini PC,Ordenagailuak,660.6,6
3550,2026-05-28,Evita de Franch,Jaén,RAM memoria,Osagaiak,688.2,10
3551,2025-07-25,Berto Porfirio Rovira Diez,Cuenca,Teklatua,Periferikoak,1051.45,3
3552,2025-07-11,Cristian del Ramón,Asturias,Mini PC,Ordenagailuak,1231.63,9
3553,2025-02-08,Juan Bautista Escobar Piñeiro,Pontevedra,Switch-a,Sareak,1354.27,9
3554,2025-04-21,Ana Sofía Juliana Blázquez Planas,Ciudad,Ordenagailu eramangarria,Ordenagailuak,1701.94,4
3555,2025-09-27,Emelina Lucena Bolaños,Ciudad,Mahaigaineko ordenagailua,Ordenagailuak,1341.55,1
3556,2026-01-31,Ágata Chita Bonet Girón,Navarra,Prozesadorea,Osagaiak,1502.2,2
3557,2025-11-21,Julieta Reyes Valenzuela,Zamora,Mahaigaineko ordenagailua,Ordenagailuak,936.3,7
3558,2026-04-05,Florinda Merino Palau,Granada,Monitorea,Periferikoak,1269.7,4
3559,2026-07-12,Aura Muro,Cantabria,Monitorea,Periferikoak,1585.94,2
3560,2026-07-14,Graciano Fuente Miró,Castellón,Ordenagailu eramangarria,Ordenagailuak,1689.6,9
3561,2025-02-11,Ciríaco de Fuster,Soria,Prozesadorea,Osagaiak,642.83,9
3562,2025-05-27,Jesús Alsina Clemente,Córdoba,Teklatua,Periferikoak,890.17,7
3563,2025-07-02,Plinio Balduino Montero Casal,Granada,Mini PC,Ordenagailuak,982.55,3
3564,2026-08-05,Eloísa Hierro Jara,Lleida,Mini PC,Ordenagailuak,1804.74,8
3565,2024-11-02,Elisabet Baeza-Rueda,Lugo,RAM memoria,Osagaiak,711.21,1
3566,2025-03-10,Lilia Fábregas Santiago,Vizcaya,Prozesadorea,Osagaiak,334.47,9
3567,2025-10-21,Raquel Blazquez,Pontevedra,SSD diskoa,Osagaiak,1954.1,7
3568,2025-12-24,Reinaldo Llorente Mir,Sevilla,Monitorea,Periferikoak,616.55,5
3569,2025-01-07,Adelaida Andrés-Jordá,Huesca,Sagua,Periferikoak,625.19,9
3570,2025-09-20,Eusebia Jaume Uribe,Zamora,Bideratzailea,Sareak,1033.75,8
3571,2025-12-05,Ramona Arrieta Casanovas,Jaén,Sare-kablea,Sareak,1927.5,10
3572,2025-07-30,Reynaldo Nuñez Arribas,Málaga,Prozesadorea,Osagaiak,122.88,5
3573,2025-08-26,Severino Valbuena Hernández,Tarragona,Mahaigaineko ordenagailua,Ordenagailuak,92.86,4
3574,2025-07-22,Natanael del Alberola,Palencia,Mini PC,Ordenagailuak,266.87,2
3575,2026-07-02,Juliana Morales Elías,Huelva,Wi-Fi egokigailua,Sareak,1331.22,9
3576,2026-06-20,Priscila del Trillo,Ávila,SSD diskoa,Osagaiak,1397.6,7
3577,2025-10-09,Anastasia Olivera,Valencia,Sare-kablea,Sareak,229.88,6
3578,2026-05-27,Anita Robledo Ribera,Alicante,Sagua,Periferikoak,866.95,4
3579,2025-03-26,Francisco Pellicer Mir,Tarragona,Sare-kablea,Sareak,243.9,4
3580,2025-11-26,Cecilia Exposito Catalá,Huesca,Prozesadorea,Osagaiak,1051.19,6
3581,2025-12-11,Manu Castells Bertrán,Segovia,Sare-kablea,Sareak,1855.72,8
3582,2025-11-05,Marina Torre Mateu,Ourense,Webkamera,Periferikoak,1519.25,2
3583,2026-08-03,Fulgencio Cáceres Uría,Córdoba,Switch-a,Sareak,801.73,3
3584,2026-04-03,Patricia Bermudez-Roca,Barcelona,RAM memoria,Osagaiak,13.15,3
3585,2025-04-17,África Agustín-Cano,Jaén,Switch-a,Sareak,1997.13,10
3586,2025-11-14,Tere Rodríguez,Lleida,Mini PC,Ordenagailuak,1339.2,9
3587,2026-01-24,Santiago del Acuña,Zamora,Sagua,Periferikoak,360.24,1
3588,2025-02-08,José Fábregas Osorio,Lleida,Wi-Fi egokigailua,Sareak,806.79,5
3589,2026-04-06,Esmeralda Barón,Zaragoza,SSD diskoa,Osagaiak,1806.1,1
3590,2026-06-10,Joel Frutos Alfaro,Valladolid,RAM memoria,Osagaiak,636.98,9
3591,2026-02-23,Toni Ovidio Piquer Gabaldón,Barcelona,RAM memoria,Osagaiak,1616.43,7
3592,2024-12-17,Nuria Corbacho,Ciudad,Mini PC,Ordenagailuak,11.87,7
3593,2025-09-28,Berta Bautista Nadal,Segovia,Teklatua,Periferikoak,1459.13,2
3594,2025-09-25,Joan Tormo Andrés,Santa Cruz de Tenerife,Txartel grafikoa,Osagaiak,873.49,7
3595,2025-07-07,Encarnacion Julia Díez Vendrell,Segovia,RAM memoria,Osagaiak,329.53,6
3596,2025-05-27,Cornelio Tur,Teruel,Sagua,Periferikoak,1372.84,10
3597,2026-09-15,Sigfrido Gomila Trujillo,Castellón,Monitorea,Periferikoak,1301.88,4
3598,2026-01-18,Pedro Iglesia Novoa,Tarragona,Mahaigaineko ordenagailua,Ordenagailuak,1956.88,6
3599,2025-08-19,Lupe Noriega Asenjo,Almería,Wi-Fi egokigailua,Sareak,829.64,8
3600,2025-08-22,Bernardino Puig Murcia,Girona,Mini PC,Ordenagailuak,603.69,10
3601,2025-09-24,Salomón Vazquez Gárate,Álava,Mini PC,Ordenagailuak,156.41,2
3602,2025-11-26,Leonor Riba Ledesma,Ciudad,Webkamera,Periferikoak,1491.1,7
3603,2025-08-11,Bernardita Verdejo Diaz,Teruel,Webkamera,Periferikoak,227.72,6
3604,2026-02-23,Natividad Alvarez-Castro,Navarra,Monitorea,Periferikoak,1193.99,5
3605,2026-01-26,Raimundo Montero-Sedano,Zaragoza,Txartel grafikoa,Osagaiak,1773.5,2
3606,2026-07-26,Sonia del Novoa,Albacete,Prozesadorea,Osagaiak,1453.74,2
3607,2025-12-01,Petrona Salcedo Villalba,Burgos,Sagua,Periferikoak,1160.89,6
3608,2025-07-01,Íñigo Caro López,Burgos,Txartel grafikoa,Osagaiak,67.53,7
3609,2025-11-08,Nazaret Gras Redondo,Teruel,Mini PC,Ordenagailuak,1014.68,1
3610,2025-01-01,Alberto Godoy Garmendia,Asturias,Switch-a,Sareak,28.97,10
3611,2025-07-10,Inés Gimeno Salazar,Albacete,Switch-a,Sareak,1329.56,4
3612,2026-04-12,Consuelo Perez,La Rioja,Webkamera,Periferikoak,6.58,2
3613,2025-06-04,Leandra Madrid Ferrer,Madrid,Mahaigaineko ordenagailua,Ordenagailuak,74.4,5
3614,2026-05-14,Marcelo Hervás,La Coruña,Wi-Fi egokigailua,Sareak,1491.76,1
3615,2025-04-09,Virginia Valbuena Hernando,Valladolid,Monitorea,Periferikoak,1064.64,7
3616,2024-11-05,Fito Garay Busquets,Palencia,Ordenagailu eramangarria,Ordenagailuak,870.53,3
3617,2025-04-10,Reyes Verdugo Atienza,Ourense,Monitorea,Periferikoak,1061.6,5
3618,2026-06-06,Guadalupe Benjamín Moles Solera,Alicante,Ordenagailu eramangarria,Ordenagailuak,149.74,1
3619,2025-08-19,Lilia Montero,La Coruña,Mahaigaineko ordenagailua,Ordenagailuak,1884.97,4
3620,2026-03-09,Domingo Telmo Quesada Guerra,Navarra,Monitorea,Periferikoak,219.26,2
3621,2026-08-15,Leonor Bauzà Zabaleta,Burgos,Teklatua,Periferikoak,416.1,6
3622,2024-12-24,Merche del Díez,Santa Cruz de Tenerife,Teklatua,Periferikoak,217.11,10
3623,2025-02-14,María Carmen Marín Alcaraz,Cáceres,Mini PC,Ordenagailuak,1187.36,2
3624,2025-05-10,María Ángeles Arce Gracia,Ciudad,Txartel grafikoa,Osagaiak,1396.53,8
3625,2026-06-08,Maximiano Ponce Dalmau,Asturias,Switch-a,Sareak,1604.39,1
3626,2025-11-09,Malena Gibert Serra,Girona,RAM memoria,Osagaiak,48.67,2
3627,2025-07-18,Onofre Fuente Salvà,Cádiz,Txartel grafikoa,Osagaiak,1545.48,4
3628,2026-06-26,Azucena Olivé Mendizábal,Navarra,SSD diskoa,Osagaiak,245.28,4
3629,2024-11-19,Liliana Ribera Barbero,León,Mahaigaineko ordenagailua,Ordenagailuak,836.57,8
3630,2025-11-30,Mamen de Aragonés,Almería,Ordenagailu eramangarria,Ordenagailuak,1091.56,6
3631,2025-04-08,Lidia Estevez Gárate,Castellón,Sare-kablea,Sareak,31.48,8
3632,2025-10-15,Manuel Doménech Larrea,Sevilla,Switch-a,Sareak,779.41,6
3633,2024-11-09,Elisabet Ribas Tapia,Tarragona,Wi-Fi egokigailua,Sareak,199.88,5
3634,2025-03-10,Ramona Elías Padilla,Toledo,Monitorea,Periferikoak,1996.38,9
3635,2026-09-11,Berta Rius Atienza,Melilla,SSD diskoa,Osagaiak,1947.13,2
3636,2025-05-11,Juanita Iborra Guerra,Asturias,Mahaigaineko ordenagailua,Ordenagailuak,946.54,5
3637,2025-09-19,Moreno Pedrosa Barrena,Valladolid,Bideratzailea,Sareak,1992.77,9
3638,2025-09-26,Anastasio Godoy,Las Palmas,SSD diskoa,Osagaiak,1443.7,3
3639,2025-05-15,Amaya Ibarra Martínez,Jaén,Switch-a,Sareak,1414.3,4
3640,2025-03-21,Vicenta Fernanda Chacón Lorenzo,León,Prozesadorea,Osagaiak,699.9,6
3641,2026-03-05,Merche Cañellas,Cantabria,Teklatua,Periferikoak,1692.81,4
3642,2026-08-26,Jesús Borrego Pina,Sevilla,Txartel grafikoa,Osagaiak,1587.2,9
3643,2025-11-21,Paulina Iglesia Teruel,Toledo,Switch-a,Sareak,1956.27,8
3644,2025-02-23,Fabiola del Soria,Valladolid,Mini PC,Ordenagailuak,384.52,9
3645,2025-11-14,Ángel Casado,Cádiz,Mini PC,Ordenagailuak,1176.35,2
3646,2026-08-06,Buenaventura de Pou,Huelva,RAM memoria,Osagaiak,1408.74,5
3647,2026-07-21,Eli Noguera Pedro,Asturias,Mini PC,Ordenagailuak,1260.21,6
3648,2024-11-25,Amancio Guerra Oliver,Ceuta,Prozesadorea,Osagaiak,420.2,9
3649,2025-08-04,Fernando Mateo,Granada,Txartel grafikoa,Osagaiak,1191.96,9
3650,2025-06-14,Ignacio Vara Rueda,Ávila,Switch-a,Sareak,307.99,6
3651,2025-10-11,Teodoro Raya Mir,Girona,Mini PC,Ordenagailuak,435.38,8
3652,2024-10-30,Sandra Díez,Albacete,Switch-a,Sareak,1747.46,9
3653,2025-01-31,Rosa María Modesta Mancebo Prats,Sevilla,Switch-a,Sareak,809.26,2
3654,2025-02-18,Teodosio Marin Ponce,Badajoz,Sare-kablea,Sareak,327.95,7
3655,2025-10-04,Desiderio Galan Quirós,Pontevedra,Prozesadorea,Osagaiak,1060.36,8
3656,2025-11-14,Inocencio Heras Izquierdo,Soria,Teklatua,Periferikoak,473.12,1
3657,2025-07-04,Rodrigo del Rosado,Valladolid,Ordenagailu eramangarria,Ordenagailuak,1078.35,6
3658,2025-05-05,Remigio Abel Muñoz Santiago,Burgos,Sagua,Periferikoak,1838.73,6
3659,2026-04-04,Maximiliano Abellán Vidal,Melilla,Mahaigaineko ordenagailua,Ordenagailuak,168.4,7
3660,2026-03-23,Ciriaco Porras Aguado,La Rioja,Bideratzailea,Sareak,1309.13,8
3661,2025-12-15,Chus Vicente Camacho,Barcelona,Monitorea,Periferikoak,573.9,1
3662,2025-07-04,Magdalena Maestre Montenegro,Ceuta,Switch-a,Sareak,1866.9,7
3663,2024-11-03,Xavier Llanos Coronado,Vizcaya,Sagua,Periferikoak,714.34,5
3664,2025-08-26,Miguel Ángel Alcántara Simó,Salamanca,Mini PC,Ordenagailuak,772.3,3
3665,2026-01-19,Fulgencio Anglada Roig,León,Prozesadorea,Osagaiak,522.69,6
3666,2026-08-03,Román Carro,Valladolid,Prozesadorea,Osagaiak,526.58,10
3667,2025-06-11,Che Daza Marco,Cáceres,Teklatua,Periferikoak,1685.23,9
3668,2025-06-11,Amado Verdú Pablo,Baleares,Mahaigaineko ordenagailua,Ordenagailuak,1792.5,9
3669,2024-12-20,Horacio Ropero Delgado,Alicante,Mahaigaineko ordenagailua,Ordenagailuak,1559.7,8
3670,2026-09-14,Emilio Barroso Guardiola,Ciudad,Prozesadorea,Osagaiak,510.88,3
3671,2024-10-27,Jose Francisco Iglesia Puerta,Zamora,Sagua,Periferikoak,1154.29,9
3672,2025-04-27,Jose Angel del Pacheco,Castellón,Monitorea,Periferikoak,321.93,9
3673,2026-03-16,Claudio Gomila Amo,Santa Cruz de Tenerife,Monitorea,Periferikoak,1686.12,5
3674,2026-01-15,Manolo Artigas Villalba,Zaragoza,Bideratzailea,Sareak,686.7,5
3675,2026-01-19,Marisol Amorós Miró,Navarra,Switch-a,Sareak,1871.27,8
3676,2025-01-26,Marino Azorin Tomas,Girona,Wi-Fi egokigailua,Sareak,968.73,4
3677,2026-02-11,Beatriz Tormo Iglesias,Albacete,Ordenagailu eramangarria,Ordenagailuak,1459.32,6
3678,2025-10-14,Noemí Lluch,Guipúzcoa,Sare-kablea,Sareak,1549.26,8
3679,2026-04-16,Florinda Graciela Pi Adadia,Barcelona,Sagua,Periferikoak,811.48,1
3680,2026-06-07,Dorotea Calleja Colomer,Navarra,Teklatua,Periferikoak,1117.0,4
3681,2025-10-06,Josué Correa,Barcelona,Wi-Fi egokigailua,Sareak,14.39,4
3682,2026-04-11,Herberto Alfaro Cerro,Pontevedra,SSD diskoa,Osagaiak,994.56,6
3683,2026-02-09,Hortensia Manjón Aznar,Sevilla,Prozesadorea,Osagaiak,880.25,7
3684,2025-10-10,Estela Conde Jurado,Ciudad,Wi-Fi egokigailua,Sareak,504.62,7
3685,2025-01-16,Crescencia Gimeno,Castellón,Monitorea,Periferikoak,497.76,6
3686,2026-03-18,Alondra Vélez Oliva,Cádiz,Txartel grafikoa,Osagaiak,1806.3,5
3687,2024-11-30,Martín Torrijos-Mayo,Guipúzcoa,Mahaigaineko ordenagailua,Ordenagailuak,1494.62,4
3688,2026-06-11,Emiliano Ariño Rincón,Murcia,Bideratzailea,Sareak,1240.39,6
3689,2026-09-06,Maricela Tello Sanmartín,Salamanca,Sare-kablea,Sareak,197.99,1
3690,2026-04-11,Agustín Novoa-Soriano,La Coruña,Prozesadorea,Osagaiak,1894.6,9
3691,2025-04-26,Patricio Valdés Mir,Salamanca,Mini PC,Ordenagailuak,574.27,1
3692,2026-06-10,Samuel Calvet Valverde,Sevilla,Sare-kablea,Sareak,1647.8,7
3693,2025-07-03,Joaquina Escrivá,La Rioja,Ordenagailu eramangarria,Ordenagailuak,636.97,2
3694,2024-10-17,Tecla del Sabater,León,Ordenagailu eramangarria,Ordenagailuak,1931.18,7
3695,2026-05-07,Leonardo Batlle Cobo,Cáceres,Webkamera,Periferikoak,1557.71,10
3696,2026-07-21,Efraín Baró Quiroga,Santa Cruz de Tenerife,Monitorea,Periferikoak,209.92,6
3697,2026-06-25,Joan González,Teruel,Monitorea,Periferikoak,444.58,7
3698,2024-12-23,Flor Quintanilla Uribe,Madrid,Prozesadorea,Osagaiak,896.96,10
3699,2025-03-29,Elpidio Mayoral Abril,Almería,Monitorea,Periferikoak,79.56,6
3700,2024-10-26,Roldán de Azcona,Granada,Bideratzailea,Sareak,915.98,10
3701,2025-01-18,Luciana Cuéllar Egea,Valencia,Wi-Fi egokigailua,Sareak,320.58,4
3702,2025-03-31,Olivia Torralba-Company,Baleares,Webkamera,Periferikoak,1417.24,7
3703,2025-12-28,Eliana Salinas Pazos,Navarra,Switch-a,Sareak,1960.85,8
3704,2026-07-20,Cecilia Clavero Pacheco,Zamora,Mahaigaineko ordenagailua,Ordenagailuak,1424.63,8
3705,2025-11-05,Pepe Quero,Vizcaya,Mini PC,Ordenagailuak,223.6,5
3706,2026-02-17,Américo Cruz-Ordóñez,Zamora,Prozesadorea,Osagaiak,100.37,2
3707,2026-07-13,Nilda Puente Urrutia,Huelva,RAM memoria,Osagaiak,988.99,1
3708,2024-12-13,Valero Samper Solís,León,Sare-kablea,Sareak,441.94,6
3709,2025-07-20,Chuy Pablo Segarra Criado,Tarragona,Mahaigaineko ordenagailua,Ordenagailuak,436.65,9
3710,2025-09-14,Joaquina Puga Cerdá,León,Ordenagailu eramangarria,Ordenagailuak,299.94,6
3711,2025-03-22,Hector Guerra Batlle,Málaga,Monitorea,Periferikoak,867.34,8
3712,2025-05-26,Seve Luna Plana,Málaga,RAM memoria,Osagaiak,1343.5,4
3713,2025-12-20,Nélida Campos Montero,Alicante,Switch-a,Sareak,809.8,4
3714,2024-10-15,Tomasa Jovita Gonzalo Bueno,Burgos,Teklatua,Periferikoak,1675.91,7
3715,2025-08-10,Etelvina Macías Acosta,Ceuta,Switch-a,Sareak,573.2,2
3716,2026-09-07,Dan Nadal-Goicoechea,Málaga,Sare-kablea,Sareak,1875.9,8
3717,2025-06-17,Dimas Vives Antón,León,Ordenagailu eramangarria,Ordenagailuak,387.14,4
3718,2026-04-13,Tatiana Plaza Martin,Guipúzcoa,Wi-Fi egokigailua,Sareak,278.52,2
3719,2024-12-19,Adelina Oliveras Pavón,Álava,Monitorea,Periferikoak,1979.2,10
3720,2024-10-20,Luisina Ureña Lasa,Ávila,Sagua,Periferikoak,1586.24,6
3721,2026-01-15,Mar Puerta Contreras,Ciudad,Wi-Fi egokigailua,Sareak,887.3,1
3722,2026-01-10,Natalia Oliva Barros,Ávila,Sare-kablea,Sareak,1644.97,10
3723,2026-02-13,Angelita Font Taboada,Palencia,Wi-Fi egokigailua,Sareak,451.8,3
3724,2026-05-02,Roberto Iglesias-Múñiz,Sevilla,Bideratzailea,Sareak,1283.63,7
3725,2024-12-14,Horacio Borrell-Puente,Soria,Txartel grafikoa,Osagaiak,162.4,3
3726,2026-04-09,Carlos de Castell,Vizcaya,Sare-kablea,Sareak,85.94,9
3727,2026-09-09,Balduino Lerma Álvarez,Cáceres,Mini PC,Ordenagailuak,1480.56,2
3728,2024-10-25,María Carmen del Hoz,Vizcaya,Monitorea,Periferikoak,1139.85,2
3729,2026-07-08,Aura Torrent,Álava,Prozesadorea,Osagaiak,1072.2,6
3730,2025-05-22,Alondra Carrillo,Albacete,Ordenagailu eramangarria,Ordenagailuak,448.36,1
3731,2026-09-19,Sofía de Asensio,Jaén,Sagua,Periferikoak,703.82,9
3732,2026-05-08,Marta Arellano-Espinosa,Vizcaya,Switch-a,Sareak,145.12,7
3733,2025-11-12,Ainoa Cerro Benavides,Girona,Sare-kablea,Sareak,1976.57,7
3734,2025-01-07,Carlito Oliver Zabaleta,La Coruña,Sagua,Periferikoak,110.58,5
3735,2025-11-24,María Belén Benavides Dueñas,Álava,Sagua,Periferikoak,5.31,4
3736,2026-03-06,Ramón Roselló-Peiró,Soria,Mahaigaineko ordenagailua,Ordenagailuak,1019.91,2
3737,2025-07-06,Susanita Vila Bárcena,Albacete,Wi-Fi egokigailua,Sareak,1181.79,6
3738,2025-05-03,Mariana Prieto,Segovia,Ordenagailu eramangarria,Ordenagailuak,819.34,6
3739,2025-10-14,Urbano Moraleda Falcón,Vizcaya,Ordenagailu eramangarria,Ordenagailuak,1739.28,1
3740,2026-09-21,Victoriano Torrijos-Pol,Badajoz,Switch-a,Sareak,851.12,4
3741,2026-05-11,Laura Iglesias Montes,Baleares,Teklatua,Periferikoak,1413.41,9
3742,2025-11-18,Vasco Alejandro Villegas Gimenez,Cuenca,SSD diskoa,Osagaiak,1726.18,8
3743,2025-11-10,Beatriz Dueñas,Las Palmas,Webkamera,Periferikoak,768.48,10
3744,2025-01-31,Herminia Rufina Cifuentes Sedano,Tarragona,RAM memoria,Osagaiak,289.3,7
3745,2024-11-23,Joel Niño Gual,Baleares,RAM memoria,Osagaiak,1260.94,10
3746,2026-08-29,Silvia Aparicio Cuevas,Málaga,Teklatua,Periferikoak,185.58,8
3747,2026-01-31,Humberto Castillo Marti,Albacete,Ordenagailu eramangarria,Ordenagailuak,1538.49,10
3748,2025-04-07,Román del García,Badajoz,Monitorea,Periferikoak,1431.31,10
3749,2024-10-16,Ciro Gómez,Melilla,Mahaigaineko ordenagailua,Ordenagailuak,1721.84,7
3750,2026-06-11,Vicente Rodriguez Roca,Valencia,Wi-Fi egokigailua,Sareak,968.61,3
3751,2026-02-26,Aníbal Barriga Marquez,Navarra,Ordenagailu eramangarria,Ordenagailuak,1048.32,4
3752,2026-06-03,Haroldo Alemán Blazquez,Lugo,Sare-kablea,Sareak,1614.79,6
3753,2025-02-08,Calisto Bonifacio Morata Galán,Salamanca,RAM memoria,Osagaiak,279.33,3
3754,2026-07-02,Judith Sanmartín Escudero,Lleida,Monitorea,Periferikoak,746.57,6
3755,2025-01-22,Narciso Vázquez Zaragoza,Cádiz,Ordenagailu eramangarria,Ordenagailuak,209.36,9
3756,2025-08-05,Danilo Pinedo Falcó,Palencia,Webkamera,Periferikoak,1462.98,9
3757,2025-10-24,Trinidad Martorell,Zaragoza,Bideratzailea,Sareak,1557.95,5
3758,2025-05-23,Reina Huerta-Pedrosa,León,Sare-kablea,Sareak,119.49,10
3759,2026-02-04,Juan José Niño Hernández,Segovia,Prozesadorea,Osagaiak,312.4,5
3760,2024-11-22,Olivia Sánchez Manjón,Valencia,Sare-kablea,Sareak,1325.57,9
3761,2025-10-08,Lorena Rovira-Garrido,Valencia,Ordenagailu eramangarria,Ordenagailuak,1793.28,10
3762,2025-12-19,Rosario Melchor Mosquera Cepeda,Baleares,Monitorea,Periferikoak,1537.56,3
3763,2026-08-20,Mayte Aznar Bonet,Lleida,RAM memoria,Osagaiak,1017.62,10
3764,2025-01-02,José Antonio Pinilla,Girona,Sare-kablea,Sareak,1395.59,10
3765,2026-02-22,Maxi de Cepeda,Alicante,Mini PC,Ordenagailuak,1475.82,2
3766,2026-04-22,Ramiro Jaume Enríquez,Sevilla,Mahaigaineko ordenagailua,Ordenagailuak,1225.7,7
3767,2025-05-15,Laura Morales Nieto,Córdoba,Prozesadorea,Osagaiak,1162.89,7
3768,2024-12-04,Natanael Vidal Aguiló,Teruel,Wi-Fi egokigailua,Sareak,1297.45,9
3769,2026-07-13,Cayetano Díaz-Tomás,Toledo,Sare-kablea,Sareak,872.44,3
3770,2026-05-12,Teodosio Arribas,Baleares,Webkamera,Periferikoak,259.75,8
3771,2026-03-20,Cipriano Gaya Jaén,Valladolid,RAM memoria,Osagaiak,675.29,7
3772,2025-06-23,Nieves Tomé Valenciano,Castellón,Wi-Fi egokigailua,Sareak,1854.92,3
3773,2026-04-30,Luisina Toledo Mora,Castellón,Bideratzailea,Sareak,23.38,10
3774,2025-12-05,Aarón Sosa-Tejada,Santa Cruz de Tenerife,Switch-a,Sareak,1781.65,1
3775,2024-11-25,María Aranda-Teruel,La Coruña,Sare-kablea,Sareak,1822.9,7
3776,2026-05-24,Jordi Cordero-Bosch,Baleares,Switch-a,Sareak,598.98,4
3777,2025-07-05,Máxima Hierro,Castellón,Sagua,Periferikoak,718.96,4
3778,2026-08-04,Florencia Cobos-Pareja,Murcia,Sare-kablea,Sareak,1495.94,7
3779,2025-02-22,Jordi Bueno Baquero,Cádiz,Switch-a,Sareak,1341.76,5
3780,2026-05-31,Primitivo Ribes-Bello,Soria,Sare-kablea,Sareak,185.33,10
3781,2026-01-16,Balduino del Echeverría,Guipúzcoa,Txartel grafikoa,Osagaiak,1434.38,5
3782,2025-11-21,Lupe Montalbán Bartolomé,La Coruña,Txartel grafikoa,Osagaiak,450.2,1
3783,2025-02-17,Pelayo Carranza Balaguer,Soria,Bideratzailea,Sareak,801.33,1
3784,2025-10-01,Tristán Mas Vallejo,Ávila,Switch-a,Sareak,1522.83,6
3785,2026-06-23,Pilar Hoz Ricart,Cáceres,Txartel grafikoa,Osagaiak,1893.8,3
3786,2025-11-21,Genoveva del Serna,Tarragona,Teklatua,Periferikoak,690.46,5
3787,2025-09-05,Ovidio Plana Báez,Girona,Mini PC,Ordenagailuak,1129.23,8
3788,2024-10-30,Luciano Huertas Gaya,Castellón,Ordenagailu eramangarria,Ordenagailuak,805.65,10
3789,2025-09-02,Humberto Aller-Crespi,Ciudad,Txartel grafikoa,Osagaiak,1557.69,9
3790,2024-11-18,Juliana Blanes Cerdá,Melilla,Monitorea,Periferikoak,358.89,6
3791,2026-03-05,Rosalinda Riba Blázquez,Las Palmas,Mini PC,Ordenagailuak,1862.46,6
3792,2025-01-15,Fidela Castilla Moraleda,Sevilla,Prozesadorea,Osagaiak,1785.55,4
3793,2026-04-19,Rodrigo Coloma Elías,Zaragoza,Ordenagailu eramangarria,Ordenagailuak,735.18,9
3794,2025-10-13,Aránzazu Perera Ferrera,Zaragoza,Sare-kablea,Sareak,620.62,3
3795,2025-10-13,Teodoro Rafa Valenzuela Larrañaga,Cuenca,Wi-Fi egokigailua,Sareak,662.4,8
3796,2026-07-10,Aurelio de Casado,Toledo,Prozesadorea,Osagaiak,1082.69,1
3797,2025-05-12,Sebastián Gabino Amigó Nevado,Segovia,Bideratzailea,Sareak,660.67,1
3798,2024-09-25,Vilma del Torrecilla,Zaragoza,Mahaigaineko ordenagailua,Ordenagailuak,524.63,7
3799,2025-11-27,Luisina Roldán Peñas,Jaén,Mini PC,Ordenagailuak,610.49,6
3800,2026-08-08,Eutimio del Salas,Valencia,Txartel grafikoa,Osagaiak,1999.29,4
3801,2025-11-19,Casemiro Ros Domínguez,Salamanca,Bideratzailea,Sareak,711.0,3
3802,2025-09-12,Leonardo Valenzuela,Girona,SSD diskoa,Osagaiak,107.41,3
3803,2025-12-06,Feliciano Acevedo Iriarte,Barcelona,Mahaigaineko ordenagailua,Ordenagailuak,59.79,8
3804,2025-01-21,Elpidio Padilla Torrecilla,Ciudad,Sare-kablea,Sareak,778.2,10
3805,2025-11-21,Manuela Araceli Saavedra Martí,Toledo,Sagua,Periferikoak,801.55,6
3806,2025-12-16,Lucila Olmo,Zaragoza,SSD diskoa,Osagaiak,1041.95,10
3807,2026-07-15,Jennifer Carnero Hierro,Zaragoza,Monitorea,Periferikoak,1969.33,5
3808,2024-11-10,Daniela Montero Escrivá,Lugo,Wi-Fi egokigailua,Sareak,982.61,8
3809,2025-03-16,Aníbal Cifuentes Girón,Málaga,Webkamera,Periferikoak,915.47,7
3810,2026-04-20,Anita Áurea Vives Somoza,Huesca,Mahaigaineko ordenagailua,Ordenagailuak,1218.85,9
3811,2024-12-25,Santos Arjona Andrade,Guadalajara,Prozesadorea,Osagaiak,659.36,6
3812,2025-08-09,Estrella Pastor Luís,Guadalajara,Mini PC,Ordenagailuak,1166.8,10
3813,2025-04-14,Espiridión Rebollo Casas,Badajoz,RAM memoria,Osagaiak,390.78,4
3814,2026-08-09,Roldán Ramos Navarrete,Cantabria,SSD diskoa,Osagaiak,1801.24,6
3815,2025-05-11,Nazaret Almagro-Priego,Málaga,Switch-a,Sareak,1500.9,2
3816,2026-07-24,Laura Torrijos,Santa Cruz de Tenerife,Sare-kablea,Sareak,1037.83,9
3817,2026-04-15,Celestina Sola Rodríguez,Almería,Txartel grafikoa,Osagaiak,938.28,10
3818,2026-06-19,Guiomar Amores Valero,Málaga,SSD diskoa,Osagaiak,1909.42,1
3819,2026-02-06,Emilio Germán Arteaga Salcedo,Pontevedra,Mahaigaineko ordenagailua,Ordenagailuak,326.78,1
3820,2024-10-06,María José Guardia Espada,La Coruña,Mahaigaineko ordenagailua,Ordenagailuak,307.57,9
3821,2025-06-03,Cándida Alcázar Méndez,Sevilla,Prozesadorea,Osagaiak,1516.44,7
3822,2024-12-21,Isaura Montenegro Frutos,Cáceres,Wi-Fi egokigailua,Sareak,1646.81,6
3823,2026-03-01,Roberta Seguí-Aramburu,Álava,Mahaigaineko ordenagailua,Ordenagailuak,679.91,6
3824,2026-02-10,Germán Ferrán Pou,Salamanca,Txartel grafikoa,Osagaiak,295.55,9
3825,2026-06-21,Alexandra Santana Amador,Ávila,RAM memoria,Osagaiak,1750.5,7
3826,2025-08-17,Rosario Castells Campillo,Jaén,Switch-a,Sareak,1137.57,1
3827,2025-09-11,Eva Gomez,Ourense,RAM memoria,Osagaiak,233.36,10
3828,2025-05-08,Jordi de Tello,Álava,Txartel grafikoa,Osagaiak,1415.24,10
3829,2026-05-22,Florencia Garriga,La Rioja,Mini PC,Ordenagailuak,539.87,9
3830,2026-09-07,Reyes Villalobos Casals,León,RAM memoria,Osagaiak,412.68,7
3831,2025-05-27,Amalia Pujol Taboada,Huesca,Wi-Fi egokigailua,Sareak,1160.45,8
3832,2026-03-14,Ema Cabrera Acero,Valencia,Txartel grafikoa,Osagaiak,990.84,3
3833,2026-09-07,Alex Chuy Moya Vallés,Albacete,Monitorea,Periferikoak,1655.41,9
3834,2025-01-12,Julieta Vara Manzanares,Zamora,Sare-kablea,Sareak,1293.19,1
3835,2025-01-13,Adán Macías Boada,Almería,Mahaigaineko ordenagailua,Ordenagailuak,1510.97,5
3836,2024-12-18,Adoración Zabala Carrera,Vizcaya,Prozesadorea,Osagaiak,181.43,6
3837,2026-09-01,David Luís Alegria,León,Wi-Fi egokigailua,Sareak,97.5,1
3838,2025-05-27,Ale Miguel Ángel Cervera Castillo,Albacete,Webkamera,Periferikoak,1795.73,10
3839,2026-08-01,Esmeralda Mena Herranz,Las Palmas,Mini PC,Ordenagailuak,718.94,9
3840,2026-07-27,Rufino del Galván,La Coruña,Mahaigaineko ordenagailua,Ordenagailuak,1002.17,3
3841,2025-06-15,África Cabanillas,Alicante,Sagua,Periferikoak,487.44,2
3842,2026-06-21,Eladio Lladó Ramírez,Tarragona,Sagua,Periferikoak,1379.77,1
3843,2026-03-10,Gaspar Galán-Alfaro,Tarragona,Mini PC,Ordenagailuak,1131.97,9
3844,2025-09-20,Tadeo Molina Calvet,Álava,Sare-kablea,Sareak,229.94,8
3845,2025-11-10,Jacinta Galvez,Madrid,Ordenagailu eramangarria,Ordenagailuak,1955.75,9
3846,2026-07-03,Luna Calderon Gisbert,Ceuta,Mini PC,Ordenagailuak,1122.37,7
3847,2026-02-01,Ariadna del Ballester,Jaén,Mahaigaineko ordenagailua,Ordenagailuak,671.33,7
3848,2026-09-20,Isabel Guardiola Cantón,Huelva,Switch-a,Sareak,868.13,3
3849,2025-07-14,Jennifer Prat,Vizcaya,Switch-a,Sareak,1616.96,10
3850,2026-08-02,Esmeralda Torres-Losada,Alicante,Teklatua,Periferikoak,1297.72,9
3851,2024-12-20,Máximo de Borrás,Vizcaya,Sare-kablea,Sareak,197.54,1
3852,2025-01-27,Eligio Iriarte Samper,La Rioja,Monitorea,Periferikoak,80.33,5
3853,2025-06-21,Dorita Luz Ochoa,Pontevedra,Mahaigaineko ordenagailua,Ordenagailuak,1517.76,5
3854,2025-03-30,Rosalva Carbó-Gilabert,Navarra,Teklatua,Periferikoak,525.76,9
3855,2026-05-21,Agustín Fajardo Fernandez,Ciudad,Sare-kablea,Sareak,1911.41,3
3856,2026-07-12,Nazaret Riera Abril,Girona,Teklatua,Periferikoak,641.55,5
3857,2024-09-26,Isaac Casals Falcón,Cantabria,Monitorea,Periferikoak,322.41,6
3858,2025-07-02,Chita de Ros,Ávila,Sagua,Periferikoak,1097.32,2
3859,2025-06-02,Lucio Ortiz Llano,Santa Cruz de Tenerife,Monitorea,Periferikoak,1587.18,8
3860,2024-09-28,Yaiza Vaquero Barrio,Segovia,Sagua,Periferikoak,1432.1,8
3861,2025-09-02,Gustavo Fabra Fuertes,Alicante,RAM memoria,Osagaiak,1349.79,4
3862,2025-10-15,Quique Hurtado Cordero,Lugo,Switch-a,Sareak,929.31,4
3863,2026-06-27,Jacobo Salvador Román,Girona,Txartel grafikoa,Osagaiak,1811.78,6
3864,2025-11-21,Rico Guadalupe Salom Seco,Palencia,Mini PC,Ordenagailuak,314.73,5
3865,2025-12-11,Rufino Beltran,La Rioja,Webkamera,Periferikoak,714.81,8
3866,2026-09-15,Guadalupe Vargas Juliá,Soria,SSD diskoa,Osagaiak,475.51,7
3867,2026-01-08,Rico Estévez,Cantabria,Bideratzailea,Sareak,817.15,4
3868,2025-09-12,Adoración Evita Hervia Mate,Castellón,Mini PC,Ordenagailuak,1398.68,4
3869,2025-02-16,Rosalinda Báez Vigil,Badajoz,Txartel grafikoa,Osagaiak,829.35,9
3870,2025-01-16,Bernarda Barragán Carreras,Málaga,Mini PC,Ordenagailuak,1718.88,10
3871,2026-08-22,Bartolomé Otero Llorente,Ourense,Webkamera,Periferikoak,1119.12,6
3872,2025-03-22,Tito Moll Blasco,Soria,Sare-kablea,Sareak,1591.54,1
3873,2026-06-03,Pepito del Osuna,Girona,Sare-kablea,Sareak,82.18,7
3874,2026-05-08,Tomás Jose Miguel Catalá Coca,Badajoz,RAM memoria,Osagaiak,1784.54,2
3875,2025-05-28,Begoña Bas Barrena,Alicante,Prozesadorea,Osagaiak,666.61,10
3876,2026-07-29,Hector Cerdán Zabaleta,Alicante,Sare-kablea,Sareak,1320.45,3
3877,2025-10-16,Úrsula Perelló Ayala,La Rioja,Bideratzailea,Sareak,1567.5,9
3878,2024-12-16,Ismael Gonzalez Sotelo,Almería,Txartel grafikoa,Osagaiak,174.35,4
3879,2025-02-13,Marcial Cortina Amo,Guipúzcoa,Mini PC,Ordenagailuak,1366.5,3
3880,2026-04-28,Adelaida Elías Luís,Girona,Wi-Fi egokigailua,Sareak,1833.83,8
3881,2024-11-09,Jerónimo Gracia Carpio,Cádiz,RAM memoria,Osagaiak,1225.26,3
3882,2025-11-17,Rogelio Mosquera Jaén,Baleares,SSD diskoa,Osagaiak,1218.85,4
3883,2025-09-16,Emelina Guitart Blázquez,Zamora,Monitorea,Periferikoak,744.76,5
3884,2025-10-27,Jordán Durán Lerma,Castellón,Sare-kablea,Sareak,846.76,9
3885,2025-09-07,Fernanda Pavón Alegria,Guipúzcoa,RAM memoria,Osagaiak,1110.63,6
3886,2024-10-03,Piedad Sobrino Angulo,Toledo,Ordenagailu eramangarria,Ordenagailuak,241.56,3
3887,2025-12-28,Régulo González Pareja,Girona,Ordenagailu eramangarria,Ordenagailuak,434.3,2
3888,2026-01-28,Ignacia Lamas-Alfaro,Almería,Teklatua,Periferikoak,644.51,1
3889,2026-07-03,Édgar Gallardo,Cádiz,Ordenagailu eramangarria,Ordenagailuak,1744.55,3
3890,2026-05-07,Amelia Galan Berenguer,Valencia,SSD diskoa,Osagaiak,272.97,7
3891,2026-05-28,David de Pinilla,Girona,Bideratzailea,Sareak,1856.7,3
3892,2024-12-09,Jordán Boada Sanchez,Pontevedra,SSD diskoa,Osagaiak,653.59,5
3893,2025-05-26,Marciano Paredes Andres,Pontevedra,Mini PC,Ordenagailuak,28.0,6
3894,2026-04-10,Melchor del Criado,Ceuta,Wi-Fi egokigailua,Sareak,1229.47,2
3895,2026-04-30,Gerardo de Laguna,Ciudad,Bideratzailea,Sareak,312.9,3
3896,2025-09-08,Amando Puente Ribas,Valencia,Sare-kablea,Sareak,49.21,5
3897,2026-08-30,Verónica Salinas Sacristán,Girona,Prozesadorea,Osagaiak,1365.38,10
3898,2025-06-19,Josep Navas Feliu,Barcelona,Mini PC,Ordenagailuak,1020.87,10
3899,2026-02-12,Candelas Prada Carro,Melilla,Sare-kablea,Sareak,1938.66,10
3900,2025-07-13,Tere de Cabeza,Badajoz,Mahaigaineko ordenagailua,Ordenagailuak,1778.14,2
3901,2025-03-31,Bautista Crespo-Marco,Huesca,Mahaigaineko ordenagailua,Ordenagailuak,1983.53,8
3902,2024-11-17,Iván Benavente,Teruel,SSD diskoa,Osagaiak,194.73,1
3903,2025-07-14,Esmeralda Moll Baeza,Lugo,Bideratzailea,Sareak,398.32,1
3904,2026-01-11,Jose Manuel Quintana Borrell,Albacete,Mahaigaineko ordenagailua,Ordenagailuak,218.26,1
3905,2024-12-08,Jaime Garcés Giralt,Sevilla,Mini PC,Ordenagailuak,1298.83,2
3906,2025-01-20,Federico del Pintor,Las Palmas,Wi-Fi egokigailua,Sareak,30.3,2
3907,2026-01-22,Ema Castilla Pujadas,Teruel,Mahaigaineko ordenagailua,Ordenagailuak,1137.19,5
3908,2024-12-22,Cristian Linares-Duque,Sevilla,Mini PC,Ordenagailuak,1730.8,2
3909,2026-06-27,Ester Manzanares Priego,Burgos,Monitorea,Periferikoak,1867.96,9
3910,2024-12-25,Modesto Roig Marin,Valencia,Prozesadorea,Osagaiak,1636.1,7
3911,2025-07-13,Juan Antonio del Cabañas,Salamanca,Sagua,Periferikoak,492.35,7
3912,2025-05-14,Telmo Valbuena Madrid,Córdoba,Wi-Fi egokigailua,Sareak,390.97,4
3913,2026-08-15,Luis Ángel Miranda-Agustí,Alicante,Mahaigaineko ordenagailua,Ordenagailuak,1327.36,2
3914,2026-02-10,Jordán Calvet,Segovia,Mini PC,Ordenagailuak,600.82,7
3915,2025-12-29,Jose Ramón Arroyo Tomás,Ourense,SSD diskoa,Osagaiak,932.95,7
3916,2024-12-14,Corona Alcalá,Badajoz,Mini PC,Ordenagailuak,1384.41,5
3917,2025-09-15,Dalila Gárate Lastra,Huesca,Webkamera,Periferikoak,514.55,10
3918,2024-10-19,Lidia Palomino Costa,Ciudad,Bideratzailea,Sareak,1368.89,8
3919,2024-10-29,Rómulo Gargallo Sáez,Ávila,Teklatua,Periferikoak,1066.41,10
3920,2025-11-04,Edelmira Alemán Palmer,Ourense,Bideratzailea,Sareak,675.92,6
3921,2025-12-05,Águeda Coronado Vallés,Melilla,Mahaigaineko ordenagailua,Ordenagailuak,920.93,3
3922,2025-07-11,Heliodoro Fuertes Dueñas,Asturias,Sare-kablea,Sareak,1929.81,2
3923,2025-12-03,Alejandro Piquer-Elías,Málaga,Mini PC,Ordenagailuak,1831.78,1
3924,2025-07-08,Arsenio Casado,Sevilla,Ordenagailu eramangarria,Ordenagailuak,947.74,6
3925,2026-06-27,Roque Cueto Gallego,Ávila,RAM memoria,Osagaiak,679.49,8
3926,2025-01-02,Seve Gargallo Vives,Valladolid,Sare-kablea,Sareak,257.54,3
3927,2026-02-16,Arturo Falcó-Lorenzo,Madrid,Sare-kablea,Sareak,391.18,4
3928,2026-01-11,Pancho del Izquierdo,Zamora,Teklatua,Periferikoak,1389.39,3
3929,2025-12-12,Ale Saavedra Gómez,Córdoba,Ordenagailu eramangarria,Ordenagailuak,761.83,9
3930,2024-11-10,Elvira Bienvenida Noriega Ayuso,Ourense,Switch-a,Sareak,1363.42,4
3931,2026-06-16,Filomena Palomar-Tur,Pontevedra,Mini PC,Ordenagailuak,1247.28,7
3932,2026-01-27,Jose Ignacio Galvez Seguí,Lleida,Sagua,Periferikoak,460.66,2
3933,2026-08-26,Bernardo Comas Blázquez,Guadalajara,Bideratzailea,Sareak,213.84,2
3934,2026-01-15,Balduino Andreu Talavera,Cantabria,SSD diskoa,Osagaiak,1941.97,1
3935,2026-06-19,Maricruz Lorenzo Zapata,Teruel,Prozesadorea,Osagaiak,354.27,3
3936,2025-02-03,Wilfredo Aragonés Tomé,Melilla,SSD diskoa,Osagaiak,1820.9,8
3937,2026-08-12,Encarnacion Galan-Calvo,Lugo,Ordenagailu eramangarria,Ordenagailuak,1083.45,9
3938,2026-08-24,Jose Doménech,Ceuta,Bideratzailea,Sareak,873.94,9
3939,2025-01-04,Juan Agudo Gallart,Asturias,SSD diskoa,Osagaiak,223.79,4
3940,2026-07-31,Encarna del Hoz,Cantabria,Mahaigaineko ordenagailua,Ordenagailuak,1311.35,8
3941,2025-10-25,Dani Gallardo Salinas,Sevilla,SSD diskoa,Osagaiak,1182.34,7
3942,2025-05-05,Estefanía Mendez Anguita,Madrid,Prozesadorea,Osagaiak,36.41,4
3943,2025-05-16,Lorenza Castillo,Córdoba,Teklatua,Periferikoak,1371.15,9
3944,2026-01-24,Lorenzo Guerra Villar,Almería,Ordenagailu eramangarria,Ordenagailuak,1498.68,5
3945,2025-09-10,Ramona de Niño,Valencia,Wi-Fi egokigailua,Sareak,453.59,2
3946,2025-08-01,Aureliano Felipe Guitart Gascón,León,Teklatua,Periferikoak,785.52,7
3947,2024-11-07,Clotilde Guijarro Botella,Ourense,Bideratzailea,Sareak,1476.55,2
3948,2026-09-16,Eva Navas-Giménez,Pontevedra,Ordenagailu eramangarria,Ordenagailuak,1008.26,2
3949,2025-03-29,Darío Torrent Ureña,Lleida,Prozesadorea,Osagaiak,1590.27,8
3950,2024-10-14,Santiago Cerro Azcona,Girona,SSD diskoa,Osagaiak,1064.16,1
3951,2025-01-07,Gustavo Esparza León,Tarragona,Wi-Fi egokigailua,Sareak,265.38,7
3952,2026-08-05,Candelario del Montesinos,Vizcaya,Webkamera,Periferikoak,1940.42,3
3953,2025-05-26,Gregorio del Carretero,Albacete,Mahaigaineko ordenagailua,Ordenagailuak,330.95,1
3954,2025-09-06,Ainoa Soraya Guillén Mir,Álava,Teklatua,Periferikoak,1169.77,7
3955,2025-04-14,Eugenia Salom Bernad,Córdoba,Monitorea,Periferikoak,384.4,6
3956,2024-11-03,Yaiza Blazquez Pelayo,La Rioja,Webkamera,Periferikoak,1638.35,1
3957,2024-10-29,Mireia Valentín Molina,Alicante,Prozesadorea,Osagaiak,151.28,5
3958,2025-05-03,Félix Azorin Ponce,Albacete,Mini PC,Ordenagailuak,152.32,5
3959,2025-06-13,Domitila Adán,Álava,Bideratzailea,Sareak,1826.37,1
3960,2025-04-25,Dominga Palmer Infante,Jaén,Mini PC,Ordenagailuak,1626.27,5
3961,2025-06-07,Griselda Alfonso Luján,Girona,Sare-kablea,Sareak,875.17,6
3962,2025-07-29,Clemente Ariza Sosa,Valencia,Bideratzailea,Sareak,187.64,2
3963,2026-01-24,Ruy Plana Osorio,Soria,SSD diskoa,Osagaiak,127.71,2
3964,2025-11-11,Ainoa Encarnita Hernandez Camps,Albacete,Webkamera,Periferikoak,1782.9,8
3965,2024-11-14,Noa Llobet Teruel,Vizcaya,Webkamera,Periferikoak,1803.24,2
3966,2026-02-10,Román de Huertas,Palencia,Mahaigaineko ordenagailua,Ordenagailuak,828.6,1
3967,2025-06-15,Armida Reyes Viana,Girona,SSD diskoa,Osagaiak,782.75,7
3968,2025-06-17,María Dolores Escolano,Soria,Monitorea,Periferikoak,177.85,9
3969,2025-02-06,Toribio Borja Herranz,Santa Cruz de Tenerife,RAM memoria,Osagaiak,561.95,5
3970,2026-08-06,Salomé Olimpia Crespo Seco,Ourense,Bideratzailea,Sareak,1474.34,5
3971,2024-10-08,Lucio Mendoza Planas,Valladolid,Monitorea,Periferikoak,1842.51,4
3972,2026-01-07,Lino Raimundo Vaquero Urrutia,Segovia,Txartel grafikoa,Osagaiak,1544.31,8
3973,2026-01-23,Hortensia Iñiguez Soriano,León,Bideratzailea,Sareak,663.31,5
3974,2025-06-06,Armida Santos-Casado,Barcelona,Txartel grafikoa,Osagaiak,632.56,7
3975,2025-08-05,Primitiva Barceló Bilbao,Pontevedra,Switch-a,Sareak,1836.46,3
3976,2026-05-29,Francisco Javier Galvez Carbajo,Las Palmas,Sare-kablea,Sareak,1736.1,9
3977,2025-07-27,Esther Caro Amo,Segovia,Webkamera,Periferikoak,1507.27,10
3978,2025-09-13,Tiburcio Emilio Salinas Tejada,Baleares,Wi-Fi egokigailua,Sareak,74.45,8
3979,2026-08-14,Borja Patiño Alfaro,Huesca,Wi-Fi egokigailua,Sareak,1976.36,5
3980,2024-10-20,Nydia María Ángeles Montes Sedano,Barcelona,Monitorea,Periferikoak,802.8,4
3981,2025-03-31,Raúl Leon-Palau,Toledo,Wi-Fi egokigailua,Sareak,1458.85,8
3982,2026-08-12,Clementina Herranz Neira,Cádiz,Bideratzailea,Sareak,1456.42,1
3983,2026-08-19,Olegario Sancho Cueto,Toledo,Webkamera,Periferikoak,272.67,3
3984,2025-07-05,Nerea Vera Valenciano,Teruel,Wi-Fi egokigailua,Sareak,1728.2,7
3985,2024-10-10,Ángela Roda Anguita,Vizcaya,Sare-kablea,Sareak,896.87,5
3986,2025-10-23,Sandra Rosaura Machado Ferrándiz,Alicante,Teklatua,Periferikoak,1972.61,10
3987,2026-05-02,Felicidad Goicoechea Tejera,Vizcaya,Sare-kablea,Sareak,1399.67,5
3988,2025-04-15,Humberto Maestre Barón,Jaén,RAM memoria,Osagaiak,1940.87,7
3989,2024-10-09,Rosaura Durán Novoa,Huelva,Teklatua,Periferikoak,207.49,10
3990,2025-06-05,Juanita Luisa Barrio Tenorio,Castellón,Ordenagailu eramangarria,Ordenagailuak,984.85,1
3991,2025-10-11,Cándido Mena,Burgos,Ordenagailu eramangarria,Ordenagailuak,1944.98,8
3992,2025-03-12,Maribel Echevarría Lopez,Badajoz,Teklatua,Periferikoak,189.89,7
3993,2026-07-18,Azahara Azahara Díaz Mas,Córdoba,Teklatua,Periferikoak,511.8,2
3994,2025-11-01,Yolanda Arcelia Jódar Royo,Palencia,SSD diskoa,Osagaiak,201.1,3
3995,2026-05-08,Lope de Pedrero,Las Palmas,Mini PC,Ordenagailuak,891.82,10
3996,2025-01-14,Ángeles Manrique-Fabregat,Toledo,Webkamera,Periferikoak,736.86,5
3997,2025-10-15,Guadalupe Domingo Sáez Tello,Granada,SSD diskoa,Osagaiak,114.94,4
3998,2026-05-12,Ulises Sanabria Taboada,Soria,Ordenagailu eramangarria,Ordenagailuak,934.73,4
3999,2025-07-13,Amalia Murcia Ortuño,Cáceres,Mahaigaineko ordenagailua,Ordenagailuak,913.79,10
4000,2025-04-14,Nicolás Roldán Vicente Hoyos,Burgos,Txartel grafikoa,Osagaiak,1959.71,8
4001,2025-11-28,Quique del Bernad,Melilla,Sare-kablea,Sareak,911.21,9
4002,2025-09-09,Rocío Pla Blanco,Girona,Bideratzailea,Sareak,912.48,3
4003,2026-06-18,Estefanía España Lucena,Valencia,Wi-Fi egokigailua,Sareak,1000.28,2
4004,2025-01-04,Agustín Eligio Berenguer Aguiló,Zaragoza,Ordenagailu eramangarria,Ordenagailuak,1165.8,3
4005,2025-03-25,Javier de Escolano,Huesca,Webkamera,Periferikoak,1088.12,5
4006,2025-03-05,Ester Andrés Bermúdez,Huesca,Switch-a,Sareak,1853.8,2
4007,2026-06-30,Lina Matas Peiró,León,Ordenagailu eramangarria,Ordenagailuak,1959.11,4
4008,2024-11-05,Porfirio Bastida Serra,Ourense,Switch-a,Sareak,193.57,6
4009,2026-08-19,Cruz Agudo Esteban,Teruel,Sare-kablea,Sareak,441.58,4
4010,2026-05-25,Ruperta Arregui Blanco,Badajoz,SSD diskoa,Osagaiak,1163.21,7
4011,2024-11-19,María Manuela de Cuervo,Álava,Prozesadorea,Osagaiak,856.9,4
4012,2025-05-26,Inmaculada Quintana-Baena,Segovia,Wi-Fi egokigailua,Sareak,1756.1,5
4013,2025-05-31,Silvestre Lloret Sotelo,Asturias,Prozesadorea,Osagaiak,1615.4,5
4014,2024-11-01,Piedad Herrera Becerra,Ourense,Monitorea,Periferikoak,1256.8,7
4015,2026-05-23,Jose Angel Ramis Farré,Zamora,Mahaigaineko ordenagailua,Ordenagailuak,997.77,7
4016,2024-10-30,Domitila Vallés Márquez,Burgos,Wi-Fi egokigailua,Sareak,972.44,1
4017,2025-01-25,Herberto Toni Julián Barberá,Palencia,Monitorea,Periferikoak,1362.95,9
4018,2026-03-30,Evangelina Jordá Camacho,Madrid,Sare-kablea,Sareak,228.14,5
4019,2025-06-30,Manu Almazán Benet,Sevilla,Mahaigaineko ordenagailua,Ordenagailuak,730.62,1
4020,2025-07-14,Francisca del Artigas,Cuenca,SSD diskoa,Osagaiak,192.38,5
4021,2025-12-23,Rodolfo Coca-Quiroga,Zamora,Prozesadorea,Osagaiak,1090.68,1
4022,2026-06-05,Fidel Casals Gordillo,Sevilla,Webkamera,Periferikoak,1583.22,7
4023,2026-06-26,Amada Marcos Clavero,Asturias,Webkamera,Periferikoak,1491.72,9
4024,2025-04-27,Iván Piña Bermudez,Segovia,Ordenagailu eramangarria,Ordenagailuak,95.54,9
4025,2026-07-14,Ignacio del Sureda,Sevilla,Ordenagailu eramangarria,Ordenagailuak,1225.95,8
4026,2025-07-21,Néstor Asenjo Milla,Baleares,Sare-kablea,Sareak,1609.1,6
4027,2024-10-15,Iris Alcalá Bernat,Huelva,Ordenagailu eramangarria,Ordenagailuak,1459.95,9
4028,2024-09-27,Zaira Sáenz Ibáñez,Málaga,Mahaigaineko ordenagailua,Ordenagailuak,1999.47,6
4029,2025-08-08,Maura Roman,Lugo,Bideratzailea,Sareak,892.54,8
4030,2026-02-08,Paola Candela Elorza Guerrero,Palencia,Prozesadorea,Osagaiak,535.26,1
4031,2024-12-13,Jaime Egea Parra,Murcia,RAM memoria,Osagaiak,406.54,8
4032,2026-04-20,Victorino Zabaleta Calatayud,Soria,Teklatua,Periferikoak,712.75,10
4033,2026-05-06,Maxi Portillo Andres,Cádiz,Sagua,Periferikoak,705.96,7
4034,2024-11-07,Hipólito Báez,Navarra,Prozesadorea,Osagaiak,309.45,8
4035,2026-04-25,Trinidad Diéguez Arévalo,Teruel,Ordenagailu eramangarria,Ordenagailuak,942.7,4
4036,2026-08-01,Feliciana Vicenta Camacho Monreal,La Coruña,Webkamera,Periferikoak,1846.48,2
4037,2026-02-20,Luciano Ramis Olivera,Valencia,Switch-a,Sareak,795.6,3
4038,2025-03-20,Loida Torrents Fabra,Zaragoza,Teklatua,Periferikoak,1272.18,3
4039,2026-06-23,Amalia Aller Ponce,Albacete,Webkamera,Periferikoak,1150.59,4
4040,2026-07-21,Zoraida de Madrigal,Valladolid,Bideratzailea,Sareak,109.81,1
4041,2025-07-05,Emelina del Hernando,Albacete,Bideratzailea,Sareak,571.55,1
4042,2026-02-18,Socorro Ribas Abella,Alicante,Txartel grafikoa,Osagaiak,570.72,4
4043,2025-06-23,Erasmo Lumbreras Solsona,Santa Cruz de Tenerife,Wi-Fi egokigailua,Sareak,1536.7,4
4044,2025-04-03,Bernardino Torres Ávila,Cáceres,Mahaigaineko ordenagailua,Ordenagailuak,876.33,6
4045,2026-09-22,Olegario Asenjo Montes,Baleares,Mini PC,Ordenagailuak,1122.41,8
4046,2025-04-30,Vito Verdejo,Murcia,Monitorea,Periferikoak,373.62,5
4047,2025-06-30,Caridad Vallejo,Zamora,Ordenagailu eramangarria,Ordenagailuak,915.2,6
4048,2025-03-06,Gil Chaves Palomo,Guadalajara,Monitorea,Periferikoak,1844.7,2
4049,2025-05-22,Joaquín Berrocal-Briones,Navarra,Txartel grafikoa,Osagaiak,1382.97,6
4050,2026-03-03,Cristóbal Carreño Lastra,Málaga,Ordenagailu eramangarria,Ordenagailuak,739.95,2
4051,2024-12-07,Pepe Acero Ugarte,Santa Cruz de Tenerife,Teklatua,Periferikoak,567.94,6
4052,2025-05-23,María Del Carmen Garcia-Garzón,Lugo,Mahaigaineko ordenagailua,Ordenagailuak,1438.79,3
4053,2025-11-08,Dulce Samper-Gonzalo,Salamanca,Switch-a,Sareak,91.72,3
4054,2025-02-01,Marcial Atienza,Almería,Monitorea,Periferikoak,850.25,7
4055,2025-08-10,Eutropio Casal Frutos,Castellón,Mini PC,Ordenagailuak,1736.38,10
4056,2025-01-01,Lupe Baños Girona,Jaén,Mini PC,Ordenagailuak,593.24,7
4057,2025-02-22,Felicia Ferrero Blasco,Valencia,Monitorea,Periferikoak,1424.76,5
4058,2026-08-20,Pía de Pedro,Valladolid,Monitorea,Periferikoak,227.37,7
4059,2026-04-23,Juanito Salvà Tejero,Vizcaya,RAM memoria,Osagaiak,496.86,1
4060,2025-02-15,Casemiro Gallo-Hernandez,Tarragona,RAM memoria,Osagaiak,217.84,10
4061,2024-09-26,Fermín Amores Corral,Albacete,Wi-Fi egokigailua,Sareak,16.3,5
4062,2026-04-12,África del Pino,Málaga,SSD diskoa,Osagaiak,962.5,8
4063,2025-07-04,Jesús Miranda Tapia,Las Palmas,RAM memoria,Osagaiak,851.64,1
4064,2025-02-20,Charo Barco Zaragoza,Cantabria,Sagua,Periferikoak,1813.5,10
4065,2024-10-15,Rosalva Marisa Doménech Mariño,Madrid,Bideratzailea,Sareak,1297.87,8
4066,2024-12-05,Bernardita Calvet Acero,Cantabria,Webkamera,Periferikoak,947.67,3
4067,2026-06-27,Maribel del Alberdi,Jaén,Mahaigaineko ordenagailua,Ordenagailuak,1753.64,9
4068,2026-06-24,Jose Francisco Arévalo Mesa,Huesca,Ordenagailu eramangarria,Ordenagailuak,1119.86,5
4069,2025-05-17,Héctor Benavides Sancho,Cáceres,Wi-Fi egokigailua,Sareak,211.85,10
4070,2026-09-19,Adelia Gaya Casal,Navarra,Bideratzailea,Sareak,1092.27,5
4071,2025-12-18,Vicenta Jordán Jiménez,Navarra,Mini PC,Ordenagailuak,96.34,9
4072,2025-02-11,Ximena Monreal Pi,Valencia,RAM memoria,Osagaiak,797.7,3
4073,2025-03-01,Noemí Andreu,Teruel,Mahaigaineko ordenagailua,Ordenagailuak,1536.93,7
4074,2024-11-03,Verónica Maricruz Tamayo Mateos,Santa Cruz de Tenerife,Teklatua,Periferikoak,1092.63,9
4075,2026-05-31,Iván Zamora,Segovia,Mahaigaineko ordenagailua,Ordenagailuak,1450.3,8
4076,2024-12-25,Lucía Valderrama,Girona,Ordenagailu eramangarria,Ordenagailuak,688.4,8
4077,2025-03-14,Chus Bermejo Luz,Baleares,Mahaigaineko ordenagailua,Ordenagailuak,1374.43,7
4078,2025-04-09,María Cristina Eliana Iniesta Hoz,Baleares,Txartel grafikoa,Osagaiak,1120.2,8
4079,2026-03-05,Gabriel Tejedor Real,Barcelona,Prozesadorea,Osagaiak,1086.39,1
4080,2025-10-09,Dolores Alcalde Cardona,León,Sare-kablea,Sareak,607.52,7
4081,2024-12-18,Octavia Julieta Vicente Moliner,Guipúzcoa,RAM memoria,Osagaiak,652.43,5
4082,2025-04-04,Rocío del Quesada,Cádiz,RAM memoria,Osagaiak,1177.77,1
4083,2025-01-20,Jovita Linares Arranz,Sevilla,Bideratzailea,Sareak,207.4,5
4084,2025-03-09,Isidoro Guijarro Ramírez,Ciudad,Mini PC,Ordenagailuak,281.25,9
4085,2025-01-02,Miriam Iriarte Rocha,Cádiz,Sare-kablea,Sareak,1834.55,2
4086,2025-03-08,Florencia Valencia Leiva,Navarra,Mahaigaineko ordenagailua,Ordenagailuak,416.62,2
4087,2026-05-24,Candelaria Reguera-Coello,Ceuta,Monitorea,Periferikoak,13.82,7
4088,2024-11-01,Carlito Roman Revilla,Jaén,Mini PC,Ordenagailuak,1700.4,10
4089,2024-11-18,Ricarda Alicia Blanes Agudo,Pontevedra,Bideratzailea,Sareak,885.5,6
4090,2025-05-07,Plácido Edelmiro Arias Ballester,Lugo,Monitorea,Periferikoak,1754.51,3
4091,2026-03-08,Samu Acosta Miranda,Teruel,Switch-a,Sareak,701.85,9
4092,2026-02-07,Amaro Valera,Cáceres,Bideratzailea,Sareak,848.5,6
4093,2025-11-13,Alonso Salvà Barranco,Valladolid,Bideratzailea,Sareak,1775.15,8
4094,2025-02-26,Aarón Collado-Pallarès,Albacete,Mahaigaineko ordenagailua,Ordenagailuak,557.22,3
4095,2026-09-19,Donato Menéndez-Medina,Guipúzcoa,Switch-a,Sareak,1884.55,6
4096,2026-06-04,Erasmo Valera,Soria,Mahaigaineko ordenagailua,Ordenagailuak,167.1,7
4097,2025-01-16,Odalis Ortuño Fernandez,Guipúzcoa,Mahaigaineko ordenagailua,Ordenagailuak,1232.81,9
4098,2026-07-29,Úrsula Exposito-Barranco,Toledo,Bideratzailea,Sareak,1383.44,6
4099,2026-08-27,Paz Cózar,Almería,Prozesadorea,Osagaiak,822.35,4
4100,2026-07-20,Mauricio de Uría,Teruel,Mahaigaineko ordenagailua,Ordenagailuak,608.82,5
4101,2025-03-09,Manu Mendoza Ochoa,Melilla,Txartel grafikoa,Osagaiak,1947.63,5
4102,2025-04-27,Jenny Castilla Juárez,Toledo,Mahaigaineko ordenagailua,Ordenagailuak,1875.79,8
4103,2026-04-21,Cloe Marqués,Ourense,Prozesadorea,Osagaiak,844.57,2
4104,2024-10-17,Isaura Manzanares-Manzanares,Salamanca,Mini PC,Ordenagailuak,343.74,10
4105,2024-11-11,Blas Carrión-Castells,Las Palmas,SSD diskoa,Osagaiak,1041.44,10
4106,2026-09-01,Ángel Escolano Luís,Álava,Wi-Fi egokigailua,Sareak,1322.46,8
4107,2025-06-15,Perlita Julián,Córdoba,Mini PC,Ordenagailuak,723.48,6
4108,2026-01-11,Eric de Lara,Almería,Mini PC,Ordenagailuak,1785.59,1
4109,2025-07-23,Andrés Felipe Heras,Salamanca,Mini PC,Ordenagailuak,603.3,6
4110,2025-10-23,Tiburcio Moreno-Almansa,Castellón,Bideratzailea,Sareak,324.66,3
4111,2026-01-02,Ciriaco Pozuelo Mendez,Badajoz,Mini PC,Ordenagailuak,1051.1,6
4112,2025-04-03,Manola Vazquez Gelabert,Santa Cruz de Tenerife,Webkamera,Periferikoak,111.62,1
4113,2026-06-10,Aitana Peláez Aller,Barcelona,Webkamera,Periferikoak,1374.27,3
4114,2025-07-16,Pepe Francisco-Castillo,Guipúzcoa,Sare-kablea,Sareak,318.0,8
4115,2025-03-29,Almudena Teruel Vilanova,León,Mini PC,Ordenagailuak,1898.66,8
4116,2026-01-21,Pancho Farré Royo,Jaén,Bideratzailea,Sareak,1665.66,5
4117,2025-04-14,Toribio Gomez Vendrell,León,Sagua,Periferikoak,1084.21,7
4118,2026-03-19,Aureliano Rius Ortiz,Guadalajara,SSD diskoa,Osagaiak,344.61,5
4119,2026-06-08,Selena del Cabeza,Segovia,Wi-Fi egokigailua,Sareak,1509.28,4
4120,2024-11-14,Maribel Goñi Belda,Segovia,SSD diskoa,Osagaiak,1678.63,6
4121,2026-06-28,Selena Ileana Bustamante Sobrino,Huesca,Bideratzailea,Sareak,296.14,1
4122,2026-04-20,Josep Álvaro Rodrigo,Sevilla,Mini PC,Ordenagailuak,1584.72,6
4123,2024-11-04,Gabino Carrillo Casares,Ceuta,Bideratzailea,Sareak,1796.83,7
4124,2024-12-02,Fito Garriga Valcárcel,Pontevedra,RAM memoria,Osagaiak,354.93,9
4125,2025-12-30,Paulino Valenciano Madrid,Vizcaya,Switch-a,Sareak,371.5,9
4126,2025-05-13,Antonio Oliveras Cárdenas,Valladolid,Switch-a,Sareak,1108.62,3
4127,2025-08-14,María Cristina Fernández Caballero,Segovia,Mahaigaineko ordenagailua,Ordenagailuak,519.83,10
4128,2026-05-07,Manu Peña León,Soria,Webkamera,Periferikoak,365.81,5
4129,2025-11-01,Lucio Chico Ureña,Sevilla,Prozesadorea,Osagaiak,1733.45,8
4130,2026-01-23,Lucía Muñoz Adán,Almería,SSD diskoa,Osagaiak,1385.14,9
4131,2025-06-06,Ruperto Anglada Feliu,Segovia,Txartel grafikoa,Osagaiak,932.16,1
4132,2025-06-10,Emigdio Lobato Perea,Las Palmas,Bideratzailea,Sareak,1273.52,7
4133,2026-02-06,Arturo Méndez Ballester,Ciudad,Wi-Fi egokigailua,Sareak,8.98,2
4134,2026-09-14,Montserrat Peral Nogués,Jaén,Mini PC,Ordenagailuak,627.59,6
4135,2026-06-02,Fidela Seco Fernández,Palencia,Sare-kablea,Sareak,987.38,2
4136,2025-05-28,Loreto Morata Almazán,Ciudad,Ordenagailu eramangarria,Ordenagailuak,116.78,5
4137,2026-04-02,Benigno Mercader Toro,La Rioja,Bideratzailea,Sareak,1720.48,6
4138,2026-06-06,Constanza Alberola Montserrat,Vizcaya,SSD diskoa,Osagaiak,342.69,10
4139,2026-08-19,Anastasia Rios,Palencia,Ordenagailu eramangarria,Ordenagailuak,132.73,7
4140,2025-06-07,Jose Cantón Ayuso,La Coruña,Ordenagailu eramangarria,Ordenagailuak,818.77,1
4141,2025-08-06,Amparo Mármol Barral,Baleares,Prozesadorea,Osagaiak,947.84,10
4142,2025-08-13,Nereida Franco Calleja,La Rioja,Sare-kablea,Sareak,71.72,10
4143,2026-01-28,Joaquina del Rivera,Burgos,Switch-a,Sareak,1244.65,4
4144,2025-10-03,Macarena Villanueva Mercader,León,Mini PC,Ordenagailuak,1109.65,9
4145,2025-03-29,Javier Olivé,Melilla,Txartel grafikoa,Osagaiak,1106.87,7
4146,2025-08-16,Édgar Vallés-Exposito,Álava,Prozesadorea,Osagaiak,1172.91,8
4147,2026-07-12,Jose Francisco Méndez-Pacheco,Baleares,Ordenagailu eramangarria,Ordenagailuak,1749.97,4
4148,2025-08-20,Prudencio Bonilla Bastida,Jaén,Sare-kablea,Sareak,1571.93,9
4149,2025-04-14,Candela de Marin,Granada,Mini PC,Ordenagailuak,1320.15,4
4150,2024-11-21,Amor Lopez Diez,Sevilla,Bideratzailea,Sareak,770.72,7
4151,2025-09-01,Anselma de Carranza,Huesca,Prozesadorea,Osagaiak,1054.93,2
4152,2025-06-29,Rosaura Alvarado-Amo,León,Prozesadorea,Osagaiak,627.55,5
4153,2025-12-04,Rogelio Oliver Barón,Badajoz,Sagua,Periferikoak,1267.32,3
4154,2025-11-06,Toribio Belmonte Cueto,Zamora,Bideratzailea,Sareak,48.79,9
4155,2026-08-23,Miguel Rocamora Yáñez,Girona,Wi-Fi egokigailua,Sareak,1766.1,7
4156,2026-06-21,Ariadna Calderon Tapia,Soria,Switch-a,Sareak,1715.77,5
4157,2026-09-02,Victoria Somoza Ayllón,Guipúzcoa,SSD diskoa,Osagaiak,1140.19,5
4158,2025-03-29,Julieta Mora Tomé,Girona,Ordenagailu eramangarria,Ordenagailuak,73.29,1
4159,2024-11-23,Raúl Vizcaíno Riba,León,SSD diskoa,Osagaiak,1212.71,10
4160,2025-01-31,Olegario Menéndez Mateu,La Rioja,Wi-Fi egokigailua,Sareak,1326.12,10
4161,2025-11-28,Teresa Velasco Galán,Huesca,Teklatua,Periferikoak,1231.73,1
4162,2024-10-01,Cristina Garay Jáuregui,Burgos,Mahaigaineko ordenagailua,Ordenagailuak,1887.96,8
4163,2024-11-03,Maricruz Maza Dalmau,Málaga,Switch-a,Sareak,485.78,6
4164,2025-04-04,Eduardo Espada-Bravo,Melilla,Teklatua,Periferikoak,245.15,6
4165,2025-09-07,Eliana Reyes Cabo Peláez,Castellón,Monitorea,Periferikoak,759.31,3
4166,2025-09-02,José Antonio Garriga Uría,Baleares,Txartel grafikoa,Osagaiak,659.21,6
4167,2026-02-03,Candelario del Guitart,Tarragona,RAM memoria,Osagaiak,201.94,4
4168,2026-04-29,Rosa María Rosell Moreno,Cáceres,Teklatua,Periferikoak,1010.25,4
4169,2024-10-07,Olimpia Jove Moreno,Toledo,Teklatua,Periferikoak,1834.39,9
4170,2025-12-15,Alfonso Jordán Cuervo Vives,Cádiz,SSD diskoa,Osagaiak,1509.44,9
4171,2026-03-24,Cecilia Sans-Alvarado,Valladolid,Switch-a,Sareak,1295.81,6
4172,2026-03-06,Agustina Zabaleta Barrena,Huelva,Switch-a,Sareak,1697.86,3
4173,2025-01-06,Patricio Blanch,Lleida,Wi-Fi egokigailua,Sareak,1744.2,2
4174,2025-06-21,Maximino Sancho Amat,Granada,Ordenagailu eramangarria,Ordenagailuak,1703.36,8
4175,2026-07-31,Susanita Vergara Robles,Valencia,Sare-kablea,Sareak,188.3,8
4176,2024-09-29,Tomás Méndez Hurtado,Murcia,Bideratzailea,Sareak,1639.22,3
4177,2026-09-12,Gema Rosario Murillo Santamaría,Cantabria,Txartel grafikoa,Osagaiak,1627.97,7
4178,2026-05-05,Aurora Cuadrado Mosquera,Burgos,Sagua,Periferikoak,318.1,9
4179,2026-04-19,Selena Jerez Leiva,Palencia,Txartel grafikoa,Osagaiak,254.26,9
4180,2025-08-16,Nidia del Arregui,Ourense,Mini PC,Ordenagailuak,1638.83,4
4181,2025-05-30,Gregorio Ángel Flores,Salamanca,Sagua,Periferikoak,149.48,3
4182,2024-10-04,Jose Carlos Vendrell Perea,Zamora,Bideratzailea,Sareak,1541.7,4
4183,2026-01-12,Geraldo Peñas Mínguez,Cádiz,Wi-Fi egokigailua,Sareak,1288.4,10
4184,2025-12-15,Buenaventura Gargallo Montaña,Navarra,Bideratzailea,Sareak,1392.7,9
4185,2026-04-03,Anastasia Bravo,Lleida,Bideratzailea,Sareak,583.76,3
4186,2026-02-19,Donato Riba Vidal,Málaga,SSD diskoa,Osagaiak,1148.84,9
4187,2025-04-02,Cruz Torrents-Cañizares,Cantabria,Sagua,Periferikoak,888.91,8
4188,2026-06-09,Toni Goicoechea,Teruel,Bideratzailea,Sareak,1405.64,1
4189,2025-03-13,Paco Dionisio Artigas Somoza,Guipúzcoa,Webkamera,Periferikoak,1054.91,5
4190,2024-12-18,Leopoldo Aparicio Bastida,Cuenca,Txartel grafikoa,Osagaiak,345.76,2
4191,2024-12-09,Guadalupe Palacios Saez,Jaén,Prozesadorea,Osagaiak,449.7,3
4192,2024-12-11,Jose Ignacio Álamo Carballo,Zamora,Prozesadorea,Osagaiak,636.22,4
4193,2025-09-19,Lucila Briones Bernad,Salamanca,RAM memoria,Osagaiak,54.53,4
4194,2026-06-11,Graciano Núñez Castillo,Cáceres,Mahaigaineko ordenagailua,Ordenagailuak,188.7,10
4195,2024-10-01,Coral Caballero Arnau,Asturias,Mahaigaineko ordenagailua,Ordenagailuak,1237.84,3
4196,2024-11-10,Teófila Doménech Costa,Murcia,Teklatua,Periferikoak,158.27,8
4197,2025-01-30,Montserrat Bou-Mesa,Asturias,Mahaigaineko ordenagailua,Ordenagailuak,799.78,7
4198,2026-06-17,Saturnino del Araujo,Madrid,Ordenagailu eramangarria,Ordenagailuak,1836.62,3
4199,2025-12-29,Germán Amado Aguilar Roura,Tarragona,Mini PC,Ordenagailuak,1822.44,4
4200,2026-08-26,Alba Caparrós Quesada,La Rioja,RAM memoria,Osagaiak,671.8,1
4201,2026-06-01,Elena Pina-Carreras,Ciudad,Teklatua,Periferikoak,1804.46,2
4202,2024-12-06,Nando de Andreu,León,Sagua,Periferikoak,117.75,3
4203,2026-09-06,Esmeralda Bueno Fortuny,Ourense,Webkamera,Periferikoak,854.43,4
4204,2025-11-09,Rómulo del Gomis,Lugo,SSD diskoa,Osagaiak,415.28,10
4205,2025-11-27,Agustina Alberdi,Zamora,Mini PC,Ordenagailuak,616.13,7
4206,2026-02-03,Fernanda Arranz Bru,Las Palmas,RAM memoria,Osagaiak,1332.15,5
4207,2025-06-15,Daniel Jaume Pellicer,Málaga,Wi-Fi egokigailua,Sareak,800.95,5
4208,2024-11-05,Ascensión Almazán,Castellón,RAM memoria,Osagaiak,9.12,7
4209,2024-12-09,Maite Aguilar,Valencia,Teklatua,Periferikoak,1731.76,2
4210,2026-04-05,Javier Nuñez Carretero,Jaén,Sare-kablea,Sareak,974.81,6
4211,2025-04-16,Venceslás Posada Cuervo,Soria,Mini PC,Ordenagailuak,1863.65,5
4212,2026-03-13,Fanny Rodríguez Valera,Álava,RAM memoria,Osagaiak,1824.0,5
4213,2024-11-21,Severino Gordillo Pla,Ceuta,Wi-Fi egokigailua,Sareak,1004.48,5
4214,2025-03-27,Poncio Somoza Cardona,Girona,Mahaigaineko ordenagailua,Ordenagailuak,451.8,5
4215,2025-11-21,Adoración Azcona Ayala,Santa Cruz de Tenerife,Teklatua,Periferikoak,878.92,10
4216,2025-05-04,Fausto Rodriguez,Barcelona,Webkamera,Periferikoak,1413.17,10
4217,2025-02-19,Alejo Amat Viñas,Córdoba,Monitorea,Periferikoak,121.82,9
4218,2025-04-04,Natalia Martinez Salamanca,Burgos,Ordenagailu eramangarria,Ordenagailuak,861.0,8
4219,2024-12-15,Ruben Roman Alberto,Cádiz,Monitorea,Periferikoak,352.42,6
4220,2026-01-19,Ciríaco Iñiguez Bueno,La Rioja,RAM memoria,Osagaiak,387.69,1
4221,2025-04-30,Jose Luis Pelayo Larrañaga,Badajoz,Webkamera,Periferikoak,511.57,10
4222,2025-06-07,Edelmira de Carballo,Cantabria,Mini PC,Ordenagailuak,423.27,10
4223,2025-12-19,Albert Céspedes Rocha,Las Palmas,Bideratzailea,Sareak,284.7,7
4224,2025-07-03,Socorro Tena Peñalver,Lleida,Monitorea,Periferikoak,788.21,6
4225,2025-11-03,Amparo Bermejo Maza,Zamora,Mini PC,Ordenagailuak,1193.72,3
4226,2025-09-01,Valerio Donaire Vilar,Baleares,Teklatua,Periferikoak,300.66,6
4227,2026-04-05,Edgardo Gómez Álvaro,Guadalajara,Monitorea,Periferikoak,293.1,4
4228,2026-08-10,Pía del Navas,Murcia,Prozesadorea,Osagaiak,1768.72,9
4229,2026-04-15,Juan Manuel Fuertes Arnau,Cantabria,Ordenagailu eramangarria,Ordenagailuak,1993.55,8
4230,2026-07-05,Coral de González,Albacete,Prozesadorea,Osagaiak,1515.55,8
4231,2026-04-24,Bibiana Bas-Casado,Guipúzcoa,Bideratzailea,Sareak,1734.62,2
4232,2024-10-19,Julieta Marcos Medina,Teruel,Wi-Fi egokigailua,Sareak,55.55,10
4233,2026-07-05,José Mari del Roura,Castellón,Mini PC,Ordenagailuak,1322.39,4
4234,2026-04-10,Petrona Peralta Reyes,Las Palmas,Mini PC,Ordenagailuak,649.76,8
4235,2025-11-09,Rafa Rebollo González,Teruel,Txartel grafikoa,Osagaiak,452.21,5
4236,2025-09-15,Claudio Bermúdez Arjona,La Rioja,Txartel grafikoa,Osagaiak,1571.41,2
4237,2024-11-08,Fabio de Almazán,La Coruña,Sagua,Periferikoak,312.73,9
4238,2025-07-01,Anselma del Aragonés,Zaragoza,Bideratzailea,Sareak,1199.13,8
4239,2025-01-18,Ciro Gámez-Roman,León,Mahaigaineko ordenagailua,Ordenagailuak,1497.84,4
4240,2025-03-25,Anastasio Gibert Benet,Cantabria,Wi-Fi egokigailua,Sareak,158.24,6
4241,2026-02-28,Pilar Clavero Riba,Asturias,Bideratzailea,Sareak,1521.36,8
4242,2026-07-31,Albano Salgado Fuentes,Lleida,Sare-kablea,Sareak,1819.96,4
4243,2025-05-09,Seve Morales-Oller,Granada,Webkamera,Periferikoak,1853.24,2
4244,2026-04-15,Luna Morillo,La Coruña,Mahaigaineko ordenagailua,Ordenagailuak,478.6,1
4245,2025-10-27,Victoria Ledesma,Navarra,Ordenagailu eramangarria,Ordenagailuak,97.15,5
4246,2025-09-04,Hermenegildo Perea Rosselló,Melilla,Teklatua,Periferikoak,1827.86,5
4247,2025-09-30,Alma Pili Castilla Lucena,La Coruña,Mini PC,Ordenagailuak,383.71,9
4248,2025-08-05,Clarisa Jáuregui Pina,Zaragoza,Txartel grafikoa,Osagaiak,450.97,7
4249,2024-11-20,Charo Bueno-Villalonga,Cantabria,Txartel grafikoa,Osagaiak,1870.17,3
4250,2025-10-08,Ezequiel Nicolás Agudo,Álava,RAM memoria,Osagaiak,572.72,2
4251,2025-07-14,Haydée Jara Esteban,Cantabria,Mini PC,Ordenagailuak,1419.52,9
4252,2025-02-19,Prudencio del Catalá,Santa Cruz de Tenerife,Mahaigaineko ordenagailua,Ordenagailuak,1663.89,9
4253,2025-11-05,Fabiola Galiano Esteve,Tarragona,Mini PC,Ordenagailuak,1100.31,1
4254,2024-11-27,Lara Barroso Raya,Segovia,RAM memoria,Osagaiak,505.64,5
4255,2026-07-23,Purificación Vázquez Sanz,Álava,Ordenagailu eramangarria,Ordenagailuak,1051.63,5
4256,2025-09-03,Zaira Iglesia Verdú,Álava,Mahaigaineko ordenagailua,Ordenagailuak,1428.3,4
4257,2025-07-25,Angelita de Vicens,León,Mini PC,Ordenagailuak,1302.28,10
4258,2026-07-17,Consuelo Barco-Cortina,Zamora,Webkamera,Periferikoak,1328.66,2
4259,2025-07-31,Diana Moliner Hierro,Palencia,Sagua,Periferikoak,502.99,3
4260,2025-08-10,Santos José Mari Ribas Cabezas,Guipúzcoa,Mahaigaineko ordenagailua,Ordenagailuak,1642.86,3
4261,2026-09-19,Leticia Andreu Barón,Jaén,Txartel grafikoa,Osagaiak,81.1,5
4262,2026-06-05,Victoria de Jara,León,Ordenagailu eramangarria,Ordenagailuak,1821.2,1
4263,2026-03-30,Erasmo Salom Meléndez,La Coruña,RAM memoria,Osagaiak,443.57,9
4264,2026-02-18,Ángeles Giralt Castillo,Lleida,Sare-kablea,Sareak,56.9,7
4265,2025-12-14,Micaela Batalla Heredia,Navarra,Prozesadorea,Osagaiak,878.46,8
4266,2024-11-17,Martina Iglesias Gimenez,La Coruña,Sagua,Periferikoak,1388.31,8
4267,2025-07-25,Víctor Vendrell Lladó,Ceuta,Monitorea,Periferikoak,991.57,8
4268,2026-07-05,Marcela Cervera Lloret,Málaga,Switch-a,Sareak,852.9,9
4269,2025-08-11,Kike Urbano Delgado Falcón,Alicante,SSD diskoa,Osagaiak,272.34,5
4270,2024-09-27,Serafina Porta Valderrama,Burgos,Teklatua,Periferikoak,986.66,3
4271,2026-04-23,Manu Bellido-Puig,Toledo,Teklatua,Periferikoak,1976.29,8
4272,2025-02-23,Macario Manzanares Acedo,Zamora,Bideratzailea,Sareak,627.27,8
4273,2024-11-28,Isaías Agustí Vila,Guadalajara,Monitorea,Periferikoak,1763.15,1
4274,2026-04-13,Marino Sevillano Acero,Toledo,Switch-a,Sareak,1284.26,2
4275,2024-12-26,Alcides Celso Sotelo Pedraza,Cádiz,SSD diskoa,Osagaiak,1851.5,2
4276,2025-06-23,Filomena Montenegro Taboada,Melilla,Sare-kablea,Sareak,439.81,3
4277,2026-09-03,Nayara Acero Nogueira,Almería,Mahaigaineko ordenagailua,Ordenagailuak,649.61,4
4278,2024-12-17,Graciela Agudo-Andrade,Jaén,Teklatua,Periferikoak,840.86,2
4279,2025-02-12,Isidro Pinedo Ramis,Zaragoza,Sagua,Periferikoak,605.37,6
4280,2025-12-06,Apolonia Vicens-Blazquez,Castellón,Switch-a,Sareak,1559.88,7
4281,2025-05-21,Soraya Paredes Jódar,Zamora,Bideratzailea,Sareak,792.71,4
4282,2026-04-12,Horacio Almazán Peralta,Ciudad,Sagua,Periferikoak,1669.8,5
4283,2025-11-27,Paola Ayllón Carlos,Valladolid,Wi-Fi egokigailua,Sareak,1064.71,1
4284,2024-12-11,Clemente Rius Gisbert,Melilla,Webkamera,Periferikoak,537.42,2
4285,2026-05-02,Azeneth Hernando Sandoval,Cáceres,RAM memoria,Osagaiak,1346.95,10
4286,2026-06-27,Miriam Noemí Manuel Mariscal,Asturias,RAM memoria,Osagaiak,178.25,5
4287,2025-05-23,María Dolores Anglada Armas,Cádiz,Monitorea,Periferikoak,826.49,9
4288,2024-12-28,Ambrosio del Gallego,Huelva,Sare-kablea,Sareak,1773.67,4
4289,2026-02-15,Asunción Badía López,Ciudad,Sare-kablea,Sareak,999.58,8
4290,2026-09-21,Fernanda Rosaura Franch Castells,Cuenca,Sare-kablea,Sareak,986.27,8
4291,2025-11-28,Estefanía Moya Sanmiguel,Zaragoza,Ordenagailu eramangarria,Ordenagailuak,66.77,5
4292,2025-04-04,Íñigo Cárdenas Lobato,Castellón,Sagua,Periferikoak,777.75,8
4293,2025-11-15,Desiderio Pont Pombo,Cuenca,Sare-kablea,Sareak,1727.64,10
4294,2025-12-07,Juan Antonio Tejero Villegas,Ceuta,Bideratzailea,Sareak,1959.38,2
4295,2025-05-18,Ramón Machado Baena,Zamora,SSD diskoa,Osagaiak,538.59,5
4296,2025-08-24,Bernardita Paredes Marín,Guipúzcoa,RAM memoria,Osagaiak,988.71,7
4297,2024-11-07,Dolores Seguí Cárdenas,Cuenca,Ordenagailu eramangarria,Ordenagailuak,939.4,2
4298,2025-12-13,Graciano Aguilar-Haro,Murcia,RAM memoria,Osagaiak,1149.3,4
4299,2025-07-23,María Fernanda Noemí Cardona Alfonso,Murcia,Webkamera,Periferikoak,988.58,1
4300,2025-06-12,Claudio Garriga Durán,La Coruña,Sare-kablea,Sareak,1720.78,8
4301,2026-04-11,Sabina Hierro Briones,Vizcaya,Webkamera,Periferikoak,142.66,7
4302,2025-07-17,Paulina Álamo Reina,La Coruña,RAM memoria,Osagaiak,1634.28,9
4303,2025-02-22,Azeneth de Alarcón,Burgos,Sare-kablea,Sareak,270.38,10
4304,2025-05-03,Dolores Graciana Puente Pazos,Ourense,Sare-kablea,Sareak,931.3,6
4305,2025-07-08,Samu Hurtado-Jerez,Girona,Prozesadorea,Osagaiak,275.13,8
4306,2025-01-26,Modesta de Benito,Melilla,Switch-a,Sareak,1841.32,9
4307,2025-10-17,Ruperto Cánovas Alfonso,Ciudad,Txartel grafikoa,Osagaiak,663.3,5
4308,2025-07-12,María Pilar Riquelme Ariza,Ávila,Sagua,Periferikoak,1800.27,4
4309,2026-04-20,Benita Mas Alcaraz,Baleares,Mahaigaineko ordenagailua,Ordenagailuak,1310.58,6
4310,2026-02-13,Jerónimo Rocha Villar,Ávila,Sagua,Periferikoak,988.57,10
4311,2026-05-04,Dimas del Ruano,Burgos,Prozesadorea,Osagaiak,196.7,5
4312,2026-04-28,Georgina Pineda Blanes,Teruel,Sagua,Periferikoak,1815.73,6
4313,2026-03-11,Anacleto Adrián García Bermejo,Asturias,Mini PC,Ordenagailuak,1337.62,4
4314,2026-01-03,Sarita Checa Garay,Santa Cruz de Tenerife,Txartel grafikoa,Osagaiak,761.89,6
4315,2025-08-03,Bernardo Barrio Giménez,Valencia,Webkamera,Periferikoak,936.86,3
4316,2025-04-02,Anselmo Vilalta Duran,Granada,Switch-a,Sareak,1699.42,4
4317,2026-06-25,Seve Escolano-Novoa,Barcelona,Webkamera,Periferikoak,1655.95,1
4318,2026-02-12,Anselma Hurtado,Teruel,Sare-kablea,Sareak,1633.42,2
4319,2026-03-17,Roldán Aroca-Sierra,Salamanca,Prozesadorea,Osagaiak,1035.94,6
4320,2025-06-24,Verónica de Juliá,Valladolid,Mahaigaineko ordenagailua,Ordenagailuak,1380.4,5
4321,2026-02-26,Blas Barranco Querol,Sevilla,Sare-kablea,Sareak,227.12,10
4322,2026-04-10,Concha Sabater Cortés,Ciudad,Teklatua,Periferikoak,480.15,6
4323,2025-06-27,Roberto del Linares,Navarra,Teklatua,Periferikoak,1413.41,5
4324,2024-11-07,Rosario Galvez Campos,Almería,Mahaigaineko ordenagailua,Ordenagailuak,1152.63,4
4325,2026-06-28,Noa Fabregat Amores,Ciudad,Mahaigaineko ordenagailua,Ordenagailuak,1303.93,4
4326,2026-03-22,Valerio Pont Cisneros,Guipúzcoa,SSD diskoa,Osagaiak,1579.9,6
4327,2026-08-10,Salud Coloma Vazquez,Pontevedra,Webkamera,Periferikoak,765.49,6
4328,2025-10-27,Silvestre de Herrero,Castellón,Bideratzailea,Sareak,65.74,6
4329,2026-09-02,Liliana Osuna,Navarra,Mahaigaineko ordenagailua,Ordenagailuak,1091.23,9
4330,2026-02-01,Evita Toledo-Escolano,Pontevedra,Mahaigaineko ordenagailua,Ordenagailuak,1066.25,1
4331,2025-11-07,Iris del Yáñez,La Coruña,Mini PC,Ordenagailuak,1421.93,1
4332,2026-03-28,Teófila Rivas Criado,Soria,Sare-kablea,Sareak,1316.59,1
4333,2026-07-21,Ariel Vera Salvador,Melilla,Txartel grafikoa,Osagaiak,1689.42,1
4334,2026-01-22,Jose Carlos Noguera Castañeda,Córdoba,Mahaigaineko ordenagailua,Ordenagailuak,1629.74,1
4335,2026-09-10,Luis Ángel Almansa,Córdoba,Wi-Fi egokigailua,Sareak,988.63,4
4336,2024-10-24,Maxi Régulo Jaume Leiva,Soria,Txartel grafikoa,Osagaiak,487.81,2
4337,2024-11-21,Montserrat de Carrillo,Cádiz,Bideratzailea,Sareak,1555.25,7
4338,2026-07-20,Nieves Mirta Bello Prat,Barcelona,Sare-kablea,Sareak,174.81,7
4339,2026-01-20,Jose Antonio Batalla-Andres,Tarragona,Switch-a,Sareak,714.23,8
4340,2025-07-27,Pancho Amaya Huguet,Soria,Sagua,Periferikoak,28.83,1
4341,2026-03-15,Maximino Zamorano Giralt,Ávila,Mahaigaineko ordenagailua,Ordenagailuak,329.72,1
4342,2026-05-29,Emiliana Baños Piñol,Teruel,Mini PC,Ordenagailuak,553.26,1
4343,2024-10-11,Candelario Leopoldo Gutierrez Bárcena,Madrid,Switch-a,Sareak,439.16,5
4344,2026-05-27,Enrique Sánchez-Carlos,Jaén,Bideratzailea,Sareak,1624.5,1
4345,2025-08-21,Jose Luis del Álvaro,Asturias,Wi-Fi egokigailua,Sareak,255.69,2
4346,2024-11-06,Samuel Amigó Vara,Lugo,Mini PC,Ordenagailuak,1663.68,1
4347,2026-01-15,Ana Ochoa Portillo,Lleida,Mini PC,Ordenagailuak,1786.86,7
4348,2025-10-22,Jenny Pastor Sandoval,Ceuta,Sagua,Periferikoak,821.8,8
4349,2025-12-30,Rodrigo Torrijos-Blanco,Palencia,Sagua,Periferikoak,1525.61,9
4350,2025-10-23,Estela Cámara Gaya,Murcia,Teklatua,Periferikoak,596.4,4
4351,2025-04-05,Albano Laguna,Albacete,Txartel grafikoa,Osagaiak,1743.4,1
4352,2025-01-14,Febe Nebot Juárez,Huelva,Ordenagailu eramangarria,Ordenagailuak,1668.9,10
4353,2026-05-04,Ibán Galvez Ángel,Guipúzcoa,Bideratzailea,Sareak,218.6,3
4354,2024-11-01,Lilia Céspedes Borrás,Zaragoza,RAM memoria,Osagaiak,800.28,4
4355,2025-10-26,Rosendo Jordá Alberto,Tarragona,Ordenagailu eramangarria,Ordenagailuak,224.21,6
4356,2025-05-02,Amor del Montalbán,Lugo,Ordenagailu eramangarria,Ordenagailuak,194.12,3
4357,2024-12-11,Lorena Camacho Abascal,Sevilla,Sare-kablea,Sareak,856.54,4
4358,2024-12-26,Bárbara Ripoll Tomé,Segovia,Webkamera,Periferikoak,239.9,1
4359,2026-04-05,Luna Reguera Zorrilla,Cuenca,Sare-kablea,Sareak,1516.39,2
4360,2025-09-04,Gabino del Roma,Cantabria,Webkamera,Periferikoak,602.23,6
4361,2025-05-13,Ángela Pino Tur,Zaragoza,RAM memoria,Osagaiak,1398.73,6
4362,2025-07-04,Alexandra Gomez Cuevas,Sevilla,Mahaigaineko ordenagailua,Ordenagailuak,1519.3,2
4363,2026-01-30,Valero Osorio Barrio,Zamora,Teklatua,Periferikoak,724.82,2
4364,2026-03-09,Calisto de Barco,Madrid,Sare-kablea,Sareak,314.43,10
4365,2024-11-17,Gerardo Ocaña Gras,Zaragoza,Wi-Fi egokigailua,Sareak,192.5,3
4366,2025-08-07,Paulina de Montesinos,La Coruña,Ordenagailu eramangarria,Ordenagailuak,1360.24,1
4367,2025-06-07,Miguel Yuste Garriga,Cantabria,Mahaigaineko ordenagailua,Ordenagailuak,1675.72,4
4368,2025-03-25,Lucía Barriga Yuste,León,Switch-a,Sareak,587.62,3
4369,2026-07-14,Asdrubal Rodriguez-Silva,Burgos,Teklatua,Periferikoak,1644.68,8
4370,2025-03-19,Griselda Eloísa Valero Mata,Pontevedra,Sagua,Periferikoak,291.5,9
4371,2026-03-10,Julie Amador,Palencia,SSD diskoa,Osagaiak,218.53,3
4372,2025-11-04,Dulce Zorrilla Cortes,Barcelona,Mahaigaineko ordenagailua,Ordenagailuak,981.26,4
4373,2026-06-14,Florentino Vázquez Báez,Sevilla,Mini PC,Ordenagailuak,1871.59,7
4374,2025-03-05,Eduardo Calvet Salamanca,Córdoba,Sare-kablea,Sareak,876.43,3
4375,2025-05-03,Gracia Lorena Muñoz Cardona,Palencia,RAM memoria,Osagaiak,141.61,6
4376,2025-08-26,Gilberto de Martinez,Córdoba,Mini PC,Ordenagailuak,935.3,6
4377,2025-12-24,Rosenda Sabater Juan,Teruel,Mini PC,Ordenagailuak,1960.5,8
4378,2025-07-27,Jimena del Cardona,Murcia,Switch-a,Sareak,248.22,8
4379,2024-10-27,Reina de Ferrándiz,Pontevedra,Wi-Fi egokigailua,Sareak,1112.22,3
4380,2025-06-15,Seve Samu Carrera Pombo,Sevilla,Sagua,Periferikoak,1807.46,4
4381,2024-12-11,Odalis Osorio Merino,Badajoz,Monitorea,Periferikoak,207.13,10
4382,2024-10-17,Esteban Sevillano Girón,Santa Cruz de Tenerife,Ordenagailu eramangarria,Ordenagailuak,1701.73,9
4383,2026-08-11,Loreto Ibáñez Lucena,Soria,Prozesadorea,Osagaiak,280.58,8
4384,2024-12-31,Laura Calzada Montoya,Segovia,Mini PC,Ordenagailuak,697.24,10
4385,2026-05-25,Noé Sanmartín Luján,Madrid,Mini PC,Ordenagailuak,1868.32,1
4386,2026-01-16,Régulo Cuesta Diaz,La Coruña,Mahaigaineko ordenagailua,Ordenagailuak,1700.12,10
4387,2025-05-19,Alcides Casemiro Hierro Sobrino,Córdoba,Wi-Fi egokigailua,Sareak,264.53,6
4388,2026-08-30,Adoración Domingo,Navarra,Sare-kablea,Sareak,660.53,3
4389,2024-10-25,Leonel Aguiló Patiño,Sevilla,Bideratzailea,Sareak,1772.67,9
4390,2024-09-29,Aarón de Márquez,Lleida,Mini PC,Ordenagailuak,319.69,7
4391,2025-12-27,Amancio Farré Agustín,Asturias,Bideratzailea,Sareak,1763.69,2
4392,2025-11-14,Celso Fuentes Solsona,Segovia,Sare-kablea,Sareak,347.14,6
4393,2024-11-13,Luis Miguel Barranco Salinas,Vizcaya,Sagua,Periferikoak,935.93,3
4394,2026-05-24,Encarnita Susana Cortes Rebollo,Guipúzcoa,RAM memoria,Osagaiak,632.74,3
4395,2025-02-17,Regina Torrent-Leon,Huelva,Bideratzailea,Sareak,113.78,3
4396,2026-08-11,Fidela Zamorano Varela,Lleida,RAM memoria,Osagaiak,1832.65,4
4397,2025-07-13,Moisés Villalobos,Las Palmas,Teklatua,Periferikoak,1362.76,1
4398,2025-05-16,Lara del Galiano,Tarragona,Sagua,Periferikoak,1207.52,2
4399,2026-03-03,Nayara Purificación Barberá Martorell,Las Palmas,Webkamera,Periferikoak,1164.41,3
4400,2025-02-07,Reyna África Verdejo Báez,Guipúzcoa,Mahaigaineko ordenagailua,Ordenagailuak,1893.69,2
4401,2025-11-08,Azeneth Juana Cáceres Vilanova,Guipúzcoa,Mini PC,Ordenagailuak,621.68,8
4402,2025-11-26,Sosimo Arregui Dávila,Cádiz,Webkamera,Periferikoak,714.94,9
4403,2026-09-09,Máxima Esteve Almazán,Navarra,Mini PC,Ordenagailuak,1360.2,6
4404,2026-05-02,Lucas Valenciano Machado,Valladolid,Wi-Fi egokigailua,Sareak,919.41,3
4405,2025-05-23,Trinidad Robles Vall,Tarragona,SSD diskoa,Osagaiak,874.76,1
4406,2024-12-08,Aura de Galván,Burgos,Mahaigaineko ordenagailua,Ordenagailuak,1446.23,5
4407,2026-04-19,Abilio Cerdá Ochoa,Ourense,Teklatua,Periferikoak,810.83,8
4408,2025-05-07,Rosario Rodríguez-Ayuso,Zaragoza,Txartel grafikoa,Osagaiak,1416.62,3
4409,2025-10-17,Elvira Sedano Pomares,Almería,Sagua,Periferikoak,687.56,3
4410,2026-08-14,Timoteo Barberá Arco,Ciudad,Mahaigaineko ordenagailua,Ordenagailuak,1317.58,5
4411,2025-09-27,Victor Cañizares-Arroyo,Cáceres,Ordenagailu eramangarria,Ordenagailuak,36.4,10
4412,2026-06-25,Diana Garmendia Roselló,Málaga,Sare-kablea,Sareak,779.44,8
4413,2026-03-09,Berta Mármol Verdú,Navarra,Monitorea,Periferikoak,1931.49,9
4414,2024-10-11,Rafaela Planas Lastra,Melilla,Sagua,Periferikoak,1352.51,5
4415,2024-12-14,Amancio Balaguer Echevarría,Huelva,Wi-Fi egokigailua,Sareak,834.82,5
4416,2026-06-05,Eric del Vergara,Barcelona,Monitorea,Periferikoak,1306.8,9
4417,2025-04-22,Eric Carrasco Merino,Alicante,Monitorea,Periferikoak,1369.95,7
4418,2026-04-05,Almudena Roma Nadal,Asturias,Prozesadorea,Osagaiak,1214.5,2
4419,2025-10-19,Tatiana Pascual Olivé,Ourense,SSD diskoa,Osagaiak,339.22,10
4420,2026-01-22,Vasco de Malo,Salamanca,Mini PC,Ordenagailuak,1263.58,8
4421,2024-11-22,Tito Campoy Pi,Tarragona,Mahaigaineko ordenagailua,Ordenagailuak,608.24,7
4422,2026-05-22,Matilde de Vizcaíno,Pontevedra,Ordenagailu eramangarria,Ordenagailuak,903.12,5
4423,2026-02-05,Regina Linares-Sosa,Pontevedra,RAM memoria,Osagaiak,1990.81,5
4424,2025-07-06,Luna Garay,Ávila,Sare-kablea,Sareak,1299.94,2
4425,2026-05-04,Encarnita Molina Zabaleta,Murcia,Wi-Fi egokigailua,Sareak,392.1,10
4426,2025-12-31,Primitivo Bautista Salvador,Santa Cruz de Tenerife,Bideratzailea,Sareak,1765.41,4
4427,2024-12-30,Ainara Pellicer Montalbán,Granada,Ordenagailu eramangarria,Ordenagailuak,291.8,9
4428,2026-08-01,Flor Lupita Sala Roda,Huesca,Teklatua,Periferikoak,1316.21,7
4429,2025-03-08,Lorenza Herranz Sanmartín,Badajoz,Mini PC,Ordenagailuak,1428.88,4
4430,2025-11-22,Baltasar Che Guzman Jurado,Palencia,Sagua,Periferikoak,418.22,6
4431,2026-08-29,Ernesto Olivera Montaña,Asturias,Ordenagailu eramangarria,Ordenagailuak,1573.49,3
4432,2025-04-09,Flavio Calderon,Pontevedra,Switch-a,Sareak,1058.52,4
4433,2025-09-20,Carmelo Fuertes Cabo,Córdoba,Prozesadorea,Osagaiak,270.67,2
4434,2026-08-27,Rosario Tormo Pons,Girona,Mahaigaineko ordenagailua,Ordenagailuak,430.26,5
4435,2024-09-25,Claudia Hoyos Pazos,Cuenca,Bideratzailea,Sareak,1459.51,3
4436,2024-10-21,Fito Contreras Busquets,Toledo,Bideratzailea,Sareak,555.86,4
4437,2026-06-09,Jordán Castrillo Figuerola,Málaga,Monitorea,Periferikoak,94.33,5
4438,2025-01-25,Maximiliano Cifuentes Hoyos,Girona,Webkamera,Periferikoak,319.21,5
4439,2026-07-06,Rosaura Gálvez Arroyo,Asturias,Ordenagailu eramangarria,Ordenagailuak,467.78,1
4440,2025-04-06,Zaira Cepeda,Huesca,Mini PC,Ordenagailuak,343.25,5
4441,2025-09-28,Renato Perelló Riquelme,Ceuta,Mahaigaineko ordenagailua,Ordenagailuak,754.45,7
4442,2025-09-30,Manu Barroso-Zaragoza,Navarra,SSD diskoa,Osagaiak,1813.26,10
4443,2025-04-28,Marina Arnal Arranz,Teruel,Wi-Fi egokigailua,Sareak,1005.91,4
4444,2026-07-18,Jeremías Casas Ramis,Álava,SSD diskoa,Osagaiak,25.38,5
4445,2026-07-01,Alba Calderon Sanz,Álava,Wi-Fi egokigailua,Sareak,849.86,7
4446,2026-04-17,Martirio Arias,Guadalajara,Webkamera,Periferikoak,1781.75,8
4447,2025-01-21,Espiridión Espada Arnal,Ciudad,Prozesadorea,Osagaiak,130.51,4
4448,2025-11-17,Severiano Román Soria,Valencia,Ordenagailu eramangarria,Ordenagailuak,786.97,4
4449,2025-11-29,Telmo Mascaró Colom,Burgos,Webkamera,Periferikoak,227.17,3
4450,2025-01-17,Nidia Carrillo Lerma,Teruel,RAM memoria,Osagaiak,1307.36,6
4451,2025-01-01,Rafa Costa-Donaire,Ciudad,Teklatua,Periferikoak,309.29,3
4452,2024-10-05,Claudio Castilla Salvà,Murcia,Mini PC,Ordenagailuak,1381.2,5
4453,2025-05-25,Socorro Torres-Báez,Guipúzcoa,RAM memoria,Osagaiak,1559.2,10
4454,2026-09-04,Maximino Tormo Reig,Palencia,Monitorea,Periferikoak,1836.94,9
4455,2025-07-18,Rosalía Peña Macias,Vizcaya,Webkamera,Periferikoak,943.74,6
4456,2025-06-25,Abel Fajardo-Abad,Alicante,Prozesadorea,Osagaiak,808.31,4
4457,2024-11-02,Cecilia Carro Múñiz,Lugo,Switch-a,Sareak,868.8,8
4458,2025-08-03,Blanca Manuel-Montesinos,Teruel,Txartel grafikoa,Osagaiak,1776.58,4
4459,2026-02-10,José Costa,Cuenca,Txartel grafikoa,Osagaiak,345.76,3
4460,2025-02-06,Juan Manuel Gisbert Figueras,Cantabria,SSD diskoa,Osagaiak,366.92,3
4461,2025-05-28,Guadalupe Coca Toro,Vizcaya,SSD diskoa,Osagaiak,1887.5,2
4462,2025-04-30,Fabricio Nevado Cueto,Palencia,Sagua,Periferikoak,520.47,7
4463,2026-01-30,Natalia Giménez,Tarragona,Wi-Fi egokigailua,Sareak,75.35,7
4464,2026-02-12,Nydia Cecilia Ferrándiz Segovia,Baleares,SSD diskoa,Osagaiak,1895.25,6
4465,2025-02-22,Itziar Verdugo,Zamora,Prozesadorea,Osagaiak,1502.78,1
4466,2025-03-19,Luis Miguel Leal Nieto,Huesca,Monitorea,Periferikoak,126.65,3
4467,2026-05-07,Belén Gomila Espada,Álava,Teklatua,Periferikoak,992.0,9
4468,2026-06-24,León Ruano Mateos,La Coruña,Sare-kablea,Sareak,588.59,6
4469,2026-03-20,Eloy Iborra Pedraza,Huesca,Prozesadorea,Osagaiak,1143.81,7
4470,2026-01-22,Jenaro Abascal Duque,Barcelona,SSD diskoa,Osagaiak,1649.81,5
4471,2026-04-28,Victor Manuel Pedro Padilla,Cádiz,Mini PC,Ordenagailuak,626.9,3
4472,2026-01-18,Ignacia Vera Amo,Almería,Wi-Fi egokigailua,Sareak,1169.51,5
4473,2024-10-19,Ibán Lasa,Girona,Wi-Fi egokigailua,Sareak,1560.25,3
4474,2025-08-04,Teodoro Gomila-Checa,Santa Cruz de Tenerife,Ordenagailu eramangarria,Ordenagailuak,609.28,5
4475,2026-02-13,Jorge Belda,Burgos,Mini PC,Ordenagailuak,550.24,2
4476,2025-12-12,Nicolasa Reina Huertas,Salamanca,Mini PC,Ordenagailuak,752.3,2
4477,2025-01-21,Candelas Querol Llorens,Girona,Txartel grafikoa,Osagaiak,1129.59,1
4478,2025-08-09,Ema Luján Cárdenas,Santa Cruz de Tenerife,Switch-a,Sareak,80.59,1
4479,2025-10-11,Pío Bayón Arco,Barcelona,Wi-Fi egokigailua,Sareak,1723.37,9
4480,2025-06-22,Micaela Emma Castells Calvo,Valencia,Mini PC,Ordenagailuak,992.39,10
4481,2024-10-12,Luís Baños-Ballester,León,Ordenagailu eramangarria,Ordenagailuak,1435.24,2
4482,2026-07-25,Albino Luque Galiano,Teruel,Webkamera,Periferikoak,597.7,5
4483,2024-12-27,Jenaro Arjona Llobet,Asturias,Ordenagailu eramangarria,Ordenagailuak,1644.44,6
4484,2025-03-01,Pascuala Yuste Vilanova,Navarra,Mahaigaineko ordenagailua,Ordenagailuak,84.49,7
4485,2026-04-09,Rufina Pallarès Carmona,Baleares,Mahaigaineko ordenagailua,Ordenagailuak,1074.29,6
4486,2025-05-24,Loreto Ortega Carreño,Toledo,Ordenagailu eramangarria,Ordenagailuak,1912.58,8
4487,2026-02-06,Francisco Javier Grau Pont,Badajoz,Mahaigaineko ordenagailua,Ordenagailuak,255.15,2
4488,2025-01-29,Soraya Bárcena Jaén,Valladolid,Wi-Fi egokigailua,Sareak,1267.24,5
4489,2024-10-20,Moisés Robles Morell,Santa Cruz de Tenerife,Mahaigaineko ordenagailua,Ordenagailuak,1958.89,8
4490,2026-08-16,Concepción Carrión Araujo,Cantabria,Txartel grafikoa,Osagaiak,1841.9,3
4491,2024-09-29,Felipe Antón Medina,Toledo,RAM memoria,Osagaiak,620.2,9
4492,2026-03-03,Rafael Romero Castellanos,Vizcaya,Switch-a,Sareak,1669.3,7
4493,2024-12-05,Íñigo Gámez Benavente,Vizcaya,Mini PC,Ordenagailuak,1719.34,1
4494,2026-05-09,Nilda Ligia Carbó Cózar,Teruel,Ordenagailu eramangarria,Ordenagailuak,1625.75,3
4495,2025-10-05,Tecla Maza Benítez,Teruel,SSD diskoa,Osagaiak,1280.19,6
4496,2026-01-01,Paulino Fito Arregui Comas,Las Palmas,Monitorea,Periferikoak,1325.22,8
4497,2025-10-17,Maura Prada Ruiz,Navarra,Prozesadorea,Osagaiak,1804.1,1
4498,2024-11-14,Lorenzo Cerdá Solís,Cuenca,Sagua,Periferikoak,44.94,7
4499,2025-09-02,Lorena Cruz Pol Sarabia,Málaga,Bideratzailea,Sareak,28.63,1
4500,2025-03-26,José Gisbert Palmer,Teruel,RAM memoria,Osagaiak,396.95,2
4501,2025-08-21,Amaro Escribano Ibarra,Jaén,Teklatua,Periferikoak,1702.9,7
4502,2024-10-05,Sarita Corbacho Morell,Soria,RAM memoria,Osagaiak,786.82,7
4503,2026-06-29,África del Rocha,Ávila,Ordenagailu eramangarria,Ordenagailuak,1140.34,1
4504,2025-12-24,Carolina Tejada-Portillo,Castellón,Txartel grafikoa,Osagaiak,47.99,9
4505,2025-03-09,César Olivares,La Coruña,Sare-kablea,Sareak,1443.51,8
4506,2024-09-30,Felicidad Aller Zorrilla,Segovia,Bideratzailea,Sareak,700.6,10
4507,2025-10-29,Horacio Estévez Palomo,Tarragona,Mini PC,Ordenagailuak,1214.97,9
4508,2025-06-07,Violeta Rosa Marquez,Zaragoza,Ordenagailu eramangarria,Ordenagailuak,1203.73,5
4509,2026-06-02,Curro Rios-Bastida,Almería,Mahaigaineko ordenagailua,Ordenagailuak,31.89,3
4510,2025-08-11,Luis Ángel Carpio Vargas,Valencia,Mahaigaineko ordenagailua,Ordenagailuak,1256.68,4
4511,2025-09-19,Marcos Alcaraz-Gálvez,Ávila,Sare-kablea,Sareak,911.35,10
4512,2026-09-05,Irma Ródenas Méndez,Albacete,Mini PC,Ordenagailuak,1372.5,5
4513,2026-05-19,Miguela Flor Calzada,León,SSD diskoa,Osagaiak,1325.85,3
4514,2025-12-21,Pepito Huguet Prada,Cantabria,Prozesadorea,Osagaiak,441.54,8
4515,2025-11-03,Susanita Palomino Priego,Huesca,Sagua,Periferikoak,1586.41,2
4516,2025-03-24,Elodia Franch Cerezo,Álava,Teklatua,Periferikoak,354.7,8
4517,2026-04-03,Cristóbal Ugarte Borrell,Baleares,Ordenagailu eramangarria,Ordenagailuak,515.81,3
4518,2025-09-26,Eduardo de Quirós,Pontevedra,Mini PC,Ordenagailuak,1263.3,10
4519,2025-06-04,Luna Otero,La Coruña,Sare-kablea,Sareak,177.72,1
4520,2026-06-28,Fabricio Larrañaga-Asensio,Ceuta,Wi-Fi egokigailua,Sareak,1530.85,7
4521,2025-08-06,Bernardino Domingo Solano,Barcelona,Mahaigaineko ordenagailua,Ordenagailuak,219.2,6
4522,2026-04-16,Cesar Pizarro Aliaga,Melilla,Monitorea,Periferikoak,1748.52,6
4523,2025-11-24,Paulino Molins Piñol,Córdoba,Sagua,Periferikoak,1745.24,10
4524,2026-09-08,Celestina Barroso Arnau,Ceuta,Wi-Fi egokigailua,Sareak,1144.56,7
4525,2026-04-19,Evaristo Edu Goicoechea Gomez,Ceuta,Mahaigaineko ordenagailua,Ordenagailuak,1584.82,1
4526,2025-10-02,Evelia Gisbert Solé,León,Mahaigaineko ordenagailua,Ordenagailuak,1548.27,2
4527,2026-01-14,Pedro Alcázar Alberto,Girona,RAM memoria,Osagaiak,1320.62,9
4528,2025-01-16,Eusebio Pulido,Guadalajara,Teklatua,Periferikoak,1621.2,2
4529,2025-09-18,Segismundo Zabala Rebollo,Ávila,Bideratzailea,Sareak,779.54,6
4530,2025-09-25,Patricio Menéndez Castilla,La Rioja,Wi-Fi egokigailua,Sareak,1136.16,10
4531,2025-11-04,Dionisia Arnaiz Mas,Santa Cruz de Tenerife,SSD diskoa,Osagaiak,41.88,4
4532,2025-02-12,Raúl Izaguirre,Jaén,Bideratzailea,Sareak,1076.15,5
4533,2025-12-11,Amada Cervantes Quiroga,Ceuta,Sagua,Periferikoak,1412.71,4
4534,2025-06-02,Aitor Tello,Lleida,Mini PC,Ordenagailuak,1639.13,10
4535,2026-04-28,Obdulia Valderrama,Albacete,Ordenagailu eramangarria,Ordenagailuak,740.7,9
4536,2026-07-21,Emiliano del Bejarano,Pontevedra,RAM memoria,Osagaiak,1239.82,5
4537,2025-04-11,José Manuel Gallardo Flores,Navarra,Teklatua,Periferikoak,628.83,8
4538,2025-01-07,Aitana Seco Mendez,Melilla,Sagua,Periferikoak,98.25,10
4539,2026-05-20,Moreno Baquero Salazar,León,Webkamera,Periferikoak,1780.42,6
4540,2024-10-19,Celestina Montalbán Tomé,Teruel,Ordenagailu eramangarria,Ordenagailuak,1340.28,7
4541,2025-02-23,Anabel Leon Escrivá,Lugo,Wi-Fi egokigailua,Sareak,178.45,2
4542,2026-03-14,Mario Molina Rueda,Teruel,Bideratzailea,Sareak,1318.35,9
4543,2026-08-26,Nacho Herranz-Riera,Murcia,SSD diskoa,Osagaiak,158.56,9
4544,2026-02-13,Petrona Valbuena Sáez,Almería,Txartel grafikoa,Osagaiak,144.33,7
4545,2024-11-21,Rodolfo Boix-Pina,Albacete,Mini PC,Ordenagailuak,128.7,10
4546,2025-05-21,Rosa Francisco,Pontevedra,Txartel grafikoa,Osagaiak,1702.16,8
4547,2025-12-24,Juana del Tejero,Guipúzcoa,SSD diskoa,Osagaiak,5.17,4
4548,2026-08-10,Rafaela Carrión Luna,Baleares,Sagua,Periferikoak,930.34,1
4549,2025-10-17,Hugo Palacio Rosado,Cádiz,RAM memoria,Osagaiak,1875.85,7
4550,2025-06-15,Javi Pelayo Infante,Soria,Wi-Fi egokigailua,Sareak,33.29,5
4551,2025-12-09,María Teresa Palma Mur,La Coruña,SSD diskoa,Osagaiak,1291.21,3
4552,2026-06-10,Isidoro Aragonés-Mármol,Córdoba,Mahaigaineko ordenagailua,Ordenagailuak,1777.5,6
4553,2025-12-13,Anastasio Solís Plaza,León,Prozesadorea,Osagaiak,563.3,9
4554,2026-07-16,Toribio Vives Sanmartín,Huelva,Sagua,Periferikoak,560.83,5
4555,2024-10-11,María Teresa Solano-Heredia,Granada,SSD diskoa,Osagaiak,1792.22,5
4556,2025-01-15,Sebastián Aguilera-Mata,Málaga,Mini PC,Ordenagailuak,793.89,10
4557,2025-10-22,Gracia Flores Jara,Madrid,Ordenagailu eramangarria,Ordenagailuak,634.56,8
4558,2024-12-14,Malena Sastre Ferrer,Zamora,Mini PC,Ordenagailuak,179.43,7
4559,2026-05-29,Camila Bas Torrijos,Jaén,Mahaigaineko ordenagailua,Ordenagailuak,1735.1,4
4560,2025-02-15,Agustín Paco Garriga Benet,La Coruña,Sare-kablea,Sareak,855.99,2
4561,2025-01-25,María Pilar Yáñez Rosado,La Coruña,Switch-a,Sareak,1921.94,2
4562,2025-02-02,Mariana Escudero Casas,Madrid,Txartel grafikoa,Osagaiak,1340.7,7
4563,2024-10-24,Aroa Poza Salazar,Santa Cruz de Tenerife,Wi-Fi egokigailua,Sareak,1067.85,10
4564,2025-08-25,Flavio Sastre Pellicer,Cantabria,Monitorea,Periferikoak,314.76,9
4565,2026-09-10,Ruben Fajardo Manzano,Ceuta,Mahaigaineko ordenagailua,Ordenagailuak,494.32,6
4566,2024-12-26,Jorge Sigfrido Báez Bastida,Guadalajara,Sagua,Periferikoak,1761.23,2
4567,2026-05-20,Anselma Sales Briones,León,Ordenagailu eramangarria,Ordenagailuak,895.58,8
4568,2026-09-05,Chita Sarita Caro Gallego,Zamora,Sare-kablea,Sareak,1851.38,6
4569,2025-11-02,Heraclio Marti,Huelva,SSD diskoa,Osagaiak,21.28,6
4570,2025-03-20,Saturnino Borrego Aparicio,Cáceres,SSD diskoa,Osagaiak,1946.38,7
4571,2025-05-21,Anastasia Emelina Palma Sanchez,Alicante,Switch-a,Sareak,200.89,8
4572,2025-06-14,Máxima de Pelayo,Cádiz,Ordenagailu eramangarria,Ordenagailuak,142.34,4
4573,2025-05-05,Rosaura Ferrando Prieto,Salamanca,Sagua,Periferikoak,899.64,7
4574,2025-07-27,Nicanor Fabricio Mendoza Vera,Albacete,Txartel grafikoa,Osagaiak,1911.24,3
4575,2026-06-13,Lorenzo Chaparro,Jaén,Bideratzailea,Sareak,567.17,10
4576,2025-01-09,Teresa Berta Benito Borrás,Cuenca,Webkamera,Periferikoak,542.27,6
4577,2025-08-04,Macarena Doménech Barreda,Málaga,Mahaigaineko ordenagailua,Ordenagailuak,280.15,2
4578,2026-08-04,José Mari Corbacho,Palencia,Prozesadorea,Osagaiak,219.47,1
4579,2025-12-21,Jose Ignacio Ignacio Bermúdez Royo,Toledo,Webkamera,Periferikoak,1055.4,4
4580,2025-05-08,Abraham Morillo León,Melilla,Ordenagailu eramangarria,Ordenagailuak,167.89,4
4581,2026-05-15,Curro Hernandez-Rico,Huelva,Mahaigaineko ordenagailua,Ordenagailuak,541.25,3
4582,2026-03-14,Benito Núñez Larrañaga,Salamanca,Mini PC,Ordenagailuak,1518.83,10
4583,2025-11-19,Martirio Campos Pinilla,Pontevedra,Prozesadorea,Osagaiak,486.48,5
4584,2025-09-16,Ester Castells Alfaro,Ourense,Mahaigaineko ordenagailua,Ordenagailuak,1115.81,4
4585,2024-10-12,Alba Benavente-Rivero,Badajoz,Bideratzailea,Sareak,701.84,4
4586,2024-10-07,Emelina Gallo Marí,Santa Cruz de Tenerife,Switch-a,Sareak,1346.34,10
4587,2025-02-22,Abel Riba Aragonés,Huesca,Switch-a,Sareak,690.25,1
4588,2025-03-03,Iris Duque Mendez,Zaragoza,Monitorea,Periferikoak,1225.63,1
4589,2025-07-21,Verónica del Mora,Badajoz,Webkamera,Periferikoak,1172.93,4
4590,2026-03-01,Tadeo Méndez Sanjuan,Badajoz,Prozesadorea,Osagaiak,1872.81,10
4591,2025-06-20,Ariel Abellán-Guitart,Tarragona,Txartel grafikoa,Osagaiak,1672.98,7
4592,2025-08-11,Mateo Palomino Cortina,Málaga,Wi-Fi egokigailua,Sareak,1390.64,7
4593,2025-04-02,Marcio Juliá,Palencia,Ordenagailu eramangarria,Ordenagailuak,71.65,9
4594,2025-05-20,Saturnina del Tomé,Pontevedra,Prozesadorea,Osagaiak,397.61,1
4595,2025-08-20,Remigio Blanch,Almería,SSD diskoa,Osagaiak,1985.7,9
4596,2025-11-11,Juan Antonio Galo Fuertes Barrio,Córdoba,Sare-kablea,Sareak,1945.7,2
4597,2025-03-30,Porfirio Oller Carpio,Álava,SSD diskoa,Osagaiak,122.95,2
4598,2025-03-20,Angelita Urrutia Aragonés,Alicante,Mahaigaineko ordenagailua,Ordenagailuak,1059.45,5
4599,2026-03-06,Néstor Fernandez Iglesia,Álava,Mini PC,Ordenagailuak,1198.36,6
4600,2025-05-14,Pancho del Coll,Huesca,Txartel grafikoa,Osagaiak,165.34,5
4601,2026-08-08,Macarena Salinas-Barriga,Almería,Mini PC,Ordenagailuak,395.84,3
4602,2025-05-25,Dominga Campos-Valderrama,Baleares,Ordenagailu eramangarria,Ordenagailuak,202.39,9
4603,2025-01-17,Marcelino Ramis Novoa,Soria,Txartel grafikoa,Osagaiak,1670.9,3
4604,2025-07-04,Oriana Martín Villalonga,Tarragona,Mini PC,Ordenagailuak,128.0,2
4605,2025-01-22,Damián Alsina,La Rioja,Mahaigaineko ordenagailua,Ordenagailuak,1192.48,6
4606,2025-12-24,Modesta Sobrino Hoyos,Ceuta,Sagua,Periferikoak,800.64,5
4607,2025-04-26,Epifanio Haroldo Doménech Díez,Valencia,Mahaigaineko ordenagailua,Ordenagailuak,545.84,10
4608,2025-05-11,José María Alcalde,Toledo,Mini PC,Ordenagailuak,757.0,10
4609,2025-01-20,Isaías Guardia Puerta,Guipúzcoa,Webkamera,Periferikoak,1012.22,2
4610,2026-02-17,Catalina Solera Madrid,Almería,Mahaigaineko ordenagailua,Ordenagailuak,1198.1,6
4611,2026-07-16,Liliana Blasco-Perea,Guipúzcoa,Bideratzailea,Sareak,1135.39,10
4612,2026-03-02,Carina Rodrigo Jaén,Santa Cruz de Tenerife,Monitorea,Periferikoak,292.17,2
4613,2025-02-15,Encarnación de Lamas,Segovia,Switch-a,Sareak,1165.68,1
4614,2024-10-10,Martin Benitez Segarra,Jaén,SSD diskoa,Osagaiak,1592.13,4
4615,2025-01-08,Matías Florencio Trujillo Villalobos,Ciudad,Teklatua,Periferikoak,600.46,7
4616,2026-03-04,Américo de Barrena,Cuenca,Prozesadorea,Osagaiak,454.2,1
4617,2024-12-15,Epifanio Rodrigo Mate,Cádiz,Ordenagailu eramangarria,Ordenagailuak,582.31,8
4618,2025-09-25,Teobaldo Pera Narváez,Valencia,Switch-a,Sareak,1830.61,8
4619,2026-08-12,Ignacio Baena Maza,La Coruña,Mini PC,Ordenagailuak,1919.83,8
4620,2026-02-13,Graciana Rubio Maza,Asturias,Switch-a,Sareak,717.1,8
4621,2026-04-20,María Ángeles Fortunata Sans Diez,Teruel,Sare-kablea,Sareak,394.27,10
4622,2025-09-28,Ismael Carbajo Camino,Madrid,Wi-Fi egokigailua,Sareak,102.84,6
4623,2024-12-26,Anacleto Cobo Tomás,Toledo,SSD diskoa,Osagaiak,296.16,6
4624,2025-03-14,Cruz Boada Mayo,Castellón,Prozesadorea,Osagaiak,837.9,7
4625,2026-03-17,Vanesa Natalia Soto Meléndez,La Rioja,Sare-kablea,Sareak,86.62,2
4626,2025-12-08,Roxana Murillo,Zamora,Ordenagailu eramangarria,Ordenagailuak,246.47,8
4627,2024-12-26,América Figueras-Uría,Guadalajara,Wi-Fi egokigailua,Sareak,1921.66,7
4628,2025-02-03,Berto Cruz Quintana Enríquez,Guipúzcoa,Mini PC,Ordenagailuak,1106.92,5
4629,2026-03-18,Jacinto Bayón,Lleida,Sare-kablea,Sareak,714.3,9
4630,2025-06-11,Maxi Bastida Bauzà,Melilla,Mahaigaineko ordenagailua,Ordenagailuak,1299.39,5
4631,2024-11-07,Sara Juliá Verdú,Cáceres,Mahaigaineko ordenagailua,Ordenagailuak,633.29,8
4632,2025-07-17,Amaya Macías Mendoza,Zamora,Txartel grafikoa,Osagaiak,244.15,9
4633,2025-07-18,Carla Trillo,Segovia,Ordenagailu eramangarria,Ordenagailuak,610.57,8
4634,2025-11-27,Lorenza Manzanares Perera,Lleida,Sagua,Periferikoak,1421.31,2
4635,2025-05-13,Eugenia López Carrillo,Zamora,Mahaigaineko ordenagailua,Ordenagailuak,572.8,6
4636,2026-01-20,Jessica Merche Andrés Seguí,Lugo,Webkamera,Periferikoak,1319.7,5
4637,2025-05-28,Albert Aller,Madrid,Sagua,Periferikoak,217.99,5
4638,2025-01-12,Gabino Echevarría Camps,Ourense,Mini PC,Ordenagailuak,1140.45,7
4639,2026-02-10,Amancio Pedraza-Paz,Zamora,Switch-a,Sareak,673.13,8
4640,2025-04-22,Felicidad del Montes,Segovia,Sare-kablea,Sareak,635.19,5
4641,2025-08-09,José Antonio Cepeda Correa,Cádiz,RAM memoria,Osagaiak,110.35,2
4642,2025-07-26,Graciela Arnaiz-Seco,Jaén,Mahaigaineko ordenagailua,Ordenagailuak,325.91,1
4643,2026-03-06,Joaquina Rius,Salamanca,Mahaigaineko ordenagailua,Ordenagailuak,929.29,8
4644,2025-06-23,Luciano Gómez Cuevas,Valencia,SSD diskoa,Osagaiak,803.92,10
4645,2026-04-23,Glauco Abella Rocamora,Alicante,Txartel grafikoa,Osagaiak,1835.72,7
4646,2026-01-28,Zoraida Vizcaíno Izaguirre,Sevilla,Mahaigaineko ordenagailua,Ordenagailuak,264.27,7
4647,2025-11-21,Andrés Felipe Calderón-Amores,Zamora,Sagua,Periferikoak,72.68,10
4648,2025-09-17,Eustaquio Barragán Requena,Ciudad,Switch-a,Sareak,202.46,2
4649,2025-05-11,Florina Juana Escamilla Raya,Guipúzcoa,Sare-kablea,Sareak,729.29,2
4650,2026-02-01,Elpidio Enríquez,Alicante,Webkamera,Periferikoak,1698.5,5
4651,2024-11-20,Javier Sebastián Diéguez,Burgos,Txartel grafikoa,Osagaiak,524.79,10
4652,2026-07-22,Celia Páez-Torrecilla,Cáceres,Webkamera,Periferikoak,72.1,8
4653,2026-09-12,Natividad Sanjuan García,Baleares,Bideratzailea,Sareak,135.26,1
4654,2025-01-27,Bárbara Galiano-Ávila,Huesca,Sagua,Periferikoak,307.26,8
4655,2025-05-26,Eric Zamora-Andrés,Segovia,Switch-a,Sareak,1293.23,5
4656,2025-10-30,Gloria Malena Ibáñez Redondo,Cuenca,Teklatua,Periferikoak,1901.91,3
4657,2024-12-09,Eufemia Mercader Castilla,Palencia,Switch-a,Sareak,407.84,10
4658,2024-11-03,Vicente Martorell Piquer,Valencia,Sare-kablea,Sareak,1259.95,1
4659,2025-09-04,Angelina Ayuso Comas,Sevilla,Monitorea,Periferikoak,544.37,2
4660,2026-03-31,Conrado Tovar-Sola,Cáceres,Mini PC,Ordenagailuak,1357.53,8
4661,2025-05-23,Felipe Reyes,Ciudad,Mahaigaineko ordenagailua,Ordenagailuak,1679.23,5
4662,2026-01-24,Roxana Puerta Agustí,Murcia,Wi-Fi egokigailua,Sareak,1791.11,2
4663,2026-07-21,Primitiva Pozo Gutierrez,Cádiz,Mini PC,Ordenagailuak,832.62,10
4664,2026-04-02,Santos Tur Verdugo,Baleares,Ordenagailu eramangarria,Ordenagailuak,716.77,3
4665,2025-02-01,Angélica Ramirez-Manuel,Valladolid,Switch-a,Sareak,272.77,3
4666,2025-03-23,Andrés Felipe Salazar-Murillo,Jaén,Teklatua,Periferikoak,1008.51,6
4667,2025-01-20,Tomás Pascual-Viñas,Las Palmas,Sare-kablea,Sareak,33.63,10
4668,2025-03-14,Amado José Ángel Font Ferreras,Málaga,RAM memoria,Osagaiak,808.81,2
4669,2026-05-25,Casandra Porcel-Ribera,Jaén,Teklatua,Periferikoak,1115.2,8
4670,2025-07-25,Amancio de Ayala,Zaragoza,Sagua,Periferikoak,997.46,1
4671,2026-02-11,Enrique Sosa Adán,Navarra,Prozesadorea,Osagaiak,485.28,8
4672,2025-04-05,Cándido Sureda Malo,Cádiz,Mahaigaineko ordenagailua,Ordenagailuak,1700.72,4
4673,2025-12-28,Paloma Vaquero Lopez,Córdoba,RAM memoria,Osagaiak,1026.53,3
4674,2026-03-10,Hector de Cid,Albacete,Txartel grafikoa,Osagaiak,361.65,2
4675,2025-12-14,Maxi Rico Benet,Palencia,Teklatua,Periferikoak,1233.68,9
4676,2025-04-03,Claudia Cristina Prada Elorza,Burgos,Mahaigaineko ordenagailua,Ordenagailuak,1597.38,6
4677,2025-02-06,María Cristina Jove Cerdán,Madrid,RAM memoria,Osagaiak,1637.17,8
4678,2025-02-06,Aurelio Miró Olivé,Burgos,SSD diskoa,Osagaiak,107.99,2
4679,2025-12-19,Cecilia Estevez-Salas,Huesca,Bideratzailea,Sareak,179.9,7
4680,2026-05-11,Héctor Acosta Pujol,Vizcaya,Monitorea,Periferikoak,1711.75,6
4681,2025-03-07,Imelda Rojas-Acuña,Lleida,Mahaigaineko ordenagailua,Ordenagailuak,1733.19,10
4682,2025-07-09,Wilfredo Jose Bastida Bueno,Castellón,Switch-a,Sareak,1353.0,8
4683,2025-02-12,Azahara Bonet-Jódar,Guipúzcoa,SSD diskoa,Osagaiak,1767.6,7
4684,2025-08-05,Evita Barroso,Lleida,Txartel grafikoa,Osagaiak,1333.46,6
4685,2026-08-12,Fortunata Sara Revilla Salas,Almería,Mini PC,Ordenagailuak,381.17,4
4686,2025-04-12,Lucho Pedro Olivera Calvet,Ciudad,Sare-kablea,Sareak,1370.0,5
4687,2026-07-03,Casemiro Martin-Calleja,Burgos,Txartel grafikoa,Osagaiak,409.15,8
4688,2025-09-01,Paulino Llano-Coloma,Burgos,Bideratzailea,Sareak,1761.23,5
4689,2026-08-30,Sandalio Tena Feliu,Sevilla,Prozesadorea,Osagaiak,1882.29,5
4690,2025-02-19,Eugenia Cabrero Angulo,Palencia,Wi-Fi egokigailua,Sareak,1111.3,9
4691,2024-10-04,Desiderio Diéguez,Badajoz,Teklatua,Periferikoak,616.4,4
4692,2024-11-26,Federico Roldan,Soria,Monitorea,Periferikoak,466.8,8
4693,2025-12-09,Victoriano Pintor Grau,Valladolid,Mahaigaineko ordenagailua,Ordenagailuak,539.57,2
4694,2026-06-22,Domingo Velasco,Guadalajara,Monitorea,Periferikoak,225.62,7
4695,2026-02-09,Alcides Puig Cañas,Guipúzcoa,Prozesadorea,Osagaiak,360.65,5
4696,2025-08-26,Hilda de Vilar,Las Palmas,Sagua,Periferikoak,761.37,10
4697,2024-12-10,Felipe Edelmiro Ripoll Nevado,Cantabria,RAM memoria,Osagaiak,1890.66,7
4698,2026-04-21,Josefa Manso Polo,Las Palmas,Ordenagailu eramangarria,Ordenagailuak,884.1,6
4699,2025-03-18,Nilda Aller Tomé,Jaén,Webkamera,Periferikoak,165.16,8
4700,2025-09-12,María Dolores Perera Heras,Cádiz,Teklatua,Periferikoak,933.67,10
4701,2026-06-11,María Ángeles Sanmartín Checa,León,Sagua,Periferikoak,1754.6,5
4702,2025-11-02,Mariano Ferrán Bas,Segovia,Mahaigaineko ordenagailua,Ordenagailuak,1825.56,9
4703,2025-05-10,Gabriela del Tur,Álava,Bideratzailea,Sareak,1249.18,6
4704,2025-03-23,Jaime Nadal Morera,Córdoba,Webkamera,Periferikoak,1721.13,7
4705,2025-04-27,Kike del Avilés,Pontevedra,Mahaigaineko ordenagailua,Ordenagailuak,262.48,8
4706,2025-04-17,Hortensia Barceló Mariscal,Córdoba,Sagua,Periferikoak,733.84,1
4707,2025-07-07,Nicolasa Barbero Gibert,Segovia,Monitorea,Periferikoak,333.64,9
4708,2025-02-09,Carlito Roma,Málaga,RAM memoria,Osagaiak,1835.39,4
4709,2025-10-20,María Pilar Campoy Sierra,La Rioja,Sagua,Periferikoak,1054.46,9
4710,2026-02-19,Brunilda Cifuentes-Múñiz,Ceuta,Sare-kablea,Sareak,1422.52,4
4711,2025-07-16,Leonor Caballero,Lleida,Bideratzailea,Sareak,1981.55,6
4712,2026-08-29,María Méndez Oliver,Pontevedra,SSD diskoa,Osagaiak,1899.47,1
4713,2026-01-22,María Manuela Navarro,Pontevedra,Wi-Fi egokigailua,Sareak,1107.52,4
4714,2025-12-10,Ofelia Contreras Viñas,Guadalajara,Mini PC,Ordenagailuak,1290.35,2
4715,2025-11-21,Emperatriz Zaira Gimenez Blázquez,Ourense,Bideratzailea,Sareak,544.2,2
4716,2025-03-27,Luis Miguel Querol Sevillano,Burgos,Monitorea,Periferikoak,1868.18,9
4717,2025-09-20,Fabián Alsina Pelayo,Valencia,Webkamera,Periferikoak,1308.88,8
4718,2025-02-17,Édgar Serrano-Rosa,Zaragoza,Ordenagailu eramangarria,Ordenagailuak,107.57,8
4719,2025-05-15,Lupe Anaya Prats,Vizcaya,Bideratzailea,Sareak,1277.36,1
4720,2025-01-25,Enrique del Calderon,Toledo,Bideratzailea,Sareak,561.15,2
4721,2024-10-30,Lope Cordero Chamorro,Palencia,Switch-a,Sareak,1690.4,2
4722,2025-12-19,Chuy Pagès Arribas,Zamora,Prozesadorea,Osagaiak,627.56,5
4723,2025-01-30,Amor Olivera-Pellicer,Barcelona,Switch-a,Sareak,991.64,4
4724,2025-03-27,Fabiola Tenorio Marco,Jaén,Mini PC,Ordenagailuak,584.36,3
4725,2025-03-12,Sergio Hoyos,Toledo,Sare-kablea,Sareak,706.8,10
4726,2025-02-22,Lisandro Cornelio Baena Cervera,Ávila,Ordenagailu eramangarria,Ordenagailuak,89.15,7
4727,2025-07-17,Natalio Jódar-Armengol,Huesca,Mini PC,Ordenagailuak,1529.72,4
4728,2026-08-01,Jose Carlos Tomé Ferreras,Girona,Sagua,Periferikoak,1920.96,1
4729,2024-12-14,Severo Cabo Cuervo,Zaragoza,Sare-kablea,Sareak,1378.2,7
4730,2025-11-13,Anastasio del Serra,Soria,Prozesadorea,Osagaiak,1359.3,9
4731,2025-01-14,Ángel de Pujol,Álava,Mini PC,Ordenagailuak,292.85,6
4732,2025-12-11,Dafne Pallarès Rocha,Cuenca,Bideratzailea,Sareak,1855.8,10
4733,2025-06-05,Nélida Esteban Zabala,Ciudad,Txartel grafikoa,Osagaiak,337.39,1
4734,2025-03-12,María Cobo-Barceló,Asturias,Txartel grafikoa,Osagaiak,1302.44,10
4735,2025-04-02,Marcio Arregui Alvarez,Salamanca,Mini PC,Ordenagailuak,752.98,8
4736,2025-10-09,María Manuela Hernández Nieto,Ourense,Prozesadorea,Osagaiak,55.49,8
4737,2025-03-03,Catalina Sales,Guadalajara,RAM memoria,Osagaiak,1946.97,5
4738,2026-06-13,Luis Guiomar Posada Vázquez,Ciudad,Mini PC,Ordenagailuak,746.7,6
4739,2026-03-17,Angelino Abellán Caparrós,Soria,Monitorea,Periferikoak,625.99,5
4740,2025-09-17,Abilio Salom Linares,Huesca,Teklatua,Periferikoak,1640.93,9
4741,2024-10-04,Norberto Cañizares,Badajoz,Sare-kablea,Sareak,939.42,10
4742,2024-12-30,Reinaldo Ávila-Hernando,Albacete,Ordenagailu eramangarria,Ordenagailuak,365.0,5
4743,2026-03-05,Miguel del Castro,Almería,Ordenagailu eramangarria,Ordenagailuak,1866.96,10
4744,2025-01-27,Salomé Samper Morillo,Baleares,Switch-a,Sareak,888.27,8
4745,2026-01-06,Rafaela Roldan Galán,Tarragona,Ordenagailu eramangarria,Ordenagailuak,1636.23,3
4746,2024-12-08,Inés Rueda Dávila,Cáceres,Webkamera,Periferikoak,590.53,3
4747,2026-06-08,Evaristo Pastor,Navarra,Ordenagailu eramangarria,Ordenagailuak,1313.79,6
4748,2026-08-08,Candela Bartolomé Donoso,Pontevedra,Bideratzailea,Sareak,1199.93,10
4749,2026-06-24,Remigio Martín Valentín,Castellón,Webkamera,Periferikoak,880.25,8
4750,2025-06-05,Emelina Verdejo Otero,Granada,Txartel grafikoa,Osagaiak,899.53,10
4751,2026-07-12,Nicolasa Valdés Torre,Guadalajara,Teklatua,Periferikoak,1153.52,6
4752,2025-07-10,Pastora Remedios Reyes Losada,Asturias,Ordenagailu eramangarria,Ordenagailuak,771.74,1
4753,2025-12-17,Haydée Vaquero Sastre,Granada,Sagua,Periferikoak,874.33,7
4754,2025-12-18,Teobaldo Arévalo Marí,La Rioja,Bideratzailea,Sareak,1423.8,7
4755,2025-09-29,José Antonio Pera Angulo,Badajoz,Txartel grafikoa,Osagaiak,296.97,8
4756,2024-09-24,Alberto Cruz Escribano,Cádiz,Teklatua,Periferikoak,382.98,4
4757,2025-01-29,Eligio Pancho Piña Cañizares,Jaén,Ordenagailu eramangarria,Ordenagailuak,668.92,2
4758,2025-10-02,Manolo Soto-Bravo,Sevilla,Teklatua,Periferikoak,274.86,10
4759,2025-04-13,María Belén de Millán,Santa Cruz de Tenerife,Sagua,Periferikoak,683.64,5
4760,2025-08-06,Consuelo Olivé Nicolás,Barcelona,Mini PC,Ordenagailuak,1470.6,6
4761,2024-12-27,Lucho Arregui Bastida,Madrid,Mini PC,Ordenagailuak,623.96,10
4762,2025-03-25,Benjamín Bernad Madrigal,Ciudad,Switch-a,Sareak,872.3,10
4763,2026-08-03,Fausto Acedo Luján,Pontevedra,Mahaigaineko ordenagailua,Ordenagailuak,1305.13,10
4764,2026-07-12,Américo Anaya-Paredes,Huesca,Switch-a,Sareak,541.86,5
4765,2025-12-06,Cesar Borrell-Alegre,Cáceres,Teklatua,Periferikoak,1389.65,5
4766,2026-06-25,Leandro Ramírez Montes,Ourense,Ordenagailu eramangarria,Ordenagailuak,1711.59,9
4767,2025-01-29,Alexandra Perea Mercader,Guipúzcoa,Bideratzailea,Sareak,1246.6,10
4768,2025-08-24,Purificación Solano Abril,Zamora,Txartel grafikoa,Osagaiak,1351.3,7
4769,2026-07-18,Maristela Llorens Capdevila,Valladolid,Mahaigaineko ordenagailua,Ordenagailuak,1676.12,3
4770,2026-04-22,Clara del Millán,Palencia,Monitorea,Periferikoak,1107.2,8
4771,2026-03-16,Marisela Catalá Cerezo,Pontevedra,Bideratzailea,Sareak,1685.47,7
4772,2025-12-04,Vicenta Almansa Zabaleta,Madrid,Webkamera,Periferikoak,259.2,1
4773,2026-02-25,Ruth Benítez Cervantes,Salamanca,SSD diskoa,Osagaiak,753.75,7
4774,2025-05-26,Clarisa Julián Jurado,Navarra,Mahaigaineko ordenagailua,Ordenagailuak,1904.81,7
4775,2025-02-20,Margarita Vigil Leiva,Ciudad,Txartel grafikoa,Osagaiak,1828.9,9
4776,2026-06-21,Lisandro Villalobos Borrego,Baleares,Switch-a,Sareak,483.6,10
4777,2026-06-26,Cristóbal Franch Burgos,Ciudad,Sagua,Periferikoak,569.1,8
4778,2026-01-25,Camilo Tovar Vaquero,Vizcaya,Mini PC,Ordenagailuak,857.3,4
4779,2026-04-01,Mireia Almudena Vila Bayona,Soria,Switch-a,Sareak,358.94,1
4780,2025-02-03,Ezequiel Luján Vives,Sevilla,RAM memoria,Osagaiak,1769.4,2
4781,2025-10-04,Ariel del Jaume,Lugo,Bideratzailea,Sareak,1649.97,1
4782,2026-09-03,María Ángeles Alegria Alcolea,Málaga,Monitorea,Periferikoak,341.17,5
4783,2025-09-22,Julián Godoy Bustos,Madrid,Mahaigaineko ordenagailua,Ordenagailuak,1389.35,4
4784,2024-10-19,Simón Noguera Suárez,Guipúzcoa,Teklatua,Periferikoak,1024.28,4
4785,2026-07-28,Aurora Guerrero,Málaga,RAM memoria,Osagaiak,1561.2,1
4786,2025-12-26,Tatiana Costa Torrecilla,Navarra,Mahaigaineko ordenagailua,Ordenagailuak,594.51,3
4787,2024-11-30,Adelia Baeza Rincón,Alicante,Mini PC,Ordenagailuak,285.13,3
4788,2024-10-01,Iris Luís Nebot,Jaén,Sagua,Periferikoak,1701.73,3
4789,2026-03-30,Vicente del Arranz,Badajoz,Ordenagailu eramangarria,Ordenagailuak,559.32,10
4790,2025-10-24,Eugenia Amores-Cazorla,Melilla,Wi-Fi egokigailua,Sareak,1046.74,10
4791,2025-06-10,Eligia Saavedra-Chico,Girona,Webkamera,Periferikoak,1730.18,1
4792,2025-09-16,Bernardino Norberto Campos Samper,La Rioja,Sagua,Periferikoak,1170.32,10
4793,2026-08-12,Eufemia Cabrero Luque,Córdoba,Mahaigaineko ordenagailua,Ordenagailuak,866.88,6
4794,2025-05-07,Sabas Manzano Monreal,Guadalajara,Switch-a,Sareak,1445.65,9
4795,2025-04-29,Teresa Alemany Grande,Córdoba,Switch-a,Sareak,173.6,9
4796,2025-01-15,Marc de Goicoechea,Tarragona,Webkamera,Periferikoak,701.33,9
4797,2025-12-17,Julieta Tomás Cazorla,Valencia,Prozesadorea,Osagaiak,746.32,3
4798,2025-03-30,Federico Abellán Frutos,Cuenca,Prozesadorea,Osagaiak,386.36,8
4799,2025-02-02,Zaira Coll Arranz,Granada,Prozesadorea,Osagaiak,1232.61,6
4800,2026-05-17,Nicolás Azorin Román,Cáceres,RAM memoria,Osagaiak,1225.77,9
4801,2026-08-09,Daniel Peralta,Badajoz,Bideratzailea,Sareak,1092.43,9
4802,2026-08-31,Flavia Palacio Escobar,Ceuta,RAM memoria,Osagaiak,1945.11,9
4803,2026-05-01,Vanesa Cabo Barrera,Valladolid,Teklatua,Periferikoak,1085.15,2
4804,2025-02-03,Jose Ramón Gutierrez Machado,Vizcaya,Teklatua,Periferikoak,848.32,4
4805,2026-01-17,Petrona Montaña-Nicolás,Zaragoza,SSD diskoa,Osagaiak,405.24,5
4806,2026-02-25,Isidora Belen Alberola León,Ourense,Switch-a,Sareak,384.37,3
4807,2026-04-12,Toribio Amat Berrocal,Ceuta,Teklatua,Periferikoak,775.24,4
4808,2025-04-26,Abel del Donaire,Córdoba,Txartel grafikoa,Osagaiak,1034.3,10
4809,2026-07-29,Victorino Cerdá Blanes,Huesca,Mahaigaineko ordenagailua,Ordenagailuak,1273.69,10
4810,2026-08-07,Amador Collado Mateos,Ourense,Switch-a,Sareak,969.97,3
4811,2025-04-24,Fernanda Carmen Arcos Saez,Ourense,Teklatua,Periferikoak,733.18,9
4812,2024-11-25,Jordana Ureña-Velázquez,Badajoz,Txartel grafikoa,Osagaiak,835.45,1
4813,2026-06-27,Amancio Perales Llorente,Albacete,Ordenagailu eramangarria,Ordenagailuak,960.56,7
4814,2024-12-18,Dan Cabanillas Porcel,Guipúzcoa,Mahaigaineko ordenagailua,Ordenagailuak,758.11,1
4815,2024-10-08,Teodora Reig Oller,Granada,Ordenagailu eramangarria,Ordenagailuak,1204.99,8
4816,2025-10-29,Micaela Bou Leon,Málaga,Prozesadorea,Osagaiak,1778.49,4
4817,2026-07-31,Chucho Bermejo Cuenca,La Rioja,Ordenagailu eramangarria,Ordenagailuak,1752.6,3
4818,2026-05-19,Buenaventura Vázquez Angulo,Valladolid,Teklatua,Periferikoak,112.19,7
4819,2025-03-12,Gerardo Arco Pla,Soria,SSD diskoa,Osagaiak,1145.92,3
4820,2025-01-18,Lucio Cuesta Moreno,Zaragoza,Webkamera,Periferikoak,694.96,5
4821,2025-06-25,Inocencio Briones Martinez,Huelva,Bideratzailea,Sareak,427.49,6
4822,2025-06-10,Cebrián Sigfrido Frías Sainz,Córdoba,Txartel grafikoa,Osagaiak,873.57,7
4823,2025-01-24,Gema Benavent Ureña,Segovia,Txartel grafikoa,Osagaiak,1209.1,5
4824,2026-09-20,Carina Clavero Mariscal,Tarragona,Teklatua,Periferikoak,742.76,7
4825,2026-09-02,Gervasio Malo Sandoval,Jaén,Monitorea,Periferikoak,474.61,2
4826,2024-10-23,Espiridión Vidal,Ceuta,Bideratzailea,Sareak,227.54,1
4827,2025-06-05,Custodia Pellicer Esteve,Badajoz,Mini PC,Ordenagailuak,1314.93,6
4828,2026-05-09,Abilio Bueno-Olivera,Soria,Monitorea,Periferikoak,442.81,8
4829,2026-02-19,Socorro Amor Vigil,Guipúzcoa,Mini PC,Ordenagailuak,1476.95,6
4830,2026-09-13,Ignacio del Montes,Santa Cruz de Tenerife,Webkamera,Periferikoak,769.97,10
4831,2025-11-17,Dorita Cañas Olmedo,Cáceres,Bideratzailea,Sareak,1502.98,5
4832,2025-07-01,Sabas Tejada Morera,Málaga,SSD diskoa,Osagaiak,1203.63,9
4833,2024-11-08,Lourdes Rosa Teruel,Valladolid,Monitorea,Periferikoak,481.7,9
4834,2025-05-25,Lalo Quintero Saavedra,Huesca,Ordenagailu eramangarria,Ordenagailuak,225.77,4
4835,2026-05-03,Juliana Belda Cortes,Guipúzcoa,RAM memoria,Osagaiak,448.56,2
4836,2026-06-26,Prudencio Pedro Pol,Guadalajara,Ordenagailu eramangarria,Ordenagailuak,1646.98,9
4837,2025-06-07,Gervasio Frías Escrivá,Ourense,Switch-a,Sareak,775.9,4
4838,2024-11-10,Sancho Herminio Llanos Campoy,Cáceres,Mini PC,Ordenagailuak,1160.84,5
4839,2026-01-17,Ignacio Ureña,Melilla,Ordenagailu eramangarria,Ordenagailuak,798.72,4
4840,2026-02-23,Violeta Larrea,Asturias,Prozesadorea,Osagaiak,939.9,4
4841,2026-03-25,Albina Segura Cadenas,La Rioja,Mahaigaineko ordenagailua,Ordenagailuak,1215.7,9
4842,2025-09-06,Jordán de Camacho,Zaragoza,Switch-a,Sareak,921.44,10
4843,2025-09-16,Ángeles Arévalo Blasco,Albacete,Txartel grafikoa,Osagaiak,1310.77,8
4844,2025-04-25,Manuel Sevilla Ballesteros,Málaga,Switch-a,Sareak,275.47,7
4845,2026-03-20,Lalo Aguirre Pina,Álava,Wi-Fi egokigailua,Sareak,1615.31,8
4846,2024-09-28,Severino Almansa Cabrera,Burgos,Ordenagailu eramangarria,Ordenagailuak,276.92,2
4847,2026-02-18,Saturnina de Arnaiz,Badajoz,Prozesadorea,Osagaiak,254.9,9
4848,2026-03-13,Chelo Leiva-Caparrós,Zamora,Mahaigaineko ordenagailua,Ordenagailuak,1880.59,7
4849,2026-06-01,Simón Canet Lucena,Ávila,Bideratzailea,Sareak,1625.99,7
4850,2026-05-27,Brígida de Parejo,Ourense,Txartel grafikoa,Osagaiak,531.98,3
4851,2025-09-29,Azucena Roselló Salmerón,Badajoz,Teklatua,Periferikoak,1844.62,1
4852,2026-05-10,Teófilo Mata-Portero,Guadalajara,Prozesadorea,Osagaiak,1995.2,5
4853,2026-07-13,Telmo Villegas Cifuentes,Zaragoza,SSD diskoa,Osagaiak,1308.67,1
4854,2026-02-13,María Pilar Mulet Abril,Girona,Sagua,Periferikoak,1988.32,3
4855,2025-02-28,Carmina Gordillo Carlos,Santa Cruz de Tenerife,Wi-Fi egokigailua,Sareak,593.64,8
4856,2026-08-13,Carmelo Abril,Albacete,Sare-kablea,Sareak,189.88,4
4857,2024-10-04,Roque Zamora Ribes,Las Palmas,Txartel grafikoa,Osagaiak,578.39,9
4858,2025-01-31,Manola Alba Valenzuela,Salamanca,Prozesadorea,Osagaiak,94.38,10
4859,2025-03-11,Zoraida Pomares-Rincón,León,Sare-kablea,Sareak,362.72,7
4860,2025-12-29,Susana Irma Mesa Becerra,Córdoba,Mini PC,Ordenagailuak,1014.15,7
4861,2026-05-16,Eugenia Teresa Jimenez Montes,Toledo,Monitorea,Periferikoak,1867.52,6
4862,2025-08-27,Donato Sanjuan Cantero,Cantabria,Wi-Fi egokigailua,Sareak,347.59,9
4863,2025-12-31,Juan Bautista Simó Garrido,Zamora,RAM memoria,Osagaiak,1655.59,7
4864,2026-08-26,Reyes Mancebo-Castellanos,Granada,Wi-Fi egokigailua,Sareak,882.88,5
4865,2025-12-26,Ciríaco Andrés Anaya,Segovia,Teklatua,Periferikoak,1745.38,4
4866,2025-07-24,Emilia Palomar-Fortuny,Castellón,Switch-a,Sareak,514.39,6
4867,2025-03-02,Hilda Villa Cáceres,Vizcaya,Txartel grafikoa,Osagaiak,1676.46,8
4868,2025-05-03,Nazaret Adadia Giner,Baleares,Sagua,Periferikoak,481.81,8
4869,2024-11-16,Angélica Ximena Pavón Saura,Álava,Bideratzailea,Sareak,1877.39,2
4870,2026-07-31,Pilar Álvaro Campoy,Burgos,Ordenagailu eramangarria,Ordenagailuak,146.45,4
4871,2025-01-19,Basilio Palma Sevillano,Guipúzcoa,Teklatua,Periferikoak,1186.99,2
4872,2025-02-18,Jacinta Vanesa Pastor Alsina,León,Switch-a,Sareak,252.47,2
4873,2026-01-15,Manuela Saturnina Bru Barrios,Segovia,Mini PC,Ordenagailuak,1755.33,5
4874,2024-10-05,Jeremías Torrents Gomis,Valladolid,Prozesadorea,Osagaiak,1392.48,6
4875,2025-11-11,Jacinto Rey Fabregat,Santa Cruz de Tenerife,Switch-a,Sareak,788.25,3
4876,2026-05-08,Paz Gonzalo Cabrera,Granada,Switch-a,Sareak,167.95,1
4877,2025-05-29,Lidia Teresa Tamarit Bermudez,Badajoz,Wi-Fi egokigailua,Sareak,1746.23,7
4878,2024-12-30,Albino del Jimenez,Baleares,Monitorea,Periferikoak,1931.25,9
4879,2026-05-25,Trini Barroso,Madrid,SSD diskoa,Osagaiak,1456.92,3
4880,2026-07-19,Gaspar Luís Sánchez,Ciudad,Monitorea,Periferikoak,1005.43,3
4881,2026-05-01,Máximo Mayoral Múgica,Ourense,Switch-a,Sareak,388.36,6
4882,2026-02-11,Prudencio Losa Cordero,Albacete,Teklatua,Periferikoak,235.38,10
4883,2024-12-19,Itziar Zurita Montoya,Huesca,Switch-a,Sareak,1163.94,1
4884,2025-08-11,Magdalena Fortunata Planas Castellanos,Pontevedra,Sagua,Periferikoak,1744.27,4
4885,2026-05-01,Alcides Castell Olivares,Cantabria,Monitorea,Periferikoak,1767.84,3
4886,2025-07-13,Javi Torrent,Badajoz,Sagua,Periferikoak,1678.45,3
4887,2025-06-15,Roxana Antón Casado,Badajoz,Teklatua,Periferikoak,133.56,6
4888,2025-09-17,Germán Ferrández,Burgos,Mahaigaineko ordenagailua,Ordenagailuak,1709.72,3
4889,2025-05-27,Inés Mendizábal Merino,Navarra,Mahaigaineko ordenagailua,Ordenagailuak,1819.7,8
4890,2025-08-24,David Morales Garriga,Tarragona,Mini PC,Ordenagailuak,1056.87,10
4891,2026-07-22,Rita Lopez Dávila,Las Palmas,Ordenagailu eramangarria,Ordenagailuak,1482.61,4
4892,2026-04-20,Nicodemo Franch,Las Palmas,Bideratzailea,Sareak,1576.19,1
4893,2026-08-06,Nadia Tamarit Marcos,Sevilla,Txartel grafikoa,Osagaiak,990.42,2
4894,2025-03-05,Rosa Cerro Arévalo,Valencia,Monitorea,Periferikoak,78.49,7
4895,2026-02-05,Quique Mir Priego,Ourense,Mahaigaineko ordenagailua,Ordenagailuak,601.1,7
4896,2026-05-16,Cristian de Blanes,Guadalajara,Webkamera,Periferikoak,1554.81,9
4897,2025-05-09,Che Pombo Casares,Melilla,Teklatua,Periferikoak,810.91,1
4898,2026-03-25,Diana Doménech Gual,Valencia,Prozesadorea,Osagaiak,1131.41,3
4899,2025-12-02,Ignacio Pablo Pujol,Cantabria,Prozesadorea,Osagaiak,1718.56,4
4900,2024-11-20,José Mari Espiridión Montoya Lillo,Cantabria,Bideratzailea,Sareak,13.59,5
4901,2026-05-11,Paz Torres Somoza,Baleares,Monitorea,Periferikoak,1845.53,6
4902,2025-09-25,Herberto Hidalgo Fonseca,Huesca,Ordenagailu eramangarria,Ordenagailuak,1764.31,7
4903,2024-10-23,Paulina Osuna Sierra,La Coruña,Prozesadorea,Osagaiak,933.7,3
4904,2024-10-10,Inmaculada Roldan Arribas,Ourense,Monitorea,Periferikoak,44.65,6
4905,2025-08-01,Humberto Vilalta Redondo,Huelva,RAM memoria,Osagaiak,283.49,5
4906,2025-04-09,Moreno Jover Baró,Soria,Wi-Fi egokigailua,Sareak,33.86,5
4907,2025-11-13,Elodia Villa,Guadalajara,Txartel grafikoa,Osagaiak,107.0,1
4908,2025-11-01,Abraham Vilanova Torrents,Jaén,Mini PC,Ordenagailuak,448.67,9
4909,2025-11-30,Melania Codina-Tapia,Ourense,Ordenagailu eramangarria,Ordenagailuak,1041.75,10
4910,2025-11-06,Marcos Tejedor Castells,La Rioja,SSD diskoa,Osagaiak,10.12,9
4911,2025-08-29,Jessica Robledo Aguiló,Málaga,Ordenagailu eramangarria,Ordenagailuak,1981.66,7
4912,2026-02-05,Pilar Casares Cases,Barcelona,Wi-Fi egokigailua,Sareak,1227.11,6
4913,2026-02-06,Coral Carla Vicens Campo,Las Palmas,SSD diskoa,Osagaiak,1630.95,2
4914,2026-08-17,Antonio Fábregas,Salamanca,Sare-kablea,Sareak,1849.37,10
4915,2024-12-17,Bernardita Torrijos Roldan,Zamora,SSD diskoa,Osagaiak,706.78,4
4916,2025-07-29,Ana Belén Buendía Villena,Guadalajara,Sare-kablea,Sareak,1548.54,6
4917,2025-06-30,Aura Jessica Doménech Somoza,Vizcaya,Mahaigaineko ordenagailua,Ordenagailuak,520.68,4
4918,2025-01-27,Toño Ferrero Madrigal,Ceuta,Wi-Fi egokigailua,Sareak,53.24,4
4919,2025-07-14,Esperanza Ricart Vazquez,Guadalajara,Webkamera,Periferikoak,622.82,5
4920,2026-02-16,Paulino Edmundo Cisneros Cardona,Castellón,Switch-a,Sareak,221.97,3
4921,2026-07-17,Macaria Tovar,Cuenca,Teklatua,Periferikoak,1847.99,6
4922,2025-03-02,Francisco Batalla Galiano,Valladolid,Mini PC,Ordenagailuak,781.47,1
4923,2025-05-17,María Teresa Romeu Gilabert,Zamora,Wi-Fi egokigailua,Sareak,605.61,8
4924,2025-03-09,Celestino Nicolás Gómez,Córdoba,Ordenagailu eramangarria,Ordenagailuak,57.54,6
4925,2026-05-20,Marcos Salinas Robles,Huesca,Sare-kablea,Sareak,1570.2,1
4926,2026-05-14,Toribio Guzman Guijarro,Jaén,Sare-kablea,Sareak,1755.87,8
4927,2025-03-29,Ale Infante Franco,Baleares,Bideratzailea,Sareak,1069.23,1
4928,2025-03-02,Alejandro Higueras-Naranjo,Lugo,Mini PC,Ordenagailuak,1406.14,8
4929,2026-02-07,Saturnino Baena Galván,Sevilla,Prozesadorea,Osagaiak,900.5,7
4930,2026-07-13,Ariadna Valls Lasa,Málaga,Webkamera,Periferikoak,1471.82,10
4931,2025-10-12,Encarnacion Olmo,Salamanca,Wi-Fi egokigailua,Sareak,957.89,10
4932,2024-11-25,Ulises Marcelino Bolaños Sedano,La Rioja,Bideratzailea,Sareak,1330.78,1
4933,2025-11-27,Salomón Gomis Pablo,Albacete,Switch-a,Sareak,1947.17,8
4934,2025-07-07,Macarena Zapata Mata,Albacete,Bideratzailea,Sareak,473.23,7
4935,2024-11-07,Amador del Chaves,Badajoz,Teklatua,Periferikoak,563.96,3
4936,2026-03-14,Florentina Bustamante Gisbert,Guipúzcoa,Ordenagailu eramangarria,Ordenagailuak,1723.72,5
4937,2025-09-06,Edelmiro Rios Bejarano,Murcia,Monitorea,Periferikoak,1615.8,10
4938,2026-03-29,Judith Balaguer-Mascaró,Castellón,Txartel grafikoa,Osagaiak,1116.56,7
4939,2025-01-06,Jacinta Reina-Tudela,Burgos,Ordenagailu eramangarria,Ordenagailuak,1950.81,4
4940,2025-05-01,Graciana Bayo Lozano,Baleares,Monitorea,Periferikoak,1522.25,9
4941,2026-02-05,León Sergio Pareja Hierro,Cádiz,Prozesadorea,Osagaiak,70.66,6
4942,2025-05-09,Toño Echevarría Losa,Soria,Mahaigaineko ordenagailua,Ordenagailuak,70.27,7
4943,2025-02-04,Sabas del Hurtado,Asturias,Sagua,Periferikoak,617.81,3
4944,2024-11-08,Beatriz Vila Toledo,Cáceres,Teklatua,Periferikoak,1560.61,8
4945,2026-03-09,Carmen Ariel Arana Calleja,Barcelona,Webkamera,Periferikoak,1832.34,9
4946,2024-11-22,Virginia Bolaños Tenorio,Albacete,Txartel grafikoa,Osagaiak,1405.72,7
4947,2024-11-21,Emigdio Barrena Llobet,Ávila,Txartel grafikoa,Osagaiak,1436.82,6
4948,2025-12-13,Carlota Teruel Briones,Huelva,Mahaigaineko ordenagailua,Ordenagailuak,110.54,6
4949,2026-04-15,Candelas Gargallo Sala,Tarragona,Sare-kablea,Sareak,952.12,8
4950,2025-01-31,Marta Ferrero-Boix,Jaén,Mini PC,Ordenagailuak,1526.61,1
4951,2026-01-01,Bernardo Donoso Ródenas,Vizcaya,Switch-a,Sareak,1513.35,5
4952,2025-02-04,Susana Manrique,Álava,Teklatua,Periferikoak,454.77,9
4953,2025-09-24,Humberto Madrid Roda,Ourense,Wi-Fi egokigailua,Sareak,1515.76,2
4954,2025-10-25,Marcelo Máximo Vicente Torrecilla,Pontevedra,Switch-a,Sareak,1436.22,1
4955,2026-03-04,Celso Pineda Quevedo,Albacete,RAM memoria,Osagaiak,968.46,6
4956,2025-10-16,Fernando Jose Antonio Pomares Morata,Álava,Switch-a,Sareak,538.95,7
4957,2025-02-20,Aurelia Girón,Burgos,Sagua,Periferikoak,713.58,6
4958,2025-03-31,Ceferino Robles Pozuelo,Valladolid,Ordenagailu eramangarria,Ordenagailuak,1422.47,1
4959,2026-05-28,Flora Salcedo Guerra,Girona,Sagua,Periferikoak,1355.54,7
4960,2025-01-08,Jose Luis Ríos-Romero,Cantabria,RAM memoria,Osagaiak,1654.87,9
4961,2025-09-10,Américo Avilés Cobos,Guadalajara,Mini PC,Ordenagailuak,1587.91,9
4962,2025-04-11,Morena Heras Porcel,Pontevedra,Switch-a,Sareak,1352.96,4
4963,2025-03-22,Porfirio Ferrández,Las Palmas,RAM memoria,Osagaiak,1134.92,7
4964,2025-06-03,Jacobo Gallo Roura,Jaén,SSD diskoa,Osagaiak,374.95,3
4965,2025-05-24,Roxana Gutiérrez Tena,Ceuta,SSD diskoa,Osagaiak,277.14,10
4966,2025-06-26,Dominga Quintero,Sevilla,Ordenagailu eramangarria,Ordenagailuak,1908.26,5
4967,2025-12-01,Paola Felicia Barceló Prat,Burgos,RAM memoria,Osagaiak,841.84,7
4968,2025-10-19,Jafet Quintero Sacristán,Valencia,Txartel grafikoa,Osagaiak,1656.99,9
4969,2026-08-27,Pascual del Benet,Pontevedra,Bideratzailea,Sareak,739.83,10
4970,2025-04-05,Leyre Goñi Gaya,Huesca,Switch-a,Sareak,1422.62,5
4971,2026-01-25,Eduardo Checa Pons,Almería,Mini PC,Ordenagailuak,487.3,3
4972,2026-09-12,Leticia Expósito Porras,Badajoz,Monitorea,Periferikoak,1602.77,2
4973,2026-03-28,Curro Cid Mascaró,La Coruña,Switch-a,Sareak,1939.46,8
4974,2025-04-05,Susana Frías Olivé,Valladolid,RAM memoria,Osagaiak,1659.5,9
4975,2024-10-19,Berta Martínez González,Melilla,Teklatua,Periferikoak,60.74,10
4976,2025-08-06,Candelaria Leal-Millán,Guadalajara,Bideratzailea,Sareak,1789.34,10
4977,2025-05-08,Piedad Godoy Ochoa,Huesca,Mahaigaineko ordenagailua,Ordenagailuak,467.36,6
4978,2026-09-17,Martin Lorenzo Pou Cabrera,Madrid,Txartel grafikoa,Osagaiak,1482.73,10
4979,2025-08-23,Cecilio Cid Román,Jaén,Bideratzailea,Sareak,1553.41,4
4980,2026-08-18,Candelario Valdés Alba,Lleida,SSD diskoa,Osagaiak,1524.7,8
4981,2026-05-04,José Ramona Rueda Hervia,Guadalajara,Bideratzailea,Sareak,521.45,4
4982,2026-01-10,Bautista Royo Villalobos,Burgos,Bideratzailea,Sareak,1024.43,1
4983,2024-10-12,Tecla Regina Berrocal Oliveras,Melilla,Mahaigaineko ordenagailua,Ordenagailuak,1905.72,4
4984,2026-06-17,Eduardo Montalbán-Pagès,Guipúzcoa,RAM memoria,Osagaiak,439.23,3
4985,2025-05-03,María Luisa del Losa,Cantabria,Mini PC,Ordenagailuak,1646.99,10
4986,2026-01-15,Gracia Flor Gallardo,Ciudad,Teklatua,Periferikoak,653.55,10
4987,2025-11-26,Jose Angel Alcalde Olmedo,Pontevedra,Monitorea,Periferikoak,1455.8,1
4988,2026-05-17,Hernán Caparrós,Zaragoza,Switch-a,Sareak,1067.62,5
4989,2026-02-20,Miriam Carbajo,Lleida,Ordenagailu eramangarria,Ordenagailuak,55.87,7
4990,2026-05-24,Andrés Llorens Miralles,Murcia,Txartel grafikoa,Osagaiak,1826.66,10
4991,2024-12-31,Custodia Aguilera-Exposito,Almería,Wi-Fi egokigailua,Sareak,300.9,9
4992,2024-10-28,Teresa Azorin Falcó,Ourense,Teklatua,Periferikoak,311.83,7
4993,2025-04-03,Felicidad del Moreno,Salamanca,Mini PC,Ordenagailuak,144.7,5
4994,2026-08-26,Trinidad Dalila Roman Osuna,Lleida,Teklatua,Periferikoak,1279.98,3
4995,2026-01-05,Olegario Peralta Izaguirre,Granada,Sare-kablea,Sareak,80.43,7
4996,2025-01-13,Timoteo Arévalo Pera,Álava,Wi-Fi egokigailua,Sareak,562.8,7
4997,2025-06-14,Bruno Giner Nadal,La Rioja,Mahaigaineko ordenagailua,Ordenagailuak,1291.47,7
4998,2026-05-27,Albina Oller Almansa,Segovia,Wi-Fi egokigailua,Sareak,1430.58,7
4999,2025-09-12,Cloe Tamayo-Ibarra,Pontevedra,Monitorea,Periferikoak,1003.34,4
5000,2025-01-12,Soledad Arnaiz-Farré,Burgos,Bideratzailea,Sareak,1426.98,10
5001,2026-05-06,Manu Casanovas Amores,Lleida,Sare-kablea,Sareak,1861.34,8
5002,2026-07-19,Ciro Edgardo Goñi Diéguez,Badajoz,Ordenagailu eramangarria,Ordenagailuak,1670.8,10
5003,2024-12-28,Rafaela Cañellas Guitart,León,Ordenagailu eramangarria,Ordenagailuak,1300.7,2
5004,2026-08-17,Abraham de Cabañas,Huesca,RAM memoria,Osagaiak,516.62,9
5005,2025-02-22,Concha Ferrández Escrivá,Córdoba,Mini PC,Ordenagailuak,319.46,7
5006,2025-07-15,Georgina del Aragón,Navarra,Teklatua,Periferikoak,69.6,6
5007,2026-07-28,Lalo Carmona,Lugo,Monitorea,Periferikoak,1776.6,2
5008,2025-04-08,Noemí del Santiago,Navarra,Teklatua,Periferikoak,1973.61,8
5009,2025-12-20,Salomón Luján Vizcaíno,Huelva,Teklatua,Periferikoak,1961.37,5
5010,2025-07-17,Máxima Martirio Nogueira Iriarte,Lleida,Bideratzailea,Sareak,77.0,7
5011,2025-07-23,Xavier Priego Portillo,Murcia,Monitorea,Periferikoak,599.4,6
5012,2026-04-14,Constanza Valenciano Valderrama,Las Palmas,SSD diskoa,Osagaiak,1242.79,6
5013,2025-01-25,Emiliano del Cazorla,Zaragoza,Mini PC,Ordenagailuak,214.54,3
5014,2025-06-29,José Mari Menendez-Campos,Badajoz,SSD diskoa,Osagaiak,793.2,9
5015,2025-07-15,Lupita Barreda Perelló,Cantabria,Prozesadorea,Osagaiak,1353.46,2
5016,2024-11-19,Francisco Jose Rosa,Badajoz,Txartel grafikoa,Osagaiak,1841.0,3
5017,2025-09-28,Cecilia Martinez Melero,Ourense,Switch-a,Sareak,917.21,3
5018,2026-04-08,Jose Antonio Pinto Benitez,Navarra,RAM memoria,Osagaiak,1809.21,6
5019,2026-01-23,Úrsula Llano,Baleares,Sagua,Periferikoak,1304.9,6
5020,2025-05-04,Jacinta Meléndez,Cuenca,Bideratzailea,Sareak,1777.57,4
5021,2025-01-12,Aránzazu Torrens Olivera,Guipúzcoa,Sare-kablea,Sareak,998.75,10
5022,2025-07-01,Viviana Herrero,Córdoba,Ordenagailu eramangarria,Ordenagailuak,678.15,2
5023,2025-12-04,Flavio Millán-Bermejo,Girona,Ordenagailu eramangarria,Ordenagailuak,760.16,9
5024,2025-03-15,Dionisia de Batlle,Vizcaya,Bideratzailea,Sareak,1378.57,1
5025,2025-03-26,Evaristo Maza Morell,Ciudad,Sare-kablea,Sareak,1416.44,3
5026,2024-12-03,Francisca Bustos Llorente,Soria,Ordenagailu eramangarria,Ordenagailuak,782.87,5
5027,2025-06-07,Corona Expósito Talavera,Melilla,Mahaigaineko ordenagailua,Ordenagailuak,19.92,10
5028,2025-02-18,Maxi Tur Velázquez,Álava,Mini PC,Ordenagailuak,16.62,2
5029,2025-09-10,Nando Martínez Ochoa,Granada,Monitorea,Periferikoak,207.35,10
5030,2025-05-20,Kike Torrecilla,Jaén,Teklatua,Periferikoak,1962.59,3
5031,2025-08-01,Telmo Villar Ayala,Ciudad,Bideratzailea,Sareak,788.69,5
5032,2026-06-12,Clímaco Alvarado Angulo,Albacete,SSD diskoa,Osagaiak,1486.49,5
5033,2025-05-30,Aitor de Pina,Córdoba,Monitorea,Periferikoak,1465.92,2
5034,2025-10-02,Julia Gual,Almería,Ordenagailu eramangarria,Ordenagailuak,368.63,7
5035,2026-02-27,Sancho Saura Español,Castellón,Txartel grafikoa,Osagaiak,459.54,10
5036,2024-11-06,Camilo Polo,Guipúzcoa,Teklatua,Periferikoak,538.59,4
5037,2025-02-24,Celestino Ripoll Paz,Palencia,Sagua,Periferikoak,112.97,6
5038,2026-08-26,Josefina Falcó-Mayoral,Badajoz,RAM memoria,Osagaiak,1391.84,6
5039,2025-04-28,América Pino Barrio,Salamanca,Sare-kablea,Sareak,325.59,5
5040,2026-02-17,Efraín Herrera Carbó,Girona,Ordenagailu eramangarria,Ordenagailuak,1625.8,10
5041,2026-02-17,Flavia Rivas Menéndez,Segovia,Ordenagailu eramangarria,Ordenagailuak,1434.46,5
5042,2025-08-02,Hilario Castejón Español,Cantabria,SSD diskoa,Osagaiak,422.46,8
5043,2025-10-21,Esther Ámbar Mas Pedrero,Burgos,SSD diskoa,Osagaiak,135.82,8
5044,2026-06-19,Carmen Lillo Salgado,Huelva,Webkamera,Periferikoak,755.4,2
5045,2025-10-04,Nerea Mínguez,Cantabria,RAM memoria,Osagaiak,881.62,7
5046,2025-06-04,Amparo Gallo Bernat,Ávila,Switch-a,Sareak,266.8,2
5047,2025-03-06,Leire Palacio,Segovia,SSD diskoa,Osagaiak,370.9,5
5048,2026-03-16,Seve Narváez,Soria,Monitorea,Periferikoak,1550.58,5
5049,2025-12-19,Chus Castejón,Burgos,SSD diskoa,Osagaiak,1781.36,4
5050,2025-12-22,Francisco Ibarra,Cádiz,Ordenagailu eramangarria,Ordenagailuak,725.8,8
5051,2026-02-02,Ruperto Goyo Rivera Almazán,Murcia,RAM memoria,Osagaiak,1995.95,5
5052,2024-12-07,Juanita Montesinos Ribes,Albacete,Bideratzailea,Sareak,1365.9,1
5053,2026-05-15,Chuy Calderon Chaves,Palencia,SSD diskoa,Osagaiak,1973.46,2
5054,2024-12-03,María Vigil Gomez,Cantabria,RAM memoria,Osagaiak,1142.45,5
5055,2025-04-03,Celestino Recio Gual,La Rioja,Mini PC,Ordenagailuak,1533.16,2
5056,2025-04-04,Wálter Taboada,Guipúzcoa,Teklatua,Periferikoak,551.41,2
5057,2025-09-15,Leire Vall Antúnez,Soria,Bideratzailea,Sareak,1313.45,10
5058,2025-02-22,Lupe Martín Estrada,Cádiz,Mini PC,Ordenagailuak,1410.5,4
5059,2025-06-10,Hipólito Armas-Galiano,Teruel,Webkamera,Periferikoak,1689.94,10
5060,2024-11-26,Isidora Blanch Sanz,Cádiz,RAM memoria,Osagaiak,1445.7,2
5061,2025-04-26,Bernardita Santiago Soria,Santa Cruz de Tenerife,Sagua,Periferikoak,1295.48,1
5062,2026-06-27,Inés Luís Almeida,Álava,Txartel grafikoa,Osagaiak,1047.77,2
5063,2024-10-03,Isa del Pou,Sevilla,Teklatua,Periferikoak,1171.82,2
5064,2025-11-08,Elena Porcel Carranza,Ciudad,Teklatua,Periferikoak,1230.89,1
5065,2025-01-05,Gerardo Navarro Carbajo,Guadalajara,Mini PC,Ordenagailuak,1562.5,4
5066,2025-02-24,Cosme Daza,Alicante,Switch-a,Sareak,1038.99,10
5067,2025-07-19,Leyre Roselló Peinado,Castellón,Bideratzailea,Sareak,187.49,3
5068,2024-11-06,Felicidad Blasco Mayol,Lleida,Ordenagailu eramangarria,Ordenagailuak,1616.78,7
5069,2026-02-05,Reinaldo Cornelio Bermudez Alfaro,Huelva,Webkamera,Periferikoak,1019.8,1
5070,2026-02-02,Jerónimo Murillo Ribas,Navarra,SSD diskoa,Osagaiak,1127.49,10
5071,2025-12-11,Teófila Vázquez Marí,Córdoba,Switch-a,Sareak,390.12,5
5072,2026-04-08,Raimundo Cadenas Domingo,Teruel,Webkamera,Periferikoak,97.54,3
5073,2026-03-30,Asunción Arribas,Almería,Mini PC,Ordenagailuak,1181.92,10
5074,2025-05-13,Ramón Baldomero Manzanares Abril,Zamora,Ordenagailu eramangarria,Ordenagailuak,1148.44,1
5075,2026-02-19,Jose Llamas-Cuéllar,Ceuta,Mahaigaineko ordenagailua,Ordenagailuak,526.9,3
5076,2026-05-03,Jaime Borja Montero Lasa,Tarragona,RAM memoria,Osagaiak,589.43,4
5077,2024-10-03,Bernardino Edmundo Amo Blanes,Girona,Wi-Fi egokigailua,Sareak,288.47,4
5078,2025-10-14,Pili Estevez Santamaria,Málaga,Switch-a,Sareak,44.72,2
5079,2025-01-22,Ruben Rodrigo Plana Porta,Córdoba,Ordenagailu eramangarria,Ordenagailuak,1601.98,9
5080,2025-12-09,Abigaíl Cuéllar Aguiló,Palencia,Mini PC,Ordenagailuak,36.77,7
5081,2025-06-12,Severo Monreal Berenguer,Lugo,SSD diskoa,Osagaiak,1334.27,4
5082,2025-08-11,Nico Ordóñez Frías,Madrid,Mini PC,Ordenagailuak,975.0,9
5083,2024-10-31,Joaquín del Ojeda,Cádiz,Wi-Fi egokigailua,Sareak,411.59,2
5084,2025-01-03,Felix Grau Heredia,Albacete,Bideratzailea,Sareak,413.23,6
5085,2025-11-18,Elena Salgado Iglesias,Cantabria,Switch-a,Sareak,148.12,6
5086,2025-12-02,Corona Manso,Cáceres,Ordenagailu eramangarria,Ordenagailuak,849.83,7
5087,2024-11-26,Vasco Curro Alemán Andreu,Segovia,SSD diskoa,Osagaiak,1421.72,2
5088,2024-11-18,Micaela Noriega Ferrández,Las Palmas,Txartel grafikoa,Osagaiak,185.26,7
5089,2025-07-26,Fidel Blanco,Guadalajara,Sagua,Periferikoak,381.65,3
5090,2025-01-03,Noelia Gascón Mendizábal,Toledo,RAM memoria,Osagaiak,1692.91,10
5091,2026-04-03,Cloe Jaume-Ramos,León,Sare-kablea,Sareak,650.7,4
5092,2025-06-03,Nicanor Valderrama Abad,Girona,Prozesadorea,Osagaiak,1960.55,5
5093,2025-01-06,Felix Lucas Armas,Granada,Mahaigaineko ordenagailua,Ordenagailuak,947.64,4
5094,2026-06-30,Vilma Múñiz Alcaraz,La Coruña,Ordenagailu eramangarria,Ordenagailuak,295.63,1
5095,2026-01-12,Aurora Iriarte-Calatayud,Soria,SSD diskoa,Osagaiak,261.48,10
5096,2025-02-17,Emma Diego Sobrino,Toledo,Bideratzailea,Sareak,388.51,5
5097,2026-08-12,Guillermo Torrecilla,Málaga,Webkamera,Periferikoak,1256.55,8
5098,2025-07-05,Guadalupe Vilaplana Real,Álava,Teklatua,Periferikoak,1420.29,4
5099,2024-12-29,Remedios Mar Cepeda Busquets,Álava,RAM memoria,Osagaiak,1317.53,8
5100,2025-12-08,Andrea Martin Luna,Murcia,Mahaigaineko ordenagailua,Ordenagailuak,249.39,8
5101,2025-07-29,Hipólito Arnaiz Gallardo,Palencia,Monitorea,Periferikoak,1420.19,7
5102,2026-05-14,Vanesa Espejo,Málaga,Mahaigaineko ordenagailua,Ordenagailuak,1164.4,7
5103,2025-05-05,Renato Alba Pinto,Asturias,Mini PC,Ordenagailuak,1921.47,10
5104,2025-12-21,Cayetano Navas,Melilla,Prozesadorea,Osagaiak,1870.7,9
5105,2026-04-28,Héctor Alcolea Feijoo,Teruel,Sagua,Periferikoak,589.94,8
5106,2024-11-20,Bruno Somoza Garcia,Segovia,Ordenagailu eramangarria,Ordenagailuak,1856.29,9
5107,2026-01-03,Odalys Cabanillas Chaparro,Alicante,Webkamera,Periferikoak,317.18,4
5108,2026-04-23,Gilberto de Girón,Ourense,Mini PC,Ordenagailuak,1269.86,6
5109,2024-12-10,Dionisio Valencia Soria,Murcia,Mini PC,Ordenagailuak,942.77,3
5110,2025-10-31,Gema Río Crespi,La Coruña,Bideratzailea,Sareak,1305.7,5
5111,2024-12-28,Rufina Raya Mulet,Granada,SSD diskoa,Osagaiak,1410.33,9
5112,2025-05-29,Conrado Alvarez-Quintana,Albacete,Sare-kablea,Sareak,1086.8,5
5113,2026-05-07,Maura Beatriz Vega Saavedra,Almería,Sagua,Periferikoak,1731.75,9
5114,2024-11-08,Reynaldo Acuña Villaverde,Ciudad,Mini PC,Ordenagailuak,452.74,2
5115,2026-07-11,Olalla Carmona-Benet,Palencia,Webkamera,Periferikoak,515.24,1
5116,2026-09-20,Primitiva Losa Nicolás,Girona,Monitorea,Periferikoak,494.21,8
5117,2026-05-19,Carina Aguado-Cifuentes,Segovia,Mahaigaineko ordenagailua,Ordenagailuak,1565.14,7
5118,2026-01-29,Clotilde Real-Escamilla,Almería,Mini PC,Ordenagailuak,1522.67,6
5119,2026-08-14,Cruz Cazorla Hernandez,Cantabria,Mahaigaineko ordenagailua,Ordenagailuak,33.94,6
5120,2026-02-25,Antonio Alejo Herrero Tamarit,Cáceres,Switch-a,Sareak,853.93,6
5121,2024-12-22,Belen Palomino Gallo,Ávila,Webkamera,Periferikoak,484.4,8
5122,2026-09-19,Hernán Luna Lobo,La Rioja,Mini PC,Ordenagailuak,567.61,2
5123,2025-01-26,América Rosa María Cabrera Barral,Pontevedra,Prozesadorea,Osagaiak,1929.43,9
5124,2026-02-06,Leoncio Pedrero Zaragoza,Baleares,Teklatua,Periferikoak,197.36,7
5125,2024-12-29,Diana Nebot Puerta,Málaga,Mini PC,Ordenagailuak,35.12,5
5126,2025-10-21,Osvaldo Herrera Navarro,Ceuta,Ordenagailu eramangarria,Ordenagailuak,822.63,7
5127,2024-10-29,Arcelia Puerta Escolano,Melilla,Wi-Fi egokigailua,Sareak,1788.59,9
5128,2026-08-24,Angélica de Gras,Madrid,Sare-kablea,Sareak,1535.5,6
5129,2024-10-03,Jordi Guerrero-Abellán,Cádiz,Mini PC,Ordenagailuak,342.12,4
5130,2026-02-20,Simón José Mari Duque Merino,Valencia,Mahaigaineko ordenagailua,Ordenagailuak,1516.29,1
5131,2026-04-01,Graciano Loreto Sobrino Martin,Zamora,Monitorea,Periferikoak,1157.52,4
5132,2025-11-21,Ricardo Almazán Bravo,La Rioja,Sagua,Periferikoak,510.35,6
5133,2024-11-07,Martin Pascual Borrell,Cantabria,Mini PC,Ordenagailuak,94.27,1
5134,2026-04-13,Andrea Tapia Acosta,Tarragona,Bideratzailea,Sareak,799.87,7
5135,2026-06-10,Rómulo Onofre Cerdá Anguita,Barcelona,Monitorea,Periferikoak,1578.66,2
5136,2025-10-19,Georgina Chaves-Gonzalo,Córdoba,Mahaigaineko ordenagailua,Ordenagailuak,119.41,6
5137,2025-01-05,Josep Reyes Serra Donoso,Zamora,Switch-a,Sareak,1603.73,7
5138,2026-01-11,Calista Amigó Benavente,Álava,SSD diskoa,Osagaiak,1201.86,5
5139,2025-09-07,Toni Ferrer Bayo,Asturias,Mahaigaineko ordenagailua,Ordenagailuak,119.89,7
5140,2026-09-15,Águeda Peña,León,Switch-a,Sareak,209.89,9
5141,2026-04-21,Concepción Oliva-Vilanova,Toledo,Teklatua,Periferikoak,1657.39,8
5142,2026-04-15,Nélida Saura Borja,La Rioja,Mahaigaineko ordenagailua,Ordenagailuak,800.44,7
5143,2024-12-06,Estela Prats Porta,Lleida,Teklatua,Periferikoak,691.58,2
5144,2026-05-17,Alejo Urrutia Alemán,Melilla,Mini PC,Ordenagailuak,1350.2,6
5145,2026-04-05,Ileana Trujillo-Estevez,Cádiz,SSD diskoa,Osagaiak,1482.43,3
5146,2025-08-26,Félix Anaya Gámez,Huelva,Monitorea,Periferikoak,1101.6,9
5147,2024-11-10,Nerea Villalonga Feijoo,Córdoba,Switch-a,Sareak,578.18,3
5148,2025-10-23,Berto Casals,Asturias,Switch-a,Sareak,453.74,9
5149,2024-10-01,Enrique Aguilera Asenjo,Madrid,Txartel grafikoa,Osagaiak,710.7,5
5150,2024-12-10,Alfonso Urbano Nicolau Roselló,Valencia,Ordenagailu eramangarria,Ordenagailuak,308.45,8
5151,2024-10-21,Amalia María Jesús Morcillo Barbero,Soria,Sare-kablea,Sareak,1511.77,10
5152,2025-04-10,Hector Bayo,Melilla,Ordenagailu eramangarria,Ordenagailuak,1578.66,7
5153,2025-10-16,Cecilia del Cañas,Palencia,Webkamera,Periferikoak,167.52,4
5154,2026-08-21,Vicenta Batlle Sarabia,Guadalajara,Switch-a,Sareak,1229.52,10
5155,2026-08-06,Omar Planas Cabezas,Cuenca,Webkamera,Periferikoak,1899.69,9
5156,2026-01-27,Atilio Chacón-Jordá,Cáceres,Mahaigaineko ordenagailua,Ordenagailuak,1545.6,1
5157,2024-10-21,Rosaura del Nebot,Alicante,Monitorea,Periferikoak,885.2,5
5158,2026-06-01,Anita del Salamanca,Albacete,Teklatua,Periferikoak,467.73,2
5159,2025-10-12,Isidoro Lopez Berrocal,Cáceres,Prozesadorea,Osagaiak,212.3,5
5160,2025-02-25,Leandro Benavides Mercader,Girona,Webkamera,Periferikoak,367.39,8
5161,2026-02-07,Rómulo Pallarès,Valladolid,Switch-a,Sareak,446.52,3
5162,2026-07-24,Amado de Herranz,Guadalajara,Wi-Fi egokigailua,Sareak,639.5,9
5163,2026-05-03,Ricardo de Barros,Pontevedra,Monitorea,Periferikoak,611.76,7
5164,2024-12-07,Rosario Fabra Barceló,Ourense,Bideratzailea,Sareak,1178.79,2
5165,2025-07-10,Anabel Solana Aliaga,Baleares,Teklatua,Periferikoak,1545.5,4
5166,2025-07-15,Feliciano Tolosa Puga,Asturias,Teklatua,Periferikoak,1492.8,10
5167,2025-01-06,Fulgencio Santiago Nuñez,Albacete,Ordenagailu eramangarria,Ordenagailuak,1651.7,5
5168,2025-04-12,Inmaculada Piña Gárate,Huesca,Webkamera,Periferikoak,1839.2,8
5169,2025-08-06,Aitor Céspedes Carballo,Guadalajara,Sagua,Periferikoak,1689.71,4
5170,2025-05-15,Albina Carpio González,Teruel,Mahaigaineko ordenagailua,Ordenagailuak,1443.94,1
5171,2025-02-05,Carmelo Lorenzo,Vizcaya,Switch-a,Sareak,470.82,8
5172,2026-07-25,Leandra Tamarit Lillo,Jaén,Wi-Fi egokigailua,Sareak,423.23,5
5173,2026-08-31,José Antonio Epifanio Costa Riquelme,Madrid,Mahaigaineko ordenagailua,Ordenagailuak,740.6,5
5174,2026-04-26,Evelia Saavedra,La Coruña,Wi-Fi egokigailua,Sareak,755.11,10
5175,2025-04-14,Margarita Herranz Lara,Murcia,RAM memoria,Osagaiak,1740.83,10
5176,2024-11-29,Bienvenida Español Vázquez,Castellón,Monitorea,Periferikoak,225.11,9
5177,2025-09-09,Dalila Jover Bayo,Girona,Sare-kablea,Sareak,1367.62,8
5178,2025-08-14,Reyes Figueras Salinas,Albacete,Sagua,Periferikoak,142.67,9
5179,2026-06-08,Jose Ramón Torrecilla Ripoll,La Rioja,Sare-kablea,Sareak,902.85,5
5180,2026-08-19,Noelia Anglada Morata,Murcia,SSD diskoa,Osagaiak,831.22,3
5181,2025-07-16,Rolando Ramírez-Murillo,Murcia,Mini PC,Ordenagailuak,833.4,2
5182,2025-03-12,Amílcar Marcos Bellido,Teruel,Sagua,Periferikoak,1292.78,9
5183,2025-12-23,Pilar del Verdú,Guadalajara,Bideratzailea,Sareak,1890.81,5
5184,2026-05-28,Ruben Calatayud Urrutia,Zaragoza,Wi-Fi egokigailua,Sareak,1165.3,10
5185,2025-08-28,Vidal Nadal Peiró,Cádiz,Sare-kablea,Sareak,636.9,3
5186,2026-09-20,Eva María Correa Paniagua,Navarra,Webkamera,Periferikoak,1983.25,6
5187,2025-06-27,Buenaventura de Escolano,Zaragoza,Mahaigaineko ordenagailua,Ordenagailuak,1472.15,2
5188,2026-01-13,Amarilis Barreda,Ávila,SSD diskoa,Osagaiak,1235.66,1
5189,2026-03-03,Dominga del Miró,Huesca,Mahaigaineko ordenagailua,Ordenagailuak,1406.62,4
5190,2026-02-07,Carlito Escribano,Pontevedra,Teklatua,Periferikoak,390.16,2
5191,2025-07-24,Ruperta Jáuregui-Villar,Huelva,Prozesadorea,Osagaiak,1078.34,7
5192,2025-02-21,Ricarda Santana-Moles,Valladolid,Wi-Fi egokigailua,Sareak,879.18,8
5193,2026-07-13,Joan Baeza,Córdoba,Mahaigaineko ordenagailua,Ordenagailuak,808.78,9
5194,2025-06-04,María Luisa de Barriga,La Coruña,Teklatua,Periferikoak,1179.38,8
5195,2026-09-04,Brunilda Roig Manso,Toledo,SSD diskoa,Osagaiak,1033.68,10
5196,2025-01-31,Eloy Mas-Porcel,Ávila,Switch-a,Sareak,1495.67,5
5197,2026-02-07,Luis Miguel Duque Segarra,Palencia,RAM memoria,Osagaiak,1408.72,1
5198,2026-02-06,Bruno Arellano Espada,Guipúzcoa,Mini PC,Ordenagailuak,202.17,9
5199,2024-11-20,Liliana Lorenzo Antón,Girona,Teklatua,Periferikoak,1469.49,6
5200,2026-09-21,Adelia Abella Sans,Lugo,SSD diskoa,Osagaiak,163.78,1
5201,2025-02-21,Primitivo Rosa Amor,Ciudad,Mahaigaineko ordenagailua,Ordenagailuak,1561.59,9
5202,2025-03-18,Josefina Jerez Menendez,Cuenca,Sagua,Periferikoak,163.99,1
5203,2025-01-04,Lalo del Jiménez,León,Txartel grafikoa,Osagaiak,1968.61,4
5204,2026-03-23,Fabiana de Berenguer,Valencia,Mahaigaineko ordenagailua,Ordenagailuak,1565.43,10
5205,2025-10-27,Elpidio Fuster Buendía,Soria,Bideratzailea,Sareak,310.45,6
5206,2026-03-14,Omar Fuster Almansa,Murcia,Prozesadorea,Osagaiak,552.14,3
5207,2025-08-31,Javiera Barragán Sebastián,Salamanca,Sagua,Periferikoak,1728.38,5
5208,2025-05-01,Eufemia Ríos Baños,Ceuta,Teklatua,Periferikoak,770.96,7
5209,2025-02-24,Berto Martín Criado,Zaragoza,Wi-Fi egokigailua,Sareak,654.76,7
5210,2025-11-15,Ignacio Álvaro-Madrid,Málaga,RAM memoria,Osagaiak,1456.12,1
5211,2025-02-11,Manu Ochoa Vara,Barcelona,Mahaigaineko ordenagailua,Ordenagailuak,394.87,3
5212,2025-06-06,Jose Luis Belda Cortes,Granada,Switch-a,Sareak,231.95,1
5213,2025-03-14,Ruth Cámara Villalonga,Madrid,RAM memoria,Osagaiak,895.53,5
5214,2024-10-24,Sara Estefanía Acedo Caro,Sevilla,Wi-Fi egokigailua,Sareak,456.95,4
5215,2025-07-23,Luis Ángel Mínguez,Cádiz,Teklatua,Periferikoak,1827.9,2
5216,2024-09-27,Abilio Arjona Chaves,Barcelona,Bideratzailea,Sareak,740.3,3
5217,2024-10-25,Custodia Palomar-Pla,Melilla,Prozesadorea,Osagaiak,601.54,7
5218,2026-06-05,Silvestre Alcántara Briones,Lugo,Mini PC,Ordenagailuak,376.33,8
5219,2026-07-10,Palmira Armida Carro Torrens,Ourense,Teklatua,Periferikoak,1624.5,7
5220,2024-11-05,Lola Valverde Patiño,Teruel,Webkamera,Periferikoak,1600.4,3
5221,2026-08-17,Benjamín Rodriguez,Ciudad,Wi-Fi egokigailua,Sareak,113.19,5
5222,2024-10-05,Bernardino Sierra,Tarragona,Monitorea,Periferikoak,321.35,2
5223,2025-12-12,Roque Mir-Rosado,Jaén,Sare-kablea,Sareak,780.59,7
5224,2025-07-21,Emilio Daza Vazquez,Álava,Teklatua,Periferikoak,15.1,2
5225,2026-04-01,Dorotea Feijoo Salvà,Madrid,Prozesadorea,Osagaiak,40.97,8
5226,2025-09-29,Claudio Escribano Colom,Toledo,RAM memoria,Osagaiak,462.61,7
5227,2026-01-05,Trinidad Gallart Gutierrez,Guipúzcoa,Prozesadorea,Osagaiak,241.43,5
5228,2025-09-02,Flor Serrano Robles,Ávila,Ordenagailu eramangarria,Ordenagailuak,1435.83,1
5229,2024-10-07,María Belén Boix Casado,Cáceres,Mini PC,Ordenagailuak,1503.34,8
5230,2025-12-22,Eutropio Verdejo,Girona,Prozesadorea,Osagaiak,267.5,10
5231,2026-08-28,Armando del Olivera,Soria,Bideratzailea,Sareak,1333.2,9
5232,2025-06-21,Jimena Moya Cabello,Baleares,Switch-a,Sareak,1511.92,9
5233,2026-08-09,Amelia Lucas Llobet,Jaén,SSD diskoa,Osagaiak,38.13,4
5234,2025-03-21,Otilia Martí Canales,Cádiz,Mini PC,Ordenagailuak,467.2,7
5235,2026-09-17,Amalia Bastida Soriano,Ciudad,Sagua,Periferikoak,1727.62,1
5236,2024-10-28,Celia Querol Arregui,Girona,Mini PC,Ordenagailuak,1697.72,8
5237,2025-02-05,Cruz Bermúdez-Arellano,Jaén,Ordenagailu eramangarria,Ordenagailuak,1330.82,8
5238,2025-05-10,María Dolores Ofelia Abad Rovira,Granada,Bideratzailea,Sareak,1040.55,10
5239,2024-10-01,Fátima Quintana Cabrera,Valencia,Switch-a,Sareak,1132.73,3
5240,2026-02-21,Estefanía Valverde Rosa,Ceuta,Mahaigaineko ordenagailua,Ordenagailuak,1156.3,1
5241,2025-05-16,Onofre Pi,Baleares,Wi-Fi egokigailua,Sareak,1189.17,9
5242,2026-09-15,Juan Quintero Carretero,Guadalajara,Sare-kablea,Sareak,1122.55,4
5243,2026-07-14,Sabas Piña-Losa,Cádiz,Teklatua,Periferikoak,857.98,10
5244,2025-05-28,Lucía Hernandez Ballester,Cantabria,SSD diskoa,Osagaiak,1100.7,9
5245,2025-06-19,Edu del Caballero,Málaga,Wi-Fi egokigailua,Sareak,1731.29,5
5246,2026-07-28,Serafina Priscila Estrada Saez,León,Txartel grafikoa,Osagaiak,1041.26,5
5247,2025-09-21,Bruno Valls,Navarra,Ordenagailu eramangarria,Ordenagailuak,795.84,8
5248,2026-07-11,Jennifer Burgos Carreras,Ceuta,Mahaigaineko ordenagailua,Ordenagailuak,94.22,1
5249,2026-06-22,Ana Sofía Valentín Mercader,Lleida,Wi-Fi egokigailua,Sareak,221.6,10
5250,2025-09-25,Adela Alemán,Albacete,Ordenagailu eramangarria,Ordenagailuak,1800.11,4
5251,2024-11-06,Poncio Carpio Llorente,Córdoba,Prozesadorea,Osagaiak,168.11,4
5252,2024-12-12,Teresa de Conesa,Vizcaya,Txartel grafikoa,Osagaiak,1928.18,5
5253,2025-03-25,Olimpia Rivero Malo,Jaén,Teklatua,Periferikoak,1065.93,5
5254,2025-11-07,Glauco Ferrández Fábregas,Guipúzcoa,Sare-kablea,Sareak,638.62,1
5255,2025-04-24,Perla Carrera Esteve,Málaga,Ordenagailu eramangarria,Ordenagailuak,461.66,3
5256,2025-06-04,Loreto Soriano Pinedo,Barcelona,Sare-kablea,Sareak,830.52,10
5257,2025-07-02,Sonia Cruz-Seco,Soria,Ordenagailu eramangarria,Ordenagailuak,1387.64,7
5258,2025-06-10,Julio César Quique Rodrigo Pera,León,Wi-Fi egokigailua,Sareak,1234.59,8
5259,2025-09-11,Adriana Ariza,Guadalajara,Bideratzailea,Sareak,1504.52,9
5260,2025-02-11,Rosario del Gutierrez,Ourense,RAM memoria,Osagaiak,576.59,5
5261,2026-08-01,Isaac Valenzuela Vall,Guipúzcoa,Mahaigaineko ordenagailua,Ordenagailuak,111.57,4
5262,2025-04-02,Abril Palomares Cortés,Lleida,Sagua,Periferikoak,282.8,4
5263,2024-09-26,Lola Ródenas Diego,Cáceres,RAM memoria,Osagaiak,1210.84,6
5264,2026-04-14,Gisela Gibert Ballesteros,Madrid,Teklatua,Periferikoak,903.76,10
5265,2026-05-24,Rita Paola Agustín Rincón,Cantabria,Mini PC,Ordenagailuak,1361.83,2
5266,2026-03-18,Rolando del Marin,Ourense,Webkamera,Periferikoak,640.58,1
5267,2025-10-24,Lara Casanova Cantón,Valladolid,Sagua,Periferikoak,605.78,9
5268,2026-05-21,Dafne Jaén Franch,Huesca,Teklatua,Periferikoak,1991.78,5
5269,2025-07-25,Maximiano Pou Sarabia,Cuenca,Ordenagailu eramangarria,Ordenagailuak,1040.77,7
5270,2025-11-06,Amparo Blanco Huerta,Badajoz,SSD diskoa,Osagaiak,1796.5,7
5271,2024-11-08,Angélica Lina Sola Carrera,Baleares,Bideratzailea,Sareak,553.42,10
5272,2026-02-28,Jordán Bermudez Villalobos,Burgos,RAM memoria,Osagaiak,166.31,2
5273,2024-10-17,Claudio Miguel Plaza,Santa Cruz de Tenerife,Bideratzailea,Sareak,975.3,5
5274,2026-08-09,Ximena Jerez Borja,La Rioja,Mahaigaineko ordenagailua,Ordenagailuak,750.38,6
5275,2026-05-05,Duilio Fábregas Nieto,Palencia,Ordenagailu eramangarria,Ordenagailuak,854.96,5
5276,2025-06-05,Graciela Ferrer Alvarez,Jaén,Ordenagailu eramangarria,Ordenagailuak,481.65,7
5277,2025-09-30,Agustina Ballester Salom,Córdoba,Sagua,Periferikoak,671.22,6
5278,2024-11-09,Antonia Reyes-Paz,La Coruña,Mahaigaineko ordenagailua,Ordenagailuak,949.2,7
5279,2025-12-15,Julieta Vendrell Cabeza,Córdoba,Bideratzailea,Sareak,637.43,3
5280,2026-08-17,Leocadio Rosselló-Llobet,Soria,Monitorea,Periferikoak,447.44,1
5281,2026-01-25,Gabino Benitez,Alicante,Mahaigaineko ordenagailua,Ordenagailuak,1926.26,10
5282,2025-12-06,Melchor Quintero-Pascual,Vizcaya,RAM memoria,Osagaiak,301.58,2
5283,2024-10-19,Morena Marisela Calleja Duran,Vizcaya,Mahaigaineko ordenagailua,Ordenagailuak,1546.3,9
5284,2026-03-30,Quique Cabañas Cuadrado,Huesca,Teklatua,Periferikoak,1909.77,2
5285,2026-06-12,Loreto de Hervás,Barcelona,Wi-Fi egokigailua,Sareak,1198.28,3
5286,2025-06-14,Bartolomé Domingo Marcos,Barcelona,Switch-a,Sareak,10.3,7
5287,2026-06-21,Aurelia de Domínguez,Huesca,Prozesadorea,Osagaiak,853.63,10
5288,2025-09-19,Azucena Rueda Aguiló,Salamanca,Ordenagailu eramangarria,Ordenagailuak,199.6,3
5289,2025-03-16,Marcia Casado Ibarra,Huesca,RAM memoria,Osagaiak,173.47,4
5290,2025-08-05,Tecla del Cervantes,Huelva,Teklatua,Periferikoak,1584.34,1
5291,2024-12-08,Natalia Valderrama Bosch,Navarra,Sagua,Periferikoak,1094.85,10
5292,2024-11-19,Espiridión Machado Polo,Badajoz,Txartel grafikoa,Osagaiak,403.48,3
5293,2024-09-26,Irene López,Ceuta,Switch-a,Sareak,1993.91,3
5294,2026-07-17,Edmundo Cuenca Roselló,León,RAM memoria,Osagaiak,809.65,2
5295,2025-05-30,Eugenio Noriega Cerezo,Murcia,SSD diskoa,Osagaiak,981.44,10
5296,2025-04-14,Elisabet Bosch Salas,Granada,Ordenagailu eramangarria,Ordenagailuak,564.34,2
5297,2025-06-02,Emperatriz Aragonés-Pomares,Cádiz,Mahaigaineko ordenagailua,Ordenagailuak,449.22,10
5298,2025-12-29,Eutimio Leiva-Guerra,Toledo,SSD diskoa,Osagaiak,248.73,10
5299,2025-05-15,Renato Sancho Tolosa,Zaragoza,Monitorea,Periferikoak,1016.17,9
5300,2026-03-21,Albina Roman Roda,Huelva,Mini PC,Ordenagailuak,6.13,7
5301,2025-02-07,Cleto Narciso Sanabria Salcedo,Córdoba,SSD diskoa,Osagaiak,1127.6,3
5302,2025-10-07,Belén Román-Caro,Cádiz,Sagua,Periferikoak,16.41,7
5303,2026-03-09,Tania de Verdugo,Albacete,Txartel grafikoa,Osagaiak,1318.64,1
5304,2025-01-26,Luis Ángel Castelló Palacio,Santa Cruz de Tenerife,Prozesadorea,Osagaiak,13.82,10
5305,2026-04-07,Maximino Ojeda,Madrid,Teklatua,Periferikoak,438.6,3
5306,2026-06-17,Belén Alberdi-Diez,Ávila,Bideratzailea,Sareak,36.86,3
5307,2025-09-08,Ángela de Paniagua,Ourense,RAM memoria,Osagaiak,686.78,5
5308,2025-01-25,David Enríquez Donaire,Almería,Prozesadorea,Osagaiak,1757.83,8
5309,2026-01-05,Demetrio Teruel Calvet,Badajoz,Wi-Fi egokigailua,Sareak,105.48,9
5310,2025-01-10,Adora Velasco Viana,Ourense,Sagua,Periferikoak,1961.86,1
5311,2024-12-18,Anselma Estévez Checa,Jaén,Teklatua,Periferikoak,49.73,10
5312,2026-08-30,Luis Enrique Canals Calderon,Baleares,Wi-Fi egokigailua,Sareak,1198.7,4
5313,2025-04-27,Pacífica Torres,Lugo,Switch-a,Sareak,1432.44,10
5314,2026-03-29,Fausto Rojas Velasco,Melilla,Mini PC,Ordenagailuak,422.34,4
5315,2026-09-13,Luz Roldan Trujillo,Guipúzcoa,SSD diskoa,Osagaiak,1929.84,3
5316,2026-01-28,Purificación Viviana Morante Toro,Zamora,Monitorea,Periferikoak,904.85,8
5317,2024-10-26,Marcelo Blanco Arévalo,Huesca,Ordenagailu eramangarria,Ordenagailuak,453.51,4
5318,2025-12-23,Matías Soriano Escobar,Cuenca,Teklatua,Periferikoak,1966.43,2
5319,2025-05-15,Mireia del Rivero,Baleares,Monitorea,Periferikoak,1370.28,9
5320,2024-11-04,Amílcar Novoa Mateu,Baleares,Bideratzailea,Sareak,1733.89,9
5321,2025-12-14,Olimpia Virginia Carbó Coloma,Guadalajara,Monitorea,Periferikoak,245.6,4
5322,2025-07-08,Ileana Mayoral Carretero,Ceuta,Prozesadorea,Osagaiak,451.57,5
5323,2026-09-17,Pancho Buendía Barco,Badajoz,Ordenagailu eramangarria,Ordenagailuak,1842.52,4
5324,2025-02-03,Desiderio Cuenca-Planas,Vizcaya,SSD diskoa,Osagaiak,1981.72,6
5325,2026-01-23,Maura Máxima Vallejo Carreño,Málaga,Mini PC,Ordenagailuak,1364.42,6
5326,2026-09-17,Aurelia Fanny López Gómez,Palencia,Mini PC,Ordenagailuak,1854.5,4
5327,2025-06-19,Juanito Fuentes-Andrade,Salamanca,Monitorea,Periferikoak,106.67,1
5328,2024-10-18,Horacio Moreno Pérez,Pontevedra,Mini PC,Ordenagailuak,1441.27,4
5329,2024-11-25,Marita Diéguez Porras,Girona,Prozesadorea,Osagaiak,1566.89,4
5330,2025-08-16,Florentino Amores Ros,Albacete,Mini PC,Ordenagailuak,241.7,7
5331,2024-12-13,Aránzazu Sala-Peña,Badajoz,Bideratzailea,Sareak,1652.41,10
5332,2026-05-22,Julián Piñeiro Moya,Toledo,Txartel grafikoa,Osagaiak,597.74,5
5333,2026-02-10,Chelo de Blázquez,Toledo,Webkamera,Periferikoak,793.93,6
5334,2026-07-01,Edu del Viana,Zamora,Sagua,Periferikoak,1579.52,9
5335,2024-09-29,Trinidad del Gómez,Almería,Ordenagailu eramangarria,Ordenagailuak,1230.59,1
5336,2024-10-10,Azeneth Simó,Barcelona,RAM memoria,Osagaiak,1980.91,3
5337,2025-05-26,Macaria Carbonell,Segovia,Teklatua,Periferikoak,343.94,8
5338,2025-07-26,Susanita Bustos Andreu,Málaga,Wi-Fi egokigailua,Sareak,642.16,5
5339,2025-08-31,Américo Izquierdo Chamorro,Pontevedra,Sare-kablea,Sareak,1810.52,6
5340,2024-11-30,Domitila Martí Olmo,Zaragoza,Sare-kablea,Sareak,1168.85,6
5341,2025-12-02,Edu Alemán Batlle,Albacete,Mini PC,Ordenagailuak,1804.75,1
5342,2025-05-03,Fabricio Tiburcio Rocamora Domínguez,Burgos,Teklatua,Periferikoak,867.44,4
5343,2026-05-13,Régulo Asensio,La Coruña,Sare-kablea,Sareak,1526.51,8
5344,2026-02-18,Modesto Martorell-Espada,Ciudad,Teklatua,Periferikoak,1720.98,6
5345,2025-11-28,Adelia Quiroga Oliver,Badajoz,Switch-a,Sareak,573.47,1
5346,2025-08-09,Isaías de Morán,Soria,Sare-kablea,Sareak,1510.65,1
5347,2025-11-13,Jeremías Carretero Ripoll,Cáceres,Ordenagailu eramangarria,Ordenagailuak,1759.77,4
5348,2025-02-02,Abigaíl Blazquez Serra,Cádiz,Webkamera,Periferikoak,708.42,9
5349,2026-05-28,Bernardo Royo,Cantabria,Mahaigaineko ordenagailua,Ordenagailuak,1347.33,3
5350,2026-07-27,Ariel Castellanos García,Segovia,Switch-a,Sareak,1323.8,1
5351,2025-01-23,Alfredo del Pujol,Toledo,Mahaigaineko ordenagailua,Ordenagailuak,39.99,8
5352,2025-10-26,Constanza Guerrero Carbajo,Guipúzcoa,Mahaigaineko ordenagailua,Ordenagailuak,609.89,9
5353,2025-05-18,Carmen Serna Nicolás,Soria,Prozesadorea,Osagaiak,1595.65,5
5354,2025-03-16,Lope Carlos Cano Ocaña,Teruel,Txartel grafikoa,Osagaiak,523.46,9
5355,2026-03-26,Fátima Ferrera Gallart,Castellón,Switch-a,Sareak,334.12,7
5356,2025-08-30,José María Costa Blanes,Guipúzcoa,Mahaigaineko ordenagailua,Ordenagailuak,543.86,2
5357,2026-08-16,Armida Escalona Calleja,Tarragona,RAM memoria,Osagaiak,599.1,2
5358,2025-11-17,Manu Mateu Larrea,Santa Cruz de Tenerife,Wi-Fi egokigailua,Sareak,1812.6,7
5359,2026-08-02,Bárbara Núñez Fortuny,León,Bideratzailea,Sareak,214.62,2
5360,2024-10-25,Gervasio Onofre Tena Ledesma,Santa Cruz de Tenerife,Txartel grafikoa,Osagaiak,702.48,6
5361,2025-02-22,Amado Castrillo Esteban,Cádiz,RAM memoria,Osagaiak,478.57,2
5362,2026-09-17,Danilo César Fernández Pagès,Zaragoza,Sare-kablea,Sareak,1288.95,3
5363,2024-11-11,Benita Cáceres Salamanca,Zamora,Mini PC,Ordenagailuak,1911.87,10
5364,2026-03-07,Ruperta Sotelo Romeu,Barcelona,Prozesadorea,Osagaiak,1304.91,2
5365,2025-09-23,Anselmo de Bermejo,Salamanca,Ordenagailu eramangarria,Ordenagailuak,68.87,5
5366,2024-10-20,Cayetana Artigas Merino,Jaén,Sare-kablea,Sareak,1100.51,6
5367,2024-10-09,Soledad del Galvez,Soria,Mini PC,Ordenagailuak,376.17,8
5368,2026-05-19,Rafa Aguiló Diaz,Zamora,RAM memoria,Osagaiak,376.39,5
5369,2025-09-17,María Belén Ruano Palacios,Lugo,Mahaigaineko ordenagailua,Ordenagailuak,649.39,4
5370,2026-08-27,Leonel Cabo Jaén,Ciudad,Teklatua,Periferikoak,345.83,5
5371,2026-02-05,Javi Jurado-Bastida,La Coruña,Teklatua,Periferikoak,1494.65,5
5372,2025-10-26,León Cruz Coca,Castellón,Wi-Fi egokigailua,Sareak,1395.34,10
5373,2025-04-15,Julio Evaristo Zapata Padilla,Vizcaya,Monitorea,Periferikoak,621.42,2
5374,2025-01-31,Jordana Checa Buendía,Barcelona,Webkamera,Periferikoak,1475.7,8
5375,2025-03-03,Anselma Lerma-Guillén,León,Mahaigaineko ordenagailua,Ordenagailuak,1614.36,7
5376,2026-08-12,Curro Ortiz Mora,Huesca,Mini PC,Ordenagailuak,1897.81,3
5377,2026-03-06,Silvio Galiano Sala,Álava,Webkamera,Periferikoak,1631.59,8
5378,2024-11-06,Nicolasa Jimena Amor Hernando,Córdoba,Txartel grafikoa,Osagaiak,1150.5,3
5379,2026-02-27,Cloe Carmona Bonet,Navarra,Ordenagailu eramangarria,Ordenagailuak,1063.87,10
5380,2025-10-01,Vasco Montes,León,Ordenagailu eramangarria,Ordenagailuak,1279.64,5
5381,2025-05-29,Alicia Posada Vergara,Huelva,Teklatua,Periferikoak,1407.11,5
5382,2024-12-30,Eva Prats,Cáceres,Bideratzailea,Sareak,966.9,7
5383,2026-01-29,Fabián Grau Vega,Granada,SSD diskoa,Osagaiak,1790.46,7
5384,2024-11-23,Manu Santamaria-Novoa,Segovia,Teklatua,Periferikoak,147.37,5
5385,2026-03-25,Lalo del Montoya,Girona,Wi-Fi egokigailua,Sareak,1642.0,2
5386,2026-01-15,Angelino Vázquez Valverde,Navarra,Prozesadorea,Osagaiak,423.1,3
5387,2026-08-25,Delfina Amor Viña Guillén,Ourense,Mini PC,Ordenagailuak,316.83,3
5388,2026-02-25,Plinio Mendizábal Bayón,Las Palmas,Txartel grafikoa,Osagaiak,1880.75,8
5389,2026-05-15,Tomasa Fortuny Cuenca,Jaén,Mini PC,Ordenagailuak,842.57,5
5390,2026-02-05,Nazario Aguilar Terrón,Ceuta,Mahaigaineko ordenagailua,Ordenagailuak,1419.37,10
5391,2025-02-06,Felicia Marta Alfaro Carlos,Ávila,Switch-a,Sareak,750.42,4
5392,2024-12-19,Consuela Iriarte Fiol,Toledo,Mahaigaineko ordenagailua,Ordenagailuak,801.54,10
5393,2025-08-29,Juanita Moya Royo,Girona,Prozesadorea,Osagaiak,436.8,2
5394,2025-10-04,Benito Benavent Juliá,Valladolid,Webkamera,Periferikoak,374.2,6
5395,2025-05-15,Ceferino de Puente,Huelva,Monitorea,Periferikoak,6.19,7
5396,2026-04-29,Gabriel Yáñez Gallardo,Almería,Webkamera,Periferikoak,330.19,9
5397,2026-04-17,Chus Conde-Ramos,Málaga,Teklatua,Periferikoak,205.3,7
5398,2026-08-11,Juan Manuel Ocaña López,Toledo,Sagua,Periferikoak,70.4,3
5399,2026-03-23,Aroa Iñiguez Bustos,Zamora,RAM memoria,Osagaiak,1341.56,1
5400,2026-01-02,Zaira Juliá Chaparro,Alicante,Wi-Fi egokigailua,Sareak,113.23,10
5401,2026-05-03,Venceslás Salas González,Lugo,Teklatua,Periferikoak,101.33,9
5402,2025-11-25,Reina Amat Palmer,Cáceres,Monitorea,Periferikoak,1143.96,8
5403,2025-12-30,Baldomero Rodrigo Meléndez Valera,Córdoba,Teklatua,Periferikoak,1397.65,9
5404,2025-09-15,Purificación Olmedo-Berenguer,Tarragona,Sare-kablea,Sareak,1254.75,3
5405,2025-11-29,Javier Aragón,La Coruña,SSD diskoa,Osagaiak,1385.1,5
5406,2026-06-04,Darío de Menendez,Vizcaya,Bideratzailea,Sareak,629.13,6
5407,2026-04-07,Encarna Chacón,Jaén,Txartel grafikoa,Osagaiak,1687.58,5
5408,2025-08-06,Roque del Losada,Valencia,Mahaigaineko ordenagailua,Ordenagailuak,1568.56,9
5409,2026-05-20,Octavio Salazar,Jaén,Monitorea,Periferikoak,489.5,2
5410,2024-12-01,Rosenda Villaverde Peinado,Barcelona,Mahaigaineko ordenagailua,Ordenagailuak,150.63,2
5411,2025-10-10,Jose Luis Leocadio Céspedes Miranda,Santa Cruz de Tenerife,Switch-a,Sareak,563.93,4
5412,2025-05-18,Benjamín Bilbao Amores,Sevilla,RAM memoria,Osagaiak,1425.15,5
5413,2025-04-08,Aristides Borrás Castelló,Zaragoza,Ordenagailu eramangarria,Ordenagailuak,1329.58,5
5414,2025-03-31,Araceli del Taboada,Badajoz,Wi-Fi egokigailua,Sareak,1819.16,4
5415,2025-02-06,Chema Jiménez Montserrat,Córdoba,Mahaigaineko ordenagailua,Ordenagailuak,1540.1,9
5416,2026-03-25,Luís Escribano Serra,León,Mahaigaineko ordenagailua,Ordenagailuak,1504.24,7
5417,2025-01-21,Chuy Menendez-Serrano,Cádiz,Webkamera,Periferikoak,1284.13,6
5418,2025-07-11,María Dolores Catalá Abellán,Vizcaya,Sagua,Periferikoak,1175.58,3
5419,2026-04-19,Pancho de Zabala,Albacete,Txartel grafikoa,Osagaiak,1934.88,4
5420,2026-05-21,René Quique Lloret Ordóñez,Palencia,Txartel grafikoa,Osagaiak,1942.46,1
5421,2025-11-13,Omar Font Vilanova,Jaén,Prozesadorea,Osagaiak,1963.17,9
5422,2025-04-15,Jafet Villar Folch,Tarragona,Sagua,Periferikoak,1354.48,9
5423,2025-12-19,Baltasar Octavio Marcos Seco,Córdoba,Monitorea,Periferikoak,938.41,2
5424,2025-03-14,Melisa Diaz Pérez,Valladolid,Webkamera,Periferikoak,48.69,3
5425,2026-02-04,Adelardo Alegre Alcalá,Pontevedra,Txartel grafikoa,Osagaiak,1103.1,7
5426,2026-03-11,Berta del Roca,Santa Cruz de Tenerife,Wi-Fi egokigailua,Sareak,419.0,10
5427,2025-01-10,Benito Castell Vilaplana,La Coruña,Prozesadorea,Osagaiak,424.4,9
5428,2026-04-11,Plinio Conde Goñi,Madrid,RAM memoria,Osagaiak,466.39,5
5429,2025-04-07,Susanita Barco Villalobos,Navarra,Prozesadorea,Osagaiak,525.96,9
5430,2025-10-24,Nico Córdoba Garmendia,Barcelona,Sagua,Periferikoak,1033.93,5
5431,2026-03-28,Azeneth Sales Bertrán,Málaga,Bideratzailea,Sareak,1573.65,7
5432,2025-01-09,Dimas González Salmerón,Teruel,RAM memoria,Osagaiak,170.99,5
5433,2026-01-20,Eduardo Jacinto Castro Cortes,Albacete,Teklatua,Periferikoak,1793.33,9
5434,2026-05-02,Celestino Díez-Novoa,Cantabria,Bideratzailea,Sareak,452.62,5
5435,2026-01-09,Cloe Río,Ceuta,Sagua,Periferikoak,1508.6,1
5436,2026-01-17,Delia de Sanz,Ciudad,Sare-kablea,Sareak,1534.85,7
5437,2026-04-02,Felipa Villena,Madrid,Bideratzailea,Sareak,1494.93,6
5438,2026-05-30,Demetrio del Girón,Madrid,Bideratzailea,Sareak,382.31,9
5439,2026-04-17,Fernando Rueda Mancebo,Jaén,Teklatua,Periferikoak,1954.78,3
5440,2026-08-10,Azeneth Corral,Lleida,Sare-kablea,Sareak,321.35,9
5441,2026-06-27,Feliciana Candela Cuesta Juárez,Valladolid,Mahaigaineko ordenagailua,Ordenagailuak,676.54,2
5442,2026-03-01,Bárbara Ballester Bermúdez,Toledo,Bideratzailea,Sareak,135.14,8
5443,2026-01-02,Nélida Posada Sanz,Girona,Webkamera,Periferikoak,512.47,2
5444,2026-07-05,Otilia Mateos Martinez,Tarragona,Mini PC,Ordenagailuak,1621.77,9
5445,2026-04-20,Beatriz Pujadas Torrents,Melilla,Mini PC,Ordenagailuak,1462.65,1
5446,2024-10-07,Eric Cerdá Gilabert,Álava,RAM memoria,Osagaiak,464.38,2
5447,2026-05-04,Rosario Montero Milla,Zaragoza,Switch-a,Sareak,1268.8,4
5448,2026-04-14,José Manuel de Falcón,Cuenca,Ordenagailu eramangarria,Ordenagailuak,220.31,8
5449,2024-12-12,Flora Andres-Lillo,Vizcaya,Txartel grafikoa,Osagaiak,1442.46,10
5450,2025-03-09,Miguel Ángel Cañas Teruel,Salamanca,Switch-a,Sareak,1862.66,4
5451,2025-02-24,Arcelia Arias-Rivas,Albacete,Wi-Fi egokigailua,Sareak,1953.54,8
5452,2026-07-20,Rodrigo Girón Bartolomé,Palencia,Bideratzailea,Sareak,1875.73,5
5453,2025-09-09,Mirta Pino Ramírez,Cuenca,Wi-Fi egokigailua,Sareak,1206.8,2
5454,2024-11-22,Francisco Javier Jódar Delgado,Vizcaya,Sagua,Periferikoak,666.42,8
5455,2024-10-04,José Antonio Artigas Zaragoza,Barcelona,SSD diskoa,Osagaiak,1035.38,3
5456,2024-10-06,Miguel Ángel Talavera Escolano,Tarragona,SSD diskoa,Osagaiak,329.14,6
5457,2025-09-14,Dionisio Bayón Carreño,Ceuta,SSD diskoa,Osagaiak,143.93,7
5458,2026-08-24,Kike de Rios,León,Wi-Fi egokigailua,Sareak,1632.74,8
5459,2025-08-29,Aura Verdú Llopis,Albacete,SSD diskoa,Osagaiak,391.89,5
5460,2026-07-26,Merche Sacristán Macías,Salamanca,Sare-kablea,Sareak,1627.68,4
5461,2026-02-10,Isa del Burgos,Tarragona,Monitorea,Periferikoak,1554.51,3
5462,2025-11-10,Julia Ferrando Porras,Guadalajara,RAM memoria,Osagaiak,1553.76,1
5463,2024-11-25,Aitor Antón Toledo,Murcia,Ordenagailu eramangarria,Ordenagailuak,1997.14,9
5464,2026-03-12,Jorge Ibáñez,Palencia,Txartel grafikoa,Osagaiak,1395.95,1
5465,2026-07-21,Federico Barbero Villalba,Salamanca,RAM memoria,Osagaiak,477.79,3
5466,2025-09-05,Moreno Manuel-Peiró,Sevilla,SSD diskoa,Osagaiak,1492.36,5
5467,2026-08-16,Lorenza Urrutia Díaz,Girona,Sare-kablea,Sareak,1677.86,8
5468,2025-08-22,Herminio Pou Ponce,Ourense,Mini PC,Ordenagailuak,1532.33,3
5469,2026-02-03,Azeneth Gil Sureda,Pontevedra,Mini PC,Ordenagailuak,1783.21,4
5470,2025-06-25,Benigna del Fuente,Murcia,Sare-kablea,Sareak,1065.98,8
5471,2025-12-06,Josué Benítez Echeverría,Cáceres,Mahaigaineko ordenagailua,Ordenagailuak,449.4,9
5472,2025-06-17,Angelita Aragonés Duran,Cáceres,Ordenagailu eramangarria,Ordenagailuak,1457.41,2
5473,2025-02-11,Belén Vera Maldonado,Ceuta,Txartel grafikoa,Osagaiak,1382.23,9
5474,2026-06-30,Dominga Anaya,Cáceres,SSD diskoa,Osagaiak,1819.89,3
5475,2024-10-25,Ciro de Baños,Málaga,Mini PC,Ordenagailuak,246.19,5
5476,2026-07-23,Mónica Riquelme Rosa,Málaga,Switch-a,Sareak,58.24,2
5477,2025-01-25,Amador Garzón-Talavera,Ávila,Switch-a,Sareak,1002.53,9
5478,2025-10-16,Rafa Nacho Cal Pintor,Ourense,Teklatua,Periferikoak,1144.37,6
5479,2025-12-23,José Manuel Llabrés Roldan,Ciudad,Mini PC,Ordenagailuak,693.11,10
5480,2024-10-22,Luz Manjón Oliver,Tarragona,Monitorea,Periferikoak,116.12,1
5481,2025-06-16,Leocadio Santamaría Sáez,Barcelona,Wi-Fi egokigailua,Sareak,972.93,6
5482,2024-12-26,Florentino Hurtado Carpio,Valladolid,Ordenagailu eramangarria,Ordenagailuak,1968.6,3
5483,2025-04-08,Nilo Roque Paz Miranda,Ciudad,Teklatua,Periferikoak,932.73,6
5484,2025-05-23,José Sacristán Comas,Salamanca,Txartel grafikoa,Osagaiak,909.85,8
5485,2025-11-09,Esther Bernat Ramírez,Murcia,Prozesadorea,Osagaiak,825.54,3
5486,2026-03-28,Ámbar Emperatriz Alberto Arenas,Castellón,Sare-kablea,Sareak,1480.17,3
5487,2025-09-23,Juan Pablo Alcolea-Gelabert,Asturias,Mahaigaineko ordenagailua,Ordenagailuak,1304.85,6
5488,2025-03-26,Manuel Bernal Paredes,Guipúzcoa,Teklatua,Periferikoak,1367.41,9
5489,2025-11-07,Miguel Linares Escobar,Murcia,Sagua,Periferikoak,1719.41,7
5490,2026-02-23,Silvio Guillén Palacios,Ávila,Mini PC,Ordenagailuak,1003.98,5
5491,2025-02-09,Daniela Ángela Arteaga Ordóñez,La Coruña,Bideratzailea,Sareak,976.0,5
5492,2025-05-28,Jose Francisco Perera Feliu,León,RAM memoria,Osagaiak,869.8,1
5493,2025-05-20,Óscar Benito,León,Webkamera,Periferikoak,217.98,3
5494,2025-05-27,Lupe Torrecilla,Guipúzcoa,Wi-Fi egokigailua,Sareak,403.6,10
5495,2026-09-19,Sofía Bertrán,Teruel,Sare-kablea,Sareak,1059.81,1
5496,2025-05-22,Lucio Vera Salinas,Segovia,Wi-Fi egokigailua,Sareak,1449.6,4
5497,2024-11-23,Liliana Moraleda Marcos,Lleida,SSD diskoa,Osagaiak,1838.61,8
5498,2025-07-10,Regina Nogués,Navarra,Mini PC,Ordenagailuak,1044.85,4
5499,2025-10-23,Tere Ribas Luque,Cáceres,Webkamera,Periferikoak,1450.46,5
5500,2026-09-05,Primitivo Montoya Rojas,Burgos,Mahaigaineko ordenagailua,Ordenagailuak,934.6,2
5501,2026-05-13,Candelaria Porta Quero,Murcia,Teklatua,Periferikoak,1688.47,3
5502,2026-09-14,Brígida Amor-Arrieta,Córdoba,Sare-kablea,Sareak,492.13,7
5503,2026-08-05,Almudena Pulido Querol,Ourense,Sagua,Periferikoak,1770.2,4
5504,2025-05-26,Clementina de Gomila,Segovia,Bideratzailea,Sareak,544.74,4
5505,2025-06-12,José Mari Fermín Cózar Valls,Valencia,Prozesadorea,Osagaiak,1931.5,7
5506,2025-05-16,Josep Sanabria-Bonilla,Ourense,Bideratzailea,Sareak,48.19,9
5507,2024-09-24,Cristian Diez Ripoll,La Rioja,Ordenagailu eramangarria,Ordenagailuak,960.71,1
5508,2026-04-28,Ovidio Mateo Baños Posada,Madrid,Sare-kablea,Sareak,1598.52,6
5509,2025-01-09,Rafaela Emiliana Cáceres Pablo,Valladolid,Ordenagailu eramangarria,Ordenagailuak,320.17,10
5510,2025-06-14,Gerónimo Franco,Guadalajara,Mini PC,Ordenagailuak,1831.2,8
5511,2026-08-25,Teresa Prats Prado,Jaén,Ordenagailu eramangarria,Ordenagailuak,596.17,10
5512,2025-02-26,Bartolomé Atienza Sánchez,Baleares,Txartel grafikoa,Osagaiak,949.96,5
5513,2025-07-10,Consuela del Perez,Ourense,Teklatua,Periferikoak,1003.95,6
5514,2025-08-22,Asdrubal Catalán,Ceuta,Ordenagailu eramangarria,Ordenagailuak,1759.4,4
5515,2025-12-04,Carmela Calderón Trillo,Asturias,Teklatua,Periferikoak,1724.96,4
5516,2025-06-05,Balduino Goyo Losada Real,Melilla,Switch-a,Sareak,1886.24,10
5517,2026-01-28,Moisés Castrillo,Melilla,Sare-kablea,Sareak,70.2,9
5518,2026-02-13,Concepción Palomares Pazos,Segovia,Teklatua,Periferikoak,144.18,2
5519,2025-04-03,Otilia Oliveras-Castelló,Cantabria,Mahaigaineko ordenagailua,Ordenagailuak,1186.46,4
5520,2024-11-24,Gala Patiño-Llabrés,Almería,Mahaigaineko ordenagailua,Ordenagailuak,1626.79,5
5521,2025-06-14,Margarita Cabrera-Juan,Burgos,Teklatua,Periferikoak,14.17,1
5522,2025-09-27,Abigaíl Sans Beltran,Valencia,Txartel grafikoa,Osagaiak,50.36,3
5523,2025-01-05,Samu Aguado Aragón,La Rioja,Mini PC,Ordenagailuak,998.77,8
5524,2025-01-07,Vidal Barrena Zorrilla,Navarra,Webkamera,Periferikoak,647.38,3
5525,2026-01-31,Olga Rosselló Villar,Burgos,Sagua,Periferikoak,343.79,1
5526,2026-05-05,Samuel Asdrubal Seguí Borrego,Huelva,Webkamera,Periferikoak,1024.27,10
5527,2025-12-20,Priscila Aparicio Solana,Jaén,SSD diskoa,Osagaiak,1396.66,8
5528,2026-02-27,Purificación Zamorano Expósito,Ávila,Txartel grafikoa,Osagaiak,1800.46,3
5529,2025-05-04,Ainoa Ariño Medina,Tarragona,Ordenagailu eramangarria,Ordenagailuak,1412.57,7
5530,2025-08-27,Valentín de Paredes,Castellón,RAM memoria,Osagaiak,947.93,5
5531,2025-11-05,Pablo Prat Cuéllar,Guipúzcoa,Prozesadorea,Osagaiak,876.26,5
5532,2025-08-22,Victorino Guardiola Acedo,Córdoba,Txartel grafikoa,Osagaiak,530.54,8
5533,2026-08-02,Edelmiro Barbero Morillo,Ávila,Monitorea,Periferikoak,1428.21,1
5534,2025-11-24,Telmo Arranz Carrillo,Cuenca,SSD diskoa,Osagaiak,448.27,1
5535,2026-04-04,Luz Baeza-Hernández,Alicante,Webkamera,Periferikoak,1432.2,1
5536,2026-06-26,Lidia Manzanares Zurita,Huesca,Wi-Fi egokigailua,Sareak,1072.85,5
5537,2025-01-20,Teobaldo Sobrino Sabater,Melilla,SSD diskoa,Osagaiak,962.42,6
5538,2026-05-31,Fabricio Calisto Echevarría Urrutia,Guipúzcoa,Bideratzailea,Sareak,182.77,4
5539,2026-05-03,Paulino Raya Sainz,Salamanca,SSD diskoa,Osagaiak,286.23,3
5540,2025-07-30,Mariano Padilla Díaz,Málaga,Ordenagailu eramangarria,Ordenagailuak,567.77,9
5541,2024-11-18,Cipriano Raúl Almeida Girón,Lleida,Sare-kablea,Sareak,925.79,4
5542,2025-01-31,Espiridión Higueras Villar,Teruel,Ordenagailu eramangarria,Ordenagailuak,773.18,4
5543,2026-07-27,Micaela Ortega Frías,Toledo,Mahaigaineko ordenagailua,Ordenagailuak,414.8,5
5544,2026-09-11,Concha Barrios Rovira,Murcia,Wi-Fi egokigailua,Sareak,1048.18,8
5545,2026-09-17,Íñigo Santiago Pont Bauzà,Soria,Sare-kablea,Sareak,453.81,1
5546,2026-02-26,Ángeles Montes,Cuenca,SSD diskoa,Osagaiak,1310.16,10
5547,2025-07-19,Guadalupe Carbó Almazán,Guadalajara,Prozesadorea,Osagaiak,653.5,2
5548,2026-08-03,Reina Osuna Pascual,Alicante,Mahaigaineko ordenagailua,Ordenagailuak,1911.38,10
5549,2025-11-08,Rosalinda Piquer Calvet,Huesca,Mini PC,Ordenagailuak,1085.77,1
5550,2025-09-15,Isabel Cases,Álava,Ordenagailu eramangarria,Ordenagailuak,1498.23,7
5551,2026-01-05,Purificación Ramis Domingo,Cádiz,Prozesadorea,Osagaiak,804.6,6
5552,2026-04-14,Matilde Tirado Rincón,Guipúzcoa,Mahaigaineko ordenagailua,Ordenagailuak,510.42,3
5553,2026-06-25,Quirino Bautista Martorell,Ávila,Bideratzailea,Sareak,1423.16,4
5554,2025-09-21,Alcides Sáez Hoz,Guipúzcoa,Txartel grafikoa,Osagaiak,753.79,3
5555,2026-08-09,Santiago de Franco,Málaga,Mini PC,Ordenagailuak,1159.97,1
5556,2025-07-20,Salomón Fuente-Bilbao,Barcelona,Teklatua,Periferikoak,1514.7,5
5557,2025-02-23,Ruperto Belda Zapata,Valladolid,Sare-kablea,Sareak,1789.2,2
5558,2025-10-19,Gabino Aller,Granada,Wi-Fi egokigailua,Sareak,745.79,4
5559,2025-10-28,Asdrubal de Palomar,León,Ordenagailu eramangarria,Ordenagailuak,1968.73,10
5560,2025-02-11,Desiderio Pallarès Almazán,Cuenca,Bideratzailea,Sareak,925.52,5
5561,2024-12-12,Socorro del Castillo,Cantabria,Sare-kablea,Sareak,1127.88,2
5562,2024-11-27,Yolanda Guillén Lucena,Vizcaya,Txartel grafikoa,Osagaiak,1706.17,1
5563,2026-04-05,Pánfilo Oliver-Villaverde,Guipúzcoa,Wi-Fi egokigailua,Sareak,115.22,3
5564,2025-08-13,Florinda Adán Castilla,Navarra,Prozesadorea,Osagaiak,872.96,7
5565,2024-12-25,Jacobo Fernandez Luz,Cuenca,Wi-Fi egokigailua,Sareak,1825.15,10
5566,2025-07-17,Emma Cobo Bas,Valladolid,Mini PC,Ordenagailuak,398.1,7
5567,2026-03-06,Cornelio Silvestre Trillo Calderon,Soria,SSD diskoa,Osagaiak,347.42,8
5568,2026-09-22,Santiago Grande Seguí,Guipúzcoa,Sagua,Periferikoak,1414.33,10
5569,2024-12-24,Juan Carlos Hugo Viña Vergara,Cáceres,Switch-a,Sareak,1843.42,4
5570,2024-10-13,Jacobo Salmerón Jurado,Santa Cruz de Tenerife,Teklatua,Periferikoak,399.29,9
5571,2025-09-18,Damián Tapia Agustí,Melilla,Webkamera,Periferikoak,1806.87,8
5572,2025-01-04,Rufino Blanca Cueto,Alicante,Monitorea,Periferikoak,30.81,3
5573,2026-01-20,Bonifacio Arévalo-Expósito,Soria,Txartel grafikoa,Osagaiak,1316.26,9
5574,2025-06-23,Gastón Aparicio,Barcelona,Teklatua,Periferikoak,647.84,7
5575,2025-10-25,Florinda Ribes Losada,La Rioja,SSD diskoa,Osagaiak,1044.48,10
5576,2025-12-17,Maricruz Julia Montesinos Carbonell,Teruel,Monitorea,Periferikoak,606.4,6
5577,2026-02-14,Gema Leonor Valencia Falcó,Guadalajara,SSD diskoa,Osagaiak,1790.19,9
5578,2024-11-27,Luciana del Camps,La Rioja,Txartel grafikoa,Osagaiak,475.31,5
5579,2026-04-25,Marcial Bilbao Cabanillas,Córdoba,Prozesadorea,Osagaiak,781.65,3
5580,2025-12-10,Jessica Adán Palacio,Sevilla,Teklatua,Periferikoak,149.86,5
5581,2026-08-13,Florencia León Uribe,Huelva,Ordenagailu eramangarria,Ordenagailuak,376.54,8
5582,2026-09-06,Jenaro Palacios Gonzalez,Badajoz,Sagua,Periferikoak,1056.31,5
5583,2025-07-22,Concepción Giner-Matas,Las Palmas,Monitorea,Periferikoak,227.42,9
5584,2025-01-15,Teo Badía,Madrid,Txartel grafikoa,Osagaiak,79.43,10
5585,2025-08-16,Nazaret Roselló Blanes,Cuenca,Switch-a,Sareak,476.99,5
5586,2024-12-04,Julieta Planas Fuentes,Huesca,Sagua,Periferikoak,1741.78,2
5587,2026-01-06,Óscar del Garcés,Santa Cruz de Tenerife,Sagua,Periferikoak,1260.6,9
5588,2024-11-24,Pascual Portillo Villa,León,SSD diskoa,Osagaiak,1819.33,8
5589,2026-05-25,Chus Castro Acero,Asturias,Bideratzailea,Sareak,203.51,10
5590,2025-03-26,Natanael Clemente Prada,Sevilla,Teklatua,Periferikoak,1037.91,8
5591,2026-02-26,Corona Sevilla Ledesma,Huelva,Mahaigaineko ordenagailua,Ordenagailuak,163.73,2
5592,2026-03-01,Luna Melisa Montalbán Carrión,Lugo,Monitorea,Periferikoak,350.49,2
5593,2024-12-28,Esmeralda Andrade Martin,Ávila,Sagua,Periferikoak,1714.21,9
5594,2026-06-08,Marcia Gil,Albacete,Teklatua,Periferikoak,106.95,4
5595,2025-08-20,Dani Bonet-Carnero,Albacete,Monitorea,Periferikoak,1327.74,3
5596,2025-07-14,Victor Contreras Palmer,Sevilla,Webkamera,Periferikoak,1850.22,7
5597,2024-12-06,Amaya Vigil Bellido,Navarra,Txartel grafikoa,Osagaiak,900.56,1
5598,2026-08-02,Rafa Palomar Sanchez,Castellón,Monitorea,Periferikoak,575.85,1
5599,2025-04-09,Candela Girón,Ourense,Wi-Fi egokigailua,Sareak,1660.68,9
5600,2025-07-11,Narcisa Ani Riquelme Lumbreras,Asturias,Switch-a,Sareak,169.19,4
5601,2025-11-13,Gabino Fuente Valero,Teruel,Webkamera,Periferikoak,304.59,3
5602,2025-05-25,Elba Gallego Pizarro,Baleares,RAM memoria,Osagaiak,1737.66,9
5603,2024-11-05,José Calderon Rosell,Salamanca,Wi-Fi egokigailua,Sareak,1023.93,6
5604,2025-09-26,Rafael Badía Ros,La Rioja,Teklatua,Periferikoak,551.48,10
5605,2025-10-04,Tomasa Ortuño,Toledo,Teklatua,Periferikoak,255.55,7
5606,2025-11-02,Jenny Sabater Zurita,Ceuta,Sagua,Periferikoak,633.79,8
5607,2026-04-30,Clementina Alondra González Portillo,Salamanca,Sagua,Periferikoak,262.48,1
5608,2026-04-19,Aurelia Pera Ríos,Barcelona,RAM memoria,Osagaiak,1776.5,9
5609,2025-08-18,Adelia Gil,Ávila,Txartel grafikoa,Osagaiak,154.7,7
5610,2025-10-21,Ainara del López,Zamora,Teklatua,Periferikoak,1418.18,1
5611,2026-05-27,Encarna Morera Pina,Las Palmas,Webkamera,Periferikoak,457.88,7
5612,2025-07-06,Natividad de Gallardo,Zamora,RAM memoria,Osagaiak,1816.22,4
5613,2026-07-16,Atilio Barberá Gual,Pontevedra,Mini PC,Ordenagailuak,1995.73,9
5614,2026-07-15,Modesto Julio César Salmerón Garrido,Toledo,Prozesadorea,Osagaiak,1879.96,2
5615,2025-03-12,Reina Salvà Gelabert,Santa Cruz de Tenerife,Txartel grafikoa,Osagaiak,1455.94,6
5616,2024-11-21,Belén Marita Castilla Cortes,Asturias,Ordenagailu eramangarria,Ordenagailuak,433.56,1
5617,2025-05-16,Vera Lastra Aguilar,Almería,Webkamera,Periferikoak,1450.37,10
5618,2026-07-31,Daniel Cortés Cañizares,La Rioja,Mini PC,Ordenagailuak,870.95,5
5619,2025-10-27,Rolando Roselló Gomez,Ciudad,Prozesadorea,Osagaiak,1413.2,4
5620,2025-11-08,Álvaro del Sarmiento,Tarragona,Txartel grafikoa,Osagaiak,148.38,1
5621,2025-09-23,Angélica Maldonado Patiño,Ávila,Monitorea,Periferikoak,1102.13,9
5622,2026-01-08,Heliodoro Maldonado Corbacho,Cáceres,Ordenagailu eramangarria,Ordenagailuak,135.95,10
5623,2026-03-20,Olivia Novoa-Yáñez,Segovia,Switch-a,Sareak,90.8,1
5624,2026-07-26,Candela Gras Coloma,Segovia,Mini PC,Ordenagailuak,1882.63,5
5625,2025-10-07,Artemio Mendizábal Lastra,Álava,Switch-a,Sareak,633.97,5
5626,2025-01-12,Jose Carlos del Chacón,Pontevedra,Monitorea,Periferikoak,193.63,9
5627,2025-10-29,Pilar Valera Aroca,Castellón,Sagua,Periferikoak,1043.85,4
5628,2024-11-03,Glauco Saavedra Bayona,Álava,Mahaigaineko ordenagailua,Ordenagailuak,1318.3,10
5629,2026-04-08,Dimas Menéndez Botella,Sevilla,Switch-a,Sareak,1746.38,3
5630,2024-10-27,Noelia Gema Frutos Camino,Jaén,Sagua,Periferikoak,872.71,5
5631,2026-07-09,Josefina del Rosales,Ávila,Webkamera,Periferikoak,1902.54,9
5632,2026-02-18,Hilda Casares-Aller,Cáceres,Sare-kablea,Sareak,756.9,9
5633,2024-11-05,Omar Mendizábal Barroso,Toledo,Ordenagailu eramangarria,Ordenagailuak,1084.93,3
5634,2026-07-28,Curro Arévalo Pombo,Badajoz,Teklatua,Periferikoak,985.52,9
5635,2026-06-02,Visitación Carrera Montero,Zamora,Prozesadorea,Osagaiak,91.39,10
5636,2026-08-12,Eli Riquelme Amador,Alicante,Wi-Fi egokigailua,Sareak,1322.82,10
5637,2026-01-17,Jordán Alcaraz Jove,Zaragoza,Teklatua,Periferikoak,1560.36,8
5638,2026-05-29,Saturnina Sacristán,Guipúzcoa,RAM memoria,Osagaiak,796.28,3
5639,2026-06-22,Trini Izquierdo,Baleares,RAM memoria,Osagaiak,477.86,4
5640,2025-10-31,Tomás Díez Benavent,Castellón,Webkamera,Periferikoak,1537.61,1
5641,2025-01-05,Federico Chaparro,Guipúzcoa,Ordenagailu eramangarria,Ordenagailuak,899.22,8
5642,2026-01-25,Juana Baeza Verdejo,Cáceres,Webkamera,Periferikoak,1751.4,5
5643,2025-06-28,Daniel Francisco Losa Gimeno,Palencia,Ordenagailu eramangarria,Ordenagailuak,1469.96,9
5644,2026-05-30,Natalia Miró Santamaria,Segovia,Txartel grafikoa,Osagaiak,1287.37,4
5645,2026-09-16,Elías Alcázar Gaya,Sevilla,SSD diskoa,Osagaiak,1126.99,2
5646,2025-06-14,Felicia Guzman,Álava,Mahaigaineko ordenagailua,Ordenagailuak,261.77,3
5647,2026-08-19,Narcisa de Llorente,Ourense,Monitorea,Periferikoak,1589.3,8
5648,2025-03-16,Chus Fuentes Piquer,Guipúzcoa,Txartel grafikoa,Osagaiak,1593.7,6
5649,2026-06-10,Adalberto Alemán Perelló,Murcia,Mini PC,Ordenagailuak,613.96,8
5650,2025-08-18,Ana Sofía Garay Espinosa,La Coruña,SSD diskoa,Osagaiak,160.69,4
5651,2026-06-27,Ariel Dominga Royo Carballo,Alicante,Teklatua,Periferikoak,1500.33,1
5652,2025-11-28,Áurea Gonzalez,Albacete,Bideratzailea,Sareak,926.56,2
5653,2025-12-28,Quirino Anguita Giménez,León,Switch-a,Sareak,637.77,10
5654,2025-02-19,Gerónimo Palomares Giralt,Salamanca,Sare-kablea,Sareak,1773.41,4
5655,2025-09-19,Benigna Peña Cabo,Sevilla,Ordenagailu eramangarria,Ordenagailuak,528.2,1
5656,2024-12-31,Chita Uribe-Múñiz,Murcia,Ordenagailu eramangarria,Ordenagailuak,708.4,1
5657,2025-01-08,Piedad Lastra Alberto,Huesca,Txartel grafikoa,Osagaiak,1445.66,5
5658,2026-07-24,Anita Arellano Cuesta,Granada,RAM memoria,Osagaiak,231.81,5
5659,2026-06-22,Emma Belmonte,Toledo,RAM memoria,Osagaiak,1930.9,5
5660,2025-09-17,Íngrid Estévez-Toro,Salamanca,Sagua,Periferikoak,1269.85,3
5661,2025-06-03,Silvestre Pedraza Sola,Zamora,Mahaigaineko ordenagailua,Ordenagailuak,1669.45,4
5662,2024-10-02,Edgardo del Cantón,Ourense,RAM memoria,Osagaiak,1419.49,9
5663,2025-04-25,Dimas del Fábregas,Córdoba,Bideratzailea,Sareak,297.77,1
5664,2026-09-09,Leandro Camino Aguilera,Pontevedra,Prozesadorea,Osagaiak,148.14,5
5665,2025-09-17,Marianela Solé Rueda,Asturias,Mahaigaineko ordenagailua,Ordenagailuak,1861.27,5
5666,2026-03-17,Demetrio Amor Múgica Garcés,Córdoba,Webkamera,Periferikoak,1996.43,6
5667,2026-04-25,Victorino Grande Codina,La Coruña,Ordenagailu eramangarria,Ordenagailuak,482.58,2
5668,2026-02-05,Tatiana de Trujillo,Zamora,Sagua,Periferikoak,1867.62,2
5669,2025-06-29,Fabiana Mariscal Cisneros,Las Palmas,Webkamera,Periferikoak,444.97,9
5670,2025-01-31,Toribio Diaz,Melilla,Switch-a,Sareak,1570.19,3
5671,2024-11-07,Dorita Dafne Checa Tapia,Albacete,Switch-a,Sareak,782.45,6
5672,2025-12-18,Gervasio Ayuso-Dalmau,Toledo,Sagua,Periferikoak,252.3,9
5673,2025-09-27,Poncio Alvarez-Moreno,Córdoba,Ordenagailu eramangarria,Ordenagailuak,1355.66,9
5674,2025-09-04,Mercedes Larrea Arteaga,Sevilla,SSD diskoa,Osagaiak,1023.11,9
5675,2026-03-05,Eusebio Arenas Ramos,Asturias,Mini PC,Ordenagailuak,588.52,2
5676,2025-03-01,Isidoro Fajardo-Huertas,Almería,RAM memoria,Osagaiak,1771.98,6
5677,2025-06-04,Celestina Manso Carretero,Baleares,Monitorea,Periferikoak,953.58,2
5678,2026-03-23,Lorenzo Cepeda-Cobo,Salamanca,Mahaigaineko ordenagailua,Ordenagailuak,853.46,3
5679,2026-02-18,Balduino Abad-Vila,Vizcaya,Webkamera,Periferikoak,574.4,8
5680,2025-06-23,Tatiana Conesa Pera,Madrid,Webkamera,Periferikoak,1788.24,4
5681,2026-05-24,Hipólito del Fortuny,Valladolid,Switch-a,Sareak,1019.14,3
5682,2025-04-25,Amando del Barreda,Pontevedra,Mahaigaineko ordenagailua,Ordenagailuak,1091.26,1
5683,2025-01-27,Ámbar del Gaya,Ciudad,Teklatua,Periferikoak,106.22,7
5684,2026-02-08,Elisabet Tejada Lamas,Pontevedra,Sagua,Periferikoak,815.5,8
5685,2025-05-19,Augusto Páez Alcázar,Granada,Prozesadorea,Osagaiak,346.64,10
5686,2026-05-04,Martin Galán Frutos,Salamanca,Sare-kablea,Sareak,577.6,10
5687,2025-06-16,Olimpia Rufina Navarrete Porras,Zaragoza,Prozesadorea,Osagaiak,1524.41,5
5688,2026-02-20,Benita Riba Santos,Melilla,RAM memoria,Osagaiak,1909.52,8
5689,2024-11-28,Ana Sofía Briones Revilla,León,Ordenagailu eramangarria,Ordenagailuak,386.18,2
5690,2026-01-10,Febe Lluch Bautista,Córdoba,Sare-kablea,Sareak,986.94,3
5691,2026-04-07,Coral Goicoechea Salas,Palencia,Mahaigaineko ordenagailua,Ordenagailuak,1230.12,7
5692,2025-08-25,Ruy Llano Hierro,Sevilla,Prozesadorea,Osagaiak,1547.51,4
5693,2024-10-22,Marita Duran Galiano,Santa Cruz de Tenerife,Mini PC,Ordenagailuak,1142.74,2
5694,2025-09-24,Nazaret Patiño,Ceuta,Switch-a,Sareak,157.13,9
5695,2025-11-02,Raimundo Plana Cifuentes,Segovia,Sare-kablea,Sareak,901.28,6
5696,2026-08-02,Sonia Sevilla Garay,Granada,Mahaigaineko ordenagailua,Ordenagailuak,1076.43,1
5697,2025-12-20,María Manuela Julián Saura,Palencia,Ordenagailu eramangarria,Ordenagailuak,1751.82,7
5698,2025-07-04,Teresa Correa Armas,Ourense,Ordenagailu eramangarria,Ordenagailuak,1171.5,9
5699,2025-03-12,Patricia Trillo Santamaría,Ceuta,Sare-kablea,Sareak,794.29,6
5700,2025-09-05,Adelina Alfaro Santamaría,Huesca,Prozesadorea,Osagaiak,530.1,9
5701,2024-12-16,José Mari Guardia,Badajoz,Teklatua,Periferikoak,945.4,3
5702,2024-09-27,María Albero Valencia,Segovia,Txartel grafikoa,Osagaiak,258.66,3
5703,2025-07-23,Hipólito Roldan Julián,Cáceres,Teklatua,Periferikoak,273.71,1
5704,2025-01-26,Norberto Mascaró Mariscal,Las Palmas,Prozesadorea,Osagaiak,1996.89,7
5705,2024-11-30,Mar Roselló Puig,Cádiz,Webkamera,Periferikoak,731.63,1
5706,2026-07-18,Ruperta de Figueras,Cantabria,Monitorea,Periferikoak,56.79,10
5707,2025-02-07,Vilma Bermejo Sarabia,Vizcaya,Mahaigaineko ordenagailua,Ordenagailuak,1184.71,6
5708,2025-08-14,Celso Iván Gallego Miró,Almería,Sare-kablea,Sareak,57.92,6
5709,2025-08-31,Renato Cañellas Rosselló,Jaén,Monitorea,Periferikoak,1656.18,10
5710,2025-08-25,Sandra Dionisia Soto Cano,Tarragona,Sare-kablea,Sareak,844.69,1
5711,2025-03-12,Primitivo Arteaga Andrade,León,Sare-kablea,Sareak,967.51,7
5712,2024-11-01,Adrián Amat Iborra,Granada,Ordenagailu eramangarria,Ordenagailuak,449.65,3
5713,2025-03-24,Carolina Chico Andreu,Badajoz,RAM memoria,Osagaiak,537.43,7
5714,2025-12-30,Candelario Alvarado Dominguez,Córdoba,Prozesadorea,Osagaiak,1186.32,2
5715,2026-07-01,Roberta Quevedo-Mínguez,Huelva,Ordenagailu eramangarria,Ordenagailuak,679.88,6
5716,2025-08-14,Esther Ricart Giménez,Granada,Mini PC,Ordenagailuak,1930.41,1
5717,2025-07-18,Ángeles Toledo,Soria,Txartel grafikoa,Osagaiak,317.7,4
5718,2025-04-21,Teófilo Agustín,Badajoz,Mahaigaineko ordenagailua,Ordenagailuak,489.22,9
5719,2026-08-12,María Ángeles Manjón-Santamaría,Pontevedra,Teklatua,Periferikoak,853.76,10
5720,2025-10-31,Dani Sureda Bellido,Córdoba,Mahaigaineko ordenagailua,Ordenagailuak,1189.7,8
5721,2026-01-16,Narciso del Izaguirre,Murcia,Mini PC,Ordenagailuak,115.49,9
5722,2025-10-04,Áurea de Fajardo,Burgos,Sare-kablea,Sareak,1635.61,10
5723,2025-05-27,Perlita del Méndez,Toledo,Mini PC,Ordenagailuak,1043.88,10
5724,2025-02-25,Cipriano Sanmiguel-Balaguer,Ourense,Webkamera,Periferikoak,1504.97,8
5725,2025-03-12,Abril Anglada,Ávila,SSD diskoa,Osagaiak,1372.24,3
5726,2026-03-10,Victoria Esperanza Mascaró Casal,Córdoba,Switch-a,Sareak,1936.26,3
5727,2024-10-18,Gala del Perez,Tarragona,Mini PC,Ordenagailuak,394.28,5
5728,2025-10-11,Crescencia Emma Diego Buendía,Girona,Sare-kablea,Sareak,1325.36,7
5729,2025-05-11,Constanza Dominguez Moliner,Teruel,Wi-Fi egokigailua,Sareak,228.42,7
5730,2025-08-23,Toni Boix,Cuenca,Ordenagailu eramangarria,Ordenagailuak,311.14,10
5731,2025-11-15,Edmundo Sáez Pujadas,Lleida,Wi-Fi egokigailua,Sareak,104.29,6
5732,2026-02-22,Rodrigo Márquez Pla,Baleares,Txartel grafikoa,Osagaiak,324.62,4
5733,2024-11-03,Socorro Trujillo-Murcia,Baleares,Sagua,Periferikoak,1589.23,7
5734,2026-03-02,Yago Calderon Montero,Navarra,RAM memoria,Osagaiak,274.78,9
5735,2024-10-26,Camilo Benet Gomez,Lleida,Prozesadorea,Osagaiak,523.85,6
5736,2025-03-01,Guadalupe Alcázar,Cáceres,Mini PC,Ordenagailuak,616.24,1
5737,2025-01-03,Cecilia Lledó Naranjo,Barcelona,Wi-Fi egokigailua,Sareak,1697.14,10
5738,2026-01-28,Julio Narváez Mínguez,Madrid,Switch-a,Sareak,249.48,1
5739,2025-09-04,Chelo Marti Sainz,Vizcaya,SSD diskoa,Osagaiak,1477.5,2
5740,2025-10-15,Hernando Olivé Monreal,Baleares,Prozesadorea,Osagaiak,77.89,10
5741,2025-02-25,Tatiana Canet Múñiz,Zaragoza,Webkamera,Periferikoak,971.91,9
5742,2025-12-15,Curro Ledesma Belmonte,Barcelona,Sagua,Periferikoak,1299.68,9
5743,2024-09-30,Teodoro Garcia Morata,Córdoba,Mahaigaineko ordenagailua,Ordenagailuak,1274.51,6
5744,2025-04-23,Amada Vallejo Morales,Córdoba,Monitorea,Periferikoak,1235.65,1
5745,2025-11-16,Dionisio Luis Miguel Taboada Villa,Salamanca,Wi-Fi egokigailua,Sareak,1576.35,1
5746,2024-10-22,Marina Arana Paz,Almería,Wi-Fi egokigailua,Sareak,1396.82,3
5747,2026-09-06,Maribel Alfaro,Álava,Mahaigaineko ordenagailua,Ordenagailuak,957.63,4
5748,2025-10-18,Vanesa Botella,Ceuta,Ordenagailu eramangarria,Ordenagailuak,338.74,4
5749,2025-02-19,Rosalva Sola Sanchez,Huelva,RAM memoria,Osagaiak,1160.63,10
5750,2025-06-08,Encarnita de Cobos,Palencia,Prozesadorea,Osagaiak,1617.28,3
5751,2025-03-03,Buenaventura del Viña,Vizcaya,Teklatua,Periferikoak,627.97,2
5752,2025-01-28,Chus Cerro-Cabanillas,Sevilla,Bideratzailea,Sareak,185.95,6
5753,2026-01-12,Moisés Édgar Vilar Ordóñez,Burgos,Monitorea,Periferikoak,1554.52,2
5754,2026-02-01,Guiomar Bueno Acevedo,Badajoz,Ordenagailu eramangarria,Ordenagailuak,1827.61,8
5755,2025-03-11,Melisa Mayte Nadal Bustos,Santa Cruz de Tenerife,Sare-kablea,Sareak,26.57,4
5756,2025-01-27,Alex Domingo Enríquez Martín,Girona,Wi-Fi egokigailua,Sareak,1898.2,2
5757,2024-11-17,Fabiana del Fuertes,Cantabria,Txartel grafikoa,Osagaiak,147.35,6
5758,2026-05-18,Cayetano Alcázar Iglesias,Ávila,Sagua,Periferikoak,1088.55,9
5759,2025-08-02,Fabiola Pla Marin,Salamanca,Switch-a,Sareak,788.3,4
5760,2024-10-19,Juan Carlos Ramiro Busquets Ramos,Cantabria,Prozesadorea,Osagaiak,1815.74,10
5761,2026-02-08,Ruth Aragonés Bautista,Jaén,Ordenagailu eramangarria,Ordenagailuak,1905.65,8
5762,2026-04-19,Jordán Gracia Castilla,Zaragoza,Mahaigaineko ordenagailua,Ordenagailuak,950.68,4
5763,2025-05-04,Elisa Criado Múgica,Málaga,Mini PC,Ordenagailuak,1508.22,4
5764,2026-04-11,Mateo Reig,Santa Cruz de Tenerife,SSD diskoa,Osagaiak,1476.85,8
5765,2025-02-26,Edelmiro Téllez Crespo,Palencia,Switch-a,Sareak,1242.21,2
5766,2025-03-11,Abilio Haroldo Bello Villanueva,Soria,SSD diskoa,Osagaiak,832.2,6
5767,2025-11-27,Xavier Samper Iniesta,Albacete,Wi-Fi egokigailua,Sareak,1482.89,7
5768,2026-01-23,Graciano Blanco Román,Cantabria,Monitorea,Periferikoak,1984.28,9
5769,2025-01-15,Manuelita Arévalo Esteve,La Coruña,Ordenagailu eramangarria,Ordenagailuak,175.76,8
5770,2025-09-05,Eutimio Martinez Barragán,Burgos,Monitorea,Periferikoak,227.36,3
5771,2025-05-12,Héctor Bejarano Prats,Córdoba,Sare-kablea,Sareak,613.31,1
5772,2025-08-10,Jesús Vinicio Pozuelo Pombo,Huelva,Mini PC,Ordenagailuak,451.9,4
5773,2026-03-30,Jerónimo Luz,Jaén,Sare-kablea,Sareak,1629.92,10
5774,2025-09-18,Zaida Esteve Mayol,Córdoba,RAM memoria,Osagaiak,993.65,5
5775,2025-01-30,Natividad del Revilla,Barcelona,Mini PC,Ordenagailuak,1038.18,7
5776,2025-01-18,María José Serrano-Sanabria,Sevilla,Mini PC,Ordenagailuak,155.74,5
5777,2025-07-18,Azucena de Sedano,La Coruña,Ordenagailu eramangarria,Ordenagailuak,1486.1,5
5778,2025-11-06,Serafina Expósito Clemente,Zamora,Mini PC,Ordenagailuak,1923.5,9
5779,2025-10-09,Gonzalo Cuesta Llorente,Asturias,Webkamera,Periferikoak,716.5,10
5780,2025-12-27,Pepita del Molins,Cádiz,Prozesadorea,Osagaiak,693.33,2
5781,2026-04-24,Alba Tomás,Valladolid,Monitorea,Periferikoak,956.98,8
5782,2024-12-15,Florina Chacón-Alegre,Sevilla,Ordenagailu eramangarria,Ordenagailuak,400.48,3
5783,2026-09-18,Florencia Hervás Bello,Zaragoza,Sare-kablea,Sareak,1111.75,6
5784,2026-02-09,Fernando Mariño,Huesca,Bideratzailea,Sareak,338.75,1
5785,2025-06-13,Ruperta Ricart-Gilabert,Pontevedra,Monitorea,Periferikoak,287.37,1
5786,2026-06-06,Emilio Molina Bonilla,Toledo,Webkamera,Periferikoak,1321.48,7
5787,2025-06-23,Amada Moles,Segovia,Mahaigaineko ordenagailua,Ordenagailuak,437.74,9
5788,2025-05-27,Maura Vidal,Cáceres,Ordenagailu eramangarria,Ordenagailuak,1944.47,8
5789,2025-01-25,Hernán Portero Quevedo,Cáceres,Mini PC,Ordenagailuak,1252.85,3
5790,2025-03-30,María Dolores Prada,Las Palmas,Mini PC,Ordenagailuak,1212.84,2
5791,2025-10-31,Dora Fabra Plana,Valencia,Bideratzailea,Sareak,652.3,9
5792,2025-03-05,Gala Mayoral López,Girona,Txartel grafikoa,Osagaiak,1440.36,4
5793,2025-03-12,Ildefonso Solana Ledesma,Zaragoza,Mahaigaineko ordenagailua,Ordenagailuak,894.93,2
5794,2026-04-07,Gloria Benítez Rebollo,Pontevedra,Mahaigaineko ordenagailua,Ordenagailuak,634.85,1
5795,2025-08-10,Susana Roman Rios,Valladolid,Teklatua,Periferikoak,969.69,3
5796,2026-06-08,Reinaldo Mauricio Sotelo Gordillo,León,Wi-Fi egokigailua,Sareak,1891.69,1
5797,2025-08-23,Patricia Cañete Valderrama,Álava,Prozesadorea,Osagaiak,1692.75,10
5798,2025-12-24,Encarnación Prats-Peralta,Badajoz,Sare-kablea,Sareak,603.47,7
5799,2025-11-03,Lupe del Ferrán,Navarra,Monitorea,Periferikoak,1698.38,4
5800,2026-01-24,Eli Camino,Huesca,Mahaigaineko ordenagailua,Ordenagailuak,1829.73,6
5801,2026-08-16,Chelo Bastida Noriega,Teruel,Webkamera,Periferikoak,1188.76,8
5802,2025-10-15,Íngrid Rodriguez Blanes,Segovia,Prozesadorea,Osagaiak,261.8,4
5803,2026-04-18,Concepción Bosch Prado,Vizcaya,Txartel grafikoa,Osagaiak,427.98,10
5804,2025-07-08,Nieves Pla Pazos,Girona,Sare-kablea,Sareak,228.68,2
5805,2025-06-11,Eliseo de Rosell,Santa Cruz de Tenerife,Sare-kablea,Sareak,1586.8,6
5806,2024-11-26,Estela Rius Gibert,Cuenca,Ordenagailu eramangarria,Ordenagailuak,849.6,3
5807,2024-10-19,Venceslás Piñol Esparza,Salamanca,Mahaigaineko ordenagailua,Ordenagailuak,1276.53,8
5808,2026-04-10,Rocío Varela Haro,Cádiz,RAM memoria,Osagaiak,781.26,8
5809,2024-11-10,Rosalinda Villanueva Díaz,Cantabria,Txartel grafikoa,Osagaiak,1196.64,2
5810,2026-07-03,Ildefonso Suárez Sanchez,Las Palmas,Txartel grafikoa,Osagaiak,251.47,7
5811,2026-01-03,Rosenda Alcolea Beltran,Salamanca,Mini PC,Ordenagailuak,437.86,10
5812,2026-02-06,Aníbal Valentín Piña Llorens,Albacete,Webkamera,Periferikoak,1409.13,6
5813,2024-09-24,Fanny Daza Mármol,Almería,Ordenagailu eramangarria,Ordenagailuak,538.41,6
5814,2026-02-13,Verónica Páez,Salamanca,Switch-a,Sareak,312.19,3
5815,2024-10-07,Ángeles Olivares Tejera,Granada,Mini PC,Ordenagailuak,241.38,5
5816,2026-01-03,José Luis Acedo Galvez,Burgos,Prozesadorea,Osagaiak,1474.48,9
5817,2026-06-05,Anastasio Valero Amorós,Toledo,Sare-kablea,Sareak,860.67,8
5818,2026-08-25,Azeneth del Pons,Baleares,Ordenagailu eramangarria,Ordenagailuak,1962.55,8
5819,2025-01-09,Eligio Porras Novoa,La Coruña,Mahaigaineko ordenagailua,Ordenagailuak,1241.77,9
5820,2026-03-23,Herminio Ribes Palma,Ceuta,Mahaigaineko ordenagailua,Ordenagailuak,1640.52,3
5821,2026-04-02,Tito Arenas Peñalver,Soria,Prozesadorea,Osagaiak,290.12,4
5822,2026-02-23,Aitana Piquer Guzman,Madrid,Mini PC,Ordenagailuak,402.37,9
5823,2026-02-13,Adelaida Codina Juan,Granada,Ordenagailu eramangarria,Ordenagailuak,1521.59,10
5824,2026-07-31,Fabricio Erasmo Carbajo Solera,Jaén,Webkamera,Periferikoak,1741.49,2
5825,2025-02-06,Che de Escribano,Álava,Bideratzailea,Sareak,1882.86,10
5826,2026-05-08,Alex Ferrera Cañizares,La Coruña,Wi-Fi egokigailua,Sareak,1748.64,1
5827,2025-01-11,Nidia Aragón Mármol,Toledo,Bideratzailea,Sareak,1274.28,9
5828,2026-08-03,Marcial Alfaro Lillo,Santa Cruz de Tenerife,Prozesadorea,Osagaiak,813.85,8
5829,2025-12-06,Marcelo Herrero Agustín,Barcelona,Prozesadorea,Osagaiak,184.71,6
5830,2026-04-10,Jorge Gordillo Cantero,Valladolid,Mini PC,Ordenagailuak,903.5,6
5831,2025-09-17,Ciro Llobet Campos,Málaga,Sare-kablea,Sareak,1897.42,1
5832,2026-08-26,Esperanza Casanovas,Badajoz,SSD diskoa,Osagaiak,1653.74,10
5833,2025-01-18,Luís Enríquez-Linares,Zamora,SSD diskoa,Osagaiak,61.91,7
5834,2026-08-01,Teodosio Ojeda Elorza,Barcelona,Bideratzailea,Sareak,1798.75,8
5835,2026-02-17,Sebastián Pomares-Bastida,Valencia,Switch-a,Sareak,718.43,10
5836,2025-04-27,Samuel Benavente Carbó,Cáceres,Mahaigaineko ordenagailua,Ordenagailuak,721.48,1
5837,2024-11-19,Amaro Águila Arenas,Baleares,Webkamera,Periferikoak,1929.65,1
5838,2026-07-26,Francisco Goicoechea,León,Switch-a,Sareak,311.33,3
5839,2026-07-04,Jordana Barranco Godoy,Huesca,Mini PC,Ordenagailuak,1574.47,10
5840,2025-05-12,Jose Manuel Estévez Tello,Pontevedra,Prozesadorea,Osagaiak,1438.33,7
5841,2026-07-10,Prudencio Río Clemente,Segovia,Ordenagailu eramangarria,Ordenagailuak,988.6,3
5842,2026-03-06,Laura Bru Pomares,Cádiz,Sare-kablea,Sareak,114.19,3
5843,2024-11-20,Horacio Cáceres Cabanillas,Murcia,Sagua,Periferikoak,32.7,4
5844,2024-10-07,Antonia Mateu-Gonzalo,Ourense,RAM memoria,Osagaiak,1102.32,2
5845,2026-05-01,Artemio de Villalonga,Ceuta,Teklatua,Periferikoak,991.29,2
5846,2025-11-27,Loreto Vives Suarez,Melilla,Txartel grafikoa,Osagaiak,1909.59,2
5847,2026-07-23,Eutropio Chico Guerra,Sevilla,Txartel grafikoa,Osagaiak,1037.2,10
5848,2024-10-04,Ruth Segarra Roldán,Cáceres,Mini PC,Ordenagailuak,948.58,1
5849,2025-10-15,Brígida Perea Hoyos,Cantabria,Wi-Fi egokigailua,Sareak,1749.39,2
5850,2024-12-22,Maxi Julián Ibáñez,Zaragoza,Prozesadorea,Osagaiak,1633.74,6
5851,2025-04-17,Nico Gisbert Fuertes,Córdoba,Teklatua,Periferikoak,363.47,9
5852,2026-04-25,Adalberto Zaragoza Zapata,Santa Cruz de Tenerife,Teklatua,Periferikoak,913.12,1
5853,2025-04-11,Daniela Bernat Nicolás,Girona,Sare-kablea,Sareak,1434.1,9
5854,2026-02-02,Dionisia Valera Valcárcel,Guipúzcoa,Switch-a,Sareak,1942.65,9
5855,2026-03-21,Lupe Gomila Pedrosa,Barcelona,Mahaigaineko ordenagailua,Ordenagailuak,970.67,2
5856,2024-10-02,Régulo Roldán Corbacho,Pontevedra,Mini PC,Ordenagailuak,1170.61,5
5857,2025-07-28,Artemio Rius,Zaragoza,Monitorea,Periferikoak,1393.86,2
5858,2025-04-21,Pepe Alfonso Uriarte,Santa Cruz de Tenerife,Wi-Fi egokigailua,Sareak,1856.35,6
5859,2025-12-05,Elvira Escrivá Gómez,Jaén,Mini PC,Ordenagailuak,1961.54,2
5860,2024-12-16,Rosendo Villaverde-Marcos,Guadalajara,Ordenagailu eramangarria,Ordenagailuak,555.52,8
5861,2025-12-05,Graciano Martin Torrent,Tarragona,Mini PC,Ordenagailuak,55.98,9
5862,2025-06-08,Luna Frías Cáceres,Castellón,Wi-Fi egokigailua,Sareak,1370.77,6
5863,2025-03-15,Andrés del Peralta,Cantabria,Ordenagailu eramangarria,Ordenagailuak,506.23,5
5864,2025-11-11,Felipa Casal Ripoll,Navarra,Switch-a,Sareak,1350.63,8
5865,2026-04-28,Fabio Grau Valenciano,Málaga,Wi-Fi egokigailua,Sareak,295.59,2
5866,2026-03-06,Estela Rico Luján,Huesca,Switch-a,Sareak,1622.76,3
5867,2024-10-07,Eliseo Torrens,Pontevedra,Webkamera,Periferikoak,618.94,6
5868,2026-08-04,Aarón Horacio Pozo Villaverde,Burgos,Monitorea,Periferikoak,448.2,9
5869,2025-07-10,Abilio de Beltrán,Segovia,Txartel grafikoa,Osagaiak,363.14,4
5870,2026-03-10,Alejandro Andres Otero,Santa Cruz de Tenerife,SSD diskoa,Osagaiak,921.21,4
5871,2026-01-23,Paula Asenjo Benito,Asturias,Bideratzailea,Sareak,1815.31,7
5872,2026-09-06,Martina Méndez Antón,Valencia,Teklatua,Periferikoak,1053.39,1
5873,2026-01-07,Dalila Pablo Araujo,Zaragoza,Teklatua,Periferikoak,1054.67,5
5874,2026-05-23,Guillermo Goicoechea Esparza,Melilla,Wi-Fi egokigailua,Sareak,731.52,4
5875,2025-07-29,Santos Espejo Gisbert,Burgos,Prozesadorea,Osagaiak,1024.8,10
5876,2026-09-23,Benigno Díaz Baños,Albacete,SSD diskoa,Osagaiak,156.2,3
5877,2024-11-25,Gabriel Viñas Bonilla,Lleida,Sare-kablea,Sareak,1372.6,6
5878,2025-01-04,Alejandro Jaume,Ourense,Sare-kablea,Sareak,832.65,9
5879,2026-03-08,Eladio Pol,Guadalajara,Sagua,Periferikoak,1255.41,5
5880,2026-05-29,Claudia Hurtado Gimenez,Alicante,Switch-a,Sareak,1497.0,5
5881,2024-12-05,Ruperta Cordero Gutiérrez,Segovia,Switch-a,Sareak,754.31,1
5882,2026-07-19,Roxana Borrell,Álava,Ordenagailu eramangarria,Ordenagailuak,227.11,3
5883,2024-12-30,Narcisa Valverde Calatayud,Toledo,Monitorea,Periferikoak,205.38,7
5884,2025-07-24,Modesta Guzmán Sanjuan,Madrid,Teklatua,Periferikoak,1298.33,4
5885,2025-02-13,Ofelia Pedrero Bertrán,Ciudad,Wi-Fi egokigailua,Sareak,1972.3,6
5886,2026-03-19,Perla Dalmau Cases,Soria,Monitorea,Periferikoak,943.97,7
5887,2024-10-19,Lara Encarnita Abella Bou,Jaén,Bideratzailea,Sareak,1247.28,6
5888,2025-06-20,Atilio Lalo Peláez Martinez,Almería,Mahaigaineko ordenagailua,Ordenagailuak,1958.65,10
5889,2025-05-26,Leoncio Ibáñez Pomares,Cuenca,Wi-Fi egokigailua,Sareak,1228.4,7
5890,2026-08-24,Flor Romero Batlle,Ciudad,Wi-Fi egokigailua,Sareak,40.5,2
5891,2024-12-30,Alba Vera Marin Amaya,Huelva,Teklatua,Periferikoak,993.55,3
5892,2025-01-26,Candelario Canales Segovia,Vizcaya,Sagua,Periferikoak,91.75,5
5893,2025-03-29,Albano Villaverde Cervantes,Ávila,SSD diskoa,Osagaiak,953.58,9
5894,2025-02-25,Nicanor Heras Salmerón,Castellón,Bideratzailea,Sareak,1474.89,8
5895,2025-05-12,Melchor Garay Portero,Málaga,Txartel grafikoa,Osagaiak,960.32,10
5896,2025-10-04,Fernanda Gallardo-Parra,Guadalajara,Wi-Fi egokigailua,Sareak,1783.31,6
5897,2025-12-31,Marianela Evita Carretero Miranda,Badajoz,Monitorea,Periferikoak,513.53,1
5898,2025-03-18,Belen Madrid Gutierrez,Murcia,Monitorea,Periferikoak,1148.96,7
5899,2025-08-01,Moreno Carrera-Martín,Valencia,Ordenagailu eramangarria,Ordenagailuak,747.95,1
5900,2025-11-20,Rosario del Mármol,Ourense,Bideratzailea,Sareak,211.41,6
5901,2025-10-15,Toño Roman Franch,Melilla,Mahaigaineko ordenagailua,Ordenagailuak,685.34,6
5902,2025-12-26,Zacarías Porcel Núñez,Lugo,Ordenagailu eramangarria,Ordenagailuak,1738.32,8
5903,2026-03-07,Marco Pablo Prieto,Guadalajara,Bideratzailea,Sareak,732.12,9
5904,2025-04-13,Ciriaco Seco Pareja,Córdoba,Txartel grafikoa,Osagaiak,1390.6,2
5905,2025-01-31,Evelia Almansa-Hernandez,Las Palmas,Sagua,Periferikoak,784.69,4
5906,2024-10-19,Bernabé Andres Leiva,Granada,Teklatua,Periferikoak,1291.8,5
5907,2024-10-13,Cecilia Medina Garcés,Salamanca,Sare-kablea,Sareak,846.55,4
5908,2025-12-08,Florina Balaguer Pereira,Madrid,Webkamera,Periferikoak,1977.24,10
5909,2025-04-02,Merche Marqués Fernandez,Cádiz,Ordenagailu eramangarria,Ordenagailuak,400.1,10
5910,2024-11-16,Olegario Benavente Artigas,Baleares,Prozesadorea,Osagaiak,449.69,8
5911,2025-02-10,Alba de Salmerón,Zamora,Bideratzailea,Sareak,1763.73,7
5912,2026-07-25,Tere Pol Ropero,Cantabria,Switch-a,Sareak,1926.11,7
5913,2024-10-17,Clotilde de Batalla,Madrid,Sagua,Periferikoak,1619.37,10
5914,2024-12-11,Amando Palomino-Mayol,Pontevedra,Ordenagailu eramangarria,Ordenagailuak,577.48,10
5915,2025-09-08,José Ángel del Hurtado,Castellón,Webkamera,Periferikoak,369.47,9
5916,2024-11-28,Regina Guerra Peinado,Ourense,Mahaigaineko ordenagailua,Ordenagailuak,317.2,1
5917,2025-02-04,Alejandro de Alba,Toledo,RAM memoria,Osagaiak,782.84,9
5918,2024-11-07,Jose Luis Grande Vera,Guadalajara,Wi-Fi egokigailua,Sareak,749.45,1
5919,2024-12-02,Araceli del Peñas,Granada,Sagua,Periferikoak,795.53,3
5920,2025-05-05,Leocadia Tejada Acero,Santa Cruz de Tenerife,Teklatua,Periferikoak,182.2,9
5921,2024-11-01,Modesto Pozo Llorens,Cantabria,Mahaigaineko ordenagailua,Ordenagailuak,1349.75,8
5922,2026-06-02,Martina Palomar,Cuenca,Sagua,Periferikoak,766.19,8
5923,2026-03-21,Ismael Torres Becerra,Huesca,Sagua,Periferikoak,909.22,6
5924,2025-06-02,Victoriano de Valdés,Córdoba,Switch-a,Sareak,1741.39,9
5925,2025-12-18,Ricardo Anguita Amat,Córdoba,Ordenagailu eramangarria,Ordenagailuak,50.9,3
5926,2025-08-27,Guiomar Puga Cañas,Sevilla,Wi-Fi egokigailua,Sareak,1559.6,9
5927,2025-04-27,Atilio Castelló Vaquero,Málaga,Wi-Fi egokigailua,Sareak,362.11,8
5928,2026-09-20,Dolores Comas Bermejo,Almería,SSD diskoa,Osagaiak,1766.6,9
5929,2025-02-18,Aura Rueda Becerra,Melilla,Mahaigaineko ordenagailua,Ordenagailuak,1560.75,9
5930,2025-12-29,Trini Gutiérrez Castañeda,Pontevedra,Mahaigaineko ordenagailua,Ordenagailuak,182.39,6
5931,2024-09-26,Dafne Galván Ferrán,Pontevedra,Webkamera,Periferikoak,100.28,9
5932,2026-02-20,Xavier Palomino Costa,Almería,SSD diskoa,Osagaiak,1264.57,4
5933,2025-05-05,Severiano Guiomar Gallego Mariño,Córdoba,Webkamera,Periferikoak,532.72,7
5934,2025-11-12,Augusto de Alcaraz,Vizcaya,Monitorea,Periferikoak,265.21,2
5935,2025-06-07,Felicidad Bello-Céspedes,Las Palmas,Mini PC,Ordenagailuak,1153.67,7
5936,2024-10-18,Carmela de Colomer,Huesca,Bideratzailea,Sareak,151.31,10
5937,2026-02-24,Felix Lamas Macías,León,Teklatua,Periferikoak,433.1,8
5938,2025-10-27,Amaro Bolaños Garmendia,Cuenca,Sare-kablea,Sareak,115.61,4
5939,2025-10-02,Aníbal Emilio Escribano Gisbert,Huelva,Mahaigaineko ordenagailua,Ordenagailuak,1950.35,6
5940,2026-09-17,Teresa Carvajal Sala,Valladolid,Sagua,Periferikoak,15.8,7
5941,2026-02-15,Sosimo Vera-Sarabia,Huesca,Webkamera,Periferikoak,1091.11,6
5942,2025-07-28,Eva María Buendía Ródenas,Zamora,Mini PC,Ordenagailuak,797.32,3
5943,2026-04-07,Amelia Carballo Tenorio,Granada,Mahaigaineko ordenagailua,Ordenagailuak,1871.2,3
5944,2025-12-11,Fito Cornelio Cabeza Ramirez,Ávila,Txartel grafikoa,Osagaiak,582.37,2
5945,2026-04-17,Tiburcio Alarcón-Anaya,Toledo,Ordenagailu eramangarria,Ordenagailuak,1065.94,1
5946,2026-04-08,Rosario Solano Puga,Tarragona,Teklatua,Periferikoak,1767.8,10
5947,2025-11-29,Inmaculada Mur-Bernal,Badajoz,Bideratzailea,Sareak,1143.63,1
5948,2025-10-08,Flavio Salvà Julián,Las Palmas,Sare-kablea,Sareak,142.54,6
5949,2025-09-03,Lucila Ropero-Ros,Zaragoza,Wi-Fi egokigailua,Sareak,247.93,7
5950,2024-10-10,Íngrid del Coello,Lleida,SSD diskoa,Osagaiak,1660.7,2
5951,2026-08-16,Pancho Ariel Pedro Alfaro,Málaga,Monitorea,Periferikoak,188.13,9
5952,2024-11-21,Sonia Trillo Flores,Málaga,Ordenagailu eramangarria,Ordenagailuak,1150.99,6
5953,2026-02-15,Visitación Graciana Reina Santamaría,Lleida,Mini PC,Ordenagailuak,210.89,7
5954,2025-04-24,Clemente Burgos Font,Cádiz,Webkamera,Periferikoak,1152.25,10
5955,2025-11-27,Joaquina Bustamante Gimeno,Lleida,Bideratzailea,Sareak,98.13,7
5956,2025-06-04,Cesar Lillo Barrios,Ceuta,Webkamera,Periferikoak,1660.68,10
5957,2024-10-26,Azahar del Solana,Almería,SSD diskoa,Osagaiak,10.73,7
5958,2026-03-16,Bienvenida Cueto Contreras,Vizcaya,SSD diskoa,Osagaiak,420.56,7
5959,2024-12-19,Porfirio Palomares Flores,Teruel,Txartel grafikoa,Osagaiak,270.56,3
5960,2025-08-05,Flor Lledó Alcolea,Ourense,Mahaigaineko ordenagailua,Ordenagailuak,443.2,4
5961,2025-05-18,Jonatan del Perelló,Málaga,Switch-a,Sareak,13.91,7
5962,2025-11-09,Azucena Salamanca,Cuenca,Txartel grafikoa,Osagaiak,1004.19,10
5963,2025-01-01,Ramona Anselma Becerra Romeu,León,Teklatua,Periferikoak,78.34,8
5964,2024-09-25,Lupita Domingo,Palencia,Txartel grafikoa,Osagaiak,1157.62,1
5965,2025-09-06,Fausto Diéguez Marín,Cuenca,Wi-Fi egokigailua,Sareak,514.11,1
5966,2025-12-21,Santiago Clavero,Albacete,RAM memoria,Osagaiak,832.6,5
5967,2024-10-19,Pánfilo Niño Lago,Madrid,Ordenagailu eramangarria,Ordenagailuak,1629.75,9
5968,2024-12-11,Tania Carro,Ciudad,SSD diskoa,Osagaiak,390.3,8
5969,2025-05-02,Ricarda de Arnaiz,Valencia,Mahaigaineko ordenagailua,Ordenagailuak,712.3,9
5970,2026-07-30,Noelia Puente Villegas,Navarra,Prozesadorea,Osagaiak,1223.63,5
5971,2025-07-24,Dora Costa Donaire,Cáceres,Webkamera,Periferikoak,1992.32,3
5972,2024-09-30,Eligia Serrano Bueno,Girona,Sagua,Periferikoak,797.46,9
5973,2026-07-23,Irma Blazquez Conesa,Huelva,Teklatua,Periferikoak,175.8,7
5974,2026-05-08,Salomón León Carbó,Badajoz,Mini PC,Ordenagailuak,843.6,8
5975,2025-02-01,Aitor Pulido Cánovas,Toledo,Switch-a,Sareak,194.48,9
5976,2025-09-01,Cayetano Arévalo Pino,Asturias,Monitorea,Periferikoak,143.4,10
5977,2025-04-17,Ciriaco Palau,Álava,SSD diskoa,Osagaiak,1638.55,9
5978,2025-04-20,Roxana Prada-Casal,Cádiz,Wi-Fi egokigailua,Sareak,1625.97,8
5979,2026-05-03,Anastasio Zamorano,Alicante,Txartel grafikoa,Osagaiak,1877.6,5
5980,2025-07-05,Cruz Salazar Lucena,Toledo,Monitorea,Periferikoak,978.9,10
5981,2026-01-23,Chus Lucena Colomer,Córdoba,Ordenagailu eramangarria,Ordenagailuak,1955.11,2
5982,2024-10-12,Reina de Guardia,Sevilla,Webkamera,Periferikoak,1687.39,10
5983,2026-05-19,Jose Miguel Barceló Feliu,Ourense,SSD diskoa,Osagaiak,359.59,2
5984,2026-03-08,Eustaquio Tovar Barberá,Sevilla,SSD diskoa,Osagaiak,1367.85,10
5985,2024-12-26,Fausto Salgado Cabanillas,Toledo,SSD diskoa,Osagaiak,106.3,5
5986,2026-05-17,Benigno Larrañaga-Girona,Zamora,Monitorea,Periferikoak,883.39,7
5987,2025-03-02,Ani Valle Arnal,Barcelona,Bideratzailea,Sareak,794.26,4
5988,2026-08-06,Felipa Tejada Llano,Guadalajara,Webkamera,Periferikoak,948.45,7
5989,2025-06-27,Leocadia Pi Puente,Zaragoza,Monitorea,Periferikoak,1979.73,2
5990,2025-05-02,Aroa Pozo,Álava,RAM memoria,Osagaiak,345.38,3
5991,2024-12-13,Ramiro Osuna-Flores,Soria,SSD diskoa,Osagaiak,1482.36,3
5992,2025-05-05,Adolfo Alegre Luz,Guadalajara,Mini PC,Ordenagailuak,92.6,6
5993,2026-04-05,Celia del Paz,Valladolid,Mahaigaineko ordenagailua,Ordenagailuak,824.74,1
5994,2025-12-02,Julio González Teruel,Huelva,Sagua,Periferikoak,1273.58,10
5995,2024-10-20,Lupita Gascón Jaume,Albacete,Mini PC,Ordenagailuak,106.63,6
5996,2026-09-01,Eusebia Barral-Galán,Cuenca,Mahaigaineko ordenagailua,Ordenagailuak,234.26,7
5997,2024-10-21,Vilma Emma Díez Company,Sevilla,Monitorea,Periferikoak,1204.41,1
5998,2026-09-17,Camilo Caballero Palomino,Ourense,SSD diskoa,Osagaiak,1181.78,6
5999,2026-07-22,Marco Saavedra Cantero,La Coruña,SSD diskoa,Osagaiak,665.27,7
6000,2024-12-19,Baltasar Sosa Abad,Barcelona,Mini PC,Ordenagailuak,95.85,4
6001,2026-02-12,Julio César Folch,Asturias,SSD diskoa,Osagaiak,552.89,10
6002,2025-09-01,Sergio Bejarano Ripoll,Asturias,Mahaigaineko ordenagailua,Ordenagailuak,1713.69,2
6003,2024-12-05,Vidal Hernando Valenzuela Enríquez,Baleares,Ordenagailu eramangarria,Ordenagailuak,1015.3,8
6004,2025-01-28,Claudia Jiménez Olmo,Castellón,Mahaigaineko ordenagailua,Ordenagailuak,672.8,10
6005,2026-08-01,Arsenio de Campo,Baleares,Switch-a,Sareak,1650.99,2
6006,2025-05-08,Paulino Piquer-Pino,Barcelona,Prozesadorea,Osagaiak,1971.25,7
6007,2024-11-20,Manu del Jordá,Valladolid,Txartel grafikoa,Osagaiak,9.9,5
6008,2026-03-09,Adalberto Novoa Llopis,Córdoba,Sare-kablea,Sareak,767.28,10
6009,2025-07-31,Alberto Tena Marti,Cantabria,RAM memoria,Osagaiak,761.3,4
6010,2026-08-20,Eli Ana Belén Salazar Ordóñez,Málaga,Prozesadorea,Osagaiak,1384.0,8
6011,2025-07-03,Bibiana del Mosquera,Málaga,Sagua,Periferikoak,1041.54,9
6012,2024-11-27,Victor Manuel Niño,Salamanca,Bideratzailea,Sareak,1894.43,1
6013,2026-05-09,Pascual Barrio Teruel,Ourense,Wi-Fi egokigailua,Sareak,1962.87,9
6014,2025-07-03,Guillermo del Quintero,Cantabria,Teklatua,Periferikoak,1874.27,10
6015,2026-03-24,Gisela Huerta,Murcia,Sare-kablea,Sareak,689.39,8
6016,2024-12-19,Cipriano Blanes Madrigal,Teruel,Mahaigaineko ordenagailua,Ordenagailuak,1249.95,4
6017,2025-11-14,Vinicio Salgado Domínguez,Zamora,Prozesadorea,Osagaiak,1578.44,7
6018,2026-03-20,Adoración Marin Balaguer,Navarra,Webkamera,Periferikoak,581.39,8
6019,2026-07-23,Elisa Bermúdez Fuster,Guipúzcoa,Sare-kablea,Sareak,1075.2,10
6020,2025-04-07,Berto David Morcillo Arregui,Murcia,SSD diskoa,Osagaiak,445.96,10
6021,2025-11-29,Nazario del Amor,Tarragona,RAM memoria,Osagaiak,1791.54,4
6022,2025-03-10,Marcelino Cervantes Marqués,Tarragona,Txartel grafikoa,Osagaiak,575.45,5
6023,2025-07-27,Tito Fernandez Carro,Málaga,Webkamera,Periferikoak,743.74,3
6024,2025-12-04,Valeria Esperanza Villalonga Carbonell,Pontevedra,Sare-kablea,Sareak,608.41,5
6025,2025-08-26,Lorenzo Olivera Berrocal,Salamanca,SSD diskoa,Osagaiak,231.92,4
6026,2025-04-29,Jovita Cuevas Bárcena,Murcia,Wi-Fi egokigailua,Sareak,1772.39,1
6027,2026-04-29,Reyna Abellán Elorza,Ávila,Mini PC,Ordenagailuak,1216.48,2
6028,2026-01-10,Loida Cañellas Villalonga,Tarragona,Wi-Fi egokigailua,Sareak,1879.93,3
6029,2026-09-04,Soraya Andres,Huesca,Wi-Fi egokigailua,Sareak,1258.11,3
6030,2024-12-17,Maximino Tejada Maza,Zaragoza,Webkamera,Periferikoak,1909.47,7
6031,2025-07-06,Teodosio Vara Gelabert,Albacete,SSD diskoa,Osagaiak,944.5,3
6032,2026-06-16,Nacio Cánovas Pareja,Jaén,RAM memoria,Osagaiak,232.93,3
6033,2026-08-02,Tiburcio del Vilar,Vizcaya,Ordenagailu eramangarria,Ordenagailuak,1998.98,10
6034,2026-09-14,Nadia Eusebia Blanch Rosell,Tarragona,Wi-Fi egokigailua,Sareak,771.19,5
6035,2025-06-18,Marcia Solano,Ceuta,Mahaigaineko ordenagailua,Ordenagailuak,1224.8,10
6036,2026-04-13,Camila Doménech Costa,Lugo,Teklatua,Periferikoak,377.46,10
6037,2025-06-10,Zaira Miralles López,Cáceres,Teklatua,Periferikoak,663.37,9
6038,2026-08-06,Aura Estevez-Varela,León,Switch-a,Sareak,513.83,6
6039,2025-08-22,Piedad Garriga Coll,Almería,Prozesadorea,Osagaiak,1287.9,8
6040,2025-12-12,Felipa Tapia Ropero,Barcelona,Mini PC,Ordenagailuak,1815.47,2
6041,2026-06-09,Andrés Felipe Oliveras Rocha,Cuenca,Sare-kablea,Sareak,425.63,5
6042,2024-10-31,Curro Riba Pozuelo,Melilla,Sare-kablea,Sareak,1372.9,1
6043,2025-07-02,Jenny Carnero,Guipúzcoa,SSD diskoa,Osagaiak,1864.2,6
6044,2026-08-31,Juan Pablo Ramos Mármol,Cádiz,RAM memoria,Osagaiak,1043.65,8
6045,2026-03-13,Camila Sevilla Llamas,Almería,Bideratzailea,Sareak,508.37,2
6046,2026-04-03,Rosalinda de Álvarez,Albacete,Ordenagailu eramangarria,Ordenagailuak,768.11,8
6047,2025-11-27,Nico Salgado-Jordá,Álava,Ordenagailu eramangarria,Ordenagailuak,1241.61,1
6048,2025-04-07,Amador Suárez-Bello,Soria,Wi-Fi egokigailua,Sareak,473.36,7
6049,2024-12-03,Maura Múñiz Esparza,Santa Cruz de Tenerife,Ordenagailu eramangarria,Ordenagailuak,1625.17,8
6050,2024-11-02,Mamen Bartolomé Carbó,Albacete,RAM memoria,Osagaiak,1222.44,4
6051,2024-11-17,Merche Morales Casal,Zaragoza,Ordenagailu eramangarria,Ordenagailuak,305.96,4
6052,2025-05-21,Severo Rocamora Andres,Zamora,Teklatua,Periferikoak,1856.94,4
6053,2026-06-12,Fátima Solsona Albero,Jaén,Bideratzailea,Sareak,881.6,6
6054,2026-02-25,Alberto Galo Bustos Borja,Cádiz,Mini PC,Ordenagailuak,1500.35,1
6055,2026-01-18,Alex Santos-Almagro,Cantabria,Mini PC,Ordenagailuak,1162.96,4
6056,2025-03-07,Celestina Coll Manso,Badajoz,Monitorea,Periferikoak,1852.85,6
6057,2025-01-15,Anastasio Hurtado Juliá,Girona,Prozesadorea,Osagaiak,288.53,9
6058,2026-06-23,Flora Gilabert Mosquera,Lugo,RAM memoria,Osagaiak,1104.26,10
6059,2026-04-22,Etelvina del Amores,Salamanca,Wi-Fi egokigailua,Sareak,670.96,7
6060,2025-08-10,Tamara Concepción Berrocal Perera,Ourense,Webkamera,Periferikoak,681.72,2
6061,2026-08-29,Manuel del Jerez,Salamanca,RAM memoria,Osagaiak,15.59,9
6062,2025-05-22,Dorotea Ibáñez,Valencia,Sagua,Periferikoak,1661.96,4
6063,2025-09-09,Aurora Menendez Polo,Soria,Ordenagailu eramangarria,Ordenagailuak,1343.86,3
6064,2024-10-03,Antonio Vera Iborra,La Rioja,Bideratzailea,Sareak,69.65,2
6065,2026-02-13,Jordi de Capdevila,Alicante,Mahaigaineko ordenagailua,Ordenagailuak,945.0,9
6066,2025-04-14,Edu Molina-Grau,Huelva,Webkamera,Periferikoak,967.17,2
6067,2025-11-08,Angelita Bolaños Aguilera,Huesca,Mini PC,Ordenagailuak,1410.86,3
6068,2025-06-09,Micaela Cazorla,La Rioja,Wi-Fi egokigailua,Sareak,735.11,5
6069,2025-01-28,Teodoro Abad Aguilar,Segovia,Sare-kablea,Sareak,616.95,2
6070,2025-03-18,Caridad Cuesta Escamilla,Guadalajara,Webkamera,Periferikoak,1620.74,4
6071,2026-05-30,Lope Guardiola-Padilla,Murcia,Mini PC,Ordenagailuak,152.92,1
6072,2025-02-17,Hilda Bello Armas,León,Sare-kablea,Sareak,929.31,2
6073,2024-09-30,Sebastian Montaña Ferrando,Sevilla,Mahaigaineko ordenagailua,Ordenagailuak,1762.74,4
6074,2025-05-23,Estefanía de Oliver,Santa Cruz de Tenerife,SSD diskoa,Osagaiak,1181.35,1
6075,2025-09-20,Tomasa Suárez Cañizares,Palencia,Mahaigaineko ordenagailua,Ordenagailuak,1587.79,9
6076,2024-12-08,Bienvenida Bárcena,León,Mahaigaineko ordenagailua,Ordenagailuak,1756.98,1
6077,2026-01-23,Águeda Parra-Monreal,Vizcaya,Teklatua,Periferikoak,520.18,6
6078,2026-02-11,Griselda Ramos Tejera,Barcelona,SSD diskoa,Osagaiak,1823.34,10
6079,2025-06-29,Rita Aguilera Echeverría,Castellón,Sare-kablea,Sareak,1723.16,4
6080,2025-06-14,Casemiro Carmona Quintana,Cádiz,Mini PC,Ordenagailuak,792.86,7
6081,2025-09-07,Cesar Zabaleta-Barral,Cáceres,Txartel grafikoa,Osagaiak,1115.41,5
6082,2025-07-08,Maxi Quintana Velasco,Málaga,Sagua,Periferikoak,303.9,10
6083,2026-01-27,Ciríaco de Lobo,Barcelona,Ordenagailu eramangarria,Ordenagailuak,984.77,6
6084,2025-04-30,Reyes del Rico,Huelva,Prozesadorea,Osagaiak,585.39,7
6085,2025-03-31,Octavio Rodolfo Manuel Bárcena,Castellón,Prozesadorea,Osagaiak,874.92,7
6086,2026-06-01,Amor Baena Barrios,Ceuta,Webkamera,Periferikoak,1205.2,5
6087,2025-04-06,Bautista Cazorla Ariza,Zaragoza,Sare-kablea,Sareak,48.47,9
6088,2026-02-12,Raquel del Riquelme,Valladolid,Ordenagailu eramangarria,Ordenagailuak,1488.71,10
6089,2025-12-25,Josué Vendrell Vallés,León,Ordenagailu eramangarria,Ordenagailuak,569.19,1
6090,2025-05-22,René Sales Sevilla,Burgos,Sare-kablea,Sareak,1714.76,7
6091,2026-08-04,Emilio del Yuste,Almería,Bideratzailea,Sareak,1513.41,1
6092,2025-10-15,Etelvina del Bauzà,Tarragona,Mahaigaineko ordenagailua,Ordenagailuak,722.8,7
6093,2026-04-22,Carla Cano-Clavero,Asturias,Wi-Fi egokigailua,Sareak,295.51,2
6094,2024-12-22,José Barrena Ros,Tarragona,Sare-kablea,Sareak,292.3,2
6095,2025-03-29,Dora Sevillano Bermudez,Ceuta,Switch-a,Sareak,1368.41,9
6096,2026-02-17,Claudia Izaguirre Bosch,Albacete,Ordenagailu eramangarria,Ordenagailuak,626.87,4
6097,2026-06-27,Miguela Portillo Cardona,Ciudad,Switch-a,Sareak,20.43,9
6098,2026-08-08,Nydia Pinto Dalmau,Álava,Mahaigaineko ordenagailua,Ordenagailuak,1894.54,7
6099,2024-10-14,Ale Royo Bas,Valencia,Mini PC,Ordenagailuak,1760.8,7
6100,2025-10-15,Pepito Comas,Guadalajara,Ordenagailu eramangarria,Ordenagailuak,881.49,2
6101,2025-06-11,Leonel Bellido Tena,Almería,Sagua,Periferikoak,1673.59,5
6102,2025-07-01,Chus Nicolás Bastida,Cáceres,Txartel grafikoa,Osagaiak,1797.12,9
6103,2024-12-28,Fernando Cuesta Batlle,Ávila,Mini PC,Ordenagailuak,1623.8,10
6104,2026-04-23,Leandro Sanz,Albacete,Prozesadorea,Osagaiak,1403.49,1
6105,2026-01-11,Marita Saldaña,Lleida,RAM memoria,Osagaiak,963.95,8
6106,2025-08-08,Modesto Aurelio Almeida Mena,Barcelona,Teklatua,Periferikoak,985.16,6
6107,2026-03-21,Jose Miguel Pol,Palencia,Monitorea,Periferikoak,1426.1,4
6108,2026-08-11,Loida Iñiguez-Montenegro,Burgos,RAM memoria,Osagaiak,1690.47,6
6109,2026-08-24,Olalla Dominga Casares Dominguez,Asturias,Monitorea,Periferikoak,191.3,7
6110,2025-01-09,Lucía Rosado Camps,Castellón,RAM memoria,Osagaiak,1904.83,4
6111,2025-06-04,Sancho Gordillo Campos,Baleares,Mini PC,Ordenagailuak,1348.89,4
6112,2025-01-03,Pablo Rivero,Teruel,Bideratzailea,Sareak,1052.23,2
6113,2026-03-19,Paola Echeverría Cordero,Baleares,Prozesadorea,Osagaiak,217.66,10
6114,2026-08-14,Concepción de Vera,Palencia,Mini PC,Ordenagailuak,441.28,4
6115,2025-12-06,Ciríaco Villalonga Blanca,Albacete,Ordenagailu eramangarria,Ordenagailuak,41.97,9
6116,2025-11-08,Máxima Velázquez Carrasco,Cuenca,RAM memoria,Osagaiak,422.97,6
6117,2025-02-01,Diana del Vega,Huesca,Sare-kablea,Sareak,1000.84,10
6118,2025-09-24,Griselda Uría Aznar,Cuenca,Wi-Fi egokigailua,Sareak,862.33,5
6119,2026-08-02,Maricela Ávila Pizarro,Málaga,SSD diskoa,Osagaiak,62.88,10
6120,2026-02-07,Albina Codina Arjona,Huesca,SSD diskoa,Osagaiak,301.19,5
6121,2024-11-29,Gala Galan Querol,Segovia,Mini PC,Ordenagailuak,1247.96,2
6122,2026-07-09,Felipa Vergara Perez,Soria,Teklatua,Periferikoak,564.6,4
6123,2025-10-22,Vicente Niño-Lluch,Ciudad,Webkamera,Periferikoak,936.72,4
6124,2026-07-18,César Juliá,Soria,Txartel grafikoa,Osagaiak,124.64,2
6125,2026-07-28,Serafina Pina Raya,Teruel,Mahaigaineko ordenagailua,Ordenagailuak,631.84,7
6126,2025-06-23,Luís Barral-Zamorano,Lugo,Bideratzailea,Sareak,105.61,1
6127,2024-12-17,Toño Alcaraz-Echeverría,Sevilla,Switch-a,Sareak,1697.81,6
6128,2024-10-02,Loreto Nadal Ortiz,Cádiz,Wi-Fi egokigailua,Sareak,51.76,5
6129,2025-02-27,Salvador Linares Vilaplana,Murcia,Webkamera,Periferikoak,1479.97,2
6130,2025-09-20,Isabela Molina Sainz,Melilla,Ordenagailu eramangarria,Ordenagailuak,890.83,4
6131,2025-12-04,Maximino Arce Vendrell,Ceuta,Bideratzailea,Sareak,457.54,6
6132,2025-08-29,Héctor Río-Iglesia,Cantabria,Mahaigaineko ordenagailua,Ordenagailuak,1915.0,10
6133,2024-11-02,Evangelina Andreu Canet,Castellón,Switch-a,Sareak,1675.99,5
6134,2026-03-22,Paola Cañete Torrens,Salamanca,Txartel grafikoa,Osagaiak,1429.28,2
6135,2025-03-14,Agustín Codina-Posada,Soria,Teklatua,Periferikoak,255.42,9
6136,2026-08-31,Graciano Galiano Dominguez,Ávila,Teklatua,Periferikoak,916.89,9
6137,2025-09-01,Noemí Lucena,Burgos,Teklatua,Periferikoak,766.37,3
6138,2026-03-25,Artemio Villegas Rivas,Málaga,Ordenagailu eramangarria,Ordenagailuak,967.21,7
6139,2026-03-20,Aníbal Vergara Briones,Ourense,Txartel grafikoa,Osagaiak,1664.91,8
6140,2024-12-11,Segismundo Vaquero Cases,Ávila,Monitorea,Periferikoak,1959.95,2
6141,2026-03-25,Elba Zaragoza-Doménech,Lleida,Txartel grafikoa,Osagaiak,1435.28,5
6142,2026-04-27,Inocencio Guijarro-Pera,Toledo,Prozesadorea,Osagaiak,1094.88,9
6143,2026-01-01,Federico Losada,Ceuta,Sare-kablea,Sareak,589.42,8
6144,2025-05-09,Catalina Sanabria Laguna,Pontevedra,Ordenagailu eramangarria,Ordenagailuak,258.88,10
6145,2025-08-12,Duilio Falcón Rodrigo,Málaga,Ordenagailu eramangarria,Ordenagailuak,1405.18,2
6146,2025-06-09,Severo Gimenez Ródenas,Palencia,Webkamera,Periferikoak,930.84,1
6147,2026-01-31,Sigfrido Navarrete-Riba,Castellón,Webkamera,Periferikoak,557.24,3
6148,2025-06-19,Heraclio Herrera Castell,León,SSD diskoa,Osagaiak,1556.43,5
6149,2024-10-21,Epifanio Conesa Bauzà,Zamora,Webkamera,Periferikoak,1214.89,9
6150,2025-08-25,Andrés Ramis Rios,Soria,Webkamera,Periferikoak,1177.26,10
6151,2025-09-19,Nerea de Pont,Vizcaya,Txartel grafikoa,Osagaiak,1196.66,10
6152,2026-02-27,Lara España-Alegre,Sevilla,Mini PC,Ordenagailuak,1185.65,4
6153,2025-10-08,Baltasar Fajardo Quintero,Cuenca,Prozesadorea,Osagaiak,1043.95,4
6154,2025-12-12,Pepito Pinedo Julián,Lugo,Mahaigaineko ordenagailua,Ordenagailuak,1796.32,6
6155,2026-02-10,Prudencio Enríquez,Segovia,Wi-Fi egokigailua,Sareak,51.46,5
6156,2025-08-30,Teresa Viñas,Málaga,Bideratzailea,Sareak,1545.47,10
6157,2025-04-03,Cipriano Abraham Andrade Castell,Ceuta,Monitorea,Periferikoak,1639.28,8
6158,2026-09-01,Teodoro Luís Fernández,Zamora,Ordenagailu eramangarria,Ordenagailuak,508.92,8
6159,2026-01-18,Camila Lupe Marti Antón,Pontevedra,Txartel grafikoa,Osagaiak,653.62,4
6160,2025-03-13,Estela Canales Echeverría,Álava,Webkamera,Periferikoak,285.1,6
6161,2025-05-22,Chus Espejo Conesa,Madrid,Mini PC,Ordenagailuak,77.29,3
6162,2025-03-15,Jesús Alegria,Jaén,Mini PC,Ordenagailuak,637.1,10
6163,2025-04-14,Luciano Gual Paredes,Huesca,Bideratzailea,Sareak,903.8,10
6164,2025-01-29,Alejo Cañellas Castellanos,Cuenca,Prozesadorea,Osagaiak,455.5,7
6165,2024-09-24,Ester Torre Ballesteros,Baleares,Mini PC,Ordenagailuak,390.52,5
6166,2026-05-08,Eli Cabello Perera,Baleares,Mini PC,Ordenagailuak,284.23,3
6167,2024-12-15,Ramón Peralta Barrio,Albacete,Sagua,Periferikoak,506.22,4
6168,2026-03-04,César Cerdán Miranda,Girona,RAM memoria,Osagaiak,1018.29,6
6169,2025-01-27,Pepe Leiva Blazquez,Ávila,Ordenagailu eramangarria,Ordenagailuak,1418.97,2
6170,2025-03-06,Arturo Abad Mulet,Málaga,Monitorea,Periferikoak,1361.22,9
6171,2026-04-29,Maximino del Carreño,Tarragona,Mini PC,Ordenagailuak,255.79,10
6172,2026-08-14,Teófila de Torralba,Ciudad,Bideratzailea,Sareak,1366.13,10
6173,2024-12-11,Salvador Gallart-Carbonell,Tarragona,Mahaigaineko ordenagailua,Ordenagailuak,111.1,5
6174,2026-08-13,Óscar Mata Vélez,Albacete,Mahaigaineko ordenagailua,Ordenagailuak,542.85,6
6175,2026-08-20,Maxi Amigó Fabra,Teruel,Sare-kablea,Sareak,395.55,6
6176,2026-01-10,Clara Sarmiento-Castrillo,Santa Cruz de Tenerife,RAM memoria,Osagaiak,110.95,6
6177,2025-06-07,María Pilar Busquets Roig,Asturias,Switch-a,Sareak,955.78,5
6178,2026-02-20,Danilo Almeida Olivé,Barcelona,Monitorea,Periferikoak,1638.25,4
6179,2025-05-07,Jenny Arranz-Sedano,Albacete,Txartel grafikoa,Osagaiak,1143.54,9
6180,2026-08-28,Sarita Carmona España,Teruel,Switch-a,Sareak,1682.88,3
6181,2025-04-22,Adrián Cid-Quintanilla,Las Palmas,Webkamera,Periferikoak,1613.66,5
6182,2026-02-06,Feliciano Rosales Castillo,Guipúzcoa,Monitorea,Periferikoak,1066.14,10
6183,2025-07-18,Flavio Severino Estevez Ródenas,Girona,Mahaigaineko ordenagailua,Ordenagailuak,77.43,7
6184,2025-12-15,Nicolasa Báez Tomás,Palencia,Teklatua,Periferikoak,353.51,10
6185,2025-05-10,Dani del Palomar,Cantabria,Mini PC,Ordenagailuak,614.26,1
6186,2025-07-25,Ligia Viana Figueras,Baleares,Prozesadorea,Osagaiak,1463.22,1
6187,2026-02-07,Modesto Parejo Páez,Guipúzcoa,Teklatua,Periferikoak,392.33,5
6188,2025-05-30,Isa Palacios Pastor,Palencia,Mahaigaineko ordenagailua,Ordenagailuak,1534.32,4
6189,2026-08-13,Urbano Martin-Mascaró,Valladolid,Teklatua,Periferikoak,1219.47,5
6190,2025-06-17,Antonia Casandra Zorrilla Galvez,Badajoz,Webkamera,Periferikoak,1825.89,10
6191,2026-08-03,Emilia Lerma-Catalá,Málaga,Sagua,Periferikoak,293.79,10
6192,2026-01-24,Trinidad Marti Cortés,Pontevedra,Webkamera,Periferikoak,1523.28,1
6193,2025-12-17,Sandra Nogueira Alvarado,León,Webkamera,Periferikoak,1459.36,2
6194,2025-02-14,Selena de Velasco,Álava,Wi-Fi egokigailua,Sareak,1479.72,3
6195,2024-12-07,Benito Varela Lumbreras,Cáceres,Sagua,Periferikoak,220.1,7
6196,2025-06-20,Gema Gisbert Rojas,Álava,Bideratzailea,Sareak,1919.87,5
6197,2025-02-18,Tamara Armas-Bermúdez,La Coruña,SSD diskoa,Osagaiak,31.58,6
6198,2026-03-02,Eloísa Bravo-Lamas,Toledo,Webkamera,Periferikoak,436.43,10
6199,2026-02-09,Poncio Piñol,Huesca,Txartel grafikoa,Osagaiak,1787.58,5
6200,2026-01-16,Sancho Roda Pascual,Soria,Mahaigaineko ordenagailua,Ordenagailuak,1543.4,8
6201,2025-05-08,Cloe Hervia Piñol,Guipúzcoa,Sare-kablea,Sareak,239.57,2
6202,2024-11-03,Sandra Rebollo-Segura,Pontevedra,Ordenagailu eramangarria,Ordenagailuak,1266.23,5
6203,2026-08-03,Fabricio del Font,Pontevedra,Switch-a,Sareak,1035.4,2
6204,2025-07-24,Clarisa Valdés,León,Webkamera,Periferikoak,1296.37,2
6205,2026-03-15,Pancho de Ribera,Baleares,Bideratzailea,Sareak,1962.6,9
6206,2025-09-07,Gerónimo Garmendia Luna,Alicante,Switch-a,Sareak,677.7,2
6207,2026-01-27,Águeda Mendoza Baquero,Badajoz,Wi-Fi egokigailua,Sareak,787.38,9
6208,2025-06-25,Nayara Peláez,La Coruña,Wi-Fi egokigailua,Sareak,883.3,4
6209,2026-06-25,Natalio Dominguez,Barcelona,Sare-kablea,Sareak,833.22,3
6210,2024-12-04,Maxi Bibiana Bonet Saura,La Rioja,Sare-kablea,Sareak,1536.43,7
6211,2025-08-23,Amor Florinda Arregui Torres,Madrid,Sare-kablea,Sareak,1556.2,4
6212,2025-06-23,Haydée Benavides Jove,Tarragona,Sare-kablea,Sareak,847.45,8
6213,2025-07-25,Vidal Crespi Cruz,Baleares,Mini PC,Ordenagailuak,1355.94,3
6214,2025-03-29,Olalla Jara-Nicolau,Cádiz,SSD diskoa,Osagaiak,1416.33,10
6215,2025-08-22,Julio César Espejo-Rocamora,Granada,Mini PC,Ordenagailuak,1308.9,1
6216,2026-07-26,Loida Belda Hidalgo,Melilla,Teklatua,Periferikoak,1010.1,4
6217,2026-03-24,Georgina Rios Tomas,Guipúzcoa,RAM memoria,Osagaiak,1694.31,1
6218,2024-11-26,Chus del Barceló,Ourense,Webkamera,Periferikoak,1417.23,5
6219,2025-07-25,Antonia Bartolomé-Arnau,Álava,Webkamera,Periferikoak,1796.45,9
6220,2025-02-26,Efraín Ballesteros Martin,Badajoz,Sare-kablea,Sareak,157.5,7
6221,2025-02-17,Heliodoro Font Mosquera,Melilla,Mahaigaineko ordenagailua,Ordenagailuak,401.73,7
6222,2025-12-27,Espiridión Villa Aller,Guadalajara,Mini PC,Ordenagailuak,984.33,10
6223,2025-06-13,Rosendo Baeza-Dominguez,Valladolid,Switch-a,Sareak,1032.58,2
6224,2025-10-22,Purificación Bibiana Sedano Gras,Sevilla,SSD diskoa,Osagaiak,1553.33,5
6225,2026-04-21,Yolanda de Nogués,Zaragoza,Sagua,Periferikoak,1340.7,2
6226,2024-12-29,Rodolfo Lluch Osorio,Santa Cruz de Tenerife,Sagua,Periferikoak,1704.37,6
6227,2025-07-30,Clotilde Arévalo Palmer,Barcelona,Bideratzailea,Sareak,847.25,8
6228,2025-03-09,Jeremías Herrera Figueras,Navarra,Wi-Fi egokigailua,Sareak,815.7,4
6229,2025-11-14,Jacinta Ariño Barreda,Guipúzcoa,Bideratzailea,Sareak,1728.9,4
6230,2025-02-20,Calista Elorza Font,La Coruña,Sagua,Periferikoak,258.3,5
6231,2025-03-17,Anunciación Duran Alegre,Madrid,SSD diskoa,Osagaiak,1268.16,2
6232,2026-01-04,Abril Pinto Varela,Melilla,Txartel grafikoa,Osagaiak,1574.17,9
6233,2024-10-18,Gil Querol-Menendez,Valladolid,Switch-a,Sareak,1829.15,1
6234,2025-07-11,Odalys Baquero-Tejedor,Álava,Sare-kablea,Sareak,88.7,10
6235,2025-08-29,Danilo Moraleda-Gonzalez,Huesca,Sare-kablea,Sareak,1889.9,7
6236,2026-08-11,Valeria Roig Gabaldón,Jaén,Ordenagailu eramangarria,Ordenagailuak,840.86,2
6237,2026-03-25,Telmo Herrera Céspedes,Asturias,Ordenagailu eramangarria,Ordenagailuak,393.2,4
6238,2025-09-21,Lidia Luna Sainz,Alicante,Bideratzailea,Sareak,846.76,1
6239,2025-06-01,Porfirio Llabrés,Alicante,Txartel grafikoa,Osagaiak,303.64,10
6240,2026-03-11,Emigdio Cerezo Manzanares,Badajoz,Teklatua,Periferikoak,1355.55,9
6241,2025-11-24,Santos Bas Miguel,Santa Cruz de Tenerife,Txartel grafikoa,Osagaiak,1019.7,6
6242,2025-03-13,Guadalupe Pinedo-Tolosa,Valencia,Sare-kablea,Sareak,1092.16,10
6243,2024-11-02,Rafael Torrents Gallardo,Álava,RAM memoria,Osagaiak,1849.64,8
6244,2025-04-24,Susana Leiva Guerra,Albacete,Switch-a,Sareak,766.86,8
6245,2025-04-18,Reyna Olivé Izaguirre,Navarra,Ordenagailu eramangarria,Ordenagailuak,757.81,9
6246,2025-12-26,Atilio Arévalo Larrea,Murcia,Bideratzailea,Sareak,718.99,5
6247,2026-05-31,Mirta Laguna-Vicente,Álava,Bideratzailea,Sareak,1072.97,7
6248,2026-07-20,Rolando Solís Pedrero,Ourense,Ordenagailu eramangarria,Ordenagailuak,1355.9,10
6249,2026-04-06,Rafaela Roda Agullo,Valladolid,Monitorea,Periferikoak,376.61,1
6250,2025-12-07,Pili Narváez Manzanares,Santa Cruz de Tenerife,RAM memoria,Osagaiak,1401.96,4
6251,2026-07-23,Concha Reig Guardia,León,Mini PC,Ordenagailuak,167.88,7
6252,2025-09-26,Rosario Saldaña-Barrio,Santa Cruz de Tenerife,Wi-Fi egokigailua,Sareak,517.44,3
6253,2025-06-21,Eleuterio Campos Madrid,Navarra,Txartel grafikoa,Osagaiak,535.41,10
6254,2024-12-03,Maribel Francisco,Vizcaya,Prozesadorea,Osagaiak,714.66,8
6255,2026-04-06,Roxana Jimenez Pinto,Navarra,Wi-Fi egokigailua,Sareak,1736.1,7
6256,2026-03-13,Eladio Calleja Valenzuela,Valladolid,Monitorea,Periferikoak,1981.98,2
6257,2025-05-20,Charo Castilla Reina,Cuenca,Mahaigaineko ordenagailua,Ordenagailuak,451.4,3
6258,2026-07-18,Macarena Ribas Navas,Guipúzcoa,Webkamera,Periferikoak,1134.49,7
6259,2025-08-25,Ignacio Anaya,Burgos,Bideratzailea,Sareak,232.81,3
6260,2025-05-16,Anna Palma Llobet,Salamanca,Monitorea,Periferikoak,1846.33,2
6261,2024-11-11,Guiomar Loida Frutos Cuadrado,Valencia,Webkamera,Periferikoak,1933.18,9
6262,2025-10-02,Jose Carlos de Amorós,Palencia,Mahaigaineko ordenagailua,Ordenagailuak,28.21,4
6263,2026-02-09,Ainara Lloret,Teruel,RAM memoria,Osagaiak,316.62,3
6264,2025-04-11,Ámbar Moles Cabañas,Las Palmas,RAM memoria,Osagaiak,709.73,7
6265,2026-08-12,Flor Bejarano,Cuenca,Sare-kablea,Sareak,909.59,2
6266,2025-02-18,María Manuela Fiol Zabaleta,Pontevedra,Sare-kablea,Sareak,296.83,8
6267,2026-06-28,Arturo Villegas Bastida,Navarra,Switch-a,Sareak,1410.91,5
6268,2024-10-20,Isaac Arroyo Vilalta,Guipúzcoa,Webkamera,Periferikoak,582.81,4
6269,2026-01-08,Teodoro Verdú Miró,Cáceres,Teklatua,Periferikoak,618.78,6
6270,2026-07-30,José Valbuena Pont,Sevilla,Monitorea,Periferikoak,892.57,6
6271,2026-03-25,Guadalupe Villanueva Benito,Guipúzcoa,RAM memoria,Osagaiak,1551.75,3
6272,2026-05-12,Ramiro Franco,Castellón,Sagua,Periferikoak,1649.22,7
6273,2026-05-29,Ariadna Martínez,Girona,Teklatua,Periferikoak,1577.18,1
6274,2025-01-04,Cruz Palacios Canales,Ávila,Monitorea,Periferikoak,980.85,9
6275,2026-05-13,Pastor Llorente-Cárdenas,Ávila,Switch-a,Sareak,30.4,3
6276,2024-10-13,Lucio Asenjo Peñas,Girona,Sare-kablea,Sareak,1546.47,3
6277,2025-12-26,Tristán Cordero Osorio,Burgos,Mahaigaineko ordenagailua,Ordenagailuak,599.28,8
6278,2026-04-30,Calixta Paloma Arellano Rodrigo,Huelva,Wi-Fi egokigailua,Sareak,756.53,7
6279,2024-11-02,Isidro Asensio,Almería,Bideratzailea,Sareak,1694.6,10
6280,2026-09-03,Julie Osuna Guillen,Guipúzcoa,Webkamera,Periferikoak,1142.32,4
6281,2024-11-30,Jordán Bellido Ordóñez,Salamanca,Bideratzailea,Sareak,1414.8,8
6282,2025-09-24,Rosario Mulet Vazquez,Huesca,Mini PC,Ordenagailuak,1212.15,9
6283,2025-01-03,Clarisa Josefa Villegas Lastra,Málaga,Sare-kablea,Sareak,143.73,6
6284,2024-11-20,Saturnina Elorza Camino,Almería,Bideratzailea,Sareak,534.62,2
6285,2024-10-26,Visitación Rosselló Villalobos,Zaragoza,Teklatua,Periferikoak,1663.7,4
6286,2026-07-28,Úrsula del Barroso,Las Palmas,Switch-a,Sareak,1211.1,1
6287,2026-04-23,Melisa Marcos Durán,Lugo,RAM memoria,Osagaiak,918.83,7
6288,2026-07-13,Porfirio Llopis Suarez,Ávila,RAM memoria,Osagaiak,811.87,1
6289,2026-06-30,Mateo Castells Quintana,Palencia,Sagua,Periferikoak,1837.29,7
6290,2024-11-01,David Mancebo Cid,Córdoba,Txartel grafikoa,Osagaiak,900.29,1
6291,2026-02-20,Georgina Castro,Ávila,Prozesadorea,Osagaiak,418.15,10
6292,2026-02-07,Eulalia de Pastor,Cantabria,Wi-Fi egokigailua,Sareak,1901.64,3
6293,2025-03-25,Jacinto Juan Francisco Zabala Ávila,Granada,Wi-Fi egokigailua,Sareak,1408.79,2
6294,2025-10-18,Custodio Carreño,Burgos,Switch-a,Sareak,1565.16,9
6295,2026-01-06,Martin de Sebastián,Granada,Prozesadorea,Osagaiak,1595.26,9
6296,2024-10-30,Eloísa Lucena Amores,Tarragona,Wi-Fi egokigailua,Sareak,1000.41,6
6297,2025-02-04,Édgar Fortuny Robledo,Zaragoza,Txartel grafikoa,Osagaiak,75.2,5
6298,2025-04-14,Adolfo Soriano Cabañas,Navarra,Mahaigaineko ordenagailua,Ordenagailuak,1058.72,7
6299,2026-03-26,Omar Piñeiro,Álava,Wi-Fi egokigailua,Sareak,1712.99,6
6300,2025-05-31,Elisabet Berta Valderrama Pelayo,Lleida,Sagua,Periferikoak,936.26,3
6301,2026-06-05,Trinidad Ojeda-Font,Burgos,Wi-Fi egokigailua,Sareak,644.35,10
6302,2026-03-06,Ceferino Cuenca Pina,Asturias,Wi-Fi egokigailua,Sareak,1334.81,4
6303,2025-12-04,Amor Bárcena Cobo,Teruel,Wi-Fi egokigailua,Sareak,487.39,1
6304,2025-12-07,José Manuel Pacheco Guzman,Albacete,Txartel grafikoa,Osagaiak,1363.33,1
6305,2025-02-20,Edelmira Pou Valero,Las Palmas,Ordenagailu eramangarria,Ordenagailuak,1858.62,7
6306,2025-04-03,Abraham Muro Hervás,Murcia,Prozesadorea,Osagaiak,608.85,5
6307,2025-12-12,Fernando Arellano Mosquera,Guipúzcoa,Wi-Fi egokigailua,Sareak,1244.1,7
6308,2025-03-20,Hortensia Cuéllar Serra,Jaén,Ordenagailu eramangarria,Ordenagailuak,41.84,6
6309,2024-11-05,Ariel Julieta Calvo Parra,León,Ordenagailu eramangarria,Ordenagailuak,1143.12,8
6310,2026-09-20,Abraham Zamorano-Merino,Ourense,Sare-kablea,Sareak,749.84,4
6311,2026-04-19,Gerardo Manrique Mora,La Rioja,Mahaigaineko ordenagailua,Ordenagailuak,444.95,4
6312,2025-10-08,Guadalupe del Abellán,Palencia,Txartel grafikoa,Osagaiak,521.13,9
6313,2025-10-31,Rodrigo Tudela Osorio,Badajoz,Sare-kablea,Sareak,1690.23,4
6314,2026-02-07,Nélida Oliver Sáenz,Segovia,Ordenagailu eramangarria,Ordenagailuak,782.4,9
6315,2024-12-06,Silvestre Agudo,Toledo,Sagua,Periferikoak,1913.2,3
6316,2025-07-18,Carmina Almeida Rivera,Madrid,Ordenagailu eramangarria,Ordenagailuak,1266.64,4
6317,2026-04-16,Maxi Mayoral-Blanca,Cádiz,Switch-a,Sareak,1227.51,4
6318,2025-01-30,Reyes Marc Corral Ballester,Asturias,Mahaigaineko ordenagailua,Ordenagailuak,224.8,3
6319,2026-03-20,Miguela Zorrilla Blázquez,Lleida,RAM memoria,Osagaiak,1196.82,3
6320,2025-08-31,Ibán Guillén,Melilla,Teklatua,Periferikoak,266.28,1
6321,2026-02-10,Tadeo Morán Chacón,Almería,Teklatua,Periferikoak,145.81,2
6322,2026-07-04,Álvaro de Tenorio,Melilla,Mini PC,Ordenagailuak,1926.71,1
6323,2025-12-27,Armando Cerdán Laguna,Valencia,Mini PC,Ordenagailuak,1626.53,6
6324,2026-08-18,Amor Berenguer Angulo,Zaragoza,SSD diskoa,Osagaiak,686.22,1
6325,2026-02-19,Macario Bernal Batlle,Baleares,Monitorea,Periferikoak,1038.3,9
6326,2025-12-26,Ovidio Barroso Moraleda,Sevilla,Monitorea,Periferikoak,224.21,3
6327,2024-11-06,Baudelio Diaz Vara,Vizcaya,Monitorea,Periferikoak,127.66,3
6328,2025-08-31,Cleto Ballesteros Toro,Navarra,Bideratzailea,Sareak,903.78,10
6329,2025-04-19,Jose Manuel de Buendía,Cuenca,Mahaigaineko ordenagailua,Ordenagailuak,231.38,2
6330,2025-06-29,Leyre de Uría,Valladolid,Webkamera,Periferikoak,136.5,10
6331,2025-11-03,Julián Porfirio Heras Nicolau,Cáceres,Webkamera,Periferikoak,692.29,7
6332,2025-05-01,María Luisa Barba Otero,Valladolid,RAM memoria,Osagaiak,1403.24,5
6333,2025-05-28,Susanita Becerra-Tomé,Huelva,Sare-kablea,Sareak,397.82,7
6334,2026-06-01,Lucía Muro Velasco,Badajoz,Monitorea,Periferikoak,722.57,8
6335,2025-09-02,Ismael Sanmiguel Paniagua,Las Palmas,Mahaigaineko ordenagailua,Ordenagailuak,1867.16,8
6336,2024-11-05,Aroa Aragón López,Vizcaya,Ordenagailu eramangarria,Ordenagailuak,516.2,8
6337,2026-07-28,Cruz Portero Ángel,Málaga,Prozesadorea,Osagaiak,664.79,8
6338,2024-09-30,Íngrid Plana Carnero,Pontevedra,Ordenagailu eramangarria,Ordenagailuak,132.66,6
6339,2025-04-02,Eugenia Miranda Barrera,Granada,Prozesadorea,Osagaiak,534.38,5
6340,2026-04-03,Enrique Reig-Diéguez,La Coruña,RAM memoria,Osagaiak,853.98,4
6341,2024-12-02,Asunción Gracia,Cantabria,Monitorea,Periferikoak,1877.89,10
6342,2026-08-17,Zoraida Navas Escribano,Lleida,Webkamera,Periferikoak,969.86,8
6343,2025-02-09,María Pilar del Carpio,Albacete,Ordenagailu eramangarria,Ordenagailuak,170.26,2
6344,2025-03-20,Leyre Salgado Bauzà,Sevilla,Mini PC,Ordenagailuak,1613.59,9
6345,2025-11-15,Ambrosio de Sanmartín,Burgos,SSD diskoa,Osagaiak,1140.38,1
6346,2025-12-10,Tiburcio Ribera Estévez,Albacete,Mini PC,Ordenagailuak,1582.34,7
6347,2026-01-23,Florencio Abellán Rico,Zaragoza,Switch-a,Sareak,1673.46,6
6348,2026-06-15,Rebeca Sarabia,Lleida,SSD diskoa,Osagaiak,57.56,1
6349,2026-06-30,Alba Durán-Ledesma,La Rioja,Teklatua,Periferikoak,1020.57,3
6350,2026-08-14,Melisa Sacristán-Grande,Ourense,Prozesadorea,Osagaiak,678.28,4
6351,2024-12-17,Candelaria Murcia-Casanova,Girona,Mahaigaineko ordenagailua,Ordenagailuak,45.33,9
6352,2026-03-18,Amalia Donaire Fuente,Ciudad,Webkamera,Periferikoak,1992.96,5
6353,2026-05-29,Teófilo Ocaña Pineda,Almería,Sagua,Periferikoak,1686.6,2
6354,2026-08-30,Adelardo Tomé Jerez,Málaga,Sagua,Periferikoak,898.68,3
6355,2024-11-22,Calixto Campos Montalbán,La Coruña,Ordenagailu eramangarria,Ordenagailuak,103.61,7
6356,2025-11-15,Estefanía Sevillano Calleja,Pontevedra,Sare-kablea,Sareak,293.47,1
6357,2025-08-08,Josefa Delfina Roda Noriega,Zaragoza,Mini PC,Ordenagailuak,1322.9,10
6358,2025-11-28,Teodosio Galvez Carreras,Badajoz,Teklatua,Periferikoak,21.81,9
6359,2026-05-05,Chita Bermudez,Guipúzcoa,Mahaigaineko ordenagailua,Ordenagailuak,150.79,1
6360,2026-02-11,Imelda Cano Tomé,Huesca,Prozesadorea,Osagaiak,1081.65,4
6361,2026-05-25,Humberto Bauzà Sanjuan,Barcelona,Wi-Fi egokigailua,Sareak,703.88,1
6362,2025-06-02,Luciano Ferrán-Carnero,Murcia,Switch-a,Sareak,1717.53,5
6363,2026-04-19,Elpidio Llano,Castellón,Mahaigaineko ordenagailua,Ordenagailuak,130.23,9
6364,2026-02-08,Martina Blazquez Barbero,León,Teklatua,Periferikoak,1005.4,7
6365,2026-03-09,Faustino del Abella,Valencia,Bideratzailea,Sareak,1108.54,9
6366,2025-01-19,Joaquín Frías Pozo,Girona,RAM memoria,Osagaiak,916.0,2
6367,2024-12-29,Ruperta Escamilla Zapata,Segovia,Ordenagailu eramangarria,Ordenagailuak,278.33,10
6368,2025-07-18,Reyna Nidia Gilabert Menéndez,Lugo,Sare-kablea,Sareak,94.12,4
6369,2024-10-10,Luna Ámbar Roman Catalá,Huesca,Ordenagailu eramangarria,Ordenagailuak,167.15,6
6370,2024-12-10,Rolando Portero Narváez,Cádiz,Sare-kablea,Sareak,244.88,1
6371,2025-10-15,Ileana Rubio Palau,Huesca,Wi-Fi egokigailua,Sareak,71.36,3
6372,2026-01-07,Seve Salas,Palencia,Mahaigaineko ordenagailua,Ordenagailuak,401.54,5
6373,2025-07-23,Cebrián Bermúdez Cáceres,Pontevedra,Webkamera,Periferikoak,890.81,5
6374,2025-05-16,Saturnina Cerdán Carrión,Asturias,Mini PC,Ordenagailuak,1277.1,4
6375,2025-10-12,Salvador de Domingo,Ourense,Sare-kablea,Sareak,891.62,3
6376,2026-04-12,Rufina Blasco Benítez,Huesca,Prozesadorea,Osagaiak,1671.82,4
6377,2025-07-17,Pili Madrigal,Pontevedra,RAM memoria,Osagaiak,1017.71,4
6378,2025-09-06,Eusebio Trujillo-Expósito,Girona,Wi-Fi egokigailua,Sareak,929.14,10
6379,2026-08-20,Elba Rozas Isern,Cáceres,Webkamera,Periferikoak,1411.51,1
6380,2024-11-13,Vinicio Bru Tejera,Baleares,Webkamera,Periferikoak,189.49,10
6381,2025-04-10,Mohamed Fabra Pinedo,Cádiz,Monitorea,Periferikoak,1014.5,1
6382,2025-01-24,Estrella Linares Soria,Cáceres,Teklatua,Periferikoak,79.56,4
6383,2025-06-30,Julio Arranz Pintor,Cuenca,Ordenagailu eramangarria,Ordenagailuak,507.79,10
6384,2026-01-03,Nélida Tirado Montero,Barcelona,Switch-a,Sareak,1187.12,9
6385,2026-02-17,María Dolores Azcona Pareja,Baleares,Wi-Fi egokigailua,Sareak,1055.23,5
6386,2026-05-19,Anastasio Ángel Vélez,Ceuta,Wi-Fi egokigailua,Sareak,826.57,1
6387,2025-07-29,María Cristina Garmendia Lara,Ciudad,Mini PC,Ordenagailuak,154.3,7
6388,2025-09-22,Octavio Saavedra Diéguez,Navarra,SSD diskoa,Osagaiak,79.71,3
6389,2025-07-08,Diana Melero Arteaga,Girona,Txartel grafikoa,Osagaiak,590.78,9
6390,2026-09-16,Ainara Priscila Caparrós Tamarit,Cáceres,Monitorea,Periferikoak,130.89,1
6391,2025-08-21,Aitana Marco Gárate,León,Mini PC,Ordenagailuak,240.36,2
6392,2026-08-23,Aitana Benitez Palomo,Cantabria,Txartel grafikoa,Osagaiak,1228.17,9
6393,2026-05-30,Manuel Casanova Correa,Málaga,Prozesadorea,Osagaiak,1507.1,9
6394,2025-04-14,Amaro Valcárcel Iniesta,Valladolid,Switch-a,Sareak,796.21,9
6395,2025-02-25,Natalio del Planas,Toledo,Sagua,Periferikoak,659.48,8
6396,2025-11-30,Víctor Coello-Macias,Cádiz,RAM memoria,Osagaiak,327.54,5
6397,2025-01-10,Miguel Ángel de Gimenez,Valencia,Switch-a,Sareak,329.8,7
6398,2026-04-11,Cipriano Cerdán,Sevilla,Mahaigaineko ordenagailua,Ordenagailuak,681.48,2
6399,2026-01-11,Lucía Gargallo Mayoral,Sevilla,Bideratzailea,Sareak,1684.58,4
6400,2025-12-22,Rosario Blanes,Teruel,Mini PC,Ordenagailuak,1181.9,3
6401,2026-03-12,Enrique Canals Donaire,Ceuta,Monitorea,Periferikoak,1665.77,8
6402,2025-01-19,Obdulia Verdejo,Burgos,Teklatua,Periferikoak,1563.79,4
6403,2026-04-07,Maite Alicia Amor Echeverría,La Rioja,Sare-kablea,Sareak,903.68,6
6404,2025-04-13,Fabiana Lerma Mesa,Cuenca,Mini PC,Ordenagailuak,631.18,10
6405,2026-07-28,Brunilda Romero Fabra,Zamora,Switch-a,Sareak,423.32,9
6406,2025-02-19,Florencia Salvà Gilabert,Murcia,SSD diskoa,Osagaiak,194.29,10
6407,2026-09-08,Balduino Porras Murcia,Baleares,RAM memoria,Osagaiak,1766.53,5
6408,2026-08-09,Florinda Isidora Ortiz Salazar,Huelva,Webkamera,Periferikoak,224.61,2
6409,2025-12-22,Máximo Gisbert Grau,Ceuta,Monitorea,Periferikoak,814.21,6
6410,2024-10-06,Florencio Mayol,Valladolid,Teklatua,Periferikoak,1452.93,4
6411,2024-11-23,Isidro de Chamorro,Sevilla,Sagua,Periferikoak,275.4,2
6412,2025-03-09,Carmelita de Ropero,Zaragoza,Sare-kablea,Sareak,1108.5,9
6413,2025-07-28,Remigio Terrón Alegre,Zaragoza,Wi-Fi egokigailua,Sareak,1118.69,7
6414,2026-07-29,Liliana Tania Santamaría Milla,Navarra,Prozesadorea,Osagaiak,1184.21,10
6415,2025-11-17,Armando Alemán Castells,Palencia,Sagua,Periferikoak,1082.24,6
6416,2026-05-12,Camilo del Peinado,Barcelona,Mini PC,Ordenagailuak,1477.49,10
6417,2026-06-05,Celestina Casas Baquero,Ciudad,Teklatua,Periferikoak,1740.5,6
6418,2025-02-18,Marcelo del Bejarano,Sevilla,Txartel grafikoa,Osagaiak,783.39,2
6419,2025-05-29,Emilia Iniesta Rey,Pontevedra,Ordenagailu eramangarria,Ordenagailuak,397.79,7
6420,2026-08-01,Jovita Mar Corbacho Rosell,Almería,Teklatua,Periferikoak,12.36,8
6421,2025-02-16,Horacio Arjona Alberto,Sevilla,Ordenagailu eramangarria,Ordenagailuak,1874.72,2
6422,2026-02-12,Martín Segura-Higueras,Albacete,SSD diskoa,Osagaiak,440.71,9
6423,2024-12-06,Mateo Aguiló Mercader,Cáceres,RAM memoria,Osagaiak,492.94,7
6424,2025-08-04,Agustín Téllez Colomer,Teruel,Mini PC,Ordenagailuak,356.8,3
6425,2024-10-22,Prudencia Cabezas Adán,Almería,Mini PC,Ordenagailuak,1232.62,9
6426,2025-11-09,Epifanio Cortes Aragonés,Soria,Webkamera,Periferikoak,1711.86,7
6427,2026-01-26,Aurelio de Ayuso,Guipúzcoa,Switch-a,Sareak,162.76,5
6428,2024-12-31,Gregorio Morillo,Cáceres,Txartel grafikoa,Osagaiak,167.33,8
6429,2026-01-06,Adora Tirado Pineda,Cantabria,RAM memoria,Osagaiak,1683.16,8
6430,2024-10-22,Wilfredo Mendizábal-Jover,Ávila,Webkamera,Periferikoak,1917.99,5
6431,2026-09-18,Sabas Beltrán Puig,Las Palmas,Txartel grafikoa,Osagaiak,1942.95,7
6432,2026-03-15,Chus Sola Cánovas,Sevilla,SSD diskoa,Osagaiak,990.47,9
6433,2025-10-16,Claudia Carrera Saldaña,Badajoz,Sagua,Periferikoak,1618.65,10
6434,2024-09-28,Estrella Sala-Vizcaíno,Cádiz,Mini PC,Ordenagailuak,432.29,6
6435,2025-01-01,Toni Cifuentes-Castro,Girona,Switch-a,Sareak,300.53,5
6436,2024-10-06,Maximino Llobet-Cid,Álava,Mahaigaineko ordenagailua,Ordenagailuak,785.49,6
6437,2025-08-19,Prudencio Quintero Campoy,Huelva,Bideratzailea,Sareak,1000.33,4
6438,2025-01-27,Kike Merino Guitart,Tarragona,Teklatua,Periferikoak,514.9,2
6439,2025-12-09,Guiomar Rosales-Villanueva,Vizcaya,Switch-a,Sareak,1696.5,9
6440,2025-04-25,Fabiola de Calderon,Las Palmas,Sare-kablea,Sareak,239.18,5
6441,2026-08-23,Águeda Moreno Sastre,Las Palmas,Wi-Fi egokigailua,Sareak,1612.54,10
6442,2026-07-27,María Belén Arjona España,Lugo,Txartel grafikoa,Osagaiak,1435.38,7
6443,2026-09-19,Casandra del Manso,Lleida,Webkamera,Periferikoak,503.37,5
6444,2026-01-24,Alex Asenjo Canales,Madrid,Sare-kablea,Sareak,1052.31,6
6445,2026-09-02,Angélica Guitart,Barcelona,SSD diskoa,Osagaiak,359.96,1
6446,2025-07-27,Corona Millán Cuadrado,Segovia,Webkamera,Periferikoak,1308.7,6
6447,2024-12-31,Jenny Ferrando Arranz,Burgos,Bideratzailea,Sareak,398.4,5
6448,2025-02-17,Jordana Alemán Anaya,Barcelona,Prozesadorea,Osagaiak,1725.46,4
6449,2025-03-22,Esmeralda de Nevado,Guipúzcoa,Prozesadorea,Osagaiak,1907.54,3
6450,2024-12-22,Amancio Plana Folch,Pontevedra,Wi-Fi egokigailua,Sareak,588.35,9
6451,2025-08-05,Violeta Pizarro Lillo,Barcelona,Mini PC,Ordenagailuak,1258.87,1
6452,2025-05-17,Febe Blázquez Cazorla,Guadalajara,Wi-Fi egokigailua,Sareak,1877.6,4
6453,2024-10-21,Ruben Barón Mateos,Huesca,Switch-a,Sareak,487.71,8
6454,2026-08-12,Leire Barranco,Álava,Wi-Fi egokigailua,Sareak,560.44,1
6455,2026-01-02,Samuel Niño,La Coruña,Switch-a,Sareak,1373.26,9
6456,2025-02-06,Selena Martinez Ferrer,Las Palmas,Ordenagailu eramangarria,Ordenagailuak,1978.5,3
6457,2025-02-21,Amor Castilla Arias,Alicante,Mahaigaineko ordenagailua,Ordenagailuak,509.6,4
6458,2025-07-27,Amada de Botella,Pontevedra,Sare-kablea,Sareak,896.2,8
6459,2025-04-08,Milagros Rosado Almeida,Guipúzcoa,Mahaigaineko ordenagailua,Ordenagailuak,1216.97,4
6460,2025-11-24,Luciano Fabra-Llanos,Salamanca,Mini PC,Ordenagailuak,1249.8,7
6461,2025-06-16,Ciro Ródenas Cornejo,Segovia,Ordenagailu eramangarria,Ordenagailuak,290.41,6
6462,2025-08-15,Valero Roque Campo Julián,Santa Cruz de Tenerife,Teklatua,Periferikoak,1072.81,10
6463,2025-08-06,David Ricart Guijarro,Álava,Mini PC,Ordenagailuak,1326.11,7
6464,2026-07-20,Concha Casal-Higueras,Ciudad,Mahaigaineko ordenagailua,Ordenagailuak,416.37,6
6465,2025-10-18,Nazaret Gimenez-Fabregat,Valencia,Txartel grafikoa,Osagaiak,532.35,5
6466,2026-04-19,Hermenegildo Matas Llano,Badajoz,Monitorea,Periferikoak,1798.2,9
6467,2025-10-31,María José Canales Pardo,Lleida,Wi-Fi egokigailua,Sareak,1339.96,1
6468,2026-02-10,Dolores Bustos-Ródenas,Las Palmas,Bideratzailea,Sareak,1375.93,9
6469,2025-01-03,Tatiana Barrios Pozo,Burgos,Mini PC,Ordenagailuak,1267.67,3
6470,2025-04-05,Marisol del Bautista,Lugo,Prozesadorea,Osagaiak,844.62,6
6471,2026-05-12,Rosendo Alfaro Alfonso,Baleares,Sare-kablea,Sareak,1275.57,7
6472,2026-04-28,Adelaida Menéndez Recio,Ávila,Webkamera,Periferikoak,703.5,2
6473,2025-05-08,Benita Márquez Revilla,Asturias,RAM memoria,Osagaiak,1737.47,2
6474,2026-04-25,Josué Andreu Díez,Badajoz,Wi-Fi egokigailua,Sareak,371.19,9
6475,2025-09-23,Maristela Torrecilla Vázquez,Baleares,Sagua,Periferikoak,869.67,2
6476,2026-07-12,Ainoa del Larrea,Ceuta,Monitorea,Periferikoak,1409.7,1
6477,2026-03-21,Rufino Sandoval Cerro,León,Ordenagailu eramangarria,Ordenagailuak,551.15,2
6478,2024-12-12,Marcos Armas Olivares,Asturias,RAM memoria,Osagaiak,1963.5,3
6479,2025-12-28,Artemio Giralt,Palencia,Wi-Fi egokigailua,Sareak,873.3,8
6480,2026-03-03,Mateo Nebot Castellanos,Palencia,Mini PC,Ordenagailuak,488.69,6
6481,2024-12-30,Concha Azucena Bastida Merino,Ceuta,Prozesadorea,Osagaiak,167.46,5
6482,2026-05-13,Nydia Sans-Aguirre,Salamanca,Switch-a,Sareak,165.9,3
6483,2025-06-27,Faustino Grau Nogués,Ciudad,Mini PC,Ordenagailuak,346.65,5
6484,2026-05-31,Berto Gallart Sedano,Cantabria,Teklatua,Periferikoak,11.56,5
6485,2025-04-03,Javiera Ribera,Cádiz,Mahaigaineko ordenagailua,Ordenagailuak,449.0,1
6486,2024-11-01,Juan Pablo Torre Barrera,Santa Cruz de Tenerife,RAM memoria,Osagaiak,307.96,10
6487,2026-05-11,Aníbal Cardona Pi,Málaga,Prozesadorea,Osagaiak,184.99,7
6488,2026-08-09,Dalila Duarte Villena,Ourense,Mahaigaineko ordenagailua,Ordenagailuak,1813.46,1
6489,2025-09-17,José Alfaro Rosa,Huelva,Bideratzailea,Sareak,1364.42,7
6490,2026-07-01,Enrique de Ayllón,Las Palmas,Webkamera,Periferikoak,174.52,2
6491,2024-12-31,Isidora Moll Guillén,Córdoba,Switch-a,Sareak,1395.11,7
6492,2026-05-27,Griselda de Lorenzo,Segovia,Ordenagailu eramangarria,Ordenagailuak,1043.47,10
6493,2025-11-11,Amancio de Marquez,Pontevedra,RAM memoria,Osagaiak,326.74,5
6494,2026-04-29,Matilde del Quero,La Rioja,Sare-kablea,Sareak,1594.15,2
6495,2025-08-28,Arturo Almagro Crespo,Zaragoza,Webkamera,Periferikoak,477.56,9
6496,2025-07-14,Nayara Sáenz Carlos,Guipúzcoa,Sare-kablea,Sareak,343.72,1
6497,2025-04-05,Leandro del Mir,Lleida,Txartel grafikoa,Osagaiak,1021.86,4
6498,2025-01-10,Carlota Ocaña Andrade,Cantabria,Wi-Fi egokigailua,Sareak,1259.88,4
6499,2025-01-16,Paco Palomares Benavente,Albacete,Mini PC,Ordenagailuak,1230.77,2
6500,2025-12-24,Lucila Espada-Llano,Badajoz,RAM memoria,Osagaiak,1406.1,2
6501,2025-02-09,Yéssica Vizcaíno Amo,Lleida,Mini PC,Ordenagailuak,180.7,10
6502,2025-01-23,Plinio Noguera-Gras,Pontevedra,Mahaigaineko ordenagailua,Ordenagailuak,1252.48,4
6503,2025-05-17,Paola Llorens Portillo,Salamanca,Webkamera,Periferikoak,791.22,4
6504,2024-09-30,Cruz Portillo Ferrándiz,Vizcaya,Mini PC,Ordenagailuak,1998.44,8
6505,2025-10-07,Ana Belén Alberola Sarabia,Murcia,Ordenagailu eramangarria,Ordenagailuak,443.98,7
6506,2025-07-20,Osvaldo Silvio Mateo Puente,Vizcaya,SSD diskoa,Osagaiak,1976.46,8
6507,2026-07-07,Américo Arranz Cerdán,Las Palmas,Webkamera,Periferikoak,639.23,8
6508,2025-08-14,Elías Zabala Barros,Huesca,Monitorea,Periferikoak,274.79,2
6509,2025-06-02,Salud Leocadia Ibáñez Llorens,Córdoba,Bideratzailea,Sareak,139.85,6
6510,2026-05-14,Lucila Lumbreras Duarte,Zaragoza,Switch-a,Sareak,743.32,6
6511,2026-06-22,Simón Company,Albacete,RAM memoria,Osagaiak,390.4,9
6512,2025-01-01,Elisabet Ferreras-Sacristán,Valencia,Mahaigaineko ordenagailua,Ordenagailuak,79.13,1
6513,2026-05-29,Lucho del Carmona,Sevilla,RAM memoria,Osagaiak,1382.88,10
6514,2024-11-08,Encarna Arjona-Carrión,Lugo,Mini PC,Ordenagailuak,537.79,2
6515,2026-08-01,Buenaventura Marqués,Badajoz,Prozesadorea,Osagaiak,17.75,7
6516,2024-10-16,Vicente Marti Bartolomé,Valladolid,Sare-kablea,Sareak,1188.77,4
6517,2026-03-04,Raquel del Sierra,Burgos,Webkamera,Periferikoak,563.95,7
6518,2025-12-10,Ovidio Serrano Collado,Vizcaya,Sare-kablea,Sareak,1731.7,3
6519,2026-01-09,Jose Antonio Anaya Baquero,Valencia,Mini PC,Ordenagailuak,1337.32,7
6520,2025-01-31,Delia Mascaró Paz,Jaén,Sagua,Periferikoak,1389.46,9
6521,2025-02-11,Aristides Garrido Paz,Toledo,Switch-a,Sareak,647.71,7
6522,2025-04-12,Rosalina Manso Miguel,Baleares,Switch-a,Sareak,340.68,2
6523,2026-08-05,Cosme Rivera Vall,Ceuta,Sagua,Periferikoak,1359.92,3
6524,2026-02-23,Abril Villar Marco,Soria,Mini PC,Ordenagailuak,910.38,1
6525,2024-12-30,Íngrid Arroyo,Málaga,Sare-kablea,Sareak,1283.79,10
6526,2024-12-07,Áurea Alonso Izquierdo,Guadalajara,Switch-a,Sareak,1008.57,2
6527,2025-06-13,Jose Manuel Montoya Alcalá,Santa Cruz de Tenerife,Mini PC,Ordenagailuak,1966.26,7
6528,2026-06-07,Ciro de Mateu,Zaragoza,Mahaigaineko ordenagailua,Ordenagailuak,1727.31,3
6529,2025-02-12,Modesto Velázquez Bustos,Ourense,Prozesadorea,Osagaiak,1642.13,2
6530,2024-10-13,Humberto del Bosch,Lleida,Prozesadorea,Osagaiak,1189.56,10
6531,2026-04-21,Isabel Luciana Bautista Pintor,La Coruña,Sare-kablea,Sareak,1007.12,5
6532,2025-08-06,Carmela del Parra,Alicante,Ordenagailu eramangarria,Ordenagailuak,916.27,3
6533,2026-09-22,Jaime Beltran Checa,Zaragoza,Mahaigaineko ordenagailua,Ordenagailuak,257.98,10
6534,2026-07-05,Marcio Quintana Corral,Ceuta,Bideratzailea,Sareak,1634.54,8
6535,2026-05-24,María Teresa Conde-Jove,Las Palmas,Txartel grafikoa,Osagaiak,1069.53,2
6536,2025-09-24,Adalberto Morante-Marín,Segovia,Bideratzailea,Sareak,267.2,7
6537,2024-12-25,Loida Tamayo Ibarra,Álava,Ordenagailu eramangarria,Ordenagailuak,558.34,10
6538,2025-09-12,Lucila Casas Ugarte,Toledo,Switch-a,Sareak,1412.45,10
6539,2025-02-27,Noa Benítez-Tur,La Rioja,Txartel grafikoa,Osagaiak,1860.34,3
6540,2025-05-12,Wálter Cañellas Portillo,Álava,Mini PC,Ordenagailuak,1504.8,3
6541,2025-09-08,Florinda Ortega Feijoo,Madrid,Txartel grafikoa,Osagaiak,1470.8,8
6542,2026-08-09,Humberto Melero Cáceres,Sevilla,Txartel grafikoa,Osagaiak,1584.57,8
6543,2024-10-14,Óscar Cañas-Franch,Sevilla,RAM memoria,Osagaiak,999.86,10
6544,2025-03-17,Óscar Seco Belmonte,Burgos,Webkamera,Periferikoak,825.55,5
6545,2025-10-14,Juan Carlos Isaac Anaya Miró,Córdoba,Bideratzailea,Sareak,474.1,1
6546,2025-07-14,Porfirio Corral Valcárcel,Salamanca,Wi-Fi egokigailua,Sareak,688.15,4
6547,2026-06-21,Marcelo Azorin Benitez,Zamora,Teklatua,Periferikoak,828.7,2
6548,2026-07-01,Teresita Pastor Abella,Segovia,Mahaigaineko ordenagailua,Ordenagailuak,1720.27,3
6549,2025-01-27,Jordán del Almeida,Valencia,Wi-Fi egokigailua,Sareak,434.19,3
6550,2024-10-01,Jose Angel Lledó Porcel,Girona,Bideratzailea,Sareak,774.88,9
6551,2026-08-19,Martirio Jove Palacios,Tarragona,Prozesadorea,Osagaiak,1637.18,4
6552,2025-09-02,Alfredo Moya Peñas,Alicante,Mini PC,Ordenagailuak,50.52,8
6553,2024-12-10,Gabriela Valbuena,Soria,Sagua,Periferikoak,592.92,1
6554,2026-02-18,Fausto Pelayo Alegria,Guipúzcoa,Sare-kablea,Sareak,1995.53,5
6555,2025-11-19,Toribio de Báez,Navarra,Teklatua,Periferikoak,1172.5,5
6556,2026-06-05,Timoteo Lumbreras Ferrán,Huesca,SSD diskoa,Osagaiak,1529.41,2
6557,2026-02-26,Amarilis Ayuso Elorza,Burgos,Mahaigaineko ordenagailua,Ordenagailuak,1400.42,7
6558,2026-06-25,Camila Ignacia Perez Cañizares,Ceuta,Wi-Fi egokigailua,Sareak,1849.91,2
6559,2026-04-22,Teobaldo Matas Yáñez,Murcia,Sare-kablea,Sareak,743.93,9
6560,2024-12-08,María José Cornejo Carnero,Palencia,Switch-a,Sareak,1680.87,7
6561,2026-03-25,Eli Bosch Donaire,Teruel,Sare-kablea,Sareak,882.62,1
6562,2025-04-06,Rosaura Belda Pombo,Sevilla,Teklatua,Periferikoak,470.77,1
6563,2024-10-20,José Luis Raya Checa,Guadalajara,Monitorea,Periferikoak,1304.61,2
6564,2025-02-05,Lázaro Gibert Blanes,Toledo,Sagua,Periferikoak,1908.9,2
6565,2025-05-26,Sabina Naranjo-Grande,Castellón,RAM memoria,Osagaiak,1478.36,2
6566,2026-06-16,Graciana Enríquez Arrieta,Navarra,SSD diskoa,Osagaiak,807.52,1
6567,2026-02-22,Maite Muñoz,Asturias,Ordenagailu eramangarria,Ordenagailuak,1712.9,2
6568,2024-10-15,Alexandra Cortes Peña,Guipúzcoa,SSD diskoa,Osagaiak,1792.32,3
6569,2026-09-11,Nazaret Bou Llano,Almería,Wi-Fi egokigailua,Sareak,1883.45,3
6570,2025-07-17,Lilia Vicente Almazán,Teruel,Wi-Fi egokigailua,Sareak,1906.79,6
6571,2025-06-28,Ofelia Canales Valls,Girona,Txartel grafikoa,Osagaiak,571.12,4
6572,2025-01-08,Ascensión de Castell,Castellón,Bideratzailea,Sareak,625.33,9
6573,2026-08-15,Ileana Varela Aparicio,Pontevedra,Wi-Fi egokigailua,Sareak,757.34,9
6574,2026-03-29,Ofelia Salvador-Mur,La Rioja,Monitorea,Periferikoak,1796.97,8
6575,2026-05-17,Guiomar Chaparro Zabaleta,Girona,Ordenagailu eramangarria,Ordenagailuak,1805.18,10
6576,2026-02-24,Anunciación de Rojas,Teruel,Mini PC,Ordenagailuak,1987.52,3
6577,2025-11-10,Pascuala Roura Bravo,Jaén,Prozesadorea,Osagaiak,669.13,1
6578,2025-02-19,Mauricio Colomer-Casanova,Álava,Mini PC,Ordenagailuak,863.78,9
6579,2024-10-20,Josefa Mosquera Salvador,Huesca,Wi-Fi egokigailua,Sareak,1615.42,7
6580,2026-09-20,Lucio Luz,La Rioja,SSD diskoa,Osagaiak,1835.52,10
6581,2026-03-15,Jessica Viana Perelló,Palencia,Mahaigaineko ordenagailua,Ordenagailuak,250.77,9
6582,2025-11-26,María Pilar Reina Barriga Palma,Albacete,Ordenagailu eramangarria,Ordenagailuak,1687.16,7
6583,2026-04-04,Prudencio Nieto Cabanillas,Ceuta,Bideratzailea,Sareak,750.31,1
6584,2026-05-10,Danilo de Cámara,La Rioja,Sare-kablea,Sareak,1899.61,7
6585,2025-11-02,Águeda del Adadia,Girona,Bideratzailea,Sareak,120.65,1
6586,2024-09-29,Vidal Roura Valbuena,Cádiz,Mahaigaineko ordenagailua,Ordenagailuak,1581.67,6
6587,2024-12-17,Alicia Franco Jordá,Girona,Teklatua,Periferikoak,904.9,1
6588,2025-03-13,Salomé Ugarte Armas,Murcia,Ordenagailu eramangarria,Ordenagailuak,1341.28,5
6589,2025-03-21,Elodia Trujillo Perera,Las Palmas,Sagua,Periferikoak,828.71,6
6590,2025-11-09,José Luis Pujol Fuentes,Palencia,RAM memoria,Osagaiak,520.86,2
6591,2026-05-06,Gaspar Riquelme Leiva,Segovia,Mahaigaineko ordenagailua,Ordenagailuak,729.6,7
6592,2025-02-25,Severo de Ojeda,Almería,Webkamera,Periferikoak,1172.54,6
6593,2025-04-13,Guadalupe Egea Sastre,Guipúzcoa,Mahaigaineko ordenagailua,Ordenagailuak,1566.31,10
6594,2024-10-20,Roxana Coloma-Cortina,Vizcaya,Prozesadorea,Osagaiak,192.6,8
6595,2025-06-19,Iker Trujillo,Baleares,Mini PC,Ordenagailuak,995.37,3
6596,2024-12-09,Aurelio Cuenca Rosselló,La Rioja,Ordenagailu eramangarria,Ordenagailuak,1188.75,8
6597,2025-09-02,María Teresa Flora Pascual Cabrera,Ávila,Ordenagailu eramangarria,Ordenagailuak,1638.3,10
6598,2026-04-09,Regina Román,Guipúzcoa,Wi-Fi egokigailua,Sareak,210.18,4
6599,2026-01-27,Teófila Pagès Pinedo,Granada,Mahaigaineko ordenagailua,Ordenagailuak,515.59,8
6600,2025-12-11,Casemiro Cerezo-Pedraza,Castellón,Mini PC,Ordenagailuak,1593.46,2
6601,2024-10-14,Bartolomé Cortes,Vizcaya,Bideratzailea,Sareak,619.33,3
6602,2025-10-23,Fabricio Muñoz Llorens,Ciudad,RAM memoria,Osagaiak,981.91,5
6603,2025-06-01,Dionisia España Cortina,Huesca,Mini PC,Ordenagailuak,290.17,8
6604,2026-07-13,Maxi Agustí Sosa,Cuenca,Ordenagailu eramangarria,Ordenagailuak,1378.13,5
6605,2025-01-21,Liliana Fajardo Castro,Guadalajara,Switch-a,Sareak,1071.14,3
6606,2026-07-17,Irma Barceló Leon,Tarragona,Ordenagailu eramangarria,Ordenagailuak,1516.74,9
6607,2026-03-14,Paula del Arnaiz,Lugo,RAM memoria,Osagaiak,160.47,2
6608,2026-01-08,Priscila Luna Jove,Almería,Teklatua,Periferikoak,655.32,4
6609,2026-09-05,Bernardo Cárdenas Rincón,Palencia,Ordenagailu eramangarria,Ordenagailuak,458.19,8
6610,2025-04-28,Roque Olegario Palomar Aramburu,Málaga,RAM memoria,Osagaiak,628.61,7
6611,2026-08-24,Estrella Español-Expósito,Guadalajara,Sagua,Periferikoak,1496.6,8
6612,2026-04-13,Miguel Reina Salamanca,Jaén,Monitorea,Periferikoak,1128.32,4
6613,2024-12-21,Zaida Macías Quiroga,Jaén,Teklatua,Periferikoak,666.43,4
6614,2026-07-08,Macarena Vall Neira,Toledo,Teklatua,Periferikoak,455.34,8
6615,2026-02-05,Emigdio Olmedo-Múñiz,Teruel,Bideratzailea,Sareak,258.96,2
6616,2026-06-25,Salud de Coca,Cádiz,Prozesadorea,Osagaiak,1756.98,7
6617,2026-07-07,Hortensia Chaparro Palacios,Valladolid,Mini PC,Ordenagailuak,938.26,2
6618,2025-01-10,Lorena Mercedes Hurtado Gil,Burgos,Mahaigaineko ordenagailua,Ordenagailuak,672.18,9
6619,2024-09-25,Vito Sales Luque,Asturias,Ordenagailu eramangarria,Ordenagailuak,734.32,9
6620,2024-10-21,Tristán de Barceló,La Rioja,Webkamera,Periferikoak,682.66,2
6621,2026-06-05,Diana Florinda Cortés Coll,Vizcaya,Sagua,Periferikoak,1920.78,4
6622,2025-04-13,Maribel Olmedo Lastra,Las Palmas,Wi-Fi egokigailua,Sareak,1429.72,3
6623,2025-06-15,Manuela Zamora,Almería,Mahaigaineko ordenagailua,Ordenagailuak,1851.27,3
6624,2025-08-28,Hernando Esteban Barberá,Lugo,Sagua,Periferikoak,855.77,3
6625,2025-02-07,Alex Quirós Rios,León,Sagua,Periferikoak,701.4,8
6626,2024-11-13,Adolfo Luís Arroyo,Huesca,Mini PC,Ordenagailuak,1053.2,3
6627,2025-09-08,José María Felipe Goicoechea Barroso,Málaga,SSD diskoa,Osagaiak,1039.6,9
6628,2025-02-20,Gabino Guerrero Priego,Tarragona,Sare-kablea,Sareak,904.58,1
6629,2026-06-24,Ismael Quirós,Burgos,Prozesadorea,Osagaiak,420.52,8
6630,2026-02-23,Ángela Iglesia-Quintero,Alicante,Ordenagailu eramangarria,Ordenagailuak,386.24,6
6631,2025-10-13,Clímaco Llabrés Serra,Murcia,Switch-a,Sareak,631.6,7
6632,2025-06-25,Flor Nicolasa Guardiola Prieto,Granada,Prozesadorea,Osagaiak,560.68,8
6633,2025-08-11,Fortunato Lucas Llorens Carrión,Jaén,Bideratzailea,Sareak,1114.74,9
6634,2025-11-25,Celso Aller,Pontevedra,Mahaigaineko ordenagailua,Ordenagailuak,588.37,9
6635,2025-09-06,Sarita Pacheco Castilla,Teruel,Ordenagailu eramangarria,Ordenagailuak,1235.8,3
6636,2025-05-16,Albina Amorós Fernández,Murcia,Webkamera,Periferikoak,1894.25,8
6637,2024-10-31,Joel Villegas Sáez,Cantabria,Switch-a,Sareak,277.14,6
6638,2025-12-27,Alex Figueras,Málaga,SSD diskoa,Osagaiak,1079.94,7
6639,2026-09-07,Maxi del Alsina,Málaga,Switch-a,Sareak,499.5,3
6640,2026-08-05,Patricia Moliner Agudo,Alicante,Mini PC,Ordenagailuak,1214.37,8
6641,2025-10-19,Lorena Alberto,Soria,Mini PC,Ordenagailuak,1319.88,6
6642,2026-06-03,Aristides de Llorens,Ourense,Mahaigaineko ordenagailua,Ordenagailuak,922.25,1
6643,2025-03-27,Pascuala del Fuente,Girona,Sare-kablea,Sareak,1720.9,1
6644,2025-10-29,Che Sanmiguel Saura,Salamanca,Bideratzailea,Sareak,969.54,6
6645,2026-08-21,Mamen Liliana Castrillo Giménez,La Rioja,Sagua,Periferikoak,993.4,5
6646,2025-04-19,Juan Carlos Parejo Rico,Ciudad,Ordenagailu eramangarria,Ordenagailuak,1853.26,9
6647,2024-12-13,Carmina Arévalo Arana,León,RAM memoria,Osagaiak,1891.87,5
6648,2026-06-19,Narcisa Izquierdo-Carrera,Ávila,Switch-a,Sareak,112.62,5
6649,2025-06-19,Alexandra Mercedes Aguiló Figuerola,Salamanca,Sagua,Periferikoak,1315.2,6
6650,2026-01-09,Teodosio Ferrándiz Catalá,La Rioja,Switch-a,Sareak,1638.92,1
6651,2024-11-02,Tatiana Guillén,Asturias,Txartel grafikoa,Osagaiak,1616.33,3
6652,2026-04-15,Armida Collado Osorio,Salamanca,Teklatua,Periferikoak,1734.88,3
6653,2025-02-09,Octavio Robles Andres,Almería,RAM memoria,Osagaiak,1395.96,6
6654,2025-03-18,Armando Manzanares Almeida,Toledo,Bideratzailea,Sareak,721.26,1
6655,2026-05-06,Cecilio Segovia Rey,Lleida,Mahaigaineko ordenagailua,Ordenagailuak,1122.12,3
6656,2025-03-22,Emiliano del Jerez,Sevilla,RAM memoria,Osagaiak,1557.93,4
6657,2026-03-23,Lorena Canals Pont,Zaragoza,Ordenagailu eramangarria,Ordenagailuak,1497.35,3
6658,2025-07-24,Evelia Río Almeida,Las Palmas,Switch-a,Sareak,143.88,5
6659,2025-07-19,Amor Chamorro Baró,Cádiz,Ordenagailu eramangarria,Ordenagailuak,1862.2,7
6660,2024-12-22,Urbano Bayón-Artigas,Girona,Mahaigaineko ordenagailua,Ordenagailuak,696.64,3
6661,2024-10-12,Dominga Baró-Castejón,Córdoba,Mahaigaineko ordenagailua,Ordenagailuak,259.48,2
6662,2026-05-11,Delia Sobrino Acedo,Castellón,Webkamera,Periferikoak,1250.66,4
6663,2025-12-24,Renato Hervás Pintor,León,Prozesadorea,Osagaiak,1228.7,10
6664,2025-02-19,Candelario Galo Batalla Valderrama,Baleares,Sagua,Periferikoak,1664.9,6
6665,2026-02-01,Glauco Perelló Ordóñez,Córdoba,Mini PC,Ordenagailuak,1185.79,4
6666,2026-06-24,Jovita Casal,Álava,Ordenagailu eramangarria,Ordenagailuak,832.11,9
6667,2025-05-07,Baldomero Escudero Bastida,Jaén,Ordenagailu eramangarria,Ordenagailuak,107.75,1
6668,2026-02-09,Paulino Cerro Porta,Cuenca,Sare-kablea,Sareak,1766.9,10
6669,2025-08-10,Cleto Luís Ferreras,Las Palmas,Switch-a,Sareak,1483.76,4
6670,2025-10-25,Fidela Sala Mesa,Murcia,Monitorea,Periferikoak,905.38,8
6671,2025-09-17,Feliciano Múñiz Redondo,Melilla,Mini PC,Ordenagailuak,1419.48,5
6672,2025-01-13,Roque Poza-Pomares,Badajoz,Prozesadorea,Osagaiak,671.68,10
6673,2024-09-25,Chelo Ofelia Cuervo Pons,Córdoba,Switch-a,Sareak,111.76,3
6674,2025-01-16,José María Borja Infante Aller,Zaragoza,Wi-Fi egokigailua,Sareak,302.8,8
6675,2025-10-22,Anastasio Vélez Sales,Valencia,RAM memoria,Osagaiak,1427.8,3
6676,2026-04-23,Francisco Javier Cámara Noguera,Vizcaya,Webkamera,Periferikoak,1806.29,10
6677,2025-02-09,Mariana Salinas Egea,Murcia,Mini PC,Ordenagailuak,762.82,9
6678,2024-10-21,Ruy del Granados,Ourense,Teklatua,Periferikoak,1870.87,9
6679,2025-12-26,Emiliano Prado,Teruel,Webkamera,Periferikoak,700.87,9
6680,2024-11-07,Otilia Madrid Cornejo,Sevilla,Sare-kablea,Sareak,86.79,6
6681,2025-09-06,Ale Arévalo Montesinos,La Rioja,Teklatua,Periferikoak,1139.73,7
6682,2025-03-04,Tadeo de Antón,Murcia,Webkamera,Periferikoak,1006.52,8
6683,2025-01-21,Edelmira Iniesta-Benítez,Huesca,Ordenagailu eramangarria,Ordenagailuak,1298.0,10
6684,2025-01-11,Paola Barbero Sales,Jaén,Mahaigaineko ordenagailua,Ordenagailuak,370.6,7
6685,2025-09-21,Victor Lopez-Santos,Ourense,Txartel grafikoa,Osagaiak,968.33,6
6686,2025-08-21,Blanca Guerrero Cortina,Barcelona,Mahaigaineko ordenagailua,Ordenagailuak,1389.44,6
6687,2026-02-10,Evelia Saldaña Raya,Baleares,Sagua,Periferikoak,1721.0,1
6688,2025-07-27,Noelia Moliner Oliva,Almería,Monitorea,Periferikoak,46.61,5
6689,2025-12-25,Clara Luisa Segarra Cruz,Álava,Txartel grafikoa,Osagaiak,1343.46,10
6690,2025-03-08,Montserrat Ruth Echeverría Macias,Cantabria,SSD diskoa,Osagaiak,518.7,3
6691,2026-02-08,Marita de Caballero,Asturias,Prozesadorea,Osagaiak,817.25,8
6692,2026-02-09,Leandro Rosado Yuste,Murcia,Ordenagailu eramangarria,Ordenagailuak,1201.87,6
6693,2025-02-10,Reina Valera Bermejo,Navarra,Monitorea,Periferikoak,118.27,9
6694,2026-03-28,Mamen Simó Agudo,Salamanca,Teklatua,Periferikoak,1167.25,2
6695,2025-03-02,Rafael de Morillo,Ourense,Wi-Fi egokigailua,Sareak,111.78,7
6696,2025-02-08,Ezequiel del Amigó,Valencia,RAM memoria,Osagaiak,1937.7,10
6697,2025-03-20,Cruz Salinas,Castellón,RAM memoria,Osagaiak,673.95,9
6698,2025-05-20,Candelaria del Vara,Girona,Mini PC,Ordenagailuak,1103.1,6
6699,2024-11-11,Guiomar Torrents Lledó,Granada,Sagua,Periferikoak,1736.23,8
6700,2024-11-01,Dafne Posada Marcos,Alicante,SSD diskoa,Osagaiak,1653.67,8
6701,2025-04-26,Juan Manuel Arribas Linares,Pontevedra,Ordenagailu eramangarria,Ordenagailuak,1275.37,5
6702,2025-07-29,Maximino Sarabia,Vizcaya,Switch-a,Sareak,1050.2,5
6703,2026-04-19,Domingo Agullo Flor,Las Palmas,Bideratzailea,Sareak,1881.34,10
6704,2025-11-25,Rafa Ureña Solé,Zamora,Mahaigaineko ordenagailua,Ordenagailuak,937.74,8
6705,2024-12-05,Amaya Duran,Valencia,Prozesadorea,Osagaiak,472.54,3
6706,2026-07-17,Julieta Viña Lumbreras,Ourense,Prozesadorea,Osagaiak,515.19,3
6707,2024-11-17,Seve del Bayo,Las Palmas,Prozesadorea,Osagaiak,1808.6,1
6708,2024-11-21,Estrella Valcárcel-Cuervo,Ávila,Webkamera,Periferikoak,1146.43,9
6709,2025-06-06,Primitivo Porta,Santa Cruz de Tenerife,Teklatua,Periferikoak,1995.44,4
6710,2024-09-30,Eugenio del Macias,Santa Cruz de Tenerife,Sagua,Periferikoak,90.87,9
6711,2026-04-08,Paola Guerra León,La Coruña,Mahaigaineko ordenagailua,Ordenagailuak,151.28,10
6712,2026-05-28,Guillermo Sanz Mas,Ciudad,Mini PC,Ordenagailuak,466.78,7
6713,2025-05-13,Martina Bermudez-Saez,Segovia,RAM memoria,Osagaiak,989.12,6
6714,2026-06-22,Custodia Tirado Cuéllar,La Rioja,RAM memoria,Osagaiak,1851.97,9
6715,2024-12-14,Aura Pinto Barroso,Valladolid,Switch-a,Sareak,699.67,2
6716,2025-09-29,Roque Palomar Corral,Segovia,Wi-Fi egokigailua,Sareak,30.24,6
6717,2026-08-10,Cloe del Mercader,Asturias,Bideratzailea,Sareak,1919.9,4
6718,2025-09-04,Apolonia Menendez Juárez,Albacete,Teklatua,Periferikoak,678.58,10
6719,2025-12-09,Damián Ariel Nogueira Duarte,Madrid,Bideratzailea,Sareak,230.1,8
6720,2025-08-07,Almudena Ramis Peiró,Álava,Sagua,Periferikoak,1344.0,1
6721,2025-10-21,Rosa Oliver Cánovas,Cáceres,Bideratzailea,Sareak,626.17,1
6722,2025-01-18,Joan Agustí-Jurado,Melilla,Monitorea,Periferikoak,1031.4,1
6723,2025-02-17,Bernardita Marqués Navarrete,Navarra,Mini PC,Ordenagailuak,490.18,1
6724,2025-10-14,Nieves del Moraleda,Asturias,Mini PC,Ordenagailuak,468.2,7
6725,2025-04-14,Encarnación Gimenez Cabeza,Barcelona,Teklatua,Periferikoak,1517.17,1
6726,2025-08-08,Ágata Vizcaíno Gargallo,Madrid,Bideratzailea,Sareak,1323.89,8
6727,2025-01-01,Perla Dueñas,Palencia,Sare-kablea,Sareak,1266.24,5
6728,2025-01-29,Juan Bautista Alegre-Ugarte,Burgos,Txartel grafikoa,Osagaiak,1034.79,1
6729,2025-08-16,Asdrubal Solano Tejedor,Cuenca,Mahaigaineko ordenagailua,Ordenagailuak,1738.44,1
6730,2026-01-07,Verónica Villa Carvajal,Lleida,RAM memoria,Osagaiak,880.54,5
6731,2026-01-25,Paz Hilda Agudo Carmona,Albacete,Ordenagailu eramangarria,Ordenagailuak,435.72,1
6732,2026-02-18,Pastora Barceló Meléndez,La Coruña,Mahaigaineko ordenagailua,Ordenagailuak,1974.79,6
6733,2026-06-24,Victorino Alejo Valle Naranjo,Cantabria,Webkamera,Periferikoak,337.8,10
6734,2024-10-13,Leopoldo Alegria Vizcaíno,Navarra,RAM memoria,Osagaiak,1205.98,7
6735,2026-02-26,Hugo Cayetano Barba Valera,Navarra,Mahaigaineko ordenagailua,Ordenagailuak,456.17,3
6736,2025-06-18,Cristina Martin Flor,La Rioja,Mini PC,Ordenagailuak,297.8,6
6737,2026-05-17,Arcelia Novoa,Lugo,SSD diskoa,Osagaiak,1878.26,3
6738,2026-08-24,Felicidad Milla Gárate,Huesca,Teklatua,Periferikoak,897.44,5
6739,2025-02-08,Sabina Andrés-Soto,Córdoba,Ordenagailu eramangarria,Ordenagailuak,266.73,8
6740,2026-02-09,Ciro Cerro Estevez,Vizcaya,RAM memoria,Osagaiak,486.86,8
6741,2026-01-16,Maximiliano Cervera Zapata,Zamora,Ordenagailu eramangarria,Ordenagailuak,1393.23,7
6742,2024-11-05,Berta Barriga Roda,Albacete,Mini PC,Ordenagailuak,593.13,1
6743,2026-04-02,Juana Sevilla Navas,Barcelona,Switch-a,Sareak,1130.5,4
6744,2025-09-02,Patricia Marqués Codina,León,Wi-Fi egokigailua,Sareak,1464.84,8
6745,2026-06-12,Pacífica Aliaga,Teruel,RAM memoria,Osagaiak,816.77,2
6746,2026-08-30,Sigfrido Ciro Garay Baena,Pontevedra,Bideratzailea,Sareak,1195.1,9
6747,2025-11-16,Aránzazu del Marí,Guipúzcoa,Mini PC,Ordenagailuak,273.91,8
6748,2026-01-02,Teodora Agustí Amador,Baleares,Teklatua,Periferikoak,359.94,4
6749,2026-06-03,Lisandro Pineda Macías,Asturias,Txartel grafikoa,Osagaiak,1809.77,3
6750,2025-09-03,Domingo Guerrero Belda,Tarragona,Sare-kablea,Sareak,1348.33,10
6751,2026-05-04,Olivia Morán Sanjuan,Las Palmas,Mini PC,Ordenagailuak,1068.76,8
6752,2025-11-28,Andrés Felipe de Benet,Ávila,SSD diskoa,Osagaiak,1971.45,5
6753,2025-06-24,Primitiva Jover Macías,Albacete,Ordenagailu eramangarria,Ordenagailuak,1839.71,2
6754,2024-12-04,Jose Antonio Manso-Alonso,Salamanca,Switch-a,Sareak,504.18,9
6755,2025-02-19,Diana Puente Coll,Albacete,Monitorea,Periferikoak,1560.56,7
6756,2026-08-01,Pascual Sevilla Diaz,La Rioja,RAM memoria,Osagaiak,255.68,6
6757,2025-01-28,Juan Bautista Rozas Cifuentes,Ceuta,Monitorea,Periferikoak,1905.49,4
6758,2026-08-12,Leandra del Estevez,Córdoba,Sagua,Periferikoak,1497.37,10
6759,2025-11-28,Sabas Izquierdo,Jaén,Mini PC,Ordenagailuak,1592.2,7
6760,2026-06-25,Edu Eutimio Gallo Agudo,Baleares,Prozesadorea,Osagaiak,1739.47,5
6761,2026-01-15,María Jesús Porta,Asturias,Sagua,Periferikoak,1309.58,8
6762,2025-10-31,Ester Roura Quintero,Zamora,Txartel grafikoa,Osagaiak,403.39,6
6763,2026-05-24,Jesús Calvo Sedano,La Rioja,Wi-Fi egokigailua,Sareak,667.4,3
6764,2025-05-03,Bonifacio Franch Benítez,La Rioja,Wi-Fi egokigailua,Sareak,1622.19,1
6765,2024-10-03,Gertrudis Palma Torrent,La Coruña,Txartel grafikoa,Osagaiak,719.66,2
6766,2025-04-30,Osvaldo Elpidio Silva Sala,Valencia,RAM memoria,Osagaiak,479.5,10
6767,2025-07-18,Jacinto del Carretero,Álava,Wi-Fi egokigailua,Sareak,1968.45,10
6768,2025-09-21,Juliana Iriarte Barberá,Salamanca,Wi-Fi egokigailua,Sareak,1878.3,7
6769,2025-06-05,Reinaldo Casanova Bolaños,Sevilla,SSD diskoa,Osagaiak,883.43,3
6770,2025-08-22,Beatriz de Quirós,Córdoba,Prozesadorea,Osagaiak,1586.9,5
6771,2025-09-10,Constanza Xiomara Flor Guzmán,Zamora,Bideratzailea,Sareak,314.8,8
6772,2026-08-26,Nicolás Pol Franch,Córdoba,Bideratzailea,Sareak,472.4,1
6773,2026-02-09,Javiera Luciana Millán Bertrán,Asturias,RAM memoria,Osagaiak,37.8,2
6774,2025-07-01,Crescencia Rios Montaña,Soria,Ordenagailu eramangarria,Ordenagailuak,936.98,5
6775,2025-07-24,Florencio Nogués Luna,Vizcaya,Switch-a,Sareak,1043.38,1
6776,2025-10-08,Severino Barrios Palacios,Ávila,Ordenagailu eramangarria,Ordenagailuak,546.2,8
6777,2026-03-06,Lourdes Pineda Cadenas,Valladolid,Sare-kablea,Sareak,598.45,4
6778,2025-10-06,Corona Frías Casado,Zaragoza,Txartel grafikoa,Osagaiak,1689.8,5
6779,2025-07-12,Armando Ariño,León,Sare-kablea,Sareak,395.82,6
6780,2025-03-15,Dulce Bernad León,Ávila,RAM memoria,Osagaiak,989.97,6
6781,2026-05-12,Lupe Alcalá-Echevarría,Valladolid,Switch-a,Sareak,121.78,10
6782,2025-05-23,Andrea Cortes Abascal,Huelva,SSD diskoa,Osagaiak,644.95,7
6783,2026-06-21,Adelardo Macías Taboada,Soria,Sare-kablea,Sareak,93.12,3
6784,2026-09-12,Alejandra Feliu Lledó,Baleares,Mahaigaineko ordenagailua,Ordenagailuak,406.68,7
6785,2024-10-19,Juan Manuel Folch Baeza,Huesca,Ordenagailu eramangarria,Ordenagailuak,707.96,3
6786,2026-09-05,Alonso Morillo Real,Málaga,Sare-kablea,Sareak,399.71,5
6787,2025-12-06,Berta Mesa Camacho,Córdoba,Mahaigaineko ordenagailua,Ordenagailuak,581.49,10
6788,2026-03-05,Marina Delgado Ibarra,Sevilla,Mini PC,Ordenagailuak,134.98,9
6789,2025-11-15,Herminia Ocaña Ferrándiz,Cantabria,SSD diskoa,Osagaiak,773.16,5
6790,2025-12-12,Joan Querol Guitart,Murcia,Mini PC,Ordenagailuak,1197.22,8
6791,2025-12-19,Mireia del Revilla,Toledo,Sare-kablea,Sareak,1820.88,8
6792,2025-08-29,Pascuala Socorro Pareja Piñol,Toledo,SSD diskoa,Osagaiak,1518.88,10
6793,2025-08-08,Benigno Piquer Gil,Melilla,Sare-kablea,Sareak,1136.48,5
6794,2024-12-24,Ángeles Carnero Buendía,Zaragoza,Ordenagailu eramangarria,Ordenagailuak,1359.95,7
6795,2024-12-23,Cayetano Coll Ayuso,Murcia,Sagua,Periferikoak,664.74,6
6796,2026-04-10,Ainara Godoy,Barcelona,Sare-kablea,Sareak,1759.22,8
6797,2026-08-20,Carolina del Prieto,Las Palmas,Txartel grafikoa,Osagaiak,78.5,3
6798,2026-09-22,Anita Trinidad Soto Diez,Badajoz,Teklatua,Periferikoak,1271.9,9
6799,2025-12-12,Zaida Ruiz Barrena,Segovia,Mini PC,Ordenagailuak,1253.3,3
6800,2025-01-03,Ildefonso Trujillo,La Coruña,SSD diskoa,Osagaiak,1411.32,1
6801,2026-03-26,Clotilde Carreras Baños,Vizcaya,Ordenagailu eramangarria,Ordenagailuak,51.93,3
6802,2025-01-25,Haroldo Herranz Bautista,Girona,Bideratzailea,Sareak,1271.76,4
6803,2026-01-18,Dani del Alcázar,Murcia,Txartel grafikoa,Osagaiak,505.4,5
6804,2025-11-25,Rosendo de Pla,Barcelona,Wi-Fi egokigailua,Sareak,316.74,10
6805,2026-09-07,Salud Gisbert Alemany,Cuenca,Switch-a,Sareak,1360.49,7
6806,2025-02-24,Anselma Carmelita Colomer Álamo,Álava,RAM memoria,Osagaiak,1692.28,8
6807,2025-12-29,Ainara Ferrán Bellido,Asturias,Mahaigaineko ordenagailua,Ordenagailuak,1375.31,4
6808,2024-12-15,Macario de Franch,Navarra,Wi-Fi egokigailua,Sareak,708.8,5
6809,2025-06-07,Omar Navarro Cruz,Vizcaya,Wi-Fi egokigailua,Sareak,1153.73,8
6810,2025-06-05,Jessica Benitez Gomila,Barcelona,RAM memoria,Osagaiak,927.9,1
6811,2026-07-01,Dimas Mendizábal Posada,Girona,Ordenagailu eramangarria,Ordenagailuak,1241.1,2
6812,2026-01-30,Dan del Gomez,Tarragona,Sagua,Periferikoak,1670.85,7
6813,2024-10-22,Adora Azahara Díaz Álamo,Málaga,Monitorea,Periferikoak,1340.68,10
6814,2026-01-01,Flavio Marcelo Barrios Huerta,Valladolid,Prozesadorea,Osagaiak,798.59,10
6815,2026-01-13,Erasmo Real,Jaén,Mini PC,Ordenagailuak,1641.3,7
6816,2025-07-09,Basilio Ureña Merino,Barcelona,Webkamera,Periferikoak,998.23,4
6817,2026-06-05,Luz Sabater Valderrama,Lugo,Monitorea,Periferikoak,1892.81,4
6818,2025-07-05,Nuria Julieta Baquero Sales,Toledo,Wi-Fi egokigailua,Sareak,1329.16,2
6819,2026-03-08,María Luisa Fuente,La Coruña,Mini PC,Ordenagailuak,1039.17,4
6820,2025-11-18,Perlita Peral-Hidalgo,Barcelona,Bideratzailea,Sareak,679.52,7
6821,2026-08-27,Yago del Duarte,León,Mahaigaineko ordenagailua,Ordenagailuak,1973.49,6
6822,2025-12-21,Íngrid de Perelló,Segovia,Prozesadorea,Osagaiak,1641.24,7
6823,2024-09-30,Victor Manuel Leiva Royo,Toledo,Mahaigaineko ordenagailua,Ordenagailuak,228.0,1
6824,2026-07-12,Evita Abril Artigas Soria,La Coruña,Mahaigaineko ordenagailua,Ordenagailuak,1790.53,3
6825,2024-12-07,Felicia Castillo Agustí,Ourense,Switch-a,Sareak,1893.97,6
6826,2024-11-20,Patricia Criado Gutierrez,Córdoba,Sagua,Periferikoak,520.59,5
6827,2026-01-11,Marita de Moles,Valladolid,SSD diskoa,Osagaiak,882.41,2
6828,2025-07-30,Florinda Galván Canet,Albacete,Sagua,Periferikoak,383.82,9
6829,2026-01-26,Julie Mateo-Calzada,Barcelona,Webkamera,Periferikoak,1571.28,6
6830,2025-10-07,Urbano Vallés Alarcón,Castellón,Prozesadorea,Osagaiak,644.24,1
6831,2025-06-06,Adelardo Castañeda Villanueva,Girona,RAM memoria,Osagaiak,1377.53,10
6832,2025-10-24,Carmela del Guzmán,Jaén,Mahaigaineko ordenagailua,Ordenagailuak,1350.0,10
6833,2026-06-29,Pilar Mur,Valladolid,Sare-kablea,Sareak,149.49,2
6834,2024-12-18,Benjamín Segovia Álamo,Las Palmas,RAM memoria,Osagaiak,808.54,7
6835,2025-04-08,Cecilio Guzmán Goñi,Granada,Wi-Fi egokigailua,Sareak,823.8,2
6836,2025-11-12,Encarna Pedro Sedano,Soria,Bideratzailea,Sareak,908.99,1
6837,2025-12-17,Modesto Mendoza-Belda,Cantabria,Webkamera,Periferikoak,254.32,6
6838,2026-02-07,Vera de Benavent,Burgos,Ordenagailu eramangarria,Ordenagailuak,1721.87,9
6839,2026-02-16,Roxana Ariño Mata,Huesca,Mahaigaineko ordenagailua,Ordenagailuak,1715.13,1
6840,2026-07-30,Inocencio Barrio Soler,Málaga,Mini PC,Ordenagailuak,1800.45,2
6841,2026-06-26,Ramiro Venceslás Barberá Rodríguez,Alicante,Bideratzailea,Sareak,694.7,5
6842,2025-06-04,José Donoso Toledo,Salamanca,Monitorea,Periferikoak,1629.2,9
6843,2024-12-13,Ágata Rosell Luz,Cáceres,Mini PC,Ordenagailuak,557.67,4
6844,2025-05-12,Estrella Leocadia Marín Paz,Valladolid,RAM memoria,Osagaiak,427.63,6
6845,2025-03-06,Rocío Exposito Galan,Málaga,Txartel grafikoa,Osagaiak,233.5,10
6846,2025-06-30,Raquel Ocaña Rosell,Valladolid,Sagua,Periferikoak,639.82,8
6847,2025-10-07,Bernarda Murcia Somoza,Huelva,Bideratzailea,Sareak,393.11,6
6848,2025-07-26,Leticia Roca Corbacho,Castellón,Webkamera,Periferikoak,1677.1,7
6849,2025-12-17,Eliana Larrea-Sola,Zamora,Txartel grafikoa,Osagaiak,281.39,6
6850,2026-01-23,María Belén Valera Milla,Badajoz,Monitorea,Periferikoak,1087.75,4
6851,2026-03-01,Primitiva Gallego Rosado,Asturias,SSD diskoa,Osagaiak,1933.34,8
6852,2025-06-17,Maribel Sedano-Valcárcel,Ourense,Mahaigaineko ordenagailua,Ordenagailuak,1903.8,5
6853,2025-12-22,Georgina Ani Lago Arias,Lleida,Monitorea,Periferikoak,177.65,5
6854,2026-05-22,Ángel Pintor Iniesta,Guadalajara,Ordenagailu eramangarria,Ordenagailuak,1978.46,3
6855,2026-06-01,Jerónimo Ramirez Torralba,Tarragona,Prozesadorea,Osagaiak,671.58,3
6856,2025-10-01,Florentino Giralt-Castilla,Ávila,Mahaigaineko ordenagailua,Ordenagailuak,1270.9,8
6857,2025-11-16,Miguel del Ochoa,Cáceres,Webkamera,Periferikoak,1457.75,2
6858,2025-06-09,Timoteo Tur-Azcona,Teruel,Mahaigaineko ordenagailua,Ordenagailuak,1902.96,9
6859,2026-08-27,Matías Checa Rincón,Albacete,Wi-Fi egokigailua,Sareak,1513.52,4
6860,2026-07-27,Amado Santamaria-Raya,Valladolid,RAM memoria,Osagaiak,912.1,3
6861,2026-07-31,Delfina Casado Aller,Valladolid,Txartel grafikoa,Osagaiak,1864.22,6
6862,2024-10-27,Regina Iniesta Beltrán,Málaga,Sagua,Periferikoak,1912.1,5
6863,2025-01-21,Apolonia Cepeda,Madrid,RAM memoria,Osagaiak,236.96,8
6864,2025-04-28,Norberto Teruel Landa,Lugo,Sare-kablea,Sareak,332.34,3
6865,2025-06-06,Elías Amaya Piña,Almería,Wi-Fi egokigailua,Sareak,1123.1,10
6866,2025-02-27,Vicenta Martorell Sainz,Huesca,Monitorea,Periferikoak,1131.71,8
6867,2025-02-10,Alejandro Tomas-Garzón,Murcia,Monitorea,Periferikoak,711.48,9
6868,2025-01-06,Ana Sofía Tena,Alicante,RAM memoria,Osagaiak,297.69,2
6869,2024-11-03,Eduardo Tenorio,Huelva,Sagua,Periferikoak,437.49,8
6870,2025-06-11,Susanita del Nogueira,Palencia,Prozesadorea,Osagaiak,1382.69,7
6871,2025-12-30,Arcelia Gallego,Valladolid,Switch-a,Sareak,1418.88,2
6872,2025-12-14,Renata Puerta Lucas,Guadalajara,Mini PC,Ordenagailuak,1072.94,4
6873,2025-06-10,Delia Villegas Villalobos,Málaga,RAM memoria,Osagaiak,375.57,1
6874,2026-08-05,Yolanda Suarez-Valera,Madrid,Switch-a,Sareak,72.68,5
6875,2025-11-20,Estefanía Barrena,León,Prozesadorea,Osagaiak,1308.17,4
6876,2025-10-22,Plácido Jove Rocamora,Jaén,Switch-a,Sareak,294.95,1
6877,2026-07-03,Ruth Martínez Peña,Barcelona,Ordenagailu eramangarria,Ordenagailuak,529.93,10
6878,2026-03-13,Julio Ribera Salom,Badajoz,Mini PC,Ordenagailuak,1213.33,2
6879,2026-05-11,Mohamed Ribes Montaña,Baleares,Monitorea,Periferikoak,1437.64,1
6880,2024-09-28,Arturo Morante,Badajoz,Prozesadorea,Osagaiak,1171.52,2
6881,2025-05-08,Calixta Ana Caparrós Martorell,Guadalajara,Txartel grafikoa,Osagaiak,1610.28,1
6882,2025-07-20,Blanca Tolosa Fabregat,Badajoz,Mahaigaineko ordenagailua,Ordenagailuak,1433.43,9
6883,2026-06-07,Charo Esparza Iglesia,Girona,Teklatua,Periferikoak,1516.46,4
6884,2024-09-24,Ileana Velázquez Cabrera,Córdoba,Bideratzailea,Sareak,1705.76,9
6885,2026-02-05,Jafet Sureda Espada,Barcelona,Sagua,Periferikoak,1189.23,4
6886,2026-03-23,Juliana Campo Mascaró,La Rioja,Teklatua,Periferikoak,1351.56,4
6887,2025-08-20,Albano del Prado,León,SSD diskoa,Osagaiak,1296.0,1
6888,2025-12-31,Jesús Salomón Roldan Pol,Cantabria,Mahaigaineko ordenagailua,Ordenagailuak,1176.48,1
6889,2026-08-26,Emigdio Baeza Iglesias,Jaén,Wi-Fi egokigailua,Sareak,1439.19,1
6890,2025-06-29,Olegario Martorell Santiago,Murcia,Teklatua,Periferikoak,389.81,9
6891,2026-05-05,Maximiano Sosimo Heras Sastre,Almería,Mahaigaineko ordenagailua,Ordenagailuak,1473.4,9
6892,2025-06-28,Gracia Araujo-Amo,Guadalajara,Prozesadorea,Osagaiak,946.88,10
6893,2025-05-27,Cecilio Benavent Sarmiento,La Rioja,Sare-kablea,Sareak,1016.56,5
6894,2025-10-02,Adelardo Bautista,Cantabria,Mini PC,Ordenagailuak,1375.55,9
6895,2024-12-24,Vanesa Hernández Galán,Ávila,Teklatua,Periferikoak,492.4,6
6896,2025-06-16,Joan Coca Ugarte,Sevilla,Wi-Fi egokigailua,Sareak,1385.14,5
6897,2025-06-28,José Manuel de Cruz,Valladolid,Sare-kablea,Sareak,123.76,5
6898,2024-11-13,Joaquina Tomás Bonilla,Valladolid,Wi-Fi egokigailua,Sareak,153.66,2
6899,2026-07-27,Edu Bonet Corbacho,Las Palmas,Sagua,Periferikoak,1581.18,3
6900,2026-07-11,Marcio Samper Vicens,Zamora,Ordenagailu eramangarria,Ordenagailuak,440.97,5
6901,2025-01-12,Lorenzo Roura Trillo,Murcia,Sare-kablea,Sareak,798.61,6
6902,2025-12-23,Clementina Salcedo Pons,Albacete,Ordenagailu eramangarria,Ordenagailuak,1792.79,3
6903,2025-05-02,Anselma Emma Guardiola Gálvez,Soria,Wi-Fi egokigailua,Sareak,1681.0,6
6904,2024-10-04,Curro Peña,Badajoz,SSD diskoa,Osagaiak,884.62,2
6905,2024-11-18,Nicolasa de Torrents,Ciudad,Sagua,Periferikoak,1523.21,5
6906,2025-03-15,Ezequiel Ferrero Sanchez,Huelva,Mahaigaineko ordenagailua,Ordenagailuak,924.82,7
6907,2026-04-14,Lucas del Alemán,Ourense,Switch-a,Sareak,1022.42,9
6908,2026-02-23,Jose Ignacio Saez Peinado,León,Sagua,Periferikoak,1744.21,8
6909,2024-11-23,Bárbara Jara-Perez,Huelva,Mini PC,Ordenagailuak,649.61,10
6910,2025-02-21,Azeneth Bellido Font,Baleares,Sare-kablea,Sareak,67.7,8
6911,2025-07-24,Juan Luis Canals Solsona,Castellón,Mini PC,Ordenagailuak,904.5,2
6912,2025-05-20,Carmelo Leoncio Calderon Roman,Guipúzcoa,RAM memoria,Osagaiak,1649.89,9
6913,2025-05-11,Ceferino Maximino Sobrino Cañellas,Cuenca,Webkamera,Periferikoak,713.97,4
6914,2025-12-27,Noemí Cañas-Aragón,Girona,Switch-a,Sareak,1841.78,3
6915,2026-08-29,Selena Rosalinda Escolano Pedraza,Murcia,Txartel grafikoa,Osagaiak,1994.85,6
6916,2025-06-28,Benito Boada Quesada,Guipúzcoa,Mini PC,Ordenagailuak,1919.51,6
6917,2024-11-22,Diego Morante Pascual,Navarra,Ordenagailu eramangarria,Ordenagailuak,1646.69,1
6918,2025-07-24,Gaspar Roda Tomás,Sevilla,Ordenagailu eramangarria,Ordenagailuak,1314.13,4
6919,2024-10-06,Rosalina del García,Albacete,Sare-kablea,Sareak,508.92,10
6920,2025-09-19,Roque Hervás Roca,Álava,Txartel grafikoa,Osagaiak,1361.67,8
6921,2026-05-21,Luis Cabezas Pla,Sevilla,Prozesadorea,Osagaiak,1414.84,10
6922,2025-08-05,Hugo Arnaiz Anguita,Lugo,Ordenagailu eramangarria,Ordenagailuak,213.41,4
6923,2025-09-03,Agustín Galiano Murillo,Ávila,Webkamera,Periferikoak,1860.7,3
6924,2024-11-01,Eugenia Patiño Alcaraz,Valencia,Mini PC,Ordenagailuak,928.67,10
6925,2026-07-18,Nacho Morcillo Exposito,Burgos,Ordenagailu eramangarria,Ordenagailuak,273.45,6
6926,2026-06-28,Mohamed Figueras,Pontevedra,Sagua,Periferikoak,1410.99,4
6927,2026-01-07,Íñigo Duran Mate,Zamora,Prozesadorea,Osagaiak,293.42,9
6928,2025-03-22,César Pulido Beltran,Barcelona,RAM memoria,Osagaiak,1011.54,10
6929,2026-07-06,Morena Lago Martí,Segovia,Ordenagailu eramangarria,Ordenagailuak,29.77,9
6930,2024-12-21,Simón Salgado Alcalde,La Rioja,Mahaigaineko ordenagailua,Ordenagailuak,989.67,5
6931,2025-02-21,Espiridión Feijoo,Huelva,Webkamera,Periferikoak,1054.38,4
6932,2024-10-22,Norberto Beltrán Vera,Cantabria,Switch-a,Sareak,1523.51,2
6933,2025-07-06,Olalla Morera Amador,Albacete,SSD diskoa,Osagaiak,128.28,4
6934,2024-12-04,Hector Guzman Tejero,Huelva,Webkamera,Periferikoak,1285.3,7
6935,2025-06-07,Adolfo de Lastra,Zaragoza,Txartel grafikoa,Osagaiak,1611.0,3
6936,2026-05-27,Óscar Castellanos Querol,León,Switch-a,Sareak,1308.66,8
6937,2024-12-27,Encarna Petrona Alcalá Alegre,Guipúzcoa,Ordenagailu eramangarria,Ordenagailuak,1739.8,1
6938,2025-11-13,Mayte Susana Lamas Alberdi,Huelva,Txartel grafikoa,Osagaiak,963.71,10
6939,2025-12-29,Vidal Pacheco-Zamora,Valladolid,Webkamera,Periferikoak,136.26,1
6940,2025-01-19,Blanca Manzanares-Martí,Toledo,RAM memoria,Osagaiak,224.27,9
6941,2026-03-15,Bernardo Bueno,Ceuta,Teklatua,Periferikoak,1815.7,1
6942,2026-03-12,María Muro Perez,Cantabria,Teklatua,Periferikoak,1545.16,10
6943,2026-02-04,Evelia Vara-Trujillo,Albacete,RAM memoria,Osagaiak,53.98,8
6944,2025-01-13,Simón Dueñas Morell,La Coruña,Sagua,Periferikoak,176.65,7
6945,2025-08-07,Dani Caro Larrañaga,Melilla,Mahaigaineko ordenagailua,Ordenagailuak,581.38,4
6946,2026-06-07,Gabino Goñi Ortuño,Barcelona,Sare-kablea,Sareak,852.3,1
6947,2026-03-15,Francisca Grande Estrada,Barcelona,Mahaigaineko ordenagailua,Ordenagailuak,1350.31,10
6948,2026-07-15,Regina Jordán Borrego,Palencia,Bideratzailea,Sareak,566.18,1
6949,2026-09-03,Renata Pozo Menéndez,Zamora,SSD diskoa,Osagaiak,513.8,5
6950,2024-12-07,Lucía Soto-Mendizábal,Salamanca,Mahaigaineko ordenagailua,Ordenagailuak,498.9,4
6951,2024-12-08,Dominga Exposito-Luján,Zamora,Wi-Fi egokigailua,Sareak,847.86,4
6952,2025-02-04,Reyes del Comas,Burgos,Ordenagailu eramangarria,Ordenagailuak,105.36,2
6953,2025-04-06,Vilma del Buendía,Huelva,Sare-kablea,Sareak,540.69,8
6954,2025-02-08,Benito Villaverde Sierra,Ciudad,Mini PC,Ordenagailuak,756.93,1
6955,2025-01-22,Nazario del Landa,Barcelona,Teklatua,Periferikoak,848.73,9
6956,2026-07-16,Anastasia de Noriega,Castellón,Mini PC,Ordenagailuak,1462.49,3
6957,2025-04-09,Inocencio Rogelio Espejo Romeu,Huesca,Txartel grafikoa,Osagaiak,254.46,8
6958,2024-12-26,Fortunato del Blasco,Barcelona,Sare-kablea,Sareak,579.88,9
6959,2025-08-22,Nilda Cayetana Solera Arnau,Palencia,Monitorea,Periferikoak,1897.35,7
6960,2025-08-18,Coral Querol Barba,Teruel,Mini PC,Ordenagailuak,592.37,8
6961,2025-07-29,Encarnita Acuña Barroso,Jaén,Ordenagailu eramangarria,Ordenagailuak,319.81,9
6962,2026-07-25,Aitor Salvà Bas,Albacete,Sare-kablea,Sareak,1935.37,9
6963,2026-07-06,Román Ferreras Coca,Soria,Mini PC,Ordenagailuak,817.72,10
6964,2024-11-08,Lupe de Luís,Murcia,Mini PC,Ordenagailuak,1242.39,7
6965,2025-04-03,Cipriano Lluch Díaz,Pontevedra,Webkamera,Periferikoak,1957.7,7
6966,2025-03-25,Carolina de Sáez,Valencia,Mini PC,Ordenagailuak,645.18,2
6967,2025-08-04,Susanita Clemente,Zaragoza,Sare-kablea,Sareak,994.41,7
6968,2025-07-21,Marisol Manso Puerta,León,Sare-kablea,Sareak,1691.82,9
6969,2025-05-25,Ángela Canet Bernat,Tarragona,Sagua,Periferikoak,583.91,9
6970,2025-10-16,Agustina Rosselló Flor,Lugo,Mini PC,Ordenagailuak,1105.58,5
6971,2025-01-13,Raquel Salas Galán,Jaén,Bideratzailea,Sareak,484.53,2
6972,2026-08-22,Consuela Gloria Mendez Asenjo,Tarragona,Webkamera,Periferikoak,278.5,3
6973,2026-08-18,Jose Angel Meléndez Montserrat,Cádiz,SSD diskoa,Osagaiak,187.82,4
6974,2025-04-16,Águeda Paula Camps Castelló,Soria,Prozesadorea,Osagaiak,589.84,2
6975,2025-01-25,Loreto Colomer Noriega,Vizcaya,Monitorea,Periferikoak,1512.99,2
6976,2025-03-02,Kike Colomer,Almería,Teklatua,Periferikoak,1084.93,7
6977,2026-09-07,Anastasia Barreda Ferrando,Tarragona,Prozesadorea,Osagaiak,741.75,5
6978,2026-03-02,Cecilia del Luque,Melilla,RAM memoria,Osagaiak,727.17,8
6979,2025-07-27,Juliana Benavente Llopis,La Coruña,Mahaigaineko ordenagailua,Ordenagailuak,297.29,7
6980,2025-09-18,Desiderio Catalá Miguel,Cádiz,Ordenagailu eramangarria,Ordenagailuak,583.8,8
6981,2025-11-26,Rico Bernal Calzada,Almería,Bideratzailea,Sareak,752.2,5
6982,2026-06-13,Adora Amador Busquets,Valladolid,Webkamera,Periferikoak,1746.15,8
6983,2026-05-30,Nerea Maldonado-Alegre,León,Prozesadorea,Osagaiak,1321.73,5
6984,2026-09-18,Carlota Caro Bru,Baleares,Txartel grafikoa,Osagaiak,1075.53,3
6985,2026-07-08,Nélida Botella Pedro,Ciudad,Webkamera,Periferikoak,1142.69,7
6986,2026-09-15,Mercedes Neira Alemán,Valladolid,Monitorea,Periferikoak,774.73,7
6987,2026-04-05,Íngrid Cuesta Villaverde,Ceuta,Mahaigaineko ordenagailua,Ordenagailuak,1680.96,8
6988,2025-12-09,Mayte de Álvaro,Asturias,Teklatua,Periferikoak,1674.88,4
6989,2025-03-13,Claudio Benigno Guerrero Hervia,Ávila,Switch-a,Sareak,1411.62,1
6990,2026-03-04,Feliciano Fabián Tenorio Álvaro,Zaragoza,Bideratzailea,Sareak,576.74,8
6991,2024-10-07,Pío Gallego Gonzalez,Palencia,Mini PC,Ordenagailuak,241.51,2
6992,2026-02-28,Mario Sevillano Pujadas,Almería,Webkamera,Periferikoak,532.36,1
6993,2026-04-01,Juliana Sacristán Roig,Girona,Prozesadorea,Osagaiak,789.74,3
6994,2024-10-10,Elodia Cortes Ribas,Huelva,Sare-kablea,Sareak,580.4,9
6995,2024-12-11,Eligio Eustaquio Manrique Benavides,Valladolid,Sagua,Periferikoak,652.69,3
6996,2026-04-13,Fabiana Coca Poza,Lleida,RAM memoria,Osagaiak,507.68,1
6997,2026-04-04,Julia Vila Arribas,Valladolid,Switch-a,Sareak,1099.88,2
6998,2024-10-01,Baltasar Acedo,Pontevedra,Mini PC,Ordenagailuak,1515.98,6
6999,2025-08-26,Beatriz Jara Acuña,Málaga,Mahaigaineko ordenagailua,Ordenagailuak,1041.59,2
7000,2025-12-03,Rita Hernández Gomis,Zaragoza,Bideratzailea,Sareak,121.76,3
7001,2024-10-27,Bautista Lorenzo Zaragoza,Baleares,Mini PC,Ordenagailuak,787.71,6
7002,2025-11-16,Sol Losa,Salamanca,Ordenagailu eramangarria,Ordenagailuak,1262.66,4
7003,2026-07-25,Vito Portillo-Alba,Santa Cruz de Tenerife,Bideratzailea,Sareak,33.78,7
7004,2025-03-04,Juan Bautista de Coloma,Navarra,Mini PC,Ordenagailuak,1453.21,3
7005,2025-06-24,Ester Moreno Valdés,Lleida,Prozesadorea,Osagaiak,687.78,3
7006,2024-10-14,Lalo Saldaña Cordero,La Rioja,Webkamera,Periferikoak,742.98,8
7007,2025-07-17,Magdalena Vargas Soto,Cantabria,Bideratzailea,Sareak,1054.8,5
7008,2025-12-08,Aarón Ariza Pou,Castellón,RAM memoria,Osagaiak,1269.42,7
7009,2025-06-09,Josué Rolando Herrera Pérez,Santa Cruz de Tenerife,Bideratzailea,Sareak,888.95,2
7010,2026-07-26,Abel Gelabert Zamora,Zaragoza,Wi-Fi egokigailua,Sareak,1332.7,5
7011,2026-06-24,Abril de Otero,Asturias,SSD diskoa,Osagaiak,1979.0,1
7012,2026-02-12,Gil Falcón,Tarragona,Monitorea,Periferikoak,1341.71,5
7013,2025-05-23,Anastasia Llorens Barroso,Melilla,SSD diskoa,Osagaiak,452.57,7
7014,2024-12-04,Petrona Figuerola,Vizcaya,Mahaigaineko ordenagailua,Ordenagailuak,983.86,10
7015,2026-08-29,María Padilla Guardia,Burgos,Mahaigaineko ordenagailua,Ordenagailuak,1385.92,7
7016,2026-03-30,Amaya Juliá Espejo,Ourense,Prozesadorea,Osagaiak,533.94,1
7017,2025-12-16,Édgar del Vergara,Teruel,Mini PC,Ordenagailuak,1047.93,5
7018,2026-02-28,Saturnino Meléndez-Paredes,Teruel,SSD diskoa,Osagaiak,1698.29,5
7019,2025-05-11,Mayte Benet Criado,Navarra,Txartel grafikoa,Osagaiak,1558.74,6
7020,2025-11-24,Ulises de Calderón,Las Palmas,RAM memoria,Osagaiak,1108.48,9
7021,2025-01-01,Alex Sebastián Goicoechea,Pontevedra,Teklatua,Periferikoak,161.25,3
7022,2026-06-05,Ainoa Mayo Madrid,Zamora,Monitorea,Periferikoak,1048.18,3
7023,2026-03-29,Ciriaco Nicolau Morata,Guadalajara,Webkamera,Periferikoak,432.76,4
7024,2025-04-07,Adelaida Palomar Pacheco,Barcelona,Sare-kablea,Sareak,327.97,6
7025,2025-04-06,Tadeo del Gelabert,Pontevedra,Mahaigaineko ordenagailua,Ordenagailuak,839.77,2
7026,2026-09-06,Jonatan Barrio Huertas,Tarragona,Sare-kablea,Sareak,1271.71,9
7027,2025-09-05,Constanza Asensio Bárcena,Segovia,RAM memoria,Osagaiak,971.61,4
7028,2025-04-18,Rosa María de Casado,Cuenca,Sare-kablea,Sareak,1098.74,1
7029,2025-01-11,Kike Luz Mancebo,Ourense,Teklatua,Periferikoak,130.21,6
7030,2026-08-03,Lina Corominas Morante,Cantabria,Teklatua,Periferikoak,438.2,3
7031,2026-06-17,David Santamaría Hoyos,Granada,Prozesadorea,Osagaiak,1760.46,4
7032,2026-02-07,Roque Abad-Báez,Cuenca,Txartel grafikoa,Osagaiak,1117.93,6
7033,2026-05-15,Alejandra Granados Figuerola,Asturias,Mini PC,Ordenagailuak,1103.48,6
7034,2024-11-14,Pedro Baños Malo,Guadalajara,Monitorea,Periferikoak,1106.13,10
7035,2025-01-28,Ulises Alonso Posada,Huelva,RAM memoria,Osagaiak,1406.4,1
7036,2025-12-05,Isidoro Toledo Viana,Ourense,Mahaigaineko ordenagailua,Ordenagailuak,47.38,8
7037,2024-10-02,Casandra Checa Mora,Asturias,Mahaigaineko ordenagailua,Ordenagailuak,1672.63,6
7038,2025-08-29,Samu Leandro Arcos Enríquez,Ourense,Ordenagailu eramangarria,Ordenagailuak,842.2,5
7039,2025-09-12,Paola Alfonso Rivas,Almería,Monitorea,Periferikoak,1014.78,7
7040,2024-12-26,Luis Hoz,Toledo,Teklatua,Periferikoak,331.93,6
7041,2025-01-03,José Ángel Sanchez Aguirre,Las Palmas,RAM memoria,Osagaiak,1404.37,5
7042,2025-06-01,María Fernanda Reina Blanca,Madrid,Teklatua,Periferikoak,504.33,1
7043,2025-12-10,Etelvina Gomila,Guadalajara,Teklatua,Periferikoak,1644.17,8
7044,2025-03-19,Marcio de Cadenas,Huelva,Monitorea,Periferikoak,650.75,5
7045,2025-07-20,Luis Molina Castro,Salamanca,Mahaigaineko ordenagailua,Ordenagailuak,1029.81,7
7046,2025-08-17,Ana Falcón Falcón,Zamora,Ordenagailu eramangarria,Ordenagailuak,308.6,7
7047,2026-04-29,Felipe Garmendia Viana,Guipúzcoa,RAM memoria,Osagaiak,1143.14,4
7048,2025-11-16,Ester Salvador,Burgos,Sagua,Periferikoak,301.48,7
7049,2026-09-06,Leonardo Cortés,Baleares,Mini PC,Ordenagailuak,850.22,1
7050,2026-04-26,Nicodemo Castellanos Peral,Asturias,Sagua,Periferikoak,101.72,10
7051,2026-05-16,Emma Carolina Ramón Manso,Valladolid,Sare-kablea,Sareak,38.6,1
7052,2025-04-24,Carmelita Bello Palacio,Guipúzcoa,RAM memoria,Osagaiak,998.32,3
7053,2025-07-12,Luís Palacios Toro,Ourense,Mahaigaineko ordenagailua,Ordenagailuak,239.84,10
7054,2025-03-26,Telmo Avilés-Royo,Granada,Mini PC,Ordenagailuak,1774.63,9
7055,2025-12-12,Amaro Nacio Valls Zabala,Zaragoza,Txartel grafikoa,Osagaiak,830.9,2
7056,2026-06-23,Isidoro Leon Alberola,La Rioja,Bideratzailea,Sareak,1132.5,3
7057,2026-07-22,Glauco Pelayo Rosales,Lleida,Mahaigaineko ordenagailua,Ordenagailuak,385.14,7
7058,2025-06-19,Matías Jerez Losada,Vizcaya,SSD diskoa,Osagaiak,1854.3,8
7059,2026-09-11,Javier Juan Luis Vigil Cabanillas,Zamora,Wi-Fi egokigailua,Sareak,1281.3,10
7060,2025-09-17,Nieves Carpio Meléndez,Guadalajara,Bideratzailea,Sareak,1023.95,5
7061,2025-01-17,Aarón Fernandez Somoza,Zaragoza,Txartel grafikoa,Osagaiak,29.1,2
7062,2025-05-17,Chus de Castro,Valladolid,Monitorea,Periferikoak,278.81,1
7063,2026-03-27,Marita Garay Mosquera,Málaga,Monitorea,Periferikoak,398.1,8
7064,2026-02-09,Hernán Ildefonso Alberdi Amigó,Teruel,Mahaigaineko ordenagailua,Ordenagailuak,230.83,5
7065,2026-01-14,Íñigo Guerrero,Ciudad,Mini PC,Ordenagailuak,404.48,1
7066,2026-02-15,Pío Badía Sanjuan,Ávila,Teklatua,Periferikoak,744.86,7
7067,2026-06-15,Noa Díez Gárate,Huelva,Switch-a,Sareak,834.29,1
7068,2026-02-22,José Barbero Fabregat,Zamora,Mini PC,Ordenagailuak,445.67,8
7069,2025-01-17,Nicolás Lumbreras,Toledo,Monitorea,Periferikoak,608.96,8
7070,2025-06-22,Sofía Quesada Viña,Cáceres,Sagua,Periferikoak,1252.74,2
7071,2025-01-20,Marco Bayo Blazquez,Lugo,Mini PC,Ordenagailuak,63.1,10
7072,2026-05-28,Mireia Carlos Saura,La Coruña,Txartel grafikoa,Osagaiak,1067.42,9
7073,2026-05-13,Azucena Cortes Bernat,Madrid,Wi-Fi egokigailua,Sareak,1494.33,5
7074,2025-06-03,Fernanda Sandoval Macias,Zaragoza,Mahaigaineko ordenagailua,Ordenagailuak,1832.42,10
7075,2025-04-25,Angelita de Codina,Málaga,Prozesadorea,Osagaiak,1609.12,3
7076,2025-06-07,Nazario Llobet-Moliner,Cantabria,Monitorea,Periferikoak,345.49,5
7077,2026-05-02,Paco Mayo Blanes,Badajoz,Ordenagailu eramangarria,Ordenagailuak,547.55,6
7078,2025-09-22,Prudencio Jáuregui Pagès,Córdoba,SSD diskoa,Osagaiak,578.27,2
7079,2025-11-17,Juan Luis de Roca,Badajoz,RAM memoria,Osagaiak,1554.75,5
7080,2025-02-06,Benigna Ramirez-Goicoechea,León,Bideratzailea,Sareak,1853.83,1
7081,2024-12-21,Severiano Blanco,Burgos,Sagua,Periferikoak,906.92,7
7082,2025-06-07,Roque Corbacho-Oliver,Ávila,Mini PC,Ordenagailuak,1543.6,5
7083,2025-01-16,Lino Moya Vendrell,Ávila,RAM memoria,Osagaiak,355.79,8
7084,2025-09-17,Esteban Andrade,Baleares,Teklatua,Periferikoak,553.68,6
7085,2025-03-10,Blanca Sabater Lasa,Navarra,Webkamera,Periferikoak,393.14,8
7086,2024-12-31,Iris Manso Cámara,Segovia,Webkamera,Periferikoak,1131.4,2
7087,2025-07-15,Nuria Ortuño Pujadas,León,SSD diskoa,Osagaiak,334.84,10
7088,2026-05-22,Dani Carreras Poza,Alicante,Ordenagailu eramangarria,Ordenagailuak,1053.1,2
7089,2026-08-15,Alexandra Marín Almagro,Teruel,Mahaigaineko ordenagailua,Ordenagailuak,1119.83,8
7090,2025-09-06,Amarilis Pereira,Baleares,Txartel grafikoa,Osagaiak,1496.0,3
7091,2025-09-23,Lorenzo del Barbero,La Rioja,Mini PC,Ordenagailuak,470.15,7
7092,2025-11-20,Ana Sofía Azorin,Lugo,Prozesadorea,Osagaiak,1196.5,8
7093,2025-09-16,Anacleto Quevedo-Planas,La Coruña,Wi-Fi egokigailua,Sareak,1127.43,9
7094,2026-04-21,Eliseo Nazaret Cerdán Madrid,Almería,Monitorea,Periferikoak,1506.78,9
7095,2025-04-24,Consuela Vallés Rocha,Guadalajara,Bideratzailea,Sareak,357.53,6
7096,2025-09-19,Ignacia Sales Gámez,Guipúzcoa,SSD diskoa,Osagaiak,357.4,5
7097,2026-02-13,Cloe de Borrego,Burgos,Mahaigaineko ordenagailua,Ordenagailuak,1955.68,2
7098,2025-10-06,Teo Portillo Garmendia,Guadalajara,Wi-Fi egokigailua,Sareak,858.95,10
7099,2026-07-26,Aarón Malo Pedrero,Málaga,Switch-a,Sareak,894.89,4
7100,2025-01-30,Ciriaco Cristian Palomares Esteban,Álava,Teklatua,Periferikoak,684.17,6
7101,2026-04-28,Casandra Tamayo Echeverría,Murcia,Mahaigaineko ordenagailua,Ordenagailuak,245.64,3
7102,2024-11-10,Adelardo Llano-Valls,Córdoba,Ordenagailu eramangarria,Ordenagailuak,850.14,6
7103,2025-08-31,Andrés Peña Casas,Huesca,Webkamera,Periferikoak,1296.24,4
7104,2026-09-06,Humberto Bustamante Carbajo,Las Palmas,SSD diskoa,Osagaiak,1918.19,10
7105,2026-04-14,Adelina de Ferrera,Santa Cruz de Tenerife,Wi-Fi egokigailua,Sareak,332.3,6
7106,2026-02-03,Iris Custodia Garmendia Villalobos,La Coruña,Teklatua,Periferikoak,927.36,10
7107,2025-07-07,Lourdes Susanita Casals Moliner,Guadalajara,Mahaigaineko ordenagailua,Ordenagailuak,213.24,10
7108,2026-03-27,Régulo Mercader Sureda,Valladolid,Bideratzailea,Sareak,1754.81,1
7109,2025-02-05,Felipe Juan Pozuelo,Melilla,Sagua,Periferikoak,414.31,6
7110,2024-11-30,Maite Palomino Fernandez,Palencia,Wi-Fi egokigailua,Sareak,50.66,5
7111,2025-08-29,Joel Santamaría Correa,Salamanca,Switch-a,Sareak,1023.58,2
7112,2024-09-24,Timoteo López Peñas,Almería,Webkamera,Periferikoak,1236.69,2
7113,2025-03-15,José Manuel Zapata Navas,Valencia,Wi-Fi egokigailua,Sareak,309.34,6
7114,2026-07-21,Emelina Cózar Aramburu,Baleares,Prozesadorea,Osagaiak,1080.21,10
7115,2025-03-26,Mirta del Cañellas,Toledo,Teklatua,Periferikoak,1337.17,2
7116,2025-11-18,Rubén Héctor Hoyos Fabra,Navarra,Teklatua,Periferikoak,1542.95,8
7117,2025-01-09,Yésica Arrieta Cadenas,Lleida,Teklatua,Periferikoak,1821.48,10
7118,2026-02-10,Crescencia Ferrándiz Solsona,Soria,Ordenagailu eramangarria,Ordenagailuak,1232.81,4
7119,2025-03-08,Lourdes Rosenda Ramos Nicolau,Córdoba,Switch-a,Sareak,840.32,7
7120,2025-11-12,Amor Ochoa-Miguel,Cádiz,Prozesadorea,Osagaiak,1211.5,10
7121,2025-07-09,Ciro Montaña Llobet,Girona,Txartel grafikoa,Osagaiak,854.7,9
7122,2026-05-08,Isidoro Huerta Murcia,La Rioja,Prozesadorea,Osagaiak,36.95,8
7123,2026-02-20,Maximiliano Soto Ruiz,Valladolid,Sare-kablea,Sareak,557.33,10
7124,2025-05-10,Maricruz Gual Huerta,Murcia,Txartel grafikoa,Osagaiak,1167.4,5
7125,2025-10-27,Bernardino Elorza Alcolea,Las Palmas,Wi-Fi egokigailua,Sareak,803.46,4
7126,2026-02-22,Ximena Pereira Neira,Barcelona,Mini PC,Ordenagailuak,1379.8,8
7127,2024-12-26,David Mas,Burgos,Sagua,Periferikoak,593.3,8
7128,2025-03-19,Cayetana Poza Riera,Lugo,Mahaigaineko ordenagailua,Ordenagailuak,472.76,2
7129,2026-01-06,Ciríaco Jódar Pino,Ciudad,Switch-a,Sareak,996.5,7
7130,2025-06-25,María Valls,Melilla,Ordenagailu eramangarria,Ordenagailuak,1616.15,8
7131,2026-04-11,Fortunato Carpio Díaz,Lugo,SSD diskoa,Osagaiak,1066.15,6
7132,2025-02-02,Melisa Azorin Pi,Pontevedra,Prozesadorea,Osagaiak,1286.67,1
7133,2025-06-07,Ale Posada Abril,Salamanca,Webkamera,Periferikoak,113.7,8
7134,2025-11-18,Fortunato Agudo,Badajoz,Webkamera,Periferikoak,933.23,4
7135,2024-10-17,Angelina Carbajo Heras,Navarra,Txartel grafikoa,Osagaiak,700.57,10
7136,2026-02-21,Aurelia de Hervia,Almería,Switch-a,Sareak,339.33,1
7137,2025-09-14,Lino Blanch Montaña,Valladolid,Mini PC,Ordenagailuak,636.26,2
7138,2025-04-01,Laura Ibáñez Agustí,Salamanca,SSD diskoa,Osagaiak,18.38,4
7139,2025-10-29,Andrés Bautista Perelló Álvaro,Teruel,Switch-a,Sareak,863.6,7
7140,2025-04-04,Roxana Bernad Franch,Alicante,SSD diskoa,Osagaiak,952.23,4
7141,2025-02-21,Marcia Carbonell Vera,Ceuta,Sagua,Periferikoak,1682.15,7
7142,2024-12-19,Marcelino Ribes Bastida,Vizcaya,Wi-Fi egokigailua,Sareak,635.71,2
7143,2025-04-27,Moreno Hoz Gimenez,Burgos,Teklatua,Periferikoak,650.51,1
7144,2025-03-01,Eutropio Valcárcel Medina,Melilla,Txartel grafikoa,Osagaiak,1992.72,3
7145,2024-11-25,Felicidad Bellido Gras,Almería,Switch-a,Sareak,1444.44,10
7146,2026-07-04,Jesusa Teresita Alegre Urrutia,Badajoz,Sare-kablea,Sareak,1053.53,8
7147,2025-12-17,Isaac Gimeno,Valencia,SSD diskoa,Osagaiak,1664.62,3
7148,2024-12-28,Victoriano Moliner,Baleares,Ordenagailu eramangarria,Ordenagailuak,624.69,2
7149,2026-05-23,Horacio Ángel-Borrell,Murcia,Mini PC,Ordenagailuak,1492.29,4
7150,2025-02-25,Chita Malo Cerdá,Zamora,Mahaigaineko ordenagailua,Ordenagailuak,1428.86,3
7151,2025-12-11,Piedad Cantón Arregui,Badajoz,Webkamera,Periferikoak,819.23,9
7152,2026-05-28,Ulises Agudo Iborra,Zamora,Teklatua,Periferikoak,848.35,1
7153,2024-10-12,Octavia Josefina Páez Castilla,Baleares,Teklatua,Periferikoak,899.78,1
7154,2025-03-21,Marita Bernal,Granada,Sagua,Periferikoak,148.77,10
7155,2025-01-25,Brunilda Izaguirre Madrigal,Melilla,Mahaigaineko ordenagailua,Ordenagailuak,1542.2,2
7156,2026-04-16,Nicanor Aníbal Nieto Alfaro,Madrid,Wi-Fi egokigailua,Sareak,795.67,2
7157,2026-01-09,Dan Benítez-Neira,Cádiz,Mini PC,Ordenagailuak,460.12,5
7158,2025-12-09,Mireia Cortes,Castellón,SSD diskoa,Osagaiak,1447.78,7
7159,2025-04-14,Sara Diego Romeu,Toledo,SSD diskoa,Osagaiak,1719.56,2
7160,2025-11-15,Ester Delgado Salcedo,Valencia,RAM memoria,Osagaiak,16.69,8
7161,2026-01-30,Demetrio Prieto Madrid,Álava,RAM memoria,Osagaiak,1366.45,5
7162,2025-08-04,Virgilio Pizarro-Santana,Huesca,Ordenagailu eramangarria,Ordenagailuak,1012.18,8
7163,2026-07-23,Priscila Gimenez Crespo,Barcelona,Switch-a,Sareak,1307.49,6
7164,2025-08-07,Baltasar Juliá-Ferrández,Albacete,Teklatua,Periferikoak,1513.47,10
7165,2025-03-02,Casandra del Alberola,Almería,Mini PC,Ordenagailuak,341.17,9
7166,2026-04-17,Guadalupe Llabrés,Huesca,Txartel grafikoa,Osagaiak,874.25,1
7167,2025-06-27,Estefanía Baena-Madrid,Albacete,Mahaigaineko ordenagailua,Ordenagailuak,1976.52,5
7168,2025-07-18,Anabel Muñoz Sierra,Madrid,Sagua,Periferikoak,1427.29,1
7169,2026-09-13,Lidia Franco,Ourense,Mini PC,Ordenagailuak,264.68,5
7170,2025-05-24,Jordán Menéndez Duarte,Murcia,Teklatua,Periferikoak,406.91,8
7171,2025-04-07,Adelardo Barón Acevedo,Las Palmas,Webkamera,Periferikoak,975.76,1
7172,2026-08-10,Selena Jiménez Peñas,Granada,RAM memoria,Osagaiak,1376.19,2
7173,2025-11-23,María Dolores Doménech,Ourense,Sare-kablea,Sareak,1199.58,10
7174,2026-05-30,Tomasa Montenegro,Cantabria,SSD diskoa,Osagaiak,975.16,3
7175,2026-03-07,Begoña Quevedo Aragonés,Tarragona,Txartel grafikoa,Osagaiak,1220.36,9
7176,2025-05-10,Luisa Carreras Alvarez,Asturias,Mini PC,Ordenagailuak,760.39,5
7177,2025-06-13,Eladio Pera Trujillo,Lugo,Wi-Fi egokigailua,Sareak,1051.4,1
7178,2026-05-02,Cesar del Aznar,Melilla,Txartel grafikoa,Osagaiak,1468.8,8
7179,2026-04-28,Glauco Barco Calvet,Toledo,SSD diskoa,Osagaiak,931.29,3
7180,2026-08-12,Domingo Cepeda Querol,Ávila,Txartel grafikoa,Osagaiak,1851.45,5
7181,2025-07-08,Loreto Fábregas,Almería,Prozesadorea,Osagaiak,283.34,3
7182,2025-05-08,Nacho Arellano,Ávila,SSD diskoa,Osagaiak,1581.42,7
7183,2025-01-06,Felicia Tena,Albacete,Switch-a,Sareak,1453.91,4
7184,2025-11-05,Octavia Salamanca Bernad,La Coruña,Webkamera,Periferikoak,483.26,10
7185,2025-12-22,Domingo Salas Ariño,Melilla,Ordenagailu eramangarria,Ordenagailuak,1697.2,8
7186,2024-10-02,Bautista Rueda,Santa Cruz de Tenerife,Webkamera,Periferikoak,1639.34,4
7187,2024-11-25,Aura Palomo,Segovia,Webkamera,Periferikoak,1710.86,6
7188,2025-06-23,Calisto Caballero Vidal,Córdoba,Mahaigaineko ordenagailua,Ordenagailuak,1250.71,3
7189,2025-11-17,Germán Blasco Talavera,Valladolid,Ordenagailu eramangarria,Ordenagailuak,1052.52,2
7190,2025-10-29,Ángel Adalberto Gisbert Barrio,Burgos,Mahaigaineko ordenagailua,Ordenagailuak,459.47,6
7191,2025-11-28,Chelo Sanchez Escrivá,Vizcaya,Monitorea,Periferikoak,1676.52,1
7192,2026-01-01,Teodoro Buenaventura Abril Durán,Huesca,Mini PC,Ordenagailuak,1012.31,10
7193,2025-08-28,Jacinto Bolaños Arnau,Teruel,Bideratzailea,Sareak,1923.12,2
7194,2025-12-28,Dani Cerdán Cámara,Sevilla,RAM memoria,Osagaiak,516.45,5
7195,2025-02-16,Palmira Jover Montalbán,Las Palmas,SSD diskoa,Osagaiak,822.4,3
7196,2025-09-06,Valero Aureliano Dueñas Berrocal,Ceuta,Switch-a,Sareak,518.4,10
7197,2026-07-27,Danilo Torrent Clemente,Tarragona,Wi-Fi egokigailua,Sareak,451.73,7
7198,2025-12-04,Fortunata Ballester-Segarra,Palencia,Ordenagailu eramangarria,Ordenagailuak,13.44,2
7199,2025-12-27,Anastasia Barreda Berenguer,Valladolid,Monitorea,Periferikoak,414.88,6
7200,2026-03-11,Roldán Patiño Font,Almería,Sagua,Periferikoak,1148.29,6
7201,2025-04-10,Miguel Muñoz-Agullo,Guadalajara,RAM memoria,Osagaiak,1472.93,9
7202,2024-11-01,Dorotea Águila Rebollo,Santa Cruz de Tenerife,Mahaigaineko ordenagailua,Ordenagailuak,920.84,8
7203,2026-07-16,Eloy Quintana Páez,Pontevedra,RAM memoria,Osagaiak,1949.66,10
7204,2025-02-17,María Pilar Requena,Badajoz,Switch-a,Sareak,1459.53,7
7205,2026-05-24,Feliciano Merino Salmerón,Cuenca,RAM memoria,Osagaiak,1519.36,10
7206,2025-05-06,Carmina de Vilar,Burgos,Monitorea,Periferikoak,749.1,3
7207,2025-07-09,Ana Sofía Julie Espada Ródenas,Pontevedra,Sare-kablea,Sareak,1771.23,2
7208,2025-08-06,León Prado Roman,Cáceres,RAM memoria,Osagaiak,1205.51,4
7209,2025-07-20,Bautista Escribano Llopis,Girona,Mini PC,Ordenagailuak,25.95,4
7210,2026-09-10,Vicente Tenorio Rios,Sevilla,Webkamera,Periferikoak,238.25,8
7211,2025-09-09,Concepción Loreto Pinedo Martorell,Córdoba,Sare-kablea,Sareak,1687.3,5
7212,2024-10-25,Susanita del Quintero,Madrid,Txartel grafikoa,Osagaiak,391.46,10
7213,2025-03-24,Rómulo Comas Castilla,Pontevedra,Monitorea,Periferikoak,246.41,4
7214,2025-03-26,Benjamín Vargas,Zaragoza,Teklatua,Periferikoak,1328.82,6
7215,2025-12-21,Víctor Collado Bas,Barcelona,Mini PC,Ordenagailuak,772.79,4
7216,2026-06-15,Adalberto Viñas-Mariño,Segovia,Txartel grafikoa,Osagaiak,608.73,4
7217,2025-04-05,Herminio Chaves Herrera,Guadalajara,RAM memoria,Osagaiak,1049.63,5
7218,2026-08-10,Buenaventura Capdevila Ferrándiz,Barcelona,Sagua,Periferikoak,985.54,1
7219,2025-11-25,Rómulo Casal Calderón,Zaragoza,SSD diskoa,Osagaiak,1030.96,1
7220,2025-03-31,Víctor Vigil,Zamora,Wi-Fi egokigailua,Sareak,1521.8,3
7221,2025-07-15,Teófilo de Villanueva,Guadalajara,Switch-a,Sareak,1646.1,10
7222,2025-07-06,Rubén Marti Peña,Guadalajara,Bideratzailea,Sareak,1024.6,4
7223,2025-10-28,Evangelina de Solé,Huesca,Ordenagailu eramangarria,Ordenagailuak,451.44,10
7224,2026-01-02,Roxana Miró-Hervás,Cáceres,Monitorea,Periferikoak,1396.8,4
7225,2026-06-07,Trini Aliaga Pozuelo,Granada,RAM memoria,Osagaiak,451.93,9
7226,2025-01-19,Josep Borrás-Echeverría,Murcia,Ordenagailu eramangarria,Ordenagailuak,1699.5,7
7227,2026-03-28,Filomena del Tolosa,Málaga,Sagua,Periferikoak,820.95,9
7228,2026-02-28,Candelario Tenorio Baena,Badajoz,Sagua,Periferikoak,867.7,7
7229,2026-04-30,Adora Montes Navarro,Huelva,Txartel grafikoa,Osagaiak,1460.43,2
7230,2025-04-11,Silvio Lobo Echeverría,Tarragona,Webkamera,Periferikoak,160.39,6
7231,2025-12-11,Daniel Domínguez Cortés,Vizcaya,Mini PC,Ordenagailuak,136.34,1
7232,2026-01-01,Nico Carrión Amat,Alicante,Mini PC,Ordenagailuak,624.93,5
7233,2026-01-24,Hugo Mayol Molins,Segovia,Prozesadorea,Osagaiak,75.81,7
7234,2026-07-19,Armida Tudela Clemente,Cantabria,SSD diskoa,Osagaiak,1456.34,6
7235,2025-07-24,Candela del Uribe,Navarra,Sagua,Periferikoak,1418.92,6
7236,2025-06-11,Benita Company Asensio,Alicante,Teklatua,Periferikoak,1412.1,7
7237,2024-10-10,Iker Villegas Mata,Lugo,Mahaigaineko ordenagailua,Ordenagailuak,1802.63,7
7238,2025-11-24,Blas Solano Querol,León,Mahaigaineko ordenagailua,Ordenagailuak,704.44,6
7239,2025-12-22,Porfirio David Calleja Fajardo,Jaén,Sare-kablea,Sareak,1806.11,2
7240,2025-01-21,Cintia Naranjo Escamilla,Pontevedra,Switch-a,Sareak,1996.97,9
7241,2025-01-23,Mirta Bertrán-Tamayo,Sevilla,Sare-kablea,Sareak,701.77,4
7242,2025-12-31,Felicidad Cabeza Gascón,Vizcaya,Wi-Fi egokigailua,Sareak,1070.94,7
7243,2026-06-15,Angelina Fuertes Zamora,Lugo,Txartel grafikoa,Osagaiak,1376.7,6
7244,2026-01-01,Iván Juan Ojeda,Salamanca,Sagua,Periferikoak,565.1,2
7245,2026-08-18,Emperatriz Ramos Escrivá,Almería,Txartel grafikoa,Osagaiak,1179.51,8
7246,2026-03-03,Heliodoro Larrañaga Serna,Álava,SSD diskoa,Osagaiak,763.9,1
7247,2025-09-06,Bernabé Recio Abad,Huesca,Txartel grafikoa,Osagaiak,1533.5,5
7248,2025-09-30,Nayara Barroso Cazorla,Lugo,Switch-a,Sareak,1143.6,4
7249,2025-09-15,Felisa Roura,Burgos,Webkamera,Periferikoak,716.27,10
7250,2025-12-20,Jonatan Apolinar Valdés Ródenas,Toledo,Ordenagailu eramangarria,Ordenagailuak,870.67,7
7251,2025-04-18,Juan José Prado-Carrera,Badajoz,Sare-kablea,Sareak,34.2,9
7252,2025-03-28,Germán Gracia,Toledo,Ordenagailu eramangarria,Ordenagailuak,8.6,7
7253,2024-10-18,Maxi Rosales Amat,Teruel,Wi-Fi egokigailua,Sareak,1558.46,4
7254,2024-10-17,Mercedes Fajardo Lucas,Huesca,Ordenagailu eramangarria,Ordenagailuak,987.35,3
7255,2026-09-15,Azucena de Font,Pontevedra,Mahaigaineko ordenagailua,Ordenagailuak,498.67,1
7256,2026-03-28,Julián Tur Ortiz,Lleida,Mahaigaineko ordenagailua,Ordenagailuak,223.22,7
7257,2024-10-11,Íñigo Roda Saavedra,Guipúzcoa,Mini PC,Ordenagailuak,1545.65,7
7258,2026-05-18,Mercedes Jiménez-Castrillo,Jaén,Ordenagailu eramangarria,Ordenagailuak,1774.37,9
7259,2025-09-25,Simón Cuevas Clemente,Cantabria,Sare-kablea,Sareak,717.4,3
7260,2024-10-09,Sandalio Madrid,Ceuta,Prozesadorea,Osagaiak,361.45,2
7261,2025-08-30,Gustavo Barros Nicolau,La Rioja,Webkamera,Periferikoak,315.24,10
7262,2026-04-02,Evaristo Balduino Pedraza Arcos,Asturias,Ordenagailu eramangarria,Ordenagailuak,429.64,4
7263,2024-11-11,Delia Paniagua Manso,La Coruña,Monitorea,Periferikoak,1102.35,9
7264,2026-07-03,Guadalupe Enríquez Abellán,Ourense,Sagua,Periferikoak,1452.82,5
7265,2026-08-07,Javier Alegria,Badajoz,Sare-kablea,Sareak,807.15,8
7266,2025-02-17,Encarnacion Blanes Terrón,Zaragoza,Sagua,Periferikoak,742.46,2
7267,2025-06-06,Eulalia Alonso,Murcia,Sagua,Periferikoak,1203.74,10
7268,2025-12-14,Baltasar Barba Donaire,Ciudad,Mini PC,Ordenagailuak,1398.5,1
7269,2025-12-07,Jacobo Guijarro Lladó,Granada,Ordenagailu eramangarria,Ordenagailuak,1770.27,10
7270,2025-07-30,Jaime Taboada Bastida,Cádiz,Mini PC,Ordenagailuak,1000.6,4
7271,2025-05-11,Magdalena Vara Dominguez,Cáceres,Monitorea,Periferikoak,521.51,10
7272,2025-12-26,Marino Sotelo,Cádiz,Sagua,Periferikoak,669.62,8
7273,2024-09-30,Baldomero Llobet Montesinos,Málaga,RAM memoria,Osagaiak,1906.25,4
7274,2024-11-29,Andrés Gil Plana,Barcelona,Txartel grafikoa,Osagaiak,959.22,4
7275,2025-07-27,Marc Maestre Fernandez,Badajoz,Monitorea,Periferikoak,1009.41,7
7276,2025-11-26,Macaria de Huertas,Guipúzcoa,RAM memoria,Osagaiak,1976.9,9
7277,2025-04-25,Patricio Ruperto Portero Arnal,Málaga,Sagua,Periferikoak,692.5,4
7278,2025-09-15,Manola Águila Barragán,Lugo,Webkamera,Periferikoak,181.7,9
7279,2026-09-16,Flavia Juliá Ariño,Huesca,Bideratzailea,Sareak,110.18,4
7280,2025-07-15,Rosario Ariel Martín Aragón,Lleida,Teklatua,Periferikoak,1725.32,3
7281,2026-02-24,Federico Meléndez Hierro,Valencia,Ordenagailu eramangarria,Ordenagailuak,396.56,2
7282,2026-02-23,Mayte Tudela-Company,Salamanca,Prozesadorea,Osagaiak,125.91,9
7283,2025-08-12,Teófila del Vendrell,Salamanca,Mini PC,Ordenagailuak,1231.1,10
7284,2025-10-04,Benigno Sevilla Roura,Zaragoza,Prozesadorea,Osagaiak,1924.29,9
7285,2025-04-02,Irene Company,Cuenca,Txartel grafikoa,Osagaiak,1614.1,7
7286,2025-05-24,Anastasio Reina Almeida,Álava,Ordenagailu eramangarria,Ordenagailuak,674.4,10
7287,2026-08-23,Luna Ramis Bayona,Tarragona,Mahaigaineko ordenagailua,Ordenagailuak,49.87,8
7288,2025-08-19,Eutropio del Almansa,Málaga,Switch-a,Sareak,814.24,8
7289,2026-01-27,Godofredo Carlos Cerdán Olivera,Segovia,Webkamera,Periferikoak,538.58,7
7290,2024-12-01,Socorro de Gascón,Ourense,RAM memoria,Osagaiak,32.9,7
7291,2025-11-10,Ismael Batalla Castellanos,Lugo,Monitorea,Periferikoak,249.13,8
7292,2025-03-27,Ulises Fernandez Machado,Murcia,Mahaigaineko ordenagailua,Ordenagailuak,658.8,7
7293,2025-02-18,Pío Camino Arévalo,Lleida,Sare-kablea,Sareak,794.0,3
7294,2025-12-14,Hipólito Benet Núñez,Alicante,Wi-Fi egokigailua,Sareak,825.77,2
7295,2025-03-10,Eustaquio Carro,Almería,Ordenagailu eramangarria,Ordenagailuak,396.39,6
7296,2026-04-08,Bartolomé Tamarit,Toledo,RAM memoria,Osagaiak,300.11,7
7297,2026-09-04,Ariadna Blazquez,Valencia,Webkamera,Periferikoak,1594.96,10
7298,2026-08-10,Serafina Salcedo Yuste,Ciudad,Mahaigaineko ordenagailua,Ordenagailuak,1247.18,9
7299,2025-07-05,Martin del Cañellas,Melilla,Ordenagailu eramangarria,Ordenagailuak,1013.96,3
7300,2024-12-08,Arturo Morán Villa,Guadalajara,Bideratzailea,Sareak,1108.37,4
7301,2026-01-22,Tomás Carpio Cuesta,Tarragona,Sagua,Periferikoak,1106.67,3
7302,2025-04-01,Valerio Severino Solé Arranz,Girona,Ordenagailu eramangarria,Ordenagailuak,433.22,2
7303,2025-05-16,Montserrat Marcos Fernandez,Tarragona,SSD diskoa,Osagaiak,603.9,4
7304,2025-01-28,Lola Canals Amat,Toledo,Prozesadorea,Osagaiak,1722.7,10
7305,2026-03-11,Ramón Blanch Ramirez,Cáceres,Sagua,Periferikoak,1914.97,4
7306,2025-11-24,Armida Arranz Simó,Málaga,Wi-Fi egokigailua,Sareak,133.4,4
7307,2025-12-26,Imelda Tejada Machado,Huelva,Monitorea,Periferikoak,1834.85,1
7308,2025-07-26,Eliana Pedrero Montaña,Cantabria,Webkamera,Periferikoak,1142.97,1
7309,2025-10-08,Plinio Moreno Borrás,Zaragoza,Ordenagailu eramangarria,Ordenagailuak,15.5,4
7310,2024-10-19,Rosalía Bárcena Díez,Jaén,Sagua,Periferikoak,1405.29,7
7311,2025-10-25,Gervasio Saavedra Soler,La Rioja,Mahaigaineko ordenagailua,Ordenagailuak,1900.16,4
7312,2025-10-16,Estela Arco,Ourense,Bideratzailea,Sareak,1317.81,5
7313,2025-06-24,Clímaco Agustí Hervia,Tarragona,Wi-Fi egokigailua,Sareak,1299.2,2
7314,2025-03-09,Adela Ayuso-Calderón,Teruel,RAM memoria,Osagaiak,1657.34,10
7315,2025-04-16,Noelia Velázquez Corbacho,Ávila,RAM memoria,Osagaiak,1774.1,6
7316,2024-12-08,Luz de Nuñez,Jaén,Mahaigaineko ordenagailua,Ordenagailuak,1647.47,10
7317,2025-05-31,Pedro León Barragán,Navarra,Prozesadorea,Osagaiak,622.86,6
7318,2026-07-06,Genoveva de Quevedo,Zaragoza,Prozesadorea,Osagaiak,995.94,5
7319,2025-09-18,Jose Angel Infante Márquez,Barcelona,Monitorea,Periferikoak,1248.79,5
7320,2025-07-12,Lucas de Pineda,Almería,Sare-kablea,Sareak,814.72,5
7321,2026-02-11,Nidia Sobrino Amor,Huelva,Ordenagailu eramangarria,Ordenagailuak,1901.79,6
7322,2026-03-30,Delfina Navarrete Martinez,Santa Cruz de Tenerife,Mini PC,Ordenagailuak,892.56,9
7323,2025-03-05,Evaristo Mir-Ponce,Vizcaya,Monitorea,Periferikoak,1325.74,9
7324,2025-11-03,Daniela Cerdán Mas,Cantabria,Mahaigaineko ordenagailua,Ordenagailuak,22.68,6
7325,2026-06-20,Vito Sobrino Juan,Jaén,Ordenagailu eramangarria,Ordenagailuak,866.95,10
7326,2025-01-28,Fortunato Roma Riba,Guipúzcoa,Sagua,Periferikoak,304.82,2
7327,2026-04-07,Florentina Prado Gabaldón,Huesca,Sare-kablea,Sareak,1231.5,3
7328,2026-01-02,Sancho Saavedra Reyes,Ceuta,Bideratzailea,Sareak,49.16,1
7329,2026-02-28,Chucho Guerrero Rivas,Segovia,Bideratzailea,Sareak,91.94,4
7330,2025-12-13,Estela del Cuenca,Melilla,Mahaigaineko ordenagailua,Ordenagailuak,1777.18,3
7331,2025-10-03,Felipa Cases Baena,Madrid,Mahaigaineko ordenagailua,Ordenagailuak,1715.66,7
7332,2025-02-02,Virginia Guerra Taboada,Ávila,Mini PC,Ordenagailuak,1358.8,7
7333,2026-02-05,Brígida Sala Herrero,Segovia,Mini PC,Ordenagailuak,764.47,8
7334,2025-11-28,Débora Iñiguez Abascal,Cáceres,Switch-a,Sareak,1078.53,2
7335,2025-08-10,Ricarda Agudo Pi,Lugo,Txartel grafikoa,Osagaiak,1047.2,10
7336,2025-09-02,Carmina Meléndez,Toledo,Sare-kablea,Sareak,1031.93,7
7337,2025-04-04,Lupita Trillo,Guadalajara,Mini PC,Ordenagailuak,1080.5,8
7338,2026-02-12,Virgilio Pallarès Malo,Santa Cruz de Tenerife,SSD diskoa,Osagaiak,973.8,8
7339,2025-01-26,Fortunata Sevillano-Echevarría,Huesca,Sare-kablea,Sareak,881.97,6
7340,2026-06-09,Eleuterio Rosa Paniagua,Asturias,Monitorea,Periferikoak,414.7,10
7341,2025-03-10,Kike Gálvez Camacho,Soria,Sagua,Periferikoak,100.41,9
7342,2026-04-06,Dorotea Gallardo Guardia,Las Palmas,Sare-kablea,Sareak,227.77,2
7343,2025-04-19,Anna Vilanova Rojas,Valencia,Wi-Fi egokigailua,Sareak,1370.52,7
7344,2024-12-06,Morena Pastor Casares,Soria,Bideratzailea,Sareak,1261.58,6
7345,2024-12-11,Nacio de Llanos,Córdoba,Wi-Fi egokigailua,Sareak,1683.5,1
7346,2025-05-05,Julián Palma Barba,Valencia,Webkamera,Periferikoak,79.24,1
7347,2026-08-13,Lorenza Encarnita Gómez Peñalver,Cuenca,Sare-kablea,Sareak,174.41,7
7348,2025-10-27,María Cristina Ferrando Manzano,Santa Cruz de Tenerife,Monitorea,Periferikoak,1139.5,10
7349,2025-10-25,Andrés Felipe Folch-Taboada,León,Txartel grafikoa,Osagaiak,63.29,4
7350,2026-04-05,Enrique Batalla Caparrós,Jaén,Mini PC,Ordenagailuak,120.55,1
7351,2025-10-13,Jordi Sainz Rivas,Segovia,Sare-kablea,Sareak,1028.2,6
7352,2026-04-29,Aarón Núñez Aparicio,Murcia,Bideratzailea,Sareak,1811.1,1
7353,2025-10-14,Hugo Acosta Pujol,Almería,Ordenagailu eramangarria,Ordenagailuak,254.78,10
7354,2026-04-24,Manuela del Acuña,Palencia,Ordenagailu eramangarria,Ordenagailuak,1637.39,3
7355,2025-01-11,Paulina Riba Godoy,Huelva,Txartel grafikoa,Osagaiak,637.43,1
7356,2026-04-12,Martina Marin Colom,Pontevedra,Sagua,Periferikoak,262.1,3
7357,2026-08-24,Milagros Socorro Morillo Castillo,Lugo,Mahaigaineko ordenagailua,Ordenagailuak,1851.33,4
7358,2025-11-12,Gervasio Rivera Carvajal,Tarragona,Webkamera,Periferikoak,86.15,6
7359,2026-05-31,Encarnación Mercader Blázquez,Las Palmas,Switch-a,Sareak,244.36,6
7360,2026-02-01,Samanta Leon,Segovia,Teklatua,Periferikoak,878.81,10
7361,2025-07-28,Jose Manuel Montserrat Peña,Soria,Txartel grafikoa,Osagaiak,1100.98,2
7362,2026-01-25,Eulalia Andreu Boix,Guipúzcoa,Webkamera,Periferikoak,33.1,5
7363,2026-06-14,Celestina Gordillo Seco,Palencia,Ordenagailu eramangarria,Ordenagailuak,216.81,3
7364,2026-02-16,Benito de Nicolau,León,Bideratzailea,Sareak,190.53,1
7365,2025-08-01,María Teresa Petrona Pelayo Martinez,Huelva,Mini PC,Ordenagailuak,516.41,3
7366,2025-03-16,Mariano Mas Cortés,Teruel,Webkamera,Periferikoak,737.79,10
7367,2026-01-12,Emigdio Acevedo-Albero,Navarra,Sagua,Periferikoak,1345.84,9
7368,2026-05-13,Rosalva Medina Rojas,Álava,RAM memoria,Osagaiak,1250.89,8
7369,2025-01-01,Aurora Valle Granados,Navarra,Wi-Fi egokigailua,Sareak,504.38,10
7370,2026-09-16,Salvador Pont Gomila,Girona,Mini PC,Ordenagailuak,453.47,5
7371,2025-12-01,Adora Salvà Nicolau,Girona,Monitorea,Periferikoak,395.68,9
7372,2025-01-15,Albino Carrillo-Salmerón,Vizcaya,SSD diskoa,Osagaiak,1854.62,5
7373,2026-09-15,Iker Valencia Ángel,Navarra,RAM memoria,Osagaiak,907.45,10
7374,2025-06-25,Joan Bayona Arrieta,Baleares,Switch-a,Sareak,228.39,7
7375,2025-11-22,Constanza Clara Valle Peñas,Córdoba,SSD diskoa,Osagaiak,1037.62,3
7376,2025-07-01,Nacho del Conesa,Valencia,SSD diskoa,Osagaiak,1836.82,10
7377,2024-12-10,Tadeo Perales-Torrens,Melilla,Mini PC,Ordenagailuak,945.28,9
7378,2026-08-10,Ale Pedraza,Tarragona,Sare-kablea,Sareak,622.4,2
7379,2025-05-25,Jerónimo Saturnino Benavente Águila,Valencia,Ordenagailu eramangarria,Ordenagailuak,1663.2,1
7380,2026-03-31,Vinicio Badía Higueras,Sevilla,Ordenagailu eramangarria,Ordenagailuak,1761.84,8
7381,2026-09-02,Mercedes Duque Pozo,Barcelona,Monitorea,Periferikoak,1283.39,9
7382,2026-06-26,Visitación Heras,Valladolid,Bideratzailea,Sareak,1474.86,1
7383,2025-12-11,Plácido Modesto Peinado Palmer,Zaragoza,Prozesadorea,Osagaiak,610.96,7
7384,2025-08-29,Simón Soria Anguita,Navarra,Mini PC,Ordenagailuak,244.26,9
7385,2026-04-16,Baudelio Tormo Castro,La Coruña,Bideratzailea,Sareak,893.77,7
7386,2026-06-05,Pili Llano,Murcia,Sare-kablea,Sareak,1204.36,10
7387,2024-11-26,Conrado Cañete,Albacete,Txartel grafikoa,Osagaiak,1746.22,5
7388,2025-08-28,Urbano Sastre Luís,Guipúzcoa,Mini PC,Ordenagailuak,1394.46,7
7389,2026-06-11,José Torrijos Lara,Vizcaya,SSD diskoa,Osagaiak,285.6,6
7390,2025-01-20,Saturnino Adadia Osorio,Navarra,Mini PC,Ordenagailuak,436.9,5
7391,2024-11-04,Ruperta Guijarro Peralta,Pontevedra,Sagua,Periferikoak,1815.83,7
7392,2025-06-01,Ignacio Bayo Suarez,Ávila,SSD diskoa,Osagaiak,1742.32,2
7393,2026-07-02,Olegario Vendrell Sanmiguel,Almería,RAM memoria,Osagaiak,143.27,7
7394,2025-02-28,Margarita Domínguez-Galindo,Castellón,Mini PC,Ordenagailuak,1399.64,8
7395,2026-09-09,Fidel Asdrubal Cueto Coll,La Rioja,Teklatua,Periferikoak,1981.57,9
7396,2025-08-03,Áurea Quintanilla Manso,Segovia,Switch-a,Sareak,1565.0,8
7397,2025-09-19,David Peláez Costa,Ciudad,Ordenagailu eramangarria,Ordenagailuak,363.7,10
7398,2024-12-18,Pepita Ropero,Huelva,Monitorea,Periferikoak,265.25,2
7399,2026-01-14,Zaira Checa Osuna,Cuenca,Mini PC,Ordenagailuak,1991.76,5
7400,2025-07-14,Encarnación Pomares Morell,Albacete,Wi-Fi egokigailua,Sareak,929.4,2
7401,2025-03-12,Florentino Lloret Vallejo,Santa Cruz de Tenerife,Monitorea,Periferikoak,1367.1,9
7402,2026-03-19,Aníbal Palomo Medina,León,Monitorea,Periferikoak,1768.95,1
7403,2025-07-29,Concepción Jaén Donoso,Granada,Sagua,Periferikoak,313.97,9
7404,2026-01-14,Humberto Acedo Domínguez,Segovia,Mini PC,Ordenagailuak,1441.95,5
7405,2026-05-11,Martirio Rodrigo Sancho,Castellón,Mahaigaineko ordenagailua,Ordenagailuak,338.4,2
7406,2025-07-09,Aristides Azorin Salvador,Cantabria,Bideratzailea,Sareak,339.66,7
7407,2026-06-21,Daniela Pastor Benito,Lleida,Bideratzailea,Sareak,1352.56,3
7408,2025-04-05,Manuela Cózar Gutiérrez,Huelva,Ordenagailu eramangarria,Ordenagailuak,1375.44,2
7409,2026-04-14,Delfina Iniesta-Quintero,León,Ordenagailu eramangarria,Ordenagailuak,105.64,9
7410,2025-04-01,Juan Luis Briones Duque,Vizcaya,Ordenagailu eramangarria,Ordenagailuak,1742.63,5
7411,2024-10-04,René Carro Borrell,Las Palmas,Sare-kablea,Sareak,487.8,2
7412,2024-10-13,Débora Pellicer,Lleida,Mini PC,Ordenagailuak,1248.82,4
7413,2026-05-25,Armida Colomer,Albacete,Prozesadorea,Osagaiak,1636.36,8
7414,2025-07-02,Eliana Lamas Rosado,Guipúzcoa,Bideratzailea,Sareak,60.14,5
7415,2025-01-24,Áurea Salazar-Calatayud,Sevilla,Sagua,Periferikoak,1518.1,5
7416,2026-01-28,Rodolfo Baños Falcó,Guadalajara,Prozesadorea,Osagaiak,1863.72,4
7417,2026-01-01,Oriana Calvo Tirado,Guipúzcoa,Mini PC,Ordenagailuak,711.85,10
7418,2024-12-22,Judith Sala Crespi,Las Palmas,Sare-kablea,Sareak,596.7,2
7419,2026-09-03,Marcela Nogués Ferrández,Huesca,Wi-Fi egokigailua,Sareak,936.78,8
7420,2025-10-18,Josué Ferreras Uría,Guadalajara,SSD diskoa,Osagaiak,1676.54,2
7421,2026-03-04,Sarita Mar Font Valderrama,Albacete,Bideratzailea,Sareak,631.7,2
7422,2026-07-22,Jose Ramón Amorós Haro,Cuenca,Mini PC,Ordenagailuak,835.45,8
7423,2024-11-12,Geraldo Chaves Valenzuela,Cantabria,Sare-kablea,Sareak,1675.44,5
7424,2026-07-15,Jonatan Jose Angel Barba Carrera,Cádiz,Txartel grafikoa,Osagaiak,1679.84,1
7425,2025-04-28,Marcia Garzón Navarro,Ourense,Sare-kablea,Sareak,1477.7,5
7426,2025-12-05,Ximena Pulido Moraleda,Girona,Wi-Fi egokigailua,Sareak,535.45,1
7427,2025-02-01,Bernabé Company,Santa Cruz de Tenerife,Prozesadorea,Osagaiak,1567.32,3
7428,2025-04-05,Ligia Calderon Palomino,Guadalajara,Wi-Fi egokigailua,Sareak,682.86,9
7429,2026-05-04,Jenaro Espinosa,Córdoba,Prozesadorea,Osagaiak,898.64,10
7430,2025-12-12,Celso Larrea-Carreras,Albacete,SSD diskoa,Osagaiak,1080.75,1
7431,2025-07-03,Leire Alberto Zaragoza,La Coruña,Ordenagailu eramangarria,Ordenagailuak,553.3,9
7432,2025-11-06,Maximiano Badía,Soria,RAM memoria,Osagaiak,965.27,4
7433,2025-01-13,Sol Carmina Molins Uribe,Burgos,Webkamera,Periferikoak,1392.63,3
7434,2025-10-24,Laura Benet Palomino,Madrid,Ordenagailu eramangarria,Ordenagailuak,1486.15,8
7435,2025-03-18,Corona Sales Piñeiro,Ceuta,Webkamera,Periferikoak,243.67,5
7436,2025-12-16,Lupe Daza Cuesta,Castellón,Txartel grafikoa,Osagaiak,1199.9,10
7437,2025-08-12,Maite Galiano Alarcón,Tarragona,Sagua,Periferikoak,62.8,6
7438,2025-05-07,Felipe Quintero Toro,Melilla,Switch-a,Sareak,1349.69,8
7439,2026-07-16,Paz de Fernandez,Murcia,Sagua,Periferikoak,1379.79,1
7440,2026-07-17,Fernando Téllez Heras,Álava,RAM memoria,Osagaiak,1442.52,2
7441,2026-02-19,José Somoza Malo,Ceuta,Bideratzailea,Sareak,1996.8,1
7442,2024-11-05,Juan Bautista Severo Cantón Ramos,Asturias,RAM memoria,Osagaiak,516.54,3
7443,2025-09-08,Aurelio Peralta Ramón,Badajoz,Webkamera,Periferikoak,718.2,7
7444,2026-06-08,Celestino Ramos Rivero,Zamora,RAM memoria,Osagaiak,288.82,8
7445,2025-11-08,Purificación Ramos-Rovira,Cádiz,Prozesadorea,Osagaiak,1187.8,4
7446,2026-08-09,Silvio Cuenca Gallart,Sevilla,Sare-kablea,Sareak,711.85,7
7447,2025-02-26,Amalia Díez Castillo,Teruel,Wi-Fi egokigailua,Sareak,1016.84,4
7448,2024-12-02,Eleuterio Amorós Salom,Málaga,Mini PC,Ordenagailuak,366.35,2
7449,2026-01-04,Gabriel Rius,Burgos,Prozesadorea,Osagaiak,975.86,2
7450,2024-12-12,Consuelo Lloret Chaves,Cádiz,Ordenagailu eramangarria,Ordenagailuak,106.66,10
7451,2025-10-21,Marino Amigó Calzada,Zamora,Teklatua,Periferikoak,954.36,9
7452,2024-12-29,Herminio Rivas Terrón,La Rioja,Wi-Fi egokigailua,Sareak,493.8,9
7453,2024-11-09,Candelas Ibarra Pallarès,Segovia,Teklatua,Periferikoak,1794.17,10
7454,2024-11-14,Otilia Pérez Pedrosa,Huesca,Ordenagailu eramangarria,Ordenagailuak,953.33,8
7455,2026-08-30,Domingo Lucena Gallart,La Coruña,Sare-kablea,Sareak,583.56,10
7456,2025-12-29,Rosalva Aguilera Gelabert,Huelva,Teklatua,Periferikoak,550.49,9
7457,2026-02-19,Felipe Cañizares Samper,Huelva,Ordenagailu eramangarria,Ordenagailuak,1283.5,1
7458,2024-10-20,Valentina Vallejo Novoa,Pontevedra,RAM memoria,Osagaiak,1703.96,10
7459,2026-07-13,Sebastian Duran Casado,Toledo,Wi-Fi egokigailua,Sareak,1421.62,7
7460,2026-01-10,César Huguet-Valenciano,Cádiz,RAM memoria,Osagaiak,852.28,1
7461,2024-12-18,Saturnino del Solera,La Coruña,Bideratzailea,Sareak,1261.64,8
7462,2026-08-08,Leonardo Solana Batalla,Jaén,Mini PC,Ordenagailuak,1203.72,4
7463,2026-01-11,Fidel Niño Piña,Valladolid,Sagua,Periferikoak,545.16,8
7464,2024-12-29,Valeria Vila Marqués,Santa Cruz de Tenerife,Webkamera,Periferikoak,247.97,8
7465,2025-02-11,Vanesa Pulido Mayoral,León,Mini PC,Ordenagailuak,1566.14,5
7466,2025-07-22,Maricela de Perez,Lleida,SSD diskoa,Osagaiak,1841.76,1
7467,2026-02-09,Amor Cortés Peinado,Melilla,Switch-a,Sareak,1147.14,7
7468,2025-01-24,Zaida Iborra Gutiérrez,Girona,Ordenagailu eramangarria,Ordenagailuak,1747.98,2
7469,2025-01-27,Angelino Goicoechea Cañizares,La Rioja,Ordenagailu eramangarria,Ordenagailuak,1299.73,3
7470,2026-07-26,Úrsula Cecilia Segarra Abellán,Cádiz,Txartel grafikoa,Osagaiak,506.3,3
7471,2026-07-23,Nazaret de Albero,Zaragoza,RAM memoria,Osagaiak,353.69,6
7472,2024-12-20,Adalberto Armas-Porras,Barcelona,SSD diskoa,Osagaiak,197.61,5
7473,2024-10-25,Edelmira Vigil Vara,Córdoba,Sare-kablea,Sareak,1419.55,10
7474,2026-01-01,Manu Alcántara Díez,La Coruña,Mini PC,Ordenagailuak,1453.77,10
7475,2026-05-20,Vidal Miró-Artigas,Albacete,Mini PC,Ordenagailuak,1872.21,7
7476,2025-08-23,Sebastián Tudela Cuéllar,Castellón,RAM memoria,Osagaiak,1434.62,5
7477,2025-03-07,Amancio Benavides-Estrada,Murcia,Monitorea,Periferikoak,1547.78,1
7478,2025-07-24,Calixto Agustí,Zamora,Monitorea,Periferikoak,1963.79,4
7479,2025-01-08,Juan Antonio Haro-Elorza,Pontevedra,Ordenagailu eramangarria,Ordenagailuak,804.8,6
7480,2025-05-28,Eleuterio del Llamas,Castellón,Sagua,Periferikoak,482.55,7
7481,2025-07-25,Casandra Godoy Antón,Pontevedra,Mini PC,Ordenagailuak,949.27,4
7482,2025-12-17,Blanca Alcolea Infante,Vizcaya,Sagua,Periferikoak,578.18,1
7483,2025-01-23,Cintia Villegas Vicens,Segovia,Webkamera,Periferikoak,1577.48,2
7484,2024-12-20,Regina del Pla,Sevilla,SSD diskoa,Osagaiak,599.91,1
7485,2026-05-09,Sebastian Cervantes Aguirre,Teruel,Mahaigaineko ordenagailua,Ordenagailuak,1581.58,9
7486,2025-11-25,Cayetano Tejada Abellán,Madrid,Bideratzailea,Sareak,1462.2,8
7487,2025-12-29,Juan Antonio de Barral,Álava,Prozesadorea,Osagaiak,451.75,1
7488,2024-12-12,Amarilis de Durán,Baleares,Ordenagailu eramangarria,Ordenagailuak,409.69,9
7489,2025-10-02,Aurora Manrique Calzada,Málaga,Switch-a,Sareak,876.46,5
7490,2026-04-30,Carmen Lucena Chaparro,Soria,Mahaigaineko ordenagailua,Ordenagailuak,759.28,9
7491,2024-10-30,Marisa Borrell Molins,Cáceres,Switch-a,Sareak,1889.9,1
7492,2025-10-29,Bruno Viña,Lugo,Teklatua,Periferikoak,1431.47,9
7493,2025-05-22,Ruperto Quirós-Garmendia,Córdoba,Switch-a,Sareak,601.5,7
7494,2025-05-09,Marcelino Jaén Vicens,Burgos,Ordenagailu eramangarria,Ordenagailuak,1841.3,10
7495,2024-10-04,Dani Rosendo Cabañas Ariño,Las Palmas,Mini PC,Ordenagailuak,129.77,8
7496,2026-03-16,Mirta Arrieta Iñiguez,Álava,Ordenagailu eramangarria,Ordenagailuak,564.13,10
7497,2026-07-31,José Alcalde Peláez,Cádiz,RAM memoria,Osagaiak,456.99,6
7498,2025-04-18,Azeneth Casado Guitart,Cádiz,Bideratzailea,Sareak,746.1,5
7499,2026-03-13,Loreto de Moreno,Lleida,Bideratzailea,Sareak,1475.44,6
7500,2025-01-11,Gala Matas Cabezas,Las Palmas,Switch-a,Sareak,1487.71,3
7501,2024-12-17,Teófilo Prada,Córdoba,Switch-a,Sareak,1301.37,2
7502,2025-08-28,Pascual Montenegro,Burgos,Mini PC,Ordenagailuak,743.39,5
7503,2025-05-26,Edelmira Polo Guzmán,Ávila,Mini PC,Ordenagailuak,378.56,1
7504,2026-06-14,Renata Chamorro Román,Badajoz,Ordenagailu eramangarria,Ordenagailuak,1148.99,5
7505,2026-06-17,Alma Torres Ureña,Soria,Sagua,Periferikoak,1071.52,8
7506,2025-03-02,Severiano Viñas,Zamora,Sagua,Periferikoak,660.97,9
7507,2025-05-05,Nydia Cáceres Palacio,Huelva,Mini PC,Ordenagailuak,663.71,1
7508,2026-02-19,Consuela Naranjo Garrido,Toledo,RAM memoria,Osagaiak,156.27,6
7509,2024-11-11,Eva Tomás,Asturias,Txartel grafikoa,Osagaiak,552.3,2
7510,2026-08-03,Belen Bermudez Salvà,Badajoz,SSD diskoa,Osagaiak,749.57,3
7511,2026-01-11,Ciro Felix Vilar Rodrigo,Álava,Bideratzailea,Sareak,1172.87,5
7512,2026-07-11,Benito Roda Abascal,Albacete,Sare-kablea,Sareak,614.85,6
7513,2025-06-09,Íngrid del Carranza,Alicante,SSD diskoa,Osagaiak,673.14,2
7514,2026-06-14,Ágata de Ferreras,La Coruña,Mini PC,Ordenagailuak,242.44,5
7515,2024-12-01,Jordana Sola Barrera,Santa Cruz de Tenerife,Sare-kablea,Sareak,219.26,2
7516,2026-07-19,Esmeralda Cañellas-Sarmiento,Alicante,Ordenagailu eramangarria,Ordenagailuak,410.53,7
7517,2026-07-25,Isaac Gallego Cornejo,Salamanca,Bideratzailea,Sareak,1563.44,10
7518,2026-02-25,Inés Barriga Prado,Guadalajara,Teklatua,Periferikoak,681.22,5
7519,2025-09-05,Natalia Barral Anglada,Jaén,Prozesadorea,Osagaiak,694.25,7
7520,2025-04-15,Roberto de Piquer,Ceuta,Teklatua,Periferikoak,58.31,1
7521,2025-05-06,Renata Donaire Aroca,Cantabria,Mahaigaineko ordenagailua,Ordenagailuak,11.79,7
7522,2024-11-11,Manu Hermenegildo Figuerola Verdú,Madrid,Txartel grafikoa,Osagaiak,1114.32,5
7523,2024-11-11,Basilio Batlle Tomas,Jaén,Sagua,Periferikoak,1788.18,2
7524,2025-10-25,Encarnita Cases-Rey,Cantabria,Switch-a,Sareak,34.0,4
7525,2025-01-18,Florencio Mendoza Cerezo,Pontevedra,Mahaigaineko ordenagailua,Ordenagailuak,1439.19,9
7526,2026-04-12,Aroa de Cisneros,Alicante,SSD diskoa,Osagaiak,1214.63,1
7527,2025-02-07,Nicolás Lozano-Cordero,La Coruña,Ordenagailu eramangarria,Ordenagailuak,1436.18,6
7528,2025-09-16,Paco Domingo Casado,Badajoz,Switch-a,Sareak,516.93,3
7529,2026-06-28,Pacífica Etelvina Murillo Medina,Salamanca,Ordenagailu eramangarria,Ordenagailuak,577.29,7
7530,2025-11-16,Leonardo Baquero-Garrido,La Coruña,Sare-kablea,Sareak,767.5,10
7531,2024-10-08,Porfirio Arias Huguet,Guadalajara,SSD diskoa,Osagaiak,855.57,7
7532,2025-03-14,Leopoldo Castrillo Guardia,Cuenca,Mahaigaineko ordenagailua,Ordenagailuak,486.2,5
7533,2024-11-28,Jose Carlos Cañas Alberdi,Ávila,Switch-a,Sareak,1240.45,5
7534,2025-04-24,Reyes Rodríguez Carpio,Ávila,Ordenagailu eramangarria,Ordenagailuak,1086.32,3
7535,2026-07-27,Miguela Bosch Prat,Ciudad,Sagua,Periferikoak,1306.51,9
7536,2025-01-06,Simón Fernández Solé,Burgos,Sare-kablea,Sareak,816.85,10
7537,2025-06-10,María Carmen Alba Vilalta,Sevilla,Mini PC,Ordenagailuak,427.13,1
7538,2026-06-11,Hernando Manuel Lasa Garriga,León,SSD diskoa,Osagaiak,1922.76,9
7539,2024-10-28,Remedios Ramirez Vallés,Burgos,Txartel grafikoa,Osagaiak,1054.64,9
7540,2026-07-07,Miguel Ángel Escobar Collado,Salamanca,Mini PC,Ordenagailuak,728.11,10
7541,2026-06-02,Carla Mayo Mate,Albacete,Mahaigaineko ordenagailua,Ordenagailuak,360.2,4
7542,2025-07-29,Vera Torrecilla Calatayud,Navarra,Mahaigaineko ordenagailua,Ordenagailuak,730.91,4
7543,2026-09-10,José Luis Agustín Aliaga Benavent,Las Palmas,Prozesadorea,Osagaiak,1682.39,10
7544,2025-09-20,Benito Lloret Egea,Córdoba,Sagua,Periferikoak,934.12,9
7545,2025-04-26,Roberta Prado Escamilla,Ourense,Mahaigaineko ordenagailua,Ordenagailuak,325.45,9
7546,2026-04-02,Jose Angel Costa Carlos,Las Palmas,Monitorea,Periferikoak,1283.7,6
7547,2024-10-27,Rómulo Girón-Bolaños,Granada,Prozesadorea,Osagaiak,810.31,10
7548,2025-12-21,Jose Abellán Arnaiz,Girona,Teklatua,Periferikoak,962.31,4
7549,2025-03-01,Román Amat Aguilar,Sevilla,Switch-a,Sareak,188.66,7
7550,2026-01-24,Noa Moraleda,Córdoba,Txartel grafikoa,Osagaiak,1272.31,7
7551,2026-08-26,Cristina Bautista Ayllón,Palencia,Bideratzailea,Sareak,1030.89,1
7552,2025-03-14,Rodrigo Busquets Vives,Baleares,Wi-Fi egokigailua,Sareak,1321.8,10
7553,2026-02-10,Vinicio Zaragoza-Poza,León,Bideratzailea,Sareak,936.96,8
7554,2025-04-23,Jose Carlos Parejo Priego,Navarra,Teklatua,Periferikoak,608.99,8
7555,2026-08-06,Amelia Barco-Bolaños,Navarra,Wi-Fi egokigailua,Sareak,1185.56,9
7556,2026-08-05,Vicenta Botella-Iborra,Asturias,Bideratzailea,Sareak,1996.62,1
7557,2025-11-22,Guiomar Godofredo Porta Campillo,Sevilla,Webkamera,Periferikoak,1190.58,10
7558,2026-06-27,Bernardita Posada-Lasa,Ceuta,RAM memoria,Osagaiak,1503.47,3
7559,2026-03-16,Maximiano Barco-Andreu,Valencia,Monitorea,Periferikoak,681.29,1
7560,2024-12-30,Eric Hernando Blázquez,Valencia,Webkamera,Periferikoak,719.14,9
7561,2024-10-11,Nadia Julián Arrieta,Palencia,Teklatua,Periferikoak,892.64,8
7562,2025-02-25,Camila Carvajal Alfaro,Ceuta,SSD diskoa,Osagaiak,1045.78,5
7563,2024-12-27,Silvio Mármol Peláez,Guadalajara,Switch-a,Sareak,220.75,9
7564,2025-07-18,Custodio Amorós Bernat,Burgos,Txartel grafikoa,Osagaiak,40.61,7
7565,2024-12-24,Amador Mendizábal Jordá,Guipúzcoa,Mahaigaineko ordenagailua,Ordenagailuak,1115.87,3
7566,2026-04-29,Jose Antonio Marin Lobo,Zamora,Ordenagailu eramangarria,Ordenagailuak,1465.66,10
7567,2025-07-02,Victor Manuel Gracia Piquer,Córdoba,Prozesadorea,Osagaiak,1042.83,7
7568,2025-07-20,Albino Cózar Escamilla,Valladolid,Webkamera,Periferikoak,55.28,5
7569,2025-06-04,Cloe León Carpio,Jaén,Prozesadorea,Osagaiak,988.76,9
7570,2025-07-08,María Fernanda Daniela Riquelme Casals,Cádiz,Bideratzailea,Sareak,1205.67,5
7571,2026-02-15,Erasmo del Salgado,Córdoba,Bideratzailea,Sareak,715.38,7
7572,2025-12-24,Eutropio Martorell,Salamanca,Prozesadorea,Osagaiak,184.22,9
7573,2026-09-17,Ana Sofía Mateos-Font,Burgos,Ordenagailu eramangarria,Ordenagailuak,1839.56,5
7574,2024-11-12,María Cristina Seco Daza,Huelva,Mahaigaineko ordenagailua,Ordenagailuak,648.17,3
7575,2026-06-29,Bernardita Pilar Rius Alfaro,Huesca,Bideratzailea,Sareak,1344.6,10
7576,2025-08-23,Custodia Fábregas,Las Palmas,Sare-kablea,Sareak,1906.3,4
7577,2026-09-17,Liliana Bernal Salamanca,Cantabria,SSD diskoa,Osagaiak,1989.23,9
7578,2025-06-10,Claudio Roselló Doménech,Badajoz,Mini PC,Ordenagailuak,55.3,3
7579,2026-06-02,Ricarda Sotelo-Santamaria,Cuenca,RAM memoria,Osagaiak,142.26,5
7580,2026-04-19,Ana Belén Ramón Fuster,Cádiz,Webkamera,Periferikoak,1395.92,2
7581,2025-06-21,Dulce Bermejo Carlos,Valladolid,Mini PC,Ordenagailuak,33.78,9
7582,2025-07-19,Porfirio Campoy Carpio,Málaga,Ordenagailu eramangarria,Ordenagailuak,618.61,2
7583,2025-03-16,Alcides Balduino Bosch Nicolau,Albacete,Sagua,Periferikoak,408.43,10
7584,2026-05-30,Américo Segovia Ariza,Guadalajara,Switch-a,Sareak,39.79,7
7585,2026-03-11,Anna Rius Villanueva,Murcia,RAM memoria,Osagaiak,126.14,8
7586,2025-07-29,Amelia Izaguirre Coello,Soria,Wi-Fi egokigailua,Sareak,764.31,8
7587,2026-03-28,María Pilar Riera Dalmau,Zaragoza,Teklatua,Periferikoak,1456.51,10
7588,2025-11-07,Fabio Carrasco Sancho,Navarra,RAM memoria,Osagaiak,90.3,4
7589,2024-10-31,Iván Plana,Alicante,Teklatua,Periferikoak,373.66,6
7590,2024-11-07,Trini del Saavedra,Álava,Webkamera,Periferikoak,1062.83,10
7591,2025-02-12,Joaquín Huguet Rosado,Burgos,Switch-a,Sareak,1429.1,1
7592,2026-02-25,Ema Ángela Osuna Sobrino,Sevilla,Ordenagailu eramangarria,Ordenagailuak,515.3,2
7593,2024-10-01,Consuelo Alsina Bermejo,Cantabria,SSD diskoa,Osagaiak,1030.14,2
7594,2026-04-03,Bonifacio Sevillano Diego,Segovia,Mahaigaineko ordenagailua,Ordenagailuak,1635.58,3
7595,2024-11-23,Ester Luisina Mendoza Herrera,Baleares,Switch-a,Sareak,1984.63,4
7596,2025-11-07,Máxima de Manrique,Granada,Sagua,Periferikoak,297.67,1
7597,2025-08-16,Natalio Galván Plaza,Ciudad,Teklatua,Periferikoak,844.91,2
7598,2026-09-23,Rosalía Abril Clavero,Murcia,SSD diskoa,Osagaiak,1935.4,3
7599,2026-09-14,Itziar Aznar,La Coruña,Sagua,Periferikoak,721.61,3
7600,2024-10-25,Encarnación Bueno Heras,Valencia,RAM memoria,Osagaiak,1124.22,10
7601,2025-01-31,Heraclio Luque Guardiola,Santa Cruz de Tenerife,Mahaigaineko ordenagailua,Ordenagailuak,1275.42,9
7602,2024-11-07,Lourdes Landa Benavente,Zaragoza,Mahaigaineko ordenagailua,Ordenagailuak,74.21,1
7603,2025-01-25,Reyes Cerro Padilla,Zamora,Mahaigaineko ordenagailua,Ordenagailuak,1576.19,4
7604,2026-05-09,Teresa Machado,Valladolid,Sare-kablea,Sareak,1173.64,1
7605,2025-01-23,Lope Calzada Gaya,Sevilla,Txartel grafikoa,Osagaiak,1451.84,9
7606,2025-02-28,Cipriano Camino-Mayo,Guadalajara,Mahaigaineko ordenagailua,Ordenagailuak,51.72,10
7607,2024-12-29,Américo Larrañaga Quintanilla,Guipúzcoa,Sagua,Periferikoak,833.15,2
7608,2026-01-28,Pánfilo Édgar Torre Revilla,Tarragona,Mahaigaineko ordenagailua,Ordenagailuak,1177.99,5
7609,2025-04-27,Ana Bernad Guardia,Málaga,Prozesadorea,Osagaiak,1707.77,5
7610,2025-08-21,Rufina Jiménez Pareja,Ceuta,Monitorea,Periferikoak,763.96,9
7611,2024-12-24,Filomena Acero Ordóñez,Burgos,Wi-Fi egokigailua,Sareak,145.12,1
7612,2026-01-06,Fermín Mayoral Alarcón,Cádiz,Switch-a,Sareak,597.52,7
7613,2025-12-03,Gervasio Mariño Goicoechea,Cuenca,SSD diskoa,Osagaiak,1471.77,10
7614,2025-08-21,Claudia Mas Vives,Zaragoza,Monitorea,Periferikoak,1357.1,1
7615,2025-03-25,Marco Serrano Cuadrado,Soria,Txartel grafikoa,Osagaiak,1592.68,3
7616,2025-06-27,Lilia Cerro-Vigil,Salamanca,Bideratzailea,Sareak,555.5,7
7617,2024-11-01,Tomás Damián Lumbreras Cardona,Burgos,RAM memoria,Osagaiak,1475.97,1
7618,2026-04-18,Amancio Canet,Ciudad,Ordenagailu eramangarria,Ordenagailuak,801.3,4
7619,2025-10-04,Griselda Rojas-Riera,Lugo,Switch-a,Sareak,1984.35,9
7620,2026-06-20,Virgilio de España,Ávila,Mini PC,Ordenagailuak,34.32,4
7621,2024-10-17,Hortensia Baquero Leal,La Rioja,Wi-Fi egokigailua,Sareak,1436.93,5
7622,2026-03-06,Primitiva Juliá Mate,Segovia,Teklatua,Periferikoak,1470.9,1
7623,2025-08-13,María Jesús Merche Arribas Palomino,Santa Cruz de Tenerife,Bideratzailea,Sareak,474.21,7
7624,2026-06-17,Maximiano Serra Calderon,Córdoba,Ordenagailu eramangarria,Ordenagailuak,1390.39,5
7625,2025-04-02,Crescencia Cordero Chico,Alicante,Bideratzailea,Sareak,1950.39,5
7626,2025-11-15,Melisa Uribe Gimenez,Málaga,Bideratzailea,Sareak,685.34,2
7627,2025-03-20,María Cristina Cuesta,Huelva,Bideratzailea,Sareak,1569.0,7
7628,2024-12-07,Marcos Amat,Guadalajara,Prozesadorea,Osagaiak,1453.53,8
7629,2026-04-07,Roldán Salinas Ballesteros,Soria,Sagua,Periferikoak,1914.4,4
7630,2025-09-11,Aránzazu Garrido,Tarragona,Prozesadorea,Osagaiak,1724.17,2
7631,2024-10-10,Ofelia Luís-Luque,Lleida,Bideratzailea,Sareak,1108.8,4
7632,2024-12-16,Tito Amores Ruano,Jaén,Teklatua,Periferikoak,1701.9,9
7633,2025-02-26,Ambrosio Ribas Valera,Lleida,Webkamera,Periferikoak,1789.75,7
7634,2026-09-09,Fermín Ángel Casado,Lugo,Bideratzailea,Sareak,967.61,4
7635,2025-07-11,Oriana Urrutia Belda,Zamora,SSD diskoa,Osagaiak,1511.16,9
7636,2024-11-08,Rosario del Guillen,Málaga,Monitorea,Periferikoak,765.16,6
7637,2025-08-24,Luz Ródenas Acedo,Valencia,Wi-Fi egokigailua,Sareak,1894.15,2
7638,2026-01-23,María Bueno Boix,Castellón,Wi-Fi egokigailua,Sareak,47.81,6
7639,2026-04-07,Ibán Reina Rosa,La Rioja,Txartel grafikoa,Osagaiak,1265.73,1
7640,2026-09-14,Carmelita de Páez,Córdoba,Ordenagailu eramangarria,Ordenagailuak,1568.31,8
7641,2025-04-09,Espiridión Teruel Arnau,Navarra,Switch-a,Sareak,629.12,1
7642,2024-11-14,Angelino Peiró Palacio,Valladolid,Txartel grafikoa,Osagaiak,116.8,9
7643,2024-10-02,Lilia Maza Almagro,Valladolid,SSD diskoa,Osagaiak,714.48,1
7644,2026-07-27,Albano Carreras Figueras,Burgos,Sagua,Periferikoak,407.72,4
7645,2025-04-10,Glauco del Bilbao,Cantabria,Monitorea,Periferikoak,1980.32,8
7646,2025-12-25,Angelina de Cantero,Segovia,SSD diskoa,Osagaiak,1316.89,8
7647,2026-05-17,Felipe Maestre Pinto,Soria,Txartel grafikoa,Osagaiak,892.7,8
7648,2025-07-20,Apolonia Colom Lladó,Girona,Sare-kablea,Sareak,1319.71,4
7649,2025-10-13,Manu Javier Nogueira Campo,Madrid,Teklatua,Periferikoak,55.4,9
7650,2025-01-10,Jovita Gárate-Quirós,Las Palmas,RAM memoria,Osagaiak,1992.94,1
7651,2025-08-10,Loreto Melania Cortina Botella,Salamanca,Mahaigaineko ordenagailua,Ordenagailuak,1282.22,8
7652,2026-07-03,Chuy del Perez,Córdoba,SSD diskoa,Osagaiak,243.9,7
7653,2026-02-14,Fanny Bravo Mir,Castellón,Mini PC,Ordenagailuak,311.97,3
7654,2025-07-24,Regina Chelo Pinilla Nicolau,Cuenca,Txartel grafikoa,Osagaiak,1737.6,6
7655,2026-09-11,Leandro Lalo Cid Moliner,Jaén,Txartel grafikoa,Osagaiak,1400.76,2
7656,2026-05-02,Florentina Bou,Málaga,Txartel grafikoa,Osagaiak,1186.36,1
7657,2026-05-25,Verónica Berenguer Álvaro,Pontevedra,Teklatua,Periferikoak,1305.59,9
7658,2026-07-12,Vilma Poza Rius,Huesca,Mahaigaineko ordenagailua,Ordenagailuak,737.9,9
7659,2026-09-13,Aránzazu Viña Sainz,Albacete,Ordenagailu eramangarria,Ordenagailuak,445.52,6
7660,2025-01-09,Amílcar Robledo Francisco,León,Mahaigaineko ordenagailua,Ordenagailuak,1240.13,4
7661,2025-05-08,Casandra Mármol Palacio,Murcia,Wi-Fi egokigailua,Sareak,367.12,3
7662,2025-10-02,Luisa Ester Galindo Montoya,Badajoz,SSD diskoa,Osagaiak,506.4,2
7663,2025-02-01,Zaira Guerrero Pulido,Burgos,Monitorea,Periferikoak,1844.13,6
7664,2024-11-29,Moisés Goicoechea-Alvarado,Girona,SSD diskoa,Osagaiak,458.11,1
7665,2025-01-26,Amalia Emiliana Sanabria Peral,Tarragona,Mahaigaineko ordenagailua,Ordenagailuak,898.76,2
7666,2024-12-12,Francisco Jose del Bauzà,La Rioja,Bideratzailea,Sareak,974.19,9
7667,2025-09-04,Calixto Sans Cantón,Madrid,Sagua,Periferikoak,1620.38,2
7668,2025-10-21,Santos Heras,Castellón,Bideratzailea,Sareak,872.46,6
7669,2026-04-09,Dionisio Pagès Novoa,Teruel,Switch-a,Sareak,14.89,3
7670,2026-07-27,María Teresa Rovira Cabezas,Lleida,Prozesadorea,Osagaiak,74.11,3
7671,2025-10-31,Nuria Bayo Santamaría,Segovia,Mini PC,Ordenagailuak,559.69,9
7672,2025-03-04,Arturo Vicens Roselló,Huesca,SSD diskoa,Osagaiak,74.47,3
7673,2026-01-05,Agustín Pomares-Amador,La Coruña,Monitorea,Periferikoak,1852.26,3
7674,2024-10-30,María Jesús del Agustín,Guipúzcoa,Mahaigaineko ordenagailua,Ordenagailuak,1405.22,8
7675,2024-09-26,Odalys Huertas Rey,Burgos,Sagua,Periferikoak,1777.98,3
7676,2024-10-02,José Manuel del Montenegro,Ávila,Sagua,Periferikoak,405.4,9
7677,2025-10-07,Carmelo Barrera-Landa,Melilla,Monitorea,Periferikoak,610.35,7
7678,2026-09-08,Eloy Exposito Mena,Toledo,Txartel grafikoa,Osagaiak,1306.74,8
7679,2025-08-16,Sabas Herrera Cámara,Badajoz,Prozesadorea,Osagaiak,1049.99,3
7680,2026-06-15,Alicia del Llopis,Melilla,SSD diskoa,Osagaiak,1573.82,8
7681,2025-12-11,Íñigo de Blasco,Guipúzcoa,Prozesadorea,Osagaiak,1944.4,6
7682,2026-01-04,Cándida Falcó Ródenas,Asturias,Bideratzailea,Sareak,935.17,8
7683,2026-01-18,Trinidad del Rios,Segovia,Sare-kablea,Sareak,486.19,5
7684,2024-10-13,Pili Aranda Olmedo,Barcelona,Bideratzailea,Sareak,199.76,3
7685,2024-10-01,Lina Gil Prieto,Guipúzcoa,Teklatua,Periferikoak,944.98,1
7686,2025-04-16,Morena Pellicer Coloma,Lleida,SSD diskoa,Osagaiak,896.72,4
7687,2026-09-18,Chuy Catalá,Navarra,Sagua,Periferikoak,917.21,2
7688,2024-09-29,Clementina Estrada Casas,Granada,SSD diskoa,Osagaiak,1125.36,1
7689,2024-10-02,Concepción Marín Malo,La Coruña,Ordenagailu eramangarria,Ordenagailuak,1685.21,8
7690,2025-09-24,Calista Tomé Echeverría,Vizcaya,RAM memoria,Osagaiak,409.33,8
7691,2025-01-24,Eligio Lago Madrid,Madrid,Sare-kablea,Sareak,1868.18,9
7692,2025-05-27,Marianela Meléndez Maldonado,Valencia,Txartel grafikoa,Osagaiak,720.73,7
7693,2025-06-19,Leire del Ibáñez,Ciudad,Teklatua,Periferikoak,11.64,8
7694,2024-11-01,Damián Narváez Canals,Ourense,Ordenagailu eramangarria,Ordenagailuak,1571.13,9
7695,2026-01-27,Ramón Lloret-Pomares,Palencia,SSD diskoa,Osagaiak,1733.51,7
7696,2025-07-14,Adelina Espejo Anaya,Las Palmas,Sagua,Periferikoak,577.93,6
7697,2026-09-20,Pánfilo de Raya,Valladolid,Ordenagailu eramangarria,Ordenagailuak,947.93,4
7698,2026-02-21,Sara Terrón Mendoza,Asturias,Monitorea,Periferikoak,1414.38,3
7699,2025-05-15,Luis Ángel Montenegro-Gisbert,Alicante,Wi-Fi egokigailua,Sareak,970.44,5
7700,2024-11-23,Joaquina Meléndez,Pontevedra,Teklatua,Periferikoak,703.85,1
7701,2025-01-04,Eulalia Anabel Peralta Ródenas,Málaga,Prozesadorea,Osagaiak,158.48,6
7702,2024-09-28,María Fernanda Carbajo,Pontevedra,Teklatua,Periferikoak,1737.67,8
7703,2025-12-09,Santiago Pera Sola,Navarra,Bideratzailea,Sareak,127.38,9
7704,2026-08-09,Amada Zapata-Alcalde,Jaén,Sare-kablea,Sareak,1496.65,3
7705,2025-03-29,Quique Gámez Menéndez,Vizcaya,Txartel grafikoa,Osagaiak,555.77,8
7706,2025-08-23,Celestino Varela Bartolomé,Guipúzcoa,Teklatua,Periferikoak,652.51,3
7707,2025-12-16,Rafael del Chaves,Zaragoza,Sagua,Periferikoak,75.34,4
7708,2024-12-02,Ernesto Chaparro Ribas,Valencia,Mahaigaineko ordenagailua,Ordenagailuak,763.79,10
7709,2026-02-10,Lucho Velázquez Maza,Santa Cruz de Tenerife,Wi-Fi egokigailua,Sareak,1046.43,8
7710,2026-08-27,Adriana Montserrat Soriano,Pontevedra,Sare-kablea,Sareak,743.91,4
7711,2026-05-13,Juan Pablo Álvaro Campo,Alicante,SSD diskoa,Osagaiak,579.64,5
7712,2026-03-07,Luis Ángel Bertrán Ferrero,Melilla,Bideratzailea,Sareak,753.69,4
7713,2025-08-14,Bernardita de Monreal,Barcelona,Mahaigaineko ordenagailua,Ordenagailuak,53.18,5
7714,2024-12-24,Arturo Tomás Gracia,Salamanca,Webkamera,Periferikoak,320.93,8
7715,2025-03-24,Manuelita Mendez Parra,León,Teklatua,Periferikoak,141.3,5
7716,2026-04-29,Fermín del Alvarez,Granada,Prozesadorea,Osagaiak,765.63,2
7717,2026-05-18,Belén Antúnez Vergara,Burgos,Ordenagailu eramangarria,Ordenagailuak,237.83,2
7718,2025-03-30,Gerardo Viana Velasco,Tarragona,Ordenagailu eramangarria,Ordenagailuak,602.76,7
7719,2025-01-01,Faustino Arregui Diego,Baleares,Ordenagailu eramangarria,Ordenagailuak,1266.69,9
7720,2025-05-27,Anselma Trillo Chaves,Madrid,Teklatua,Periferikoak,266.91,7
7721,2024-12-27,Belen Sacristán-Tur,Álava,Mahaigaineko ordenagailua,Ordenagailuak,98.23,8
7722,2025-10-18,Roque Alcalá,Álava,Ordenagailu eramangarria,Ordenagailuak,1060.85,5
7723,2025-01-08,Alejo Aguirre-Galván,Sevilla,Teklatua,Periferikoak,1583.84,9
7724,2025-04-14,Leire Planas Luz,León,Txartel grafikoa,Osagaiak,1276.19,7
7725,2024-11-23,Hernán Jordá Porras,La Coruña,Mini PC,Ordenagailuak,1290.27,3
7726,2025-08-04,José María Cerdá Sacristán,Jaén,Switch-a,Sareak,604.47,9
7727,2025-09-28,Antonia Prada Ros,Las Palmas,Sagua,Periferikoak,708.56,6
7728,2026-02-11,Fidel Chema Marí Anglada,Cuenca,Teklatua,Periferikoak,850.68,4
7729,2024-12-20,Chuy Carbó-Mena,Cádiz,RAM memoria,Osagaiak,1642.66,1
7730,2025-01-16,Fermín Márquez Martínez,Álava,RAM memoria,Osagaiak,997.37,2
7731,2025-03-25,Abraham Mármol Álvaro,Albacete,Txartel grafikoa,Osagaiak,1253.1,5
7732,2025-07-01,Ariadna Hierro Pinilla,La Rioja,RAM memoria,Osagaiak,633.8,9
7733,2024-12-29,Eufemia de Miranda,Castellón,Teklatua,Periferikoak,1909.19,1
7734,2025-03-08,Ramiro Tolosa Puga,Huesca,Mini PC,Ordenagailuak,1667.51,6
7735,2024-11-19,Jordán Trillo Alegria,Cáceres,Prozesadorea,Osagaiak,1777.7,6
7736,2025-12-09,Amando del Mesa,Jaén,Txartel grafikoa,Osagaiak,1370.2,3
7737,2025-05-02,Samu Ballesteros Solsona,Cuenca,Ordenagailu eramangarria,Ordenagailuak,210.2,8
7738,2026-01-25,Nicolasa Alcalde Castrillo,Zaragoza,Bideratzailea,Sareak,1203.69,6
7739,2024-11-04,Noemí Abella Vicente,Cantabria,RAM memoria,Osagaiak,1703.79,2
7740,2025-06-24,Ruben Lladó,Soria,Prozesadorea,Osagaiak,1055.98,8
7741,2025-08-31,Marcio Ferrer Gual,Lleida,SSD diskoa,Osagaiak,890.8,4
7742,2026-09-12,Baudelio Parejo Pintor,Santa Cruz de Tenerife,Wi-Fi egokigailua,Sareak,1848.38,10
7743,2026-03-14,Malena Barrena Noriega,Madrid,Mahaigaineko ordenagailua,Ordenagailuak,488.33,2
7744,2025-02-05,Bartolomé del Larrañaga,Segovia,Switch-a,Sareak,1434.26,8
7745,2025-11-16,Plácido Lastra Pedro,Cuenca,Prozesadorea,Osagaiak,1382.16,10
7746,2024-10-09,Jordán del Anaya,Córdoba,Switch-a,Sareak,658.28,2
7747,2026-01-01,Jose Manuel Sierra Toro,Badajoz,Sare-kablea,Sareak,1370.65,9
7748,2026-03-08,Reyes del Verdugo,Vizcaya,Sare-kablea,Sareak,701.1,1
7749,2024-11-20,Cristóbal Perea Luque,Las Palmas,Txartel grafikoa,Osagaiak,325.4,4
7750,2025-09-16,Clementina de Garriga,Cantabria,Bideratzailea,Sareak,307.9,6
7751,2025-11-13,Casemiro Garcés Guillén,Guipúzcoa,Teklatua,Periferikoak,1974.4,6
7752,2025-10-26,Alondra Tomé Toledo,Cáceres,Mini PC,Ordenagailuak,1936.12,1
7753,2025-11-05,Isidora Aguiló,Almería,Ordenagailu eramangarria,Ordenagailuak,1882.6,4
7754,2024-12-07,Bernardo de Guardiola,Albacete,Mini PC,Ordenagailuak,814.3,4
7755,2025-09-19,Gracia Bellido-Domingo,Palencia,Prozesadorea,Osagaiak,927.16,9
7756,2026-07-31,Diana Nélida Madrid Manzano,Pontevedra,Mahaigaineko ordenagailua,Ordenagailuak,1248.0,10
7757,2024-10-28,Aníbal Hernando,Palencia,Mini PC,Ordenagailuak,1705.81,9
7758,2025-04-09,Abril Adán Uribe,Pontevedra,Mahaigaineko ordenagailua,Ordenagailuak,1205.21,4
7759,2025-12-20,Amor Elorza Torralba,Sevilla,Teklatua,Periferikoak,1622.39,10
7760,2025-10-15,Fidel Moraleda Artigas,Granada,Wi-Fi egokigailua,Sareak,453.0,2
7761,2026-07-11,Lara Amorós Ochoa,Barcelona,Mini PC,Ordenagailuak,155.7,8
7762,2025-03-22,Chita Pablo Marin,Valencia,Sagua,Periferikoak,879.47,4
7763,2025-06-04,Dulce de Casares,Jaén,Wi-Fi egokigailua,Sareak,380.39,10
7764,2025-04-08,Eva María Pujadas,Málaga,Mini PC,Ordenagailuak,608.51,6
7765,2025-03-28,Consuelo Herranz Alcántara,Las Palmas,Teklatua,Periferikoak,1993.22,8
7766,2025-04-29,Belén Villalba Bernad,Guadalajara,Prozesadorea,Osagaiak,924.15,7
7767,2026-08-25,Roldán Carranza Torrecilla,Ávila,SSD diskoa,Osagaiak,780.59,6
7768,2026-09-01,Fausto Torrecilla Barberá,Huelva,Txartel grafikoa,Osagaiak,1514.4,2
7769,2025-03-21,Camilo Salas Posada,Segovia,Teklatua,Periferikoak,1379.65,3
7770,2026-04-07,Adalberto Lozano-Cid,Barcelona,Monitorea,Periferikoak,351.3,1
7771,2025-04-06,José Manuel Mariscal Cases,Pontevedra,Webkamera,Periferikoak,975.5,5
7772,2025-07-20,Pelayo de Casado,Cáceres,SSD diskoa,Osagaiak,856.23,2
7773,2025-12-29,Ariel Mercader-Alcalde,Huesca,Prozesadorea,Osagaiak,893.85,3
7774,2025-08-31,Mariano Bayona Quiroga,Soria,Sare-kablea,Sareak,1209.28,5
7775,2024-11-26,Hector Edmundo Sanmiguel Vara,Almería,Sare-kablea,Sareak,1734.84,10
7776,2026-03-09,Amor Valenzuela Nevado,Albacete,Monitorea,Periferikoak,1612.8,7
7777,2025-10-17,Vasco Sevilla,Guadalajara,Sagua,Periferikoak,1557.7,4
7778,2025-07-25,Jose Francisco Lobo Vega,Teruel,Sare-kablea,Sareak,943.32,4
7779,2026-04-25,Benjamín Escribano Segura,Huelva,Mini PC,Ordenagailuak,1745.53,8
7780,2026-09-04,Ester Farré Calvo,Zaragoza,SSD diskoa,Osagaiak,1432.1,7
7781,2025-08-26,Paz Peñalver Alvarado,Guipúzcoa,Webkamera,Periferikoak,1498.88,6
7782,2026-09-17,Jenny Romeu Carretero,Valladolid,Sagua,Periferikoak,1150.23,4
7783,2025-01-02,Carla de Río,Barcelona,Sagua,Periferikoak,514.86,6
7784,2026-06-10,Carlito Carreras Gisbert,Teruel,Txartel grafikoa,Osagaiak,1894.68,8
7785,2025-03-02,Margarita Pons Aznar,Vizcaya,Wi-Fi egokigailua,Sareak,1017.45,9
7786,2025-12-20,Delfina Encarna Juan Gómez,Valencia,Teklatua,Periferikoak,1580.12,10
7787,2026-01-29,Elisabet Flavia Beltrán Saavedra,Palencia,Teklatua,Periferikoak,1437.13,8
7788,2025-06-04,Sebastian José Juárez Montenegro,Huesca,Ordenagailu eramangarria,Ordenagailuak,1405.49,3
7789,2025-08-04,Ismael Riera Cámara,Ceuta,Txartel grafikoa,Osagaiak,585.89,1
7790,2025-09-25,Mariana Rueda Ibáñez,Huesca,Switch-a,Sareak,1668.8,6
7791,2026-06-28,Julio César Mariano Muñoz Piquer,Guadalajara,Wi-Fi egokigailua,Sareak,869.36,4
7792,2026-02-07,Abilio Sainz,Álava,Wi-Fi egokigailua,Sareak,818.52,7
7793,2026-03-02,Nieves Céspedes Cañellas,Valencia,Ordenagailu eramangarria,Ordenagailuak,1707.17,5
7794,2024-12-14,Fito Cuevas Acevedo,Cuenca,Bideratzailea,Sareak,1959.92,10
7795,2025-12-20,Primitivo Sanjuan Alcalá,Las Palmas,Mini PC,Ordenagailuak,473.4,5
7796,2026-02-20,Toni Cuéllar Bonet,Córdoba,Mini PC,Ordenagailuak,63.75,2
7797,2025-05-10,Aroa del Tovar,Melilla,Sagua,Periferikoak,480.76,10
7798,2024-09-25,Marino Segismundo Villar Ferrero,La Rioja,Switch-a,Sareak,382.6,8
7799,2025-02-27,Sabas Giménez Conde,Guipúzcoa,Ordenagailu eramangarria,Ordenagailuak,654.59,7
7800,2025-06-04,Hermenegildo Larrañaga Iborra,Pontevedra,Sare-kablea,Sareak,1891.9,10
7801,2026-03-13,Florentino Mateu Castrillo,Lleida,Bideratzailea,Sareak,1570.77,2
7802,2025-10-12,Teresita Octavia Méndez Donoso,Castellón,Wi-Fi egokigailua,Sareak,1424.74,5
7803,2026-05-12,Fermín Galván Sobrino,Zamora,Monitorea,Periferikoak,1157.77,1
7804,2025-12-09,Ofelia Carreras Batalla,Baleares,Teklatua,Periferikoak,166.0,9
7805,2026-05-11,Godofredo Alemany Ortega,León,Bideratzailea,Sareak,415.63,4
7806,2026-06-21,Imelda Pereira Verdú,Segovia,RAM memoria,Osagaiak,1574.6,1
7807,2025-11-21,Pepita Giralt Camps,Valladolid,SSD diskoa,Osagaiak,1698.35,10
7808,2024-10-27,Arcelia Mariño Urrutia,Madrid,Wi-Fi egokigailua,Sareak,127.7,3
7809,2025-09-13,Hipólito Andrés Santana,Valladolid,Bideratzailea,Sareak,1200.66,6
7810,2026-05-26,Luisina Checa Nevado,Jaén,Mini PC,Ordenagailuak,866.13,3
7811,2026-03-31,Amador Simón Viña Comas,Toledo,RAM memoria,Osagaiak,909.81,5
7812,2025-06-26,Rufina Arteaga Zorrilla,Alicante,Mahaigaineko ordenagailua,Ordenagailuak,600.73,2
7813,2026-01-22,Odalys Farré Alemany,Lugo,Wi-Fi egokigailua,Sareak,1319.68,8
7814,2026-07-04,Raimundo Alarcón Palma,Albacete,Teklatua,Periferikoak,1600.98,10
7815,2026-01-26,Evangelina Romero Abellán,Guipúzcoa,Monitorea,Periferikoak,1612.99,6
7816,2026-02-27,Chema Galán Garay,Álava,Webkamera,Periferikoak,1575.89,10
7817,2025-02-11,Iván Bonifacio Roldán Gilabert,Badajoz,Monitorea,Periferikoak,270.73,10
7818,2025-11-16,Ani Sanmiguel Aranda,Cuenca,Teklatua,Periferikoak,1151.65,3
7819,2025-04-06,Íñigo Iglesia Blasco,Huesca,Wi-Fi egokigailua,Sareak,995.17,5
7820,2025-02-19,Reynaldo Figueras Mate,Murcia,Wi-Fi egokigailua,Sareak,1708.0,10
7821,2025-02-10,Marianela Martin,Santa Cruz de Tenerife,Webkamera,Periferikoak,1773.52,7
7822,2025-09-18,Flavio Menendez Suárez,Zamora,Webkamera,Periferikoak,246.28,1
7823,2025-12-03,Nydia Azcona Soto,Ceuta,Bideratzailea,Sareak,1532.64,1
7824,2026-01-18,Julia Montero,Madrid,RAM memoria,Osagaiak,1487.34,5
7825,2026-05-30,Evangelina Feliu-Peláez,Madrid,Ordenagailu eramangarria,Ordenagailuak,957.15,2
7826,2025-01-06,Benito del Codina,Jaén,Prozesadorea,Osagaiak,423.16,9
7827,2024-10-09,Marcelo Múñiz Martínez,Melilla,Mini PC,Ordenagailuak,1420.6,5
7828,2024-10-16,Edu Rey,Albacete,Monitorea,Periferikoak,944.57,4
7829,2026-01-26,Epifanio Barrena Díez,Jaén,Wi-Fi egokigailua,Sareak,874.22,1
7830,2026-09-23,Pastor Miguel Ángel Poza Bernal,Burgos,Sagua,Periferikoak,1641.27,10
7831,2025-02-12,Tatiana Casares Calleja,Málaga,Sagua,Periferikoak,1299.82,2
7832,2026-07-05,Estefanía Hernando Aragonés,Cáceres,Teklatua,Periferikoak,534.64,7
7833,2025-10-28,Rodolfo Lucas Belda,Valladolid,Mini PC,Ordenagailuak,1512.17,6
7834,2026-08-29,Manu Gámez-Enríquez,Zaragoza,Mahaigaineko ordenagailua,Ordenagailuak,1443.82,5
7835,2026-09-14,Tamara Roca Garriga,Granada,Webkamera,Periferikoak,1953.71,8
7836,2025-04-13,Sancho Cabanillas Parra,La Rioja,Mini PC,Ordenagailuak,862.74,6
7837,2025-02-16,Rodrigo Boada Cabeza,Soria,Sagua,Periferikoak,1983.36,7
7838,2026-01-16,Amanda del Ayllón,Almería,Webkamera,Periferikoak,1013.3,1
7839,2025-12-19,Cipriano Zurita Codina,Santa Cruz de Tenerife,Prozesadorea,Osagaiak,287.15,6
7840,2025-02-14,Encarnación Carvajal,Teruel,Prozesadorea,Osagaiak,1164.3,3
7841,2025-05-23,Isidoro Santamaría Buendía,Alicante,Txartel grafikoa,Osagaiak,632.13,10
7842,2026-02-13,Berto de Gaya,Álava,Sare-kablea,Sareak,1852.14,5
7843,2024-10-21,Jaime Ávila,Vizcaya,Wi-Fi egokigailua,Sareak,770.6,7
7844,2026-08-24,Nicolasa Garmendia Carrasco,Baleares,Switch-a,Sareak,1386.12,10
7845,2025-12-18,Ciro Elías,Palencia,SSD diskoa,Osagaiak,1538.63,9
7846,2026-05-18,Amador Ortuño Andrés,León,Ordenagailu eramangarria,Ordenagailuak,744.48,7
7847,2025-07-01,Irene Villar Zorrilla,Zamora,Prozesadorea,Osagaiak,77.74,10
7848,2026-04-13,Juanito Estevez-Asenjo,Huesca,Bideratzailea,Sareak,1818.46,8
7849,2024-12-26,Melisa Prieto Fiol,Huelva,Txartel grafikoa,Osagaiak,316.87,6
7850,2025-01-09,Jorge Amador,Cuenca,Wi-Fi egokigailua,Sareak,332.84,9
7851,2026-09-04,Visitación de Bueno,Álava,Monitorea,Periferikoak,1231.49,1
7852,2025-02-07,Vicente Uría Sevilla,La Coruña,Mini PC,Ordenagailuak,286.76,3
7853,2025-06-05,Gastón Demetrio Collado Ávila,Granada,Wi-Fi egokigailua,Sareak,1659.86,9
7854,2025-01-03,Jimena Quiroga Perera,Pontevedra,Mahaigaineko ordenagailua,Ordenagailuak,322.44,2
7855,2025-10-20,Isa Martinez Boix,Cáceres,Mini PC,Ordenagailuak,1432.7,6
7856,2026-07-16,Marcia del Morán,Pontevedra,Monitorea,Periferikoak,714.25,5
7857,2025-01-24,Perla Pavón,Baleares,Monitorea,Periferikoak,846.15,2
7858,2024-11-05,Fanny Sevilla Lucas,Cáceres,Mini PC,Ordenagailuak,509.35,2
7859,2025-01-08,Hilario Córdoba Verdejo,Jaén,SSD diskoa,Osagaiak,240.78,6
7860,2025-05-17,Gaspar Ramón-Aguilar,Huelva,Sare-kablea,Sareak,787.15,10
7861,2025-02-11,Florina Roxana Julián Baró,Valladolid,Sare-kablea,Sareak,1350.8,6
7862,2026-09-01,Jacinta Lara Bárcena,Álava,Bideratzailea,Sareak,394.16,6
7863,2025-06-25,Ale Egea Bernad,Vizcaya,Sare-kablea,Sareak,61.72,2
7864,2026-09-15,Hilda Sevillano Canals,Castellón,RAM memoria,Osagaiak,445.26,8
7865,2024-12-03,Rosendo Cuervo Toledo,Sevilla,Wi-Fi egokigailua,Sareak,185.27,4
7866,2025-08-05,Arturo Torrijos Farré,Ciudad,Txartel grafikoa,Osagaiak,773.22,8
7867,2025-01-19,Perla del Asensio,Cádiz,Teklatua,Periferikoak,1280.14,3
7868,2026-05-18,Heriberto Luís Linares,Salamanca,Webkamera,Periferikoak,1777.66,9
7869,2025-03-29,Dalila Benigna Figueras Bilbao,Santa Cruz de Tenerife,SSD diskoa,Osagaiak,1718.69,5
7870,2026-03-04,Glauco Clemente Alberto,Badajoz,Wi-Fi egokigailua,Sareak,956.47,5
7871,2026-04-26,Jonatan Mayo Tovar,Málaga,Ordenagailu eramangarria,Ordenagailuak,1513.5,7
7872,2025-09-15,Roxana Gallart,Cuenca,Monitorea,Periferikoak,788.37,8
7873,2025-06-09,Sebastian del Molina,Guadalajara,Txartel grafikoa,Osagaiak,16.43,10
7874,2025-02-09,Marisa Chacón,Badajoz,Txartel grafikoa,Osagaiak,1856.97,10
7875,2026-06-18,Horacio Gonzalez Calderon,Pontevedra,Ordenagailu eramangarria,Ordenagailuak,1869.67,6
7876,2025-03-17,Clemente Moya Arco,Valencia,Ordenagailu eramangarria,Ordenagailuak,1768.5,8
7877,2025-06-11,Camila Patiño Planas,Baleares,Mahaigaineko ordenagailua,Ordenagailuak,1874.4,1
7878,2026-07-31,Anabel Ferrera,Salamanca,Bideratzailea,Sareak,197.14,2
7879,2026-08-28,María Dolores Mateu Barriga,Segovia,RAM memoria,Osagaiak,1012.29,5
7880,2025-12-07,Fátima Pacheco,Soria,Teklatua,Periferikoak,1126.45,9
7881,2025-04-07,Rosalva Márquez Alcaraz,Santa Cruz de Tenerife,Prozesadorea,Osagaiak,888.3,1
7882,2026-08-16,Cristóbal del Morales,Santa Cruz de Tenerife,Wi-Fi egokigailua,Sareak,153.16,3
7883,2026-05-18,Hortensia Villalobos Menendez,Teruel,Sagua,Periferikoak,1381.33,2
7884,2026-02-14,Adán Salvador Briones,Ávila,Mini PC,Ordenagailuak,1287.44,7
7885,2025-03-04,Juan Carlos Armengol Suárez,Tarragona,Txartel grafikoa,Osagaiak,1974.48,5
7886,2025-12-21,Camilo Ferrández Fabra,Sevilla,Webkamera,Periferikoak,1695.39,3
7887,2025-01-10,Delfina Anunciación Ariza Mercader,La Rioja,SSD diskoa,Osagaiak,559.4,7
7888,2026-06-26,Antonio Galván Rosell,Valladolid,Prozesadorea,Osagaiak,1516.47,10
7889,2026-03-14,Cipriano Linares Rosselló,Melilla,RAM memoria,Osagaiak,756.48,10
7890,2024-12-02,María Dolores Ani Santana Monreal,Sevilla,Wi-Fi egokigailua,Sareak,1674.11,4
7891,2024-10-17,Gerónimo Bauzà Bayón,Albacete,Prozesadorea,Osagaiak,169.5,6
7892,2024-12-11,Samuel Jaume-Giménez,Valladolid,Mini PC,Ordenagailuak,1482.17,5
7893,2024-11-12,Paz Pombo Casal,Huesca,Monitorea,Periferikoak,1693.49,7
7894,2025-11-08,Charo Verdugo Seguí,Las Palmas,SSD diskoa,Osagaiak,1390.53,2
7895,2026-05-30,Marcio Mariño Adadia,Valencia,Ordenagailu eramangarria,Ordenagailuak,152.18,8
7896,2026-08-25,Octavio Basilio Uribe Osuna,Burgos,Txartel grafikoa,Osagaiak,410.31,9
7897,2025-08-14,Encarnacion Otero Reyes,Lleida,Mahaigaineko ordenagailua,Ordenagailuak,907.6,8
7898,2025-11-01,Cesar Bello,León,Switch-a,Sareak,424.9,8
7899,2025-06-28,Noa Zurita Fonseca,Cáceres,Prozesadorea,Osagaiak,129.36,6
7900,2026-05-03,Felipa Baró Mosquera,Lugo,Mini PC,Ordenagailuak,1114.97,3
7901,2025-03-12,Amelia Exposito Carballo,Cáceres,Bideratzailea,Sareak,997.17,2
7902,2025-03-03,Bernardita Cornejo Jaén,Málaga,RAM memoria,Osagaiak,407.37,5
7903,2025-12-22,Wilfredo Saavedra Carrillo,Burgos,RAM memoria,Osagaiak,67.2,6
7904,2026-01-25,Salvador Soria Corominas,Zaragoza,RAM memoria,Osagaiak,588.69,5
7905,2026-06-30,Amor Nicolau-Cadenas,Sevilla,Webkamera,Periferikoak,1787.36,9
7906,2024-11-03,Dominga Álvaro Albero,Huelva,Sare-kablea,Sareak,1523.23,6
7907,2026-05-13,Ezequiel Gras-Badía,Zamora,RAM memoria,Osagaiak,408.93,3
7908,2025-06-06,Juan Antonio España Garzón,Burgos,Ordenagailu eramangarria,Ordenagailuak,177.64,7
7909,2026-09-12,Carlota Priego Madrid,Jaén,Ordenagailu eramangarria,Ordenagailuak,1205.65,1
7910,2025-10-09,Máximo Borrego Bartolomé,Segovia,Wi-Fi egokigailua,Sareak,1000.81,1
7911,2024-11-02,Jose Francisco Juárez Figueras,Soria,Teklatua,Periferikoak,1715.95,4
7912,2026-04-26,Pacífica Vanesa Peinado Pedro,Jaén,RAM memoria,Osagaiak,168.44,8
7913,2025-08-22,Dan Nevado Sanmartín,Barcelona,Txartel grafikoa,Osagaiak,12.98,4
7914,2025-02-08,Teodora Amores Rocha,Huelva,Prozesadorea,Osagaiak,1610.49,8
7915,2025-01-01,Valerio Sebastián Muro,Melilla,Ordenagailu eramangarria,Ordenagailuak,38.41,4
7916,2024-12-31,Isaac Elías Castellanos,Huelva,Sagua,Periferikoak,327.13,2
7917,2025-05-10,Jordán Blanes-Ferrer,Cuenca,Bideratzailea,Sareak,1068.13,3
7918,2026-02-17,Purificación Querol Azcona,Cádiz,Mahaigaineko ordenagailua,Ordenagailuak,1741.27,7
7919,2026-06-02,Ariadna Villena,Málaga,Mahaigaineko ordenagailua,Ordenagailuak,1081.48,8
7920,2025-08-29,Albino Arribas Herrera,Segovia,Switch-a,Sareak,26.57,7
7921,2025-06-16,Clotilde Bolaños Polo,Las Palmas,RAM memoria,Osagaiak,1139.41,10
7922,2026-07-14,Anastasia Felisa Contreras Amor,Albacete,Ordenagailu eramangarria,Ordenagailuak,487.54,7
7923,2026-04-27,Almudena de Tejedor,Ceuta,Sare-kablea,Sareak,937.76,10
7924,2026-04-15,Reina Perlita Fuente Bejarano,Melilla,Switch-a,Sareak,836.41,8
7925,2026-01-05,Loida Quiroga Vázquez,Murcia,Webkamera,Periferikoak,1439.29,3
7926,2025-09-06,Darío Dan Solé Cortina,Córdoba,Teklatua,Periferikoak,1558.32,3
7927,2026-09-09,María Luisa Canales-Bernal,Toledo,Txartel grafikoa,Osagaiak,386.14,2
7928,2025-09-16,Inés Elisabet Valle Sans,Alicante,Txartel grafikoa,Osagaiak,1021.77,8
7929,2025-02-16,Carmelo José María Bertrán Vilanova,La Coruña,SSD diskoa,Osagaiak,1382.36,10
7930,2024-11-07,Vidal Gomis Zamora,Badajoz,Ordenagailu eramangarria,Ordenagailuak,200.72,3
7931,2025-12-29,Heriberto Reinaldo Gallardo Flores,Cáceres,Webkamera,Periferikoak,471.73,10
7932,2025-11-26,Régulo Trillo Mayol,Cantabria,Sagua,Periferikoak,1642.77,3
7933,2025-03-13,Claudia Arnal,Tarragona,Mini PC,Ordenagailuak,1632.68,5
7934,2026-09-08,Apolonia Morillo Plaza,Ourense,Ordenagailu eramangarria,Ordenagailuak,754.15,4
7935,2025-03-13,Encarnación Sarita Chamorro Arnau,Cantabria,Ordenagailu eramangarria,Ordenagailuak,1343.6,4
7936,2025-01-11,Maribel del Busquets,Girona,Sagua,Periferikoak,262.47,7
7937,2024-10-05,Eloísa Mariscal-Recio,Zamora,Monitorea,Periferikoak,743.53,10
7938,2025-02-27,Heraclio Orozco,Guadalajara,Ordenagailu eramangarria,Ordenagailuak,260.81,6
7939,2025-05-06,Joaquín Manolo Tena Pellicer,Girona,Switch-a,Sareak,321.6,4
7940,2025-01-14,María Manuela Pinilla-Ballesteros,Ciudad,RAM memoria,Osagaiak,128.82,7
7941,2026-04-27,Benito Sanz Agullo,Valladolid,Ordenagailu eramangarria,Ordenagailuak,975.73,7
7942,2024-10-12,Elisabet de Fajardo,Barcelona,Monitorea,Periferikoak,224.83,8
7943,2025-11-27,Silvia Isabela Cánovas Tomé,Pontevedra,Teklatua,Periferikoak,1917.61,2
7944,2025-04-21,Nacio Torralba Iriarte,Lleida,Wi-Fi egokigailua,Sareak,1401.9,8
7945,2025-09-17,Blas Gervasio Carpio Arregui,Las Palmas,Wi-Fi egokigailua,Sareak,1337.64,9
7946,2025-11-06,Anastasio Prada Tapia,Sevilla,Sare-kablea,Sareak,1764.58,6
7947,2026-06-30,Brunilda Solsona Tenorio,Las Palmas,Txartel grafikoa,Osagaiak,1760.72,10
7948,2025-06-07,Rita Macias Barreda,Zamora,Sagua,Periferikoak,1133.79,3
7949,2025-01-11,Eva Hernando Ramos,Zaragoza,Sare-kablea,Sareak,1152.86,1
7950,2025-11-04,Encarnita Guadalupe Cabrero Maestre,Guadalajara,SSD diskoa,Osagaiak,765.9,2
7951,2026-04-07,Reyna Pedro Villalba,Ourense,Switch-a,Sareak,196.44,8
7952,2025-11-30,Merche Robledo Medina,Barcelona,Mini PC,Ordenagailuak,1247.45,7
7953,2025-02-05,José Luis Mosquera Montoya,Segovia,Wi-Fi egokigailua,Sareak,456.93,7
7954,2026-08-29,Coral Tejada-Maza,Palencia,Teklatua,Periferikoak,1424.71,9
7955,2026-03-20,Luz Frutos Vilanova,Palencia,Bideratzailea,Sareak,883.74,8
7956,2026-03-20,Odalys Puente Cobos,Navarra,Ordenagailu eramangarria,Ordenagailuak,820.96,4
7957,2025-05-27,Samu Zapata Rivero,Teruel,Txartel grafikoa,Osagaiak,1612.33,8
7958,2026-05-11,Amelia de Rozas,Jaén,Sare-kablea,Sareak,218.58,8
7959,2024-11-07,Celso González Caparrós,Pontevedra,Prozesadorea,Osagaiak,334.6,1
7960,2026-04-28,Fausto Angulo-Bermejo,Barcelona,Mahaigaineko ordenagailua,Ordenagailuak,1883.38,5
7961,2026-09-13,Martin Angulo Goñi,Barcelona,Ordenagailu eramangarria,Ordenagailuak,626.58,3
7962,2025-01-11,Dani Amando Ortuño Páez,Soria,Teklatua,Periferikoak,657.82,9
7963,2025-11-07,Ambrosio Andres,Lleida,Mini PC,Ordenagailuak,1238.22,9
7964,2025-07-07,Xiomara Murillo-Navarro,Jaén,Monitorea,Periferikoak,1695.22,3
7965,2024-09-25,Aurora del Peláez,Tarragona,Bideratzailea,Sareak,1980.14,2
7966,2025-09-27,Jenaro Martínez-Arranz,Ávila,Mahaigaineko ordenagailua,Ordenagailuak,1070.36,9
7967,2026-07-07,Sonia Bayón,Vizcaya,Prozesadorea,Osagaiak,1551.83,3
7968,2025-01-21,Yolanda Carvajal,Cuenca,Bideratzailea,Sareak,885.65,10
7969,2024-10-21,Felicia Salas Falcó,Ceuta,Sagua,Periferikoak,1106.43,2
7970,2025-06-24,Josefa Landa-Catalá,La Rioja,Webkamera,Periferikoak,963.14,10
7971,2025-01-28,Teo Pinedo,Navarra,Mini PC,Ordenagailuak,919.67,1
7972,2024-10-12,Esmeralda Tur-Criado,Guipúzcoa,Switch-a,Sareak,1220.11,8
7973,2025-06-08,Julián Polo Grau,Madrid,Sare-kablea,Sareak,1469.5,10
7974,2026-04-28,Bernabé Camps,Girona,Teklatua,Periferikoak,1257.84,9
7975,2026-05-08,Nacho Iglesias Higueras,La Rioja,Wi-Fi egokigailua,Sareak,1015.2,5
7976,2024-12-09,Corona Morera Roda,Barcelona,Ordenagailu eramangarria,Ordenagailuak,153.5,5
7977,2026-02-07,Mario Ruano Herrera,La Coruña,Prozesadorea,Osagaiak,1554.1,9
7978,2025-05-15,Loreto Prado-Amador,Murcia,Sare-kablea,Sareak,1919.3,9
7979,2025-01-23,Felipe Tena Coronado,Navarra,Ordenagailu eramangarria,Ordenagailuak,1419.96,5
7980,2025-09-03,Antonia Puga Azorin,Teruel,Prozesadorea,Osagaiak,1776.82,5
7981,2026-06-21,Tito Mosquera,Palencia,Mini PC,Ordenagailuak,722.57,4
7982,2024-09-24,Emelina Requena Parra,Cuenca,Mini PC,Ordenagailuak,480.38,9
7983,2026-07-12,Apolinar Mendoza Peláez,La Coruña,SSD diskoa,Osagaiak,650.29,4
7984,2026-02-20,Pacífica Zaida Mosquera Ramón,Cuenca,Teklatua,Periferikoak,215.28,9
7985,2025-12-05,Iris del Rivera,Melilla,Teklatua,Periferikoak,1442.64,6
7986,2026-08-04,Lalo Daza Mata,Girona,RAM memoria,Osagaiak,296.28,7
7987,2026-08-12,Lilia Milagros Dalmau Millán,Segovia,SSD diskoa,Osagaiak,177.12,5
7988,2025-06-25,Renato Badía-Alcalá,Jaén,Mahaigaineko ordenagailua,Ordenagailuak,1228.36,8
7989,2025-11-16,Carlos Arana Campoy,Valladolid,Ordenagailu eramangarria,Ordenagailuak,1748.55,3
7990,2026-06-21,Quirino Olivé Pera,Cuenca,Prozesadorea,Osagaiak,1796.76,10
7991,2026-01-12,Luis Ángel del Agustí,Valencia,Ordenagailu eramangarria,Ordenagailuak,1965.38,10
7992,2025-01-28,Teodosio Mulet Rey,Sevilla,RAM memoria,Osagaiak,210.76,10
7993,2026-02-12,Gerardo Iglesia Tormo,León,Switch-a,Sareak,750.79,10
7994,2025-04-10,Nazaret Perales Cabello,Tarragona,Teklatua,Periferikoak,1761.16,1
7995,2025-12-26,Odalis Montes Adán,Lugo,Bideratzailea,Sareak,218.78,5
7996,2024-09-26,Encarnacion del Blasco,Castellón,SSD diskoa,Osagaiak,534.15,6
7997,2026-06-02,Rosalía Caballero Cortes,Alicante,Ordenagailu eramangarria,Ordenagailuak,876.3,2
7998,2025-09-01,Carolina Sedano,Pontevedra,Prozesadorea,Osagaiak,1010.54,1
7999,2026-07-25,Adalberto Castro-Quevedo,Tarragona,SSD diskoa,Osagaiak,1580.54,9
8000,2025-11-29,Evita Cuadrado Busquets,Almería,Sare-kablea,Sareak,284.76,2
8001,2025-12-06,Juliana Arnaiz Ferrera,Ceuta,Sare-kablea,Sareak,1138.16,6
8002,2025-10-28,Alcides Roldán Arévalo Blazquez,Alicante,Mahaigaineko ordenagailua,Ordenagailuak,923.51,5
8003,2024-10-02,Araceli del Atienza,Albacete,Ordenagailu eramangarria,Ordenagailuak,294.52,2
8004,2025-03-28,Dani Sancho,Ourense,SSD diskoa,Osagaiak,864.64,9
8005,2026-08-07,Jose Angel Gonzalo Izquierdo,Alicante,Sare-kablea,Sareak,290.36,7
8006,2026-09-10,María Cristina Marisela Téllez Villar,Melilla,Txartel grafikoa,Osagaiak,273.7,6
8007,2024-10-16,Berta Vicens Catalá,Jaén,Teklatua,Periferikoak,1075.3,6
8008,2025-02-09,Manu Bilbao,Barcelona,Txartel grafikoa,Osagaiak,1453.61,1
8009,2025-11-03,Yago Durán-Estrada,Vizcaya,Prozesadorea,Osagaiak,1621.24,2
8010,2026-06-25,Obdulia Rosalina Bustamante Cervantes,Almería,Sare-kablea,Sareak,1295.44,6
8011,2025-02-15,Jacobo Marí Pi,Jaén,SSD diskoa,Osagaiak,1293.55,8
8012,2026-03-19,Javier Valero Calleja Mateu,Sevilla,Mini PC,Ordenagailuak,1807.78,6
8013,2026-01-18,Azahar Tovar Domingo,Vizcaya,Ordenagailu eramangarria,Ordenagailuak,652.31,10
8014,2025-08-23,Melchor Ferrer Barros,Ceuta,Sagua,Periferikoak,773.12,5
8015,2025-04-23,Inés Mascaró Piñol,Asturias,Prozesadorea,Osagaiak,702.24,10
8016,2026-02-28,Pancho de Fuente,Córdoba,Teklatua,Periferikoak,784.1,5
8017,2025-01-23,Maxi Tirado Aragonés,Alicante,Bideratzailea,Sareak,1568.35,3
8018,2025-05-12,Hermenegildo Guitart Pazos,Almería,Wi-Fi egokigailua,Sareak,1024.3,2
8019,2025-07-20,Efraín Gonzalo Llamas,Lleida,Prozesadorea,Osagaiak,766.74,7
8020,2026-02-09,Ani Saturnina Manzanares Catalán,Almería,Wi-Fi egokigailua,Sareak,838.1,7
8021,2025-09-08,Ciriaco Téllez,Cuenca,Mahaigaineko ordenagailua,Ordenagailuak,226.1,9
8022,2025-07-05,Hugo Ayllón Raya,Segovia,Teklatua,Periferikoak,403.12,3
8023,2026-05-03,Manu Villaverde-Seco,La Rioja,Mini PC,Ordenagailuak,781.66,4
8024,2024-12-07,Ani Cañellas Falcón,Las Palmas,Teklatua,Periferikoak,164.73,3
8025,2025-02-20,Purificación Celia Arellano Arias,Segovia,Wi-Fi egokigailua,Sareak,1994.66,3
8026,2025-11-07,Abraham Leon Polo,Granada,Prozesadorea,Osagaiak,1138.53,10
8027,2025-05-13,Íngrid Bonet Rueda,Cuenca,Teklatua,Periferikoak,1424.7,9
8028,2024-11-08,Cosme Alberola Díaz,Castellón,Txartel grafikoa,Osagaiak,1678.25,7
8029,2025-07-22,Graciana Piñol Osorio,Cádiz,Teklatua,Periferikoak,1218.41,9
8030,2025-01-20,Adelaida Mateo Madrigal,Guadalajara,Txartel grafikoa,Osagaiak,926.4,2
8031,2026-04-11,Sonia África Vaquero Palacios,Salamanca,Bideratzailea,Sareak,835.45,9
8032,2025-11-29,Espiridión Carbajo-Piquer,Albacete,Monitorea,Periferikoak,376.45,8
8033,2026-01-06,Marciano Viana-Neira,Castellón,Prozesadorea,Osagaiak,1067.26,9
8034,2025-04-02,Pepita Barranco-Aguirre,Guadalajara,SSD diskoa,Osagaiak,325.2,2
8035,2025-02-15,Cruz Acosta Soto,Málaga,Webkamera,Periferikoak,594.9,6
8036,2025-04-06,Bernabé Baquero Sola,Ourense,Prozesadorea,Osagaiak,306.94,6
8037,2025-02-09,Marisa Sebastián Cánovas,Granada,Sare-kablea,Sareak,843.56,5
8038,2026-05-14,Yésica Diana Cañizares Palacios,Jaén,Wi-Fi egokigailua,Sareak,1638.75,10
8039,2025-03-30,Mirta Anaya Benavent,Valencia,Switch-a,Sareak,1663.28,10
8040,2025-10-06,Virginia Villalba-Avilés,Las Palmas,Webkamera,Periferikoak,736.4,3
8041,2025-10-05,Consuelo Antón Hoz,Las Palmas,Webkamera,Periferikoak,1679.88,8
8042,2024-10-11,Ángel Aguilera Azorin,Castellón,Txartel grafikoa,Osagaiak,717.82,7
8043,2025-02-16,Marciano Esparza Reyes,Jaén,Bideratzailea,Sareak,1476.17,9
8044,2025-04-10,Bernardo Gerónimo Gual Guardia,Albacete,Sagua,Periferikoak,1864.7,7
8045,2026-03-02,Leonor Tena,Madrid,Mini PC,Ordenagailuak,1004.25,6
8046,2026-04-19,Hernán Santos Herranz León,Málaga,Monitorea,Periferikoak,1905.29,6
8047,2025-05-07,Calixta Asensio Rojas,Guipúzcoa,Switch-a,Sareak,1008.28,6
8048,2025-05-18,Juan Manuel Vergara Arteaga,Ávila,Sare-kablea,Sareak,1454.51,10
8049,2026-08-15,Teodora Romero Valero,Guadalajara,Sare-kablea,Sareak,1380.8,4
8050,2025-12-30,Vilma Patiño Cervera,Zaragoza,Mahaigaineko ordenagailua,Ordenagailuak,1894.79,8
8051,2026-01-10,Fortunata Atienza Aragón,Cáceres,Sare-kablea,Sareak,430.98,2
8052,2025-08-29,Primitiva Mármol Bejarano,Guadalajara,SSD diskoa,Osagaiak,1153.43,8
8053,2026-06-27,Duilio Laguna Asenjo,Tarragona,Prozesadorea,Osagaiak,251.77,10
8054,2025-07-13,Vasco Roldán,Lleida,Mini PC,Ordenagailuak,1188.36,5
8055,2026-01-18,Eloísa Cámara Arranz,Alicante,Switch-a,Sareak,215.71,3
8056,2026-06-18,Marina Díaz Camacho,Tarragona,Sare-kablea,Sareak,1479.97,8
8057,2024-11-23,Juan Francisco Puente Prado,León,Switch-a,Sareak,1889.7,1
8058,2025-11-04,Berta Silva-Calderon,Melilla,SSD diskoa,Osagaiak,1381.22,8
8059,2026-07-12,Abigaíl Ferrán-Anglada,Granada,Wi-Fi egokigailua,Sareak,202.21,10
8060,2026-05-05,Aroa Águeda Ribas Segarra,Jaén,Bideratzailea,Sareak,509.61,1
8061,2025-09-26,Atilio Alvarado Saldaña,Huelva,Mahaigaineko ordenagailua,Ordenagailuak,1772.21,8
8062,2025-06-19,Calixto Salazar Barroso,Huesca,Sagua,Periferikoak,1378.64,9
8063,2025-05-07,Nicolasa Macaria Salmerón Sobrino,Badajoz,SSD diskoa,Osagaiak,1549.49,8
8064,2026-02-03,Ainoa Velasco,Navarra,Wi-Fi egokigailua,Sareak,958.52,3
8065,2026-02-14,Maribel Querol-Sandoval,Valladolid,Sagua,Periferikoak,408.39,7
8066,2026-02-11,Mariana Cabanillas,Lugo,Ordenagailu eramangarria,Ordenagailuak,119.86,3
8067,2025-02-21,Irma del Canals,Murcia,Mini PC,Ordenagailuak,1407.37,8
8068,2025-09-02,Marcela Flores Zurita,Málaga,Monitorea,Periferikoak,1099.62,9
8069,2026-03-28,Candelaria del Portero,Ávila,Sare-kablea,Sareak,1098.44,6
8070,2026-06-19,Aristides de Tormo,Castellón,Ordenagailu eramangarria,Ordenagailuak,680.16,9
8071,2025-06-12,Emilio Feliu Ramis,Valencia,Ordenagailu eramangarria,Ordenagailuak,1220.13,6
8072,2026-02-01,Marciano Madrid,Ávila,Mini PC,Ordenagailuak,335.69,6
8073,2025-02-12,Josué Villanueva Blanch,Salamanca,Ordenagailu eramangarria,Ordenagailuak,1612.15,6
8074,2025-01-06,Juan Luis Galvez-Mancebo,Almería,Sare-kablea,Sareak,968.37,2
8075,2026-08-08,Bernardino Gutiérrez Zamora,Castellón,Sare-kablea,Sareak,1258.49,9
8076,2025-10-02,Leocadia Ricarda Elorza Llobet,Madrid,Switch-a,Sareak,639.88,4
8077,2026-03-19,Begoña Franco Pedraza,Ciudad,Sare-kablea,Sareak,210.2,9
8078,2025-02-10,Pepita Rincón Benavides,Santa Cruz de Tenerife,Bideratzailea,Sareak,1095.42,3
8079,2025-09-22,Florentina Granados-Ordóñez,Alicante,Webkamera,Periferikoak,926.98,3
8080,2025-10-04,Gonzalo Ferrández Manzano,Segovia,Mahaigaineko ordenagailua,Ordenagailuak,1680.65,5
8081,2025-11-12,Ema Carranza Garriga,Ceuta,Prozesadorea,Osagaiak,1663.91,3
8082,2026-02-03,Herminio Diez-Trujillo,León,Prozesadorea,Osagaiak,1843.9,3
8083,2026-09-05,Íñigo Barreda Briones,Ceuta,Sagua,Periferikoak,1331.27,4
8084,2024-11-22,Jacinta Solé-Izaguirre,Guipúzcoa,Ordenagailu eramangarria,Ordenagailuak,999.81,7
8085,2026-07-30,Nacio Mateu Conesa,Cantabria,Sare-kablea,Sareak,897.51,4
8086,2025-10-02,Arsenio de Arco,La Rioja,Sare-kablea,Sareak,215.18,4
8087,2025-10-17,Marcela del Gomez,Navarra,Switch-a,Sareak,1563.91,7
8088,2026-05-26,Nadia Merino Corbacho,Ciudad,Monitorea,Periferikoak,534.7,2
8089,2025-07-11,Lope Villena-Tamarit,Albacete,Switch-a,Sareak,1496.79,7
8090,2025-12-19,Moreno Félix Barrena Leal,Burgos,Prozesadorea,Osagaiak,1826.43,6
8091,2025-03-16,Brunilda Pereira Vergara,Segovia,Switch-a,Sareak,1832.8,3
8092,2024-11-06,Josué Carbó,Albacete,Monitorea,Periferikoak,1271.95,1
8093,2025-03-14,Cosme de Correa,La Rioja,Bideratzailea,Sareak,1208.49,4
8094,2025-09-25,Hipólito del Manzano,Santa Cruz de Tenerife,Monitorea,Periferikoak,1832.6,1
8095,2026-08-19,Caridad Suarez Vergara,Castellón,Mini PC,Ordenagailuak,1507.67,8
8096,2026-03-05,Nélida Valenciano Garay,Cuenca,Teklatua,Periferikoak,519.76,3
8097,2025-04-17,Bautista Berrocal Alegria,Sevilla,Switch-a,Sareak,1199.3,1
8098,2026-03-09,Alberto Salgado Riera,Jaén,Txartel grafikoa,Osagaiak,1248.0,3
8099,2025-05-26,Marcelo Ferrández Esteban,Badajoz,Ordenagailu eramangarria,Ordenagailuak,1450.45,3
8100,2025-06-12,Álvaro Castilla Vall,Zamora,Sagua,Periferikoak,691.17,9
8101,2025-03-22,Bernarda Navas,Soria,Txartel grafikoa,Osagaiak,1155.53,8
8102,2026-02-25,Cebrián Grau Pablo,Álava,Bideratzailea,Sareak,117.0,1
8103,2026-01-22,Cintia Palomar,Teruel,Monitorea,Periferikoak,1781.12,6
8104,2025-08-23,Candela Garcia Fortuny,Lugo,Ordenagailu eramangarria,Ordenagailuak,1478.14,10
8105,2025-07-26,Lope Cerro Viñas,La Coruña,Mini PC,Ordenagailuak,717.12,6
8106,2025-08-17,Asdrubal Cornejo Tomás,Álava,Prozesadorea,Osagaiak,301.76,7
8107,2026-09-19,Débora Cañizares Larrañaga,Granada,Sare-kablea,Sareak,850.63,2
8108,2026-05-08,Seve Marí Santiago,Cáceres,Prozesadorea,Osagaiak,1502.85,4
8109,2025-06-03,Renata Amaya,La Coruña,Prozesadorea,Osagaiak,1399.16,10
8110,2026-06-22,Iker Perera Gomila,La Coruña,Prozesadorea,Osagaiak,305.97,2
8111,2026-04-24,Sosimo Sevilla,Málaga,Ordenagailu eramangarria,Ordenagailuak,548.88,9
8112,2025-01-15,Loida Chelo Navarrete Vilalta,Córdoba,Mahaigaineko ordenagailua,Ordenagailuak,613.97,5
8113,2026-01-15,Adán Enrique Hoz Jove,Teruel,Mini PC,Ordenagailuak,1957.94,9
8114,2025-03-17,Piedad Bermejo Berrocal,Murcia,RAM memoria,Osagaiak,978.95,1
8115,2025-03-29,Caridad Yuste Peinado,Ceuta,SSD diskoa,Osagaiak,584.53,4
8116,2025-01-27,Anselmo Izaguirre Teruel,Asturias,Prozesadorea,Osagaiak,1018.18,4
8117,2025-03-05,Pepe Alegria Camacho,Lleida,Sare-kablea,Sareak,317.3,8
8118,2025-06-03,Aura Donoso Gelabert,Asturias,Webkamera,Periferikoak,1024.39,4
8119,2025-01-13,René Castell Andrade,La Coruña,Ordenagailu eramangarria,Ordenagailuak,353.94,7
8120,2026-07-17,Florencia Viñas-Maestre,Burgos,Sare-kablea,Sareak,613.88,7
8121,2024-12-24,Ignacia Hurtado Anaya,Palencia,Webkamera,Periferikoak,1040.82,4
8122,2025-10-11,Damián de Tenorio,Madrid,RAM memoria,Osagaiak,889.95,5
8123,2025-02-24,Hector Bolaños-Sáenz,Segovia,SSD diskoa,Osagaiak,977.79,6
8124,2026-01-11,Graciano Pina Velázquez,Jaén,Bideratzailea,Sareak,1222.49,9
8125,2026-07-02,Jose Antonio Peláez Porcel,Castellón,Webkamera,Periferikoak,1490.22,4
8126,2025-10-18,Anselmo Arrieta-Bello,Ourense,SSD diskoa,Osagaiak,1102.0,5
8127,2025-07-24,Amelia Gibert Molina,Tarragona,Sagua,Periferikoak,1826.24,9
8128,2025-01-14,Florencia Terrón Boix,Palencia,Mahaigaineko ordenagailua,Ordenagailuak,1830.51,4
8129,2026-01-23,Azahar Lorenzo Redondo,Granada,Txartel grafikoa,Osagaiak,1879.7,3
8130,2025-08-30,Valeria Campos Armas,Cádiz,SSD diskoa,Osagaiak,539.81,7
8131,2026-03-18,Raúl Toño Botella Rojas,Cuenca,Txartel grafikoa,Osagaiak,569.67,10
8132,2026-04-17,Crescencia del Arranz,Málaga,Sagua,Periferikoak,1649.96,2
8133,2026-07-17,Sosimo Campillo Carro,Melilla,SSD diskoa,Osagaiak,70.54,2
8134,2025-11-20,Diana Isern Lucas,La Rioja,Bideratzailea,Sareak,1510.67,9
8135,2025-05-08,Rosalina Catalán-Cid,Salamanca,Txartel grafikoa,Osagaiak,1095.26,1
8136,2025-08-15,Carmelita Escudero-Franch,Valencia,Mini PC,Ordenagailuak,725.96,6
8137,2025-01-20,Nieves Soler Sáez,Huelva,SSD diskoa,Osagaiak,1359.6,4
8138,2024-11-29,Angelita del Clavero,Tarragona,Sare-kablea,Sareak,880.52,6
8139,2025-05-29,Eliseo Terrón,León,Mahaigaineko ordenagailua,Ordenagailuak,600.41,2
8140,2024-12-11,Mariana Iglesias Nieto,Huelva,Mahaigaineko ordenagailua,Ordenagailuak,689.53,3
8141,2025-01-29,Javier Cabañas Llopis,Badajoz,Txartel grafikoa,Osagaiak,531.24,6
8142,2024-11-17,Josep Alcolea Coca,Vizcaya,Switch-a,Sareak,1028.17,1
8143,2025-11-15,Virginia Nieto Maldonado,Ourense,Txartel grafikoa,Osagaiak,357.55,2
8144,2025-01-06,Juan Bautista Curro Jara Cabo,Huesca,Webkamera,Periferikoak,333.27,1
8145,2024-11-11,Miguel Ángel Requena Lumbreras,Jaén,Wi-Fi egokigailua,Sareak,1900.98,6
8146,2025-08-29,Jonatan Cañete,Girona,Ordenagailu eramangarria,Ordenagailuak,1386.29,9
8147,2025-02-18,Calixta Eva Rebollo Nogueira,Las Palmas,Txartel grafikoa,Osagaiak,1686.91,4
8148,2026-02-21,Rocío Correa,Cuenca,Switch-a,Sareak,1316.4,10
8149,2025-02-15,Ramón del Caro,Huelva,Teklatua,Periferikoak,1801.64,5
8150,2025-09-17,Maxi Cáceres Tomas,Murcia,Webkamera,Periferikoak,272.33,9
8151,2025-02-10,Brunilda Escudero-Caparrós,Ourense,Switch-a,Sareak,464.63,6
8152,2025-07-17,Eliseo Frutos Duarte,Pontevedra,SSD diskoa,Osagaiak,451.6,7
8153,2025-04-24,Pepita Noa Borrego Larrañaga,Cáceres,RAM memoria,Osagaiak,1197.41,5
8154,2024-10-08,Maxi Fernandez-Bonilla,La Coruña,Wi-Fi egokigailua,Sareak,1267.77,3
8155,2026-06-28,Dionisia Machado Landa,Salamanca,Txartel grafikoa,Osagaiak,993.27,10
8156,2026-03-18,Buenaventura Canals Posada,Melilla,Txartel grafikoa,Osagaiak,388.95,1
8157,2024-11-15,Marcelino Esteban Solera,Murcia,Ordenagailu eramangarria,Ordenagailuak,277.88,10
8158,2025-11-21,Eligio Graciano Tur Núñez,Madrid,Mahaigaineko ordenagailua,Ordenagailuak,63.96,5
8159,2026-05-20,Nicolás Casares Iniesta,Badajoz,Wi-Fi egokigailua,Sareak,171.9,7
8160,2025-02-20,Mayte Purificación Roma Medina,Alicante,Sare-kablea,Sareak,1027.55,2
8161,2026-09-22,Augusto Santos Sevilla,Toledo,Webkamera,Periferikoak,1200.26,10
8162,2024-12-15,Manu Reina Ferrández Santiago,Ourense,Mahaigaineko ordenagailua,Ordenagailuak,320.58,4
8163,2025-09-09,Claudio Arroyo León,Álava,Wi-Fi egokigailua,Sareak,936.32,5
8164,2026-05-19,Claudio Zamorano-Goñi,Zamora,RAM memoria,Osagaiak,1201.0,1
8165,2024-12-22,Horacio Molins,Santa Cruz de Tenerife,Bideratzailea,Sareak,1976.55,2
8166,2025-05-24,Dora Rubio Juan,Lleida,Prozesadorea,Osagaiak,11.6,10
8167,2026-05-12,María Fernanda Naranjo Montesinos,Almería,Txartel grafikoa,Osagaiak,343.42,5
8168,2025-08-21,Celso Uriarte Espejo,Baleares,Monitorea,Periferikoak,938.48,3
8169,2025-10-07,Mariana Exposito,Cádiz,Prozesadorea,Osagaiak,410.12,1
8170,2026-04-26,Iván Olivé Enríquez,Guadalajara,Sagua,Periferikoak,1057.8,8
8171,2025-11-06,Leandro Carrera Villaverde,Jaén,Webkamera,Periferikoak,1838.19,8
8172,2025-10-05,Ruperta Amat Vaquero,Granada,Mahaigaineko ordenagailua,Ordenagailuak,515.44,9
8173,2025-10-28,Germán Tejedor Benito,Castellón,Ordenagailu eramangarria,Ordenagailuak,1328.75,3
8174,2025-12-14,Angelino Álamo Pons,Cuenca,RAM memoria,Osagaiak,1093.2,2
8175,2026-02-27,Pelayo Ferrero Álamo,Guipúzcoa,Ordenagailu eramangarria,Ordenagailuak,422.4,7
8176,2025-07-16,Montserrat Noguera Valderrama,Badajoz,Wi-Fi egokigailua,Sareak,1450.16,4
8177,2025-05-05,Adrián Quevedo Quiroga,Ciudad,Mini PC,Ordenagailuak,287.16,6
8178,2026-06-16,Ricardo Castells Conesa,Lugo,Mini PC,Ordenagailuak,1013.74,10
8179,2025-06-08,Gerardo Jaume Osuna,Teruel,Sagua,Periferikoak,274.32,10
8180,2026-08-29,Mirta Esperanza Cuesta Cid,Huesca,Wi-Fi egokigailua,Sareak,1161.21,8
8181,2026-04-14,Verónica Carretero Guerra,Segovia,Switch-a,Sareak,1386.62,4
8182,2026-09-16,Jovita Delgado-Borrego,Almería,RAM memoria,Osagaiak,1372.19,7
8183,2025-10-22,Samu Heliodoro Huerta Montoya,Vizcaya,Ordenagailu eramangarria,Ordenagailuak,1813.5,7
8184,2026-09-09,Elodia Artigas Tolosa,Ciudad,Sare-kablea,Sareak,1951.3,6
8185,2025-12-26,Rosario Guardia Daza,Segovia,Switch-a,Sareak,1794.29,6
8186,2026-07-27,Maximiano Moreno Serna,Cádiz,Bideratzailea,Sareak,1561.94,7
8187,2025-04-17,Eufemia Morcillo Costa,Vizcaya,Teklatua,Periferikoak,405.25,3
8188,2025-06-17,Joaquín Camacho,Alicante,Ordenagailu eramangarria,Ordenagailuak,1537.4,8
8189,2025-02-01,Leonor Carlos Borja,Badajoz,Mahaigaineko ordenagailua,Ordenagailuak,524.83,7
8190,2025-10-15,Berta de Diéguez,Barcelona,Mahaigaineko ordenagailua,Ordenagailuak,727.84,8
8191,2026-04-22,Carmela Iborra Escamilla,Las Palmas,Webkamera,Periferikoak,492.26,1
8192,2026-08-26,Celestina Abad-Mancebo,Valladolid,Prozesadorea,Osagaiak,1404.11,2
8193,2024-10-15,Pepita Villena,Segovia,Switch-a,Sareak,1583.14,7
8194,2025-12-13,Agapito Cifuentes Salgado,Málaga,Sagua,Periferikoak,388.41,3
8195,2025-05-04,Clara Calatayud Valero,Las Palmas,Sagua,Periferikoak,1959.1,6
8196,2025-07-19,Luis Miguel Cañas Alarcón,Cádiz,Monitorea,Periferikoak,1029.39,5
8197,2025-08-12,Eloísa Matas Fabra,Asturias,Mini PC,Ordenagailuak,1217.3,8
8198,2024-11-12,Dimas Izaguirre Ferrán,Toledo,RAM memoria,Osagaiak,849.75,10
8199,2024-12-05,Máxima Carrión-Ferrer,Álava,Monitorea,Periferikoak,1076.41,4
8200,2025-04-03,Filomena Villalba,Córdoba,Switch-a,Sareak,1554.8,8
8201,2026-01-03,Clímaco Feijoo Raya,Ourense,Bideratzailea,Sareak,1715.76,2
8202,2026-03-06,Albano Alarcón Aroca,Barcelona,Monitorea,Periferikoak,938.29,8
8203,2024-12-19,Graciela Segovia Guerra,Málaga,Prozesadorea,Osagaiak,864.49,6
8204,2025-06-12,Agustina Novoa Perales,Girona,RAM memoria,Osagaiak,647.31,6
8205,2025-05-29,Reyes Rodrigo Tomás,Guadalajara,Switch-a,Sareak,1536.35,6
8206,2025-09-09,Abraham Mariño-Iñiguez,Lugo,Teklatua,Periferikoak,142.5,9
8207,2025-09-10,Juan Manuel Santamaría Arellano,Asturias,Txartel grafikoa,Osagaiak,751.54,8
8208,2025-10-29,Sonia Ros Mas,Toledo,Prozesadorea,Osagaiak,246.85,3
8209,2026-03-09,Zaida Alexandra Nogués Gibert,Baleares,Monitorea,Periferikoak,1464.96,10
8210,2025-02-13,Albina Marco Abad,Girona,Wi-Fi egokigailua,Sareak,1460.1,8
8211,2025-11-30,Lucas Emigdio Monreal Catalá,Valencia,Ordenagailu eramangarria,Ordenagailuak,679.29,4
8212,2024-10-02,Glauco Durán Casares,León,Wi-Fi egokigailua,Sareak,415.35,10
8213,2026-05-18,Felipa Ribes Solano,Teruel,Monitorea,Periferikoak,1312.27,7
8214,2025-01-16,Samuel Montoya Almeida,Burgos,SSD diskoa,Osagaiak,1961.5,8
8215,2025-10-03,Josep Gomila Casas,La Coruña,Wi-Fi egokigailua,Sareak,981.1,2
8216,2024-11-20,Claudia Marqués Uría,Lleida,Monitorea,Periferikoak,315.48,6
8217,2025-12-07,Danilo Goyo Echeverría Aramburu,Lugo,Bideratzailea,Sareak,1383.14,2
8218,2025-02-07,Ramiro Baños Granados,Burgos,Webkamera,Periferikoak,128.95,4
8219,2025-07-12,Rosendo Casals,Málaga,Teklatua,Periferikoak,376.31,7
8220,2025-03-19,Saturnina Rodriguez-Girona,Palencia,Sare-kablea,Sareak,1250.15,8
8221,2026-03-19,Aurelio Sebastián Larrea,Cantabria,Switch-a,Sareak,275.19,2
8222,2026-06-12,Carmelo Verdú Coello,Asturias,Sare-kablea,Sareak,1933.34,4
8223,2025-03-04,América Bermejo-Bellido,Albacete,Ordenagailu eramangarria,Ordenagailuak,1940.15,1
8224,2024-11-07,Felipe Hurtado Becerra,Soria,Teklatua,Periferikoak,1733.39,5
8225,2025-12-24,Ruperta Pacheco Moya,Tarragona,Sare-kablea,Sareak,1431.84,7
8226,2025-04-01,Etelvina Diego Bauzà,Navarra,Monitorea,Periferikoak,1824.74,6
8227,2026-05-16,Irma Guzman,Murcia,Webkamera,Periferikoak,134.65,4
8228,2025-12-01,Haroldo Amigó Campo,Salamanca,SSD diskoa,Osagaiak,1680.41,3
8229,2025-07-23,Perla Ofelia Agustí Durán,Burgos,Sare-kablea,Sareak,551.27,5
8230,2026-03-19,Bernardino Leal-Gibert,Toledo,Ordenagailu eramangarria,Ordenagailuak,1629.33,9
8231,2026-06-28,Lalo Gabino Guerra Puente,Ávila,Mini PC,Ordenagailuak,753.75,3
8232,2025-12-18,Emilio del Gisbert,Barcelona,Monitorea,Periferikoak,1602.57,8
8233,2024-10-06,Leoncio del Parejo,Asturias,Prozesadorea,Osagaiak,1110.7,7
8234,2025-12-29,Pelayo Noriega Sáez,León,RAM memoria,Osagaiak,776.22,6
8235,2025-07-24,Loreto Valero Valls,Cuenca,Bideratzailea,Sareak,1131.17,5
8236,2026-08-13,Corona Saldaña Duarte,Vizcaya,Sagua,Periferikoak,84.7,10
8237,2026-08-24,María Belén Yéssica Reyes Ochoa,Murcia,Prozesadorea,Osagaiak,1028.4,8
8238,2024-11-13,Araceli Niño,Murcia,Switch-a,Sareak,307.58,10
8239,2025-06-15,Florencio Palma Bueno,Guipúzcoa,SSD diskoa,Osagaiak,397.33,10
8240,2025-08-27,Mariano Tudela Grande,Santa Cruz de Tenerife,Bideratzailea,Sareak,1374.11,3
8241,2024-12-08,Lino Antón Bolaños,Soria,Mini PC,Ordenagailuak,1318.82,1
8242,2026-01-05,Hipólito Ferrer Nieto,Barcelona,Monitorea,Periferikoak,511.37,5
8243,2025-03-27,Marcela de Escalona,León,Mahaigaineko ordenagailua,Ordenagailuak,365.7,8
8244,2026-06-13,Belén Chaves Sáez,Segovia,Monitorea,Periferikoak,512.73,2
8245,2025-09-03,Lisandro Guardiola Salmerón,Baleares,Mini PC,Ordenagailuak,1946.68,3
8246,2024-09-29,Juan Luis Mosquera-Oliver,Melilla,Sare-kablea,Sareak,1134.61,3
8247,2024-12-09,Yésica Tomé Beltrán,Melilla,Sare-kablea,Sareak,1444.63,6
8248,2026-08-18,Aristides Villalobos Mariño,La Coruña,Sagua,Periferikoak,1218.56,5
8249,2025-12-24,Araceli Graciela Caro Tomas,Vizcaya,Teklatua,Periferikoak,371.89,8
8250,2026-08-31,Vito de Ayuso,Valladolid,Wi-Fi egokigailua,Sareak,1003.28,1
8251,2025-06-12,Wilfredo Blanca,Cantabria,Monitorea,Periferikoak,1361.26,8
8252,2026-05-13,Ema Recio Trillo,Jaén,Monitorea,Periferikoak,1914.38,3
8253,2026-07-03,Gloria del Pou,Huelva,Ordenagailu eramangarria,Ordenagailuak,904.4,8
8254,2024-12-15,Ana Belén Medina,Toledo,RAM memoria,Osagaiak,151.3,3
8255,2025-11-27,Maxi Bosch Prieto,Girona,Mahaigaineko ordenagailua,Ordenagailuak,434.48,2
8256,2025-05-19,Etelvina Vila,Girona,Prozesadorea,Osagaiak,887.66,6
8257,2026-02-11,Patricia Borrás,Guipúzcoa,RAM memoria,Osagaiak,1662.98,5
8258,2025-02-05,Isidro Armas-Estevez,Soria,Sare-kablea,Sareak,1683.57,1
8259,2025-05-23,Leandro Heras,Toledo,Txartel grafikoa,Osagaiak,1590.57,10
8260,2026-06-04,Marcelino Escribano Cazorla,Navarra,Mini PC,Ordenagailuak,812.73,6
8261,2026-06-18,Ana Belén Suarez Lucena,Cuenca,SSD diskoa,Osagaiak,753.73,3
8262,2025-02-10,Horacio Adalberto Múgica Cabeza,Palencia,Monitorea,Periferikoak,288.28,7
8263,2025-03-16,Estela Hernández Martí,Córdoba,Mahaigaineko ordenagailua,Ordenagailuak,1712.78,2
8264,2026-06-27,Pepe del Núñez,Soria,SSD diskoa,Osagaiak,1661.25,4
8265,2024-12-19,Rosa María Gil Cifuentes,Vizcaya,Mini PC,Ordenagailuak,1779.63,8
8266,2025-10-14,Marcelo Pastor,Álava,Mahaigaineko ordenagailua,Ordenagailuak,510.41,2
8267,2024-10-15,Zoraida Mercader,Santa Cruz de Tenerife,Wi-Fi egokigailua,Sareak,752.88,5
8268,2024-11-01,Julián Ruano,Valencia,Txartel grafikoa,Osagaiak,669.89,6
8269,2025-01-05,Blas Bayón Álamo,Almería,Mahaigaineko ordenagailua,Ordenagailuak,800.51,8
8270,2026-02-19,Alejandra Manzano-Alcalde,Navarra,RAM memoria,Osagaiak,630.28,4
8271,2026-08-31,Yago Quevedo Abellán,Valencia,Switch-a,Sareak,132.22,6
8272,2026-07-24,Rosa Conde Luís,Jaén,RAM memoria,Osagaiak,1517.66,4
8273,2026-03-08,Ana Sofía Campos Tovar,Salamanca,Monitorea,Periferikoak,470.67,8
8274,2025-08-26,Martirio Sanmartín,Granada,Wi-Fi egokigailua,Sareak,429.29,2
8275,2025-05-10,Nereida Perera Pintor,Navarra,Prozesadorea,Osagaiak,47.58,10
8276,2026-02-02,Carla Escrivá Luz,Granada,Prozesadorea,Osagaiak,1270.68,2
8277,2026-04-13,Faustino Alegria Uriarte,Cantabria,Mahaigaineko ordenagailua,Ordenagailuak,444.91,4
8278,2024-09-27,Rodrigo Alberola Rosales,Toledo,Sagua,Periferikoak,1712.25,9
8279,2026-07-25,Aránzazu Iñiguez,Pontevedra,Txartel grafikoa,Osagaiak,1589.62,7
8280,2024-11-21,Lucila Hierro-Puerta,Navarra,Sare-kablea,Sareak,1071.88,9
8281,2026-02-21,José Luis Barón,Ourense,Wi-Fi egokigailua,Sareak,774.47,8
8282,2026-08-02,Mohamed Cerdá Llano,Barcelona,Wi-Fi egokigailua,Sareak,841.72,1
8283,2025-06-18,Raquel Bonilla Rovira,Granada,Prozesadorea,Osagaiak,170.62,5
8284,2026-07-26,Bautista Gilabert Alvarez,Navarra,Mahaigaineko ordenagailua,Ordenagailuak,1417.65,4
8285,2025-01-19,Salomón Rojas Ródenas,Granada,Txartel grafikoa,Osagaiak,1790.97,8
8286,2026-08-26,Blas Vicente Reguera,Soria,Ordenagailu eramangarria,Ordenagailuak,1533.18,2
8287,2026-08-02,Tamara Daza Oliva,Tarragona,Monitorea,Periferikoak,1784.28,9
8288,2025-02-13,Timoteo Clavero Diego,Lugo,Bideratzailea,Sareak,1376.44,1
8289,2026-08-17,Patricia Aguiló Lasa,Ourense,Wi-Fi egokigailua,Sareak,137.2,7
8290,2024-12-26,Isabel Sans,Huesca,Sagua,Periferikoak,298.53,9
8291,2025-07-23,Ana Aura Ribas Villalonga,Tarragona,Bideratzailea,Sareak,1118.12,5
8292,2026-07-07,Borja Diéguez Bolaños,Valladolid,Sare-kablea,Sareak,1383.1,2
8293,2024-12-27,Febe Expósito Font,La Coruña,Webkamera,Periferikoak,1775.57,4
8294,2026-07-15,Jordán Márquez-Padilla,Melilla,Sagua,Periferikoak,1811.41,5
8295,2025-08-31,Teófila Casanovas Múñiz,Asturias,Txartel grafikoa,Osagaiak,1096.85,8
8296,2024-10-23,Sancho Llano Lozano,Las Palmas,Wi-Fi egokigailua,Sareak,1927.8,9
8297,2025-03-06,Isabel Rodriguez Carlos,Huelva,Mahaigaineko ordenagailua,Ordenagailuak,587.7,6
8298,2025-02-25,Ceferino Escribano Palomar,Murcia,Sare-kablea,Sareak,1897.14,9
8299,2026-08-29,Benjamín del Gordillo,Salamanca,Ordenagailu eramangarria,Ordenagailuak,1496.22,1
8300,2025-10-01,Concepción del Carreras,Córdoba,Sare-kablea,Sareak,1629.12,4
8301,2025-02-27,Petrona del Corral,Santa Cruz de Tenerife,Bideratzailea,Sareak,1554.88,1
8302,2025-04-29,Casemiro del Aguado,Alicante,SSD diskoa,Osagaiak,1183.11,2
8303,2026-04-24,Reinaldo Bellido Bernad,Lugo,Txartel grafikoa,Osagaiak,1401.82,3
8304,2026-08-27,Vinicio Sanabria Iñiguez,Barcelona,Webkamera,Periferikoak,1960.4,5
8305,2024-12-15,Balduino Abella Cases,Valladolid,Teklatua,Periferikoak,1632.28,4
8306,2026-08-22,Ligia Barroso Lamas,Las Palmas,Webkamera,Periferikoak,511.22,8
8307,2025-11-11,José María Sáez-Montes,Soria,Sagua,Periferikoak,1960.41,6
8308,2025-10-22,Melania Ruano Herrero,Ciudad,Sare-kablea,Sareak,878.38,3
8309,2026-01-20,Maxi Cortés-Cortina,Granada,Bideratzailea,Sareak,1775.92,8
8310,2025-02-22,Obdulia Rosalva Rodriguez Tolosa,Huesca,Sagua,Periferikoak,850.17,2
8311,2025-01-05,Corona Naranjo Barroso,León,Mini PC,Ordenagailuak,1217.7,3
8312,2025-09-12,Guadalupe Tejada Adán,Sevilla,Webkamera,Periferikoak,79.23,2
8313,2025-09-10,René Palomo-Moles,Ávila,Monitorea,Periferikoak,1523.7,3
8314,2026-05-01,Ramona Gomez Casado,Guipúzcoa,Txartel grafikoa,Osagaiak,669.36,4
8315,2025-08-17,Leocadia Figueras Pomares,Las Palmas,Ordenagailu eramangarria,Ordenagailuak,1399.5,10
8316,2025-10-08,Maricela Casas Villanueva,Ciudad,Bideratzailea,Sareak,1099.21,6
8317,2026-01-09,Agapito Orozco Larrañaga,Asturias,Txartel grafikoa,Osagaiak,1683.83,8
8318,2025-04-08,Timoteo Clavero-Delgado,Córdoba,Ordenagailu eramangarria,Ordenagailuak,1766.84,7
8319,2026-02-27,Roque Quirós Iriarte,Jaén,Wi-Fi egokigailua,Sareak,789.2,8
8320,2025-07-18,Adelina Acuña,Cantabria,Bideratzailea,Sareak,400.98,8
8321,2025-10-16,Ligia Asenjo Serra,Jaén,Webkamera,Periferikoak,906.85,6
8322,2026-09-07,Nicodemo Bru,Palencia,Txartel grafikoa,Osagaiak,1050.46,6
8323,2025-11-19,Juan Francisco Gelabert-Vazquez,Baleares,Prozesadorea,Osagaiak,1959.26,10
8324,2025-05-17,Eric de Morcillo,Sevilla,Teklatua,Periferikoak,828.84,3
8325,2026-08-14,Olimpia Barba Vigil,Valladolid,Webkamera,Periferikoak,1732.89,9
8326,2025-12-03,Yéssica Company Sastre,Las Palmas,Bideratzailea,Sareak,750.13,2
8327,2026-01-29,Cloe Palacios Gutiérrez,Barcelona,Mahaigaineko ordenagailua,Ordenagailuak,1032.7,1
8328,2026-07-24,Iris Ferrer-Blázquez,Vizcaya,Ordenagailu eramangarria,Ordenagailuak,1178.68,7
8329,2025-02-15,Íñigo Quirós Porta,Salamanca,RAM memoria,Osagaiak,931.27,6
8330,2024-11-29,Juan Antonio Arnaiz,La Coruña,Ordenagailu eramangarria,Ordenagailuak,1419.76,6
8331,2025-02-16,Marcial Escribano Marí,Baleares,Switch-a,Sareak,493.35,9
8332,2025-01-12,Jerónimo Ariel Olivé Moreno,Guadalajara,Prozesadorea,Osagaiak,696.81,3
8333,2025-04-19,Felicidad Yáñez-Sacristán,Ávila,Webkamera,Periferikoak,1302.77,1
8334,2024-12-18,Juan Carlos del Prieto,Santa Cruz de Tenerife,Prozesadorea,Osagaiak,1990.92,9
8335,2025-11-10,Leticia Reyna Montes Codina,Soria,Prozesadorea,Osagaiak,300.74,1
8336,2025-01-17,Juan Carlos Díez Valenciano,Jaén,Teklatua,Periferikoak,1256.67,2
8337,2026-05-17,Demetrio Cristian Sáez Franch,Pontevedra,Bideratzailea,Sareak,73.75,1
8338,2025-01-29,Paola Rosalía Blanco Gonzalo,Córdoba,Bideratzailea,Sareak,32.82,5
8339,2025-07-06,Basilio Lozano,La Coruña,Mahaigaineko ordenagailua,Ordenagailuak,419.2,1
8340,2025-07-17,Angelita Benavente Millán,Castellón,Ordenagailu eramangarria,Ordenagailuak,1068.79,7
8341,2025-03-26,Antonio del Nuñez,Segovia,Switch-a,Sareak,1492.54,3
8342,2025-12-11,Hernando Benavente,Guipúzcoa,Mahaigaineko ordenagailua,Ordenagailuak,464.65,5
8343,2024-12-20,Isaac Gomis Cámara,Cádiz,Sagua,Periferikoak,984.8,7
8344,2025-04-08,Gema Cárdenas-Rosselló,Huesca,RAM memoria,Osagaiak,686.16,3
8345,2026-02-19,Tristán Zurita-Arcos,Las Palmas,Sare-kablea,Sareak,850.98,1
8346,2026-09-18,Galo Pedro Daza Monreal,Girona,Wi-Fi egokigailua,Sareak,1516.8,8
8347,2025-04-28,Remigio Macario Hernandez España,Ciudad,Wi-Fi egokigailua,Sareak,1093.69,8
8348,2024-11-17,Nando Molina Ibáñez,Lugo,Bideratzailea,Sareak,1569.53,10
8349,2026-06-27,Montserrat Cantón Garay,Valencia,Mini PC,Ordenagailuak,950.19,9
8350,2025-10-03,Carlos Abascal Vizcaíno,Almería,Webkamera,Periferikoak,603.49,1
8351,2025-10-13,Nieves Ferrández,Melilla,SSD diskoa,Osagaiak,997.68,7
8352,2026-03-07,Salud Zabala Aguiló,Ciudad,Mini PC,Ordenagailuak,445.96,10
8353,2026-01-13,Irene Rios,Guipúzcoa,Ordenagailu eramangarria,Ordenagailuak,615.38,7
8354,2025-12-29,Pedro Aznar,Madrid,Sagua,Periferikoak,1941.6,8
8355,2026-07-24,Leandro Crespo Segovia,Ourense,Mini PC,Ordenagailuak,98.74,10
8356,2025-03-07,Esmeralda Salom Porta,Albacete,Monitorea,Periferikoak,1828.99,6
8357,2024-10-20,Lupe Gaya Torrens,Pontevedra,Mini PC,Ordenagailuak,883.5,1
8358,2026-06-24,Buenaventura Geraldo Belda Vilalta,Segovia,Teklatua,Periferikoak,1655.87,6
8359,2024-10-06,Lina Jáuregui Gordillo,Segovia,Teklatua,Periferikoak,1512.96,10
8360,2025-10-17,Mariano Pío Álvaro Gargallo,Alicante,Ordenagailu eramangarria,Ordenagailuak,874.98,6
8361,2026-06-29,Marianela Aranda Montesinos,Ceuta,Prozesadorea,Osagaiak,1527.85,8
8362,2025-09-15,Aura de Campillo,Alicante,Wi-Fi egokigailua,Sareak,903.43,5
8363,2024-10-08,Augusto Rey,Burgos,Ordenagailu eramangarria,Ordenagailuak,1897.93,4
8364,2025-02-14,Herberto Pardo Blazquez,Barcelona,SSD diskoa,Osagaiak,439.18,10
8365,2026-08-26,Melchor Corominas Zabala,Álava,Webkamera,Periferikoak,605.42,4
8366,2025-10-27,Candelas Martínez Sancho,Badajoz,Txartel grafikoa,Osagaiak,419.42,8
8367,2025-10-20,Wálter Villena Peláez,Ciudad,Ordenagailu eramangarria,Ordenagailuak,418.97,2
8368,2024-12-22,Ovidio Murcia Leon,Murcia,Webkamera,Periferikoak,91.67,8
8369,2026-04-15,Lara Lago Barranco,Soria,Webkamera,Periferikoak,227.34,4
8370,2026-06-01,Nicolasa Huguet Baró,Murcia,Sagua,Periferikoak,487.23,2
8371,2024-12-21,Adoración Villena Estévez,Soria,Mini PC,Ordenagailuak,1786.65,7
8372,2025-12-31,Aníbal Hernando Gelabert Palomar,Zaragoza,Mahaigaineko ordenagailua,Ordenagailuak,996.64,9
8373,2026-08-09,Fulgencio Santos Saura Macías,Ciudad,Monitorea,Periferikoak,710.71,8
8374,2025-09-23,Rebeca Bermejo Pomares,Granada,Monitorea,Periferikoak,1028.58,10
8375,2025-03-14,Rodrigo Blanch Sacristán,León,Wi-Fi egokigailua,Sareak,515.7,5
8376,2025-02-17,Silvio Valentín Lillo,Badajoz,Sagua,Periferikoak,160.32,4
8377,2025-11-12,Anselma Castell Zorrilla,Soria,Sare-kablea,Sareak,1303.77,4
8378,2025-08-12,Amalia Jurado Sainz,Lleida,Mini PC,Ordenagailuak,127.99,10
8379,2025-05-04,Eleuterio Casanova Valbuena,Guadalajara,Bideratzailea,Sareak,204.86,2
8380,2025-12-06,Tamara Delia Bello Pera,Valladolid,Teklatua,Periferikoak,1225.92,8
8381,2026-05-12,Débora Iniesta Salvador,Navarra,Monitorea,Periferikoak,1494.32,4
8382,2026-03-30,Camila Blanco Almeida,Córdoba,Wi-Fi egokigailua,Sareak,1513.9,5
8383,2024-10-26,Pío Saturnino Carreras Guillén,Badajoz,Prozesadorea,Osagaiak,580.62,8
8384,2025-10-02,Corona Acuña Vélez,Valencia,Mini PC,Ordenagailuak,796.22,7
8385,2025-03-07,Eliseo Bolaños Pagès,Ciudad,SSD diskoa,Osagaiak,1378.5,2
8386,2025-04-12,Aroa Fuente Roselló,Asturias,Switch-a,Sareak,662.94,5
8387,2025-10-08,Agustina Yáñez Carbajo,Cuenca,Mini PC,Ordenagailuak,988.88,8
8388,2026-06-29,Merche Pintor Miralles,León,RAM memoria,Osagaiak,1927.71,6
8389,2025-06-15,Sabina Marin Santamaría,Cuenca,Txartel grafikoa,Osagaiak,678.57,2
8390,2025-03-07,Jesusa Bautista Palomino,Valladolid,Sare-kablea,Sareak,370.72,4
8391,2025-07-06,Rosalinda de Elías,Pontevedra,Ordenagailu eramangarria,Ordenagailuak,1040.21,10
8392,2025-02-22,Estefanía Guardiola Donaire,Málaga,Sare-kablea,Sareak,1861.7,9
8393,2024-10-04,Bonifacio Bautista Chico,Zaragoza,Wi-Fi egokigailua,Sareak,1648.52,5
8394,2026-03-14,Nando Pinto Pizarro,Guipúzcoa,Mini PC,Ordenagailuak,644.64,4
8395,2025-09-06,Cándido Carpio Marquez,Córdoba,Mini PC,Ordenagailuak,1564.16,3
8396,2025-04-05,Jose Antonio Pérez-Correa,Badajoz,Bideratzailea,Sareak,1849.97,8
8397,2026-05-10,Marino del Arranz,Melilla,Mini PC,Ordenagailuak,265.8,7
8398,2026-03-10,Pepito Lobo Belmonte,Huesca,Sare-kablea,Sareak,1862.6,4
8399,2025-11-01,Fernando Rubio Batlle,Jaén,Switch-a,Sareak,260.58,6
8400,2025-02-06,Brunilda Clarisa Godoy Gilabert,Asturias,Switch-a,Sareak,631.53,8
8401,2026-05-28,Patricia Ferrera Ríos,Zamora,Bideratzailea,Sareak,1367.64,5
8402,2025-10-03,Lisandro Perea-Carpio,Tarragona,Txartel grafikoa,Osagaiak,1222.7,2
8403,2026-06-06,Nicanor Baró Domingo,Ourense,SSD diskoa,Osagaiak,565.24,3
8404,2025-02-07,Clotilde Rivero Campos,Cuenca,Ordenagailu eramangarria,Ordenagailuak,1728.66,1
8405,2024-11-14,Ligia Murillo Espada,Lugo,Sagua,Periferikoak,1562.37,1
8406,2026-06-09,Hortensia Ortiz Barbero,Las Palmas,Sagua,Periferikoak,1057.22,9
8407,2025-03-10,Herminia Arias Pinedo,Cantabria,Prozesadorea,Osagaiak,736.2,8
8408,2026-05-17,Haydée Santiago Maestre,Jaén,Ordenagailu eramangarria,Ordenagailuak,1662.88,1
8409,2025-05-27,Ana Laguna Llano,Salamanca,Txartel grafikoa,Osagaiak,1118.74,6
8410,2024-10-29,Teodosio Tamarit-Rey,La Rioja,Sagua,Periferikoak,752.57,9
8411,2025-07-18,Mireia Coll Ramirez,Ourense,Switch-a,Sareak,1119.8,1
8412,2026-06-15,Melania Puente Correa,Huelva,Sare-kablea,Sareak,1690.41,9
8413,2025-10-30,Che Rodriguez Gracia,Lugo,Bideratzailea,Sareak,1893.35,2
8414,2026-01-17,Daniela Bernal Ugarte,Las Palmas,Ordenagailu eramangarria,Ordenagailuak,1865.49,1
8415,2026-07-28,Geraldo del Llorente,Vizcaya,Mahaigaineko ordenagailua,Ordenagailuak,37.92,9
8416,2024-11-08,Gervasio Aguirre-Recio,Navarra,Bideratzailea,Sareak,586.5,10
8417,2026-05-22,Eulalia Pedrero Monreal,Jaén,Webkamera,Periferikoak,898.5,5
8418,2025-05-21,Jesusa Alcolea Baños,Lleida,Mini PC,Ordenagailuak,1153.96,5
8419,2026-01-01,Débora Gallart Yáñez,Valladolid,Teklatua,Periferikoak,522.9,1
8420,2025-11-30,Reyna Fuertes Martorell,Teruel,Mahaigaineko ordenagailua,Ordenagailuak,459.19,3
8421,2026-09-01,Dora Borrell,Ávila,Mini PC,Ordenagailuak,1930.51,7
8422,2026-03-28,Socorro Parejo Ropero,Ávila,Mini PC,Ordenagailuak,426.52,5
8423,2026-02-13,Visitación Prieto-Esteve,Santa Cruz de Tenerife,Txartel grafikoa,Osagaiak,782.33,1
8424,2025-12-09,Camilo del Casas,Tarragona,SSD diskoa,Osagaiak,1611.8,5
8425,2024-12-02,Fidel Madrid-Sacristán,Las Palmas,Txartel grafikoa,Osagaiak,1401.45,6
8426,2024-10-22,Carmina Arco Sanchez,Las Palmas,SSD diskoa,Osagaiak,280.9,8
8427,2024-10-02,Asdrubal Lledó Serrano,León,Mini PC,Ordenagailuak,817.2,2
8428,2025-10-15,Dafne Pozo Arcos,Álava,Mini PC,Ordenagailuak,1478.52,3
8429,2025-11-02,Amarilis Jerez Llanos,Toledo,Sare-kablea,Sareak,721.97,8
8430,2025-08-06,Florentina de Pinedo,Cádiz,Ordenagailu eramangarria,Ordenagailuak,635.27,8
8431,2026-04-30,Luisa Burgos Marquez,Albacete,Mini PC,Ordenagailuak,1428.7,3
8432,2026-03-27,Quirino Paredes Salinas,Sevilla,Sare-kablea,Sareak,1227.4,8
8433,2025-02-15,Eutimio Asenjo-Jaén,Castellón,SSD diskoa,Osagaiak,28.4,8
8434,2025-08-29,Sandra Nogueira,Guipúzcoa,Mini PC,Ordenagailuak,422.75,5
8435,2025-02-16,Amílcar Peinado,Álava,Switch-a,Sareak,750.65,1
8436,2026-09-03,Manola Checa-Muñoz,Vizcaya,Txartel grafikoa,Osagaiak,1947.95,3
8437,2026-06-15,Patricia Estevez Salgado,Zamora,Mahaigaineko ordenagailua,Ordenagailuak,1600.35,2
8438,2026-05-27,Andrés Felipe Cañete Velázquez,Teruel,Mahaigaineko ordenagailua,Ordenagailuak,561.79,3
8439,2026-01-19,Teodoro de Alvarado,Tarragona,Mahaigaineko ordenagailua,Ordenagailuak,1755.2,9
8440,2025-05-29,Jose Miguel Uriarte,Asturias,Mini PC,Ordenagailuak,1786.5,6
8441,2025-10-23,Fito Ernesto Barrera Piñeiro,Tarragona,Txartel grafikoa,Osagaiak,1802.59,7
8442,2026-09-09,Vanesa Barragán-Garcia,Toledo,Switch-a,Sareak,1914.89,9
8443,2025-11-06,Eufemia Alcolea-Alfonso,Badajoz,Monitorea,Periferikoak,1434.82,10
8444,2025-12-03,Nilo Osuna,Ávila,Switch-a,Sareak,363.5,10
8445,2025-08-01,Marta Morán Moles,Ceuta,Txartel grafikoa,Osagaiak,867.22,7
8446,2026-08-16,Teodora Santamaría Benavent,Lleida,Sagua,Periferikoak,1022.89,1
8447,2026-06-03,Berta Portillo Cañete,Lleida,RAM memoria,Osagaiak,1243.26,2
8448,2025-05-07,Trini Mesa Solé,Pontevedra,Sagua,Periferikoak,1733.18,6
8449,2025-02-04,Epifanio Luís Anglada,Huelva,Switch-a,Sareak,1604.83,3
8450,2025-03-10,Loreto Abella Cortés,Segovia,Ordenagailu eramangarria,Ordenagailuak,1881.47,3
8451,2026-09-13,Salud del Salas,Burgos,SSD diskoa,Osagaiak,623.74,8
8452,2025-10-22,Inocencio Vilalta Palma,Guadalajara,Wi-Fi egokigailua,Sareak,1690.94,1
8453,2026-02-08,Elisa Gálvez,Granada,Monitorea,Periferikoak,504.83,5
8454,2025-04-12,Renato Palomares-Cuenca,Alicante,RAM memoria,Osagaiak,1259.36,9
8455,2026-08-24,Ruben de Calatayud,Girona,Ordenagailu eramangarria,Ordenagailuak,1622.62,9
8456,2026-05-26,Micaela Donoso Montes,Zamora,SSD diskoa,Osagaiak,1095.85,4
8457,2026-06-20,Eusebio Olmo Saura,Lugo,Webkamera,Periferikoak,1015.51,1
8458,2026-04-08,Epifanio Amador Benito Campo,Cantabria,RAM memoria,Osagaiak,1559.6,6
8459,2025-10-12,Dani Tejada Córdoba,Madrid,Webkamera,Periferikoak,1149.39,5
8460,2026-03-23,Gervasio Querol Cervera,Toledo,Ordenagailu eramangarria,Ordenagailuak,978.32,9
8461,2026-05-06,Lina Peña-Serna,Guipúzcoa,Monitorea,Periferikoak,293.2,9
8462,2026-06-06,Fabián Torrents Esteban,Tarragona,Prozesadorea,Osagaiak,962.2,8
8463,2026-01-24,Glauco Velasco Gisbert,Cádiz,Monitorea,Periferikoak,1173.49,3
8464,2026-08-16,Aurelio Vinicio Blazquez Calvo,Badajoz,RAM memoria,Osagaiak,1165.4,2
8465,2025-07-13,Ismael Jurado,Las Palmas,Ordenagailu eramangarria,Ordenagailuak,1744.8,3
8466,2025-01-29,Edelmira Mayoral Castelló,Murcia,Mini PC,Ordenagailuak,1249.29,5
8467,2025-05-24,Seve Fuster-Solana,Álava,Switch-a,Sareak,1318.62,9
8468,2025-06-28,Ramiro Almazán Cid,León,Mahaigaineko ordenagailua,Ordenagailuak,211.46,9
8469,2026-03-10,Brígida Gil Baeza,Huelva,Teklatua,Periferikoak,1429.32,3
8470,2025-07-16,Claudia Tena Báez,Palencia,Webkamera,Periferikoak,562.11,3
8471,2025-11-26,Gala Benavent Bartolomé,Badajoz,Sagua,Periferikoak,1193.9,10
8472,2026-05-17,Tristán Codina-Romero,Baleares,Bideratzailea,Sareak,1590.11,8
8473,2025-02-22,Nacio Roda-Portillo,Ceuta,Prozesadorea,Osagaiak,1168.3,2
8474,2026-06-05,Ascensión Yuste Tejera,Melilla,Prozesadorea,Osagaiak,478.53,4
8475,2025-03-07,Jacobo Coronado-Camino,Ceuta,Mini PC,Ordenagailuak,302.95,9
8476,2026-04-16,Jose Angel Bernat Vigil,Jaén,Bideratzailea,Sareak,783.91,8
8477,2025-04-12,Paloma Luciana Batlle Patiño,Cádiz,Ordenagailu eramangarria,Ordenagailuak,1439.13,1
8478,2026-02-01,Valentina Palacios Vilar,Valladolid,Bideratzailea,Sareak,1843.3,7
8479,2026-06-30,José María Valls Capdevila,Valladolid,SSD diskoa,Osagaiak,79.32,10
8480,2025-03-18,Eva Alvarado Valle,Salamanca,Bideratzailea,Sareak,428.12,2
8481,2024-09-30,Ana Marisa Capdevila Quintero,Jaén,Sare-kablea,Sareak,704.92,1
8482,2025-07-16,Edmundo Morán Navarrete,Cantabria,Teklatua,Periferikoak,1401.6,10
8483,2025-04-07,Lilia Pareja-Puerta,Navarra,Mahaigaineko ordenagailua,Ordenagailuak,198.31,8
8484,2026-05-08,Etelvina Isern Pacheco,Girona,Switch-a,Sareak,17.18,4
8485,2025-06-05,Mariana Cortés-Toro,Vizcaya,Webkamera,Periferikoak,1367.94,7
8486,2026-01-24,Rosalva Tamarit Molins,Guipúzcoa,Txartel grafikoa,Osagaiak,1731.53,1
8487,2025-09-27,Viviana de Santamaría,Castellón,Teklatua,Periferikoak,317.77,7
8488,2024-10-18,Begoña Busquets,Ourense,Monitorea,Periferikoak,1342.68,1
8489,2025-04-08,María Roman Guardiola,Murcia,Sare-kablea,Sareak,1313.14,9
8490,2025-12-03,Lina Enríquez,Huelva,Bideratzailea,Sareak,1210.55,1
8491,2025-09-28,Flavio Alegria Múgica,Málaga,Teklatua,Periferikoak,617.84,8
8492,2025-01-15,Aurora Nadal Tejada,Castellón,Mini PC,Ordenagailuak,89.74,2
8493,2025-10-22,Elba Barrio,Melilla,Teklatua,Periferikoak,1536.7,5
8494,2026-03-07,Rodolfo Arteaga Sola,Palencia,Ordenagailu eramangarria,Ordenagailuak,1394.5,3
8495,2025-11-06,Pepito Manzano Alemany,Ciudad,Webkamera,Periferikoak,425.22,7
8496,2025-11-03,José Manuel Egea Sala,Vizcaya,Ordenagailu eramangarria,Ordenagailuak,1102.71,6
8497,2026-04-11,Graciana Rivas Pedro,Soria,Sare-kablea,Sareak,1540.17,1
8498,2026-02-12,Concha Pino Navarrete,Álava,Prozesadorea,Osagaiak,1319.32,9
8499,2025-07-17,Mamen Mendoza Barros,Huelva,Mini PC,Ordenagailuak,1861.14,2
8500,2026-08-02,María Fortuny,Ourense,Sare-kablea,Sareak,507.95,4
8501,2026-06-24,Gracia Vergara,Salamanca,Mahaigaineko ordenagailua,Ordenagailuak,1014.56,1
8502,2026-05-15,Oriana Carro Nogués,Palencia,Teklatua,Periferikoak,492.3,7
8503,2025-07-28,Paco Gerónimo Uriarte Mayol,Granada,Monitorea,Periferikoak,221.67,8
8504,2025-07-09,Silvestre Perea Vilalta,Zaragoza,SSD diskoa,Osagaiak,1868.3,5
8505,2025-11-24,Carmelo Camino Hoyos,Navarra,Sagua,Periferikoak,117.22,5
8506,2025-03-02,Verónica Gárate,Málaga,Bideratzailea,Sareak,380.7,8
8507,2025-05-18,Domitila Azucena Camacho Salamanca,Valladolid,Txartel grafikoa,Osagaiak,1715.9,8
8508,2025-06-14,Tatiana Nuñez Pla,Navarra,Monitorea,Periferikoak,976.34,4
8509,2024-12-02,Hipólito Losa Sanabria,Asturias,Prozesadorea,Osagaiak,689.24,7
8510,2026-05-23,Elodia Falcón Gámez,Salamanca,Ordenagailu eramangarria,Ordenagailuak,961.44,1
8511,2026-04-12,Atilio del Vall,Álava,Monitorea,Periferikoak,836.16,9
8512,2025-05-22,Custodio del Vargas,Alicante,Ordenagailu eramangarria,Ordenagailuak,1377.13,7
8513,2026-08-11,Ariel Planas-Pombo,Sevilla,Mini PC,Ordenagailuak,509.43,8
8514,2026-08-07,Baudelio Sacristán Domínguez,Málaga,Switch-a,Sareak,1993.11,7
8515,2025-09-29,Emperatriz Palomares Hernández,Ávila,Mini PC,Ordenagailuak,1492.57,9
8516,2025-02-27,Lupe Macias Sarabia,Teruel,Switch-a,Sareak,1572.86,7
8517,2025-11-21,César Montes Ochoa,Segovia,Wi-Fi egokigailua,Sareak,452.24,3
8518,2025-05-25,María Fernanda Tena Mesa,La Coruña,Webkamera,Periferikoak,1829.5,5
8519,2025-02-01,Cecilio Mateos Lozano,Sevilla,Prozesadorea,Osagaiak,355.91,4
8520,2026-04-11,Wálter Leon Anglada,Córdoba,Bideratzailea,Sareak,1762.65,8
8521,2025-09-27,Áurea Cornejo-Zamora,Navarra,Sare-kablea,Sareak,1015.98,2
8522,2026-08-05,Vasco Rosado Prado,Ávila,Monitorea,Periferikoak,1346.82,10
8523,2024-12-06,Maximino Cal Linares,Huesca,Sagua,Periferikoak,873.35,1
8524,2026-06-01,María Luisa Méndez Villegas,Asturias,Teklatua,Periferikoak,1297.6,6
8525,2025-01-10,Epifanio Pou Corbacho,Pontevedra,Webkamera,Periferikoak,1718.43,10
8526,2026-07-10,Socorro Tamayo Real,Granada,Mini PC,Ordenagailuak,82.6,8
8527,2024-10-16,Pastor Corominas Noriega,Zaragoza,Txartel grafikoa,Osagaiak,1839.19,9
8528,2025-10-04,Julieta Aroa Chico Cardona,Lugo,SSD diskoa,Osagaiak,766.6,5
8529,2025-10-29,Ricardo Mario Santos Niño,Pontevedra,Wi-Fi egokigailua,Sareak,274.89,2
8530,2026-02-11,Andrés Felipe Sarmiento Suarez,León,Sare-kablea,Sareak,1009.1,8
8531,2025-12-07,Alcides de Piña,Santa Cruz de Tenerife,Webkamera,Periferikoak,1024.68,10
8532,2025-05-05,Valentina Bonet Tirado,Ceuta,Teklatua,Periferikoak,419.49,9
8533,2025-03-05,Santos de Campillo,Navarra,Wi-Fi egokigailua,Sareak,421.9,1
8534,2025-03-11,Domingo Losa Tejada,Cádiz,Ordenagailu eramangarria,Ordenagailuak,1988.63,5
8535,2025-05-20,Pastor Bautista Manrique Goñi,Albacete,Prozesadorea,Osagaiak,55.39,9
8536,2025-08-20,Juan Manuel Vall-Ballesteros,Salamanca,Ordenagailu eramangarria,Ordenagailuak,1869.58,7
8537,2025-08-18,Genoveva Duque,Valladolid,SSD diskoa,Osagaiak,64.81,10
8538,2025-01-02,Ezequiel Padilla Espada,Córdoba,Sagua,Periferikoak,1984.0,1
8539,2026-01-14,Cecilia Yuste Rico,León,Monitorea,Periferikoak,1183.43,2
8540,2025-05-29,Aura Iniesta Almeida,Vizcaya,Wi-Fi egokigailua,Sareak,562.83,5
8541,2026-05-08,Teresita Amorós Almansa,Castellón,Ordenagailu eramangarria,Ordenagailuak,735.71,10
8542,2026-05-28,Rosalinda del Uribe,Cáceres,Bideratzailea,Sareak,20.53,10
8543,2025-06-20,Delfina Ríos Galvez,Ávila,RAM memoria,Osagaiak,1751.8,8
8544,2025-10-08,Esteban del Tapia,Álava,Mahaigaineko ordenagailua,Ordenagailuak,216.13,1
8545,2025-05-21,Nicodemo Portero Novoa,Sevilla,RAM memoria,Osagaiak,1154.57,4
8546,2026-08-16,Rómulo Sanchez Cortés,Huelva,Prozesadorea,Osagaiak,526.92,7
8547,2025-08-13,Guadalupe Poza-Pinedo,Vizcaya,Webkamera,Periferikoak,215.26,2
8548,2026-02-18,Baltasar Grande España,Huelva,RAM memoria,Osagaiak,917.3,4
8549,2025-10-19,Edelmiro Saavedra Paredes,Ciudad,Switch-a,Sareak,720.47,5
8550,2024-10-24,Jordana Mosquera Arana,Pontevedra,RAM memoria,Osagaiak,405.81,5
8551,2025-02-28,Flora Cantón Morcillo,Cáceres,Webkamera,Periferikoak,867.26,10
8552,2025-08-09,Felicia Berenguer,Segovia,Sagua,Periferikoak,1899.27,8
8553,2025-04-13,Evelia Pelayo,Cantabria,Ordenagailu eramangarria,Ordenagailuak,1705.94,4
8554,2026-08-31,Fortunata Beltrán Benet,Huesca,Monitorea,Periferikoak,738.63,8
8555,2024-10-12,Maxi Santiago Ortega,Vizcaya,Teklatua,Periferikoak,162.14,2
8556,2025-11-15,Gerardo Donoso Narváez,Toledo,Ordenagailu eramangarria,Ordenagailuak,1100.19,2
8557,2025-08-09,Octavio Arjona Velasco,Madrid,Mini PC,Ordenagailuak,1712.7,1
8558,2025-04-28,Daniela Llobet Somoza,León,Switch-a,Sareak,1517.7,4
8559,2024-10-20,René Arellano,Castellón,Ordenagailu eramangarria,Ordenagailuak,1147.48,2
8560,2024-10-31,Candelario Sanjuan Lladó,Tarragona,Bideratzailea,Sareak,973.7,3
8561,2025-08-12,Sosimo Barceló Pagès,Sevilla,Bideratzailea,Sareak,1447.85,9
8562,2025-01-25,Apolonia Cornejo Bertrán,Teruel,RAM memoria,Osagaiak,1991.6,9
8563,2025-03-07,Custodio Macias,Burgos,RAM memoria,Osagaiak,842.32,3
8564,2024-10-01,Reyes Calzada Tomás,Zaragoza,Sagua,Periferikoak,746.78,2
8565,2026-02-10,Dafne Fonseca Girón,La Coruña,Webkamera,Periferikoak,1831.5,8
8566,2025-01-20,Agustina Olivares,Albacete,Wi-Fi egokigailua,Sareak,285.39,5
8567,2025-11-07,Jose Ramón Severino Salazar Camps,Alicante,Ordenagailu eramangarria,Ordenagailuak,915.43,8
8568,2026-07-29,Nereida Valdés Carretero,Las Palmas,Wi-Fi egokigailua,Sareak,1273.6,3
8569,2026-04-28,Celia del Pinilla,Cantabria,Webkamera,Periferikoak,1851.83,8
8570,2025-02-28,Caridad Santamaria Castelló,Valladolid,Wi-Fi egokigailua,Sareak,1722.58,4
8571,2026-04-26,Teresita de Campo,Asturias,Ordenagailu eramangarria,Ordenagailuak,516.71,7
8572,2025-08-17,Saturnino Torrents Luque,Valencia,Ordenagailu eramangarria,Ordenagailuak,330.21,3
8573,2025-04-08,Xiomara Huerta Quevedo,Valladolid,Sagua,Periferikoak,781.52,10
8574,2025-12-06,Tomasa Pozuelo Figueras,Álava,Ordenagailu eramangarria,Ordenagailuak,1654.36,2
8575,2026-04-02,Mar Dora León Rosell,Tarragona,Monitorea,Periferikoak,1099.84,5
8576,2024-12-10,Leonor Peral Ponce,Valladolid,Wi-Fi egokigailua,Sareak,1312.54,5
8577,2026-04-24,Manuel Velázquez Vara,Navarra,Prozesadorea,Osagaiak,673.4,1
8578,2026-03-21,Saturnino Fortuny Garrido,Segovia,Sare-kablea,Sareak,1401.2,7
8579,2026-02-01,Juan Pablo Osorio Nieto,Ávila,Monitorea,Periferikoak,1548.96,10
8580,2025-08-22,Lisandro Cabrera Pinedo,Valencia,Monitorea,Periferikoak,1276.53,1
8581,2025-01-03,Ani Rico Serna,Navarra,Teklatua,Periferikoak,1225.63,7
8582,2026-03-09,Benjamín del Bru,Córdoba,Sare-kablea,Sareak,1908.75,6
8583,2024-10-23,Onofre Cortes Arteaga,Guipúzcoa,Bideratzailea,Sareak,650.57,3
8584,2025-02-02,Teófilo Amores Orozco,Jaén,Ordenagailu eramangarria,Ordenagailuak,890.25,10
8585,2025-03-24,Patricia Ros Arranz,Segovia,Switch-a,Sareak,778.19,6
8586,2026-02-04,Elisabet Vélez Calzada,Badajoz,Bideratzailea,Sareak,985.6,8
8587,2026-01-28,Jorge Rivera Llano,Sevilla,Txartel grafikoa,Osagaiak,71.5,8
8588,2025-01-03,Nydia Pardo Almansa,Zamora,Teklatua,Periferikoak,362.78,8
8589,2025-06-09,Juanita de Herrera,Segovia,RAM memoria,Osagaiak,1617.65,8
8590,2025-03-25,Máximo Villalonga Amor,Huesca,Webkamera,Periferikoak,964.38,2
8591,2026-01-09,Nazaret Cristian Ariza Morán,Cuenca,SSD diskoa,Osagaiak,1111.26,10
8592,2025-09-02,Trinidad Arribas,Navarra,Mahaigaineko ordenagailua,Ordenagailuak,1485.41,8
8593,2025-11-19,Enrique Caballero Molina,Córdoba,Switch-a,Sareak,1282.73,5
8594,2025-01-09,Otilia Robledo Rius,Ourense,RAM memoria,Osagaiak,1541.61,4
8595,2025-12-28,Diana Heras Sanabria,Lugo,Ordenagailu eramangarria,Ordenagailuak,582.71,6
8596,2025-09-11,Encarnita de Barbero,Córdoba,Switch-a,Sareak,908.44,8
8597,2025-09-18,Pelayo Vega Pereira,Cantabria,Prozesadorea,Osagaiak,784.5,6
8598,2025-04-24,Eustaquio del Manso,Las Palmas,Mini PC,Ordenagailuak,1833.14,2
8599,2026-05-05,Herminio Cordero Guzmán,Cádiz,Wi-Fi egokigailua,Sareak,1050.19,10
8600,2025-02-25,Alfredo Castellanos Uribe,Toledo,Mini PC,Ordenagailuak,736.61,6
8601,2025-02-03,Faustino Moliner Marqués,Baleares,SSD diskoa,Osagaiak,1818.22,3
8602,2024-10-21,Atilio Torres Piñol,Badajoz,SSD diskoa,Osagaiak,720.7,9
8603,2025-04-04,Buenaventura Manjón Ros,Navarra,Teklatua,Periferikoak,1413.7,2
8604,2026-07-18,Bautista del Galán,Lleida,Teklatua,Periferikoak,1376.13,5
8605,2025-10-03,Candela Alcaraz-Mateo,La Coruña,RAM memoria,Osagaiak,657.68,6
8606,2024-11-29,Víctor Azorin Casado,Pontevedra,RAM memoria,Osagaiak,117.58,8
8607,2025-06-07,Judith Coloma Soria,Cantabria,Ordenagailu eramangarria,Ordenagailuak,445.82,6
8608,2025-06-17,Simón Corominas,Jaén,Bideratzailea,Sareak,253.19,9
8609,2025-05-31,Gema Guardia-Gonzalo,Madrid,Sagua,Periferikoak,1965.54,10
8610,2024-10-30,Roque Segarra Alarcón,Ciudad,Switch-a,Sareak,1348.91,4
8611,2026-02-27,Judith Nidia Palau Barreda,Navarra,Ordenagailu eramangarria,Ordenagailuak,1423.65,9
8612,2026-06-09,Zaira Oliveras Carbó,Guadalajara,Wi-Fi egokigailua,Sareak,820.9,7
8613,2026-07-22,Juan Bautista Segura Nogués,Teruel,Sagua,Periferikoak,1258.85,7
8614,2024-11-07,Ceferino Nicolás Puig,Salamanca,Sare-kablea,Sareak,1421.54,10
8615,2026-04-12,Isaac Juan Prat Ferrándiz,Lleida,Sare-kablea,Sareak,695.34,1
8616,2025-06-20,Samu Ferrer Juárez,Álava,Sagua,Periferikoak,816.16,9
8617,2025-05-18,Vicente Eladio Tolosa Casares,Álava,Sagua,Periferikoak,1975.94,7
8618,2025-01-06,Aureliano Molins Mínguez,Castellón,Mini PC,Ordenagailuak,1304.88,3
8619,2025-08-09,Perlita del Oliver,Pontevedra,Monitorea,Periferikoak,1357.82,3
8620,2026-07-12,Amor Ángel,Almería,Teklatua,Periferikoak,80.3,9
8621,2024-10-12,Elena Canet Dávila,Segovia,Mini PC,Ordenagailuak,103.1,10
8622,2024-11-01,Buenaventura Zurita Artigas,Sevilla,Mini PC,Ordenagailuak,296.76,10
8623,2026-05-06,Renato Jaime Iñiguez Piña,Cádiz,Webkamera,Periferikoak,1609.79,7
8624,2024-10-19,Daniela Porras Gisbert,Málaga,Webkamera,Periferikoak,1781.29,5
8625,2026-03-02,Rebeca Mateo Soto,La Rioja,Teklatua,Periferikoak,1299.63,9
8626,2025-06-18,Ismael Capdevila Domingo,Ourense,Ordenagailu eramangarria,Ordenagailuak,228.1,8
8627,2025-01-06,Leyre Vilaplana Somoza,Ávila,Wi-Fi egokigailua,Sareak,661.86,1
8628,2026-03-19,Gil Cañizares Galvez,Cáceres,SSD diskoa,Osagaiak,407.97,3
8629,2024-10-19,Cirino Valencia Mesa,Pontevedra,Prozesadorea,Osagaiak,1629.76,1
8630,2026-03-16,Arturo Castrillo Vila,Valladolid,Ordenagailu eramangarria,Ordenagailuak,1600.12,8
8631,2026-06-11,Pastor Juliá-Pozuelo,Madrid,SSD diskoa,Osagaiak,340.97,7
8632,2025-10-17,Vicente Quintanilla Vidal,Zaragoza,Mahaigaineko ordenagailua,Ordenagailuak,543.19,4
8633,2025-11-23,Hilda Verdugo-Arnal,Ourense,Prozesadorea,Osagaiak,1225.7,2
8634,2026-09-19,Moreno Alemany Carnero,Pontevedra,Bideratzailea,Sareak,1912.73,8
8635,2024-09-30,Emma Linares Goicoechea,Lugo,Switch-a,Sareak,182.59,4
8636,2025-04-19,Adelia Osuna Reig,Segovia,Mini PC,Ordenagailuak,1374.8,3
8637,2024-12-30,Humberto Mayo-Cortes,Palencia,Mahaigaineko ordenagailua,Ordenagailuak,300.9,6
8638,2026-08-08,Cayetana Macías-Cerezo,Zamora,Prozesadorea,Osagaiak,598.19,6
8639,2025-03-13,Marianela Apolonia Expósito Tejera,Lugo,Webkamera,Periferikoak,280.19,5
8640,2024-12-12,Ricardo Pujadas-Giralt,Cádiz,Webkamera,Periferikoak,1067.7,5
8641,2026-04-28,Albano del Aguiló,Salamanca,Webkamera,Periferikoak,771.67,6
8642,2026-08-16,Carina Llamas Cortés,Ourense,Txartel grafikoa,Osagaiak,860.33,1
8643,2026-03-29,Maribel Roig Jaén,Salamanca,Ordenagailu eramangarria,Ordenagailuak,237.52,5
8644,2026-01-22,Teobaldo del Agustí,Vizcaya,Monitorea,Periferikoak,147.43,6
8645,2026-03-14,Reyna Cano Sainz,Guipúzcoa,Mahaigaineko ordenagailua,Ordenagailuak,1928.65,7
8646,2026-01-10,Segismundo del Valle,Jaén,Mahaigaineko ordenagailua,Ordenagailuak,330.5,10
8647,2026-07-05,Ariel Rosado Hernandez,Ceuta,Mahaigaineko ordenagailua,Ordenagailuak,1585.98,3
8648,2025-02-08,Irma Garcia,León,Teklatua,Periferikoak,250.8,4
8649,2026-01-29,Pilar Salmerón Águila,Ciudad,Ordenagailu eramangarria,Ordenagailuak,1361.91,3
8650,2024-12-05,Lucho Florentino Querol Jara,Madrid,Prozesadorea,Osagaiak,664.7,1
8651,2026-06-29,Jose Antonio Burgos Manso,Alicante,Prozesadorea,Osagaiak,79.79,10
8652,2025-10-04,Eliseo Martin Barroso,Santa Cruz de Tenerife,Teklatua,Periferikoak,1567.31,10
8653,2026-03-02,Yago Galán Berenguer,Huesca,Bideratzailea,Sareak,1614.73,7
8654,2026-04-16,Prudencia Carbonell Agustí,Teruel,Mahaigaineko ordenagailua,Ordenagailuak,543.3,3
8655,2026-05-30,Erasmo Estevez Jurado,Murcia,Switch-a,Sareak,1302.19,5
8656,2026-06-16,Íngrid Naranjo-Calzada,Ciudad,Monitorea,Periferikoak,200.5,3
8657,2024-10-15,Estefanía Espejo Prat,Tarragona,Webkamera,Periferikoak,846.47,5
8658,2024-12-22,Dani Abril Redondo,León,Txartel grafikoa,Osagaiak,608.7,2
8659,2025-01-27,José Manuel Palma Castrillo,Alicante,Monitorea,Periferikoak,1613.25,4
8660,2026-01-01,Victoria Durán Guardiola,Guadalajara,Ordenagailu eramangarria,Ordenagailuak,1875.34,8
8661,2026-08-13,Chelo Melero Ojeda,Tarragona,RAM memoria,Osagaiak,1507.81,5
8662,2026-01-27,Primitivo Roselló Terrón,Salamanca,Switch-a,Sareak,1878.43,2
8663,2025-08-18,Joan del Ramirez,Las Palmas,Ordenagailu eramangarria,Ordenagailuak,760.76,4
8664,2025-09-17,Feliciano Jafet Lucena Lamas,Zaragoza,Wi-Fi egokigailua,Sareak,435.78,7
8665,2026-07-14,Reyna Redondo,Zamora,Wi-Fi egokigailua,Sareak,1050.76,10
8666,2024-09-27,Lino Pazos Borja,Vizcaya,Webkamera,Periferikoak,1860.69,8
8667,2026-08-21,Selena del Moliner,Ávila,Prozesadorea,Osagaiak,1531.3,5
8668,2026-02-25,Trinidad Sotelo Peinado,Tarragona,Prozesadorea,Osagaiak,1318.26,2
8669,2025-12-14,Remedios Vilaplana,Salamanca,Mahaigaineko ordenagailua,Ordenagailuak,779.24,8
8670,2025-03-09,Priscila Toro Vizcaíno,Badajoz,Sare-kablea,Sareak,1872.2,3
8671,2024-12-02,Aurelio Cabezas Elías,Ciudad,SSD diskoa,Osagaiak,1814.1,5
8672,2025-04-09,Aarón Telmo Seco Castilla,Asturias,Teklatua,Periferikoak,1971.22,6
8673,2026-07-07,Ágata Santamaria Osorio,Badajoz,Bideratzailea,Sareak,438.78,4
8674,2025-03-18,Lupe Gascón Quevedo,Castellón,Monitorea,Periferikoak,1216.62,6
8675,2025-09-05,Pili Julie Ureña Pomares,Cáceres,Sare-kablea,Sareak,1708.99,7
8676,2024-12-15,Osvaldo Cuesta-Merino,Álava,Teklatua,Periferikoak,1647.73,7
8677,2024-10-08,Aristides Vigil-Bauzà,La Rioja,Mahaigaineko ordenagailua,Ordenagailuak,1787.18,1
8678,2025-07-02,Antonia Aguilar Dominguez,Ávila,Bideratzailea,Sareak,1440.57,5
8679,2024-12-15,Mireia Higueras,León,Webkamera,Periferikoak,458.9,1
8680,2024-11-20,Hermenegildo Azcona Acedo,Álava,Mini PC,Ordenagailuak,1092.42,10
8681,2025-03-06,Guiomar Cardona Echevarría,Guadalajara,Wi-Fi egokigailua,Sareak,727.14,10
8682,2026-07-23,Rubén de Cámara,La Rioja,Webkamera,Periferikoak,1734.42,1
8683,2024-12-21,Saturnino Pacheco Rios,Pontevedra,Mini PC,Ordenagailuak,1501.4,5
8684,2025-08-12,Reina del Téllez,Córdoba,Sagua,Periferikoak,729.9,3
8685,2024-10-28,Olivia Casals Moles,Valencia,Mini PC,Ordenagailuak,638.28,7
8686,2025-08-06,Paloma Pelayo,Salamanca,Webkamera,Periferikoak,1685.8,5
8687,2026-04-13,Carlito Sanmiguel Vila,Asturias,Webkamera,Periferikoak,1491.39,6
8688,2024-12-11,Eva Bartolomé,Albacete,Wi-Fi egokigailua,Sareak,541.4,5
8689,2026-04-13,Micaela Sierra Rodríguez,Guipúzcoa,SSD diskoa,Osagaiak,143.28,3
8690,2025-04-19,Alicia Tejedor Talavera,Navarra,Mini PC,Ordenagailuak,588.26,10
8691,2025-12-17,Saturnina Saez Jove,La Rioja,SSD diskoa,Osagaiak,9.43,5
8692,2025-06-25,Salvador Lasa-Navarro,Ávila,Switch-a,Sareak,1876.64,7
8693,2025-10-08,Ignacio Enríquez,Valencia,Wi-Fi egokigailua,Sareak,1494.18,4
8694,2026-01-20,Faustino Botella Taboada,Zamora,Sare-kablea,Sareak,746.61,4
8695,2025-01-08,Inocencio Canet,Melilla,Prozesadorea,Osagaiak,636.23,1
8696,2024-12-28,Máxima Herrero Luís,Cantabria,Mahaigaineko ordenagailua,Ordenagailuak,373.61,6
8697,2025-01-15,Bárbara Castellanos Mariscal,Pontevedra,Switch-a,Sareak,301.54,8
8698,2026-02-20,Teobaldo Azcona Vives,Las Palmas,Teklatua,Periferikoak,996.44,10
8699,2025-08-15,Anselmo Cabello,Albacete,Ordenagailu eramangarria,Ordenagailuak,1461.16,5
8700,2026-04-02,Amelia Ferrándiz Rivas,Murcia,Ordenagailu eramangarria,Ordenagailuak,968.66,2
8701,2026-04-27,Oriana Palma Zamora,Palencia,Webkamera,Periferikoak,736.91,6
8702,2025-10-10,Salomón Arribas Gallo,Salamanca,RAM memoria,Osagaiak,1054.73,7
8703,2025-06-16,David Bueno Goñi,Guipúzcoa,Txartel grafikoa,Osagaiak,365.51,9
8704,2024-10-07,Eugenia de Lucas,Zaragoza,Webkamera,Periferikoak,1342.6,2
8705,2024-11-20,Candelario Barragán,Almería,Mahaigaineko ordenagailua,Ordenagailuak,1397.98,3
8706,2025-12-16,Maxi de Ponce,Madrid,Ordenagailu eramangarria,Ordenagailuak,394.14,3
8707,2025-07-27,Andrea Lamas Cornejo,Jaén,Sagua,Periferikoak,235.33,1
8708,2025-04-08,Narcisa Villaverde-Ibañez,Soria,RAM memoria,Osagaiak,221.63,2
8709,2025-05-15,Clímaco Casal Español,Ávila,Mahaigaineko ordenagailua,Ordenagailuak,1303.23,8
8710,2026-09-17,Paloma Palomar Escudero,Ciudad,Switch-a,Sareak,1684.34,3
8711,2026-06-14,Ovidio Sales-Palau,Lugo,Webkamera,Periferikoak,359.38,10
8712,2025-12-01,María Ángeles del Camacho,Guadalajara,RAM memoria,Osagaiak,1067.71,3
8713,2025-08-15,Wálter Roldán Catalán,Guadalajara,Mini PC,Ordenagailuak,737.16,3
8714,2026-05-18,Apolinar del Samper,Almería,Sagua,Periferikoak,1485.7,9
8715,2026-02-09,Anunciación Almagro Viñas,Cáceres,Sagua,Periferikoak,837.83,6
8716,2025-12-05,Rosendo Ricart Rueda,Barcelona,Mahaigaineko ordenagailua,Ordenagailuak,1831.4,6
8717,2025-06-28,Luis Miguel Sanabria Navas,Palencia,Sagua,Periferikoak,1979.25,9
8718,2024-12-17,Caridad Carballo Vicente,Valencia,Teklatua,Periferikoak,700.47,4
8719,2026-04-05,Morena Sanmiguel-Oller,Melilla,Monitorea,Periferikoak,955.27,7
8720,2025-11-13,Jose Manuel Ros Rosa,Baleares,Sagua,Periferikoak,213.92,8
8721,2026-04-01,Silvio Mur Vallejo,Huesca,Bideratzailea,Sareak,1826.34,9
8722,2024-11-04,Itziar de Zabala,Alicante,Bideratzailea,Sareak,29.55,8
8723,2025-04-11,Mónica Llobet Aragonés,Las Palmas,Bideratzailea,Sareak,1915.21,1
8724,2025-10-11,Carmelo Mínguez,Guadalajara,Mini PC,Ordenagailuak,1285.7,10
8725,2025-06-06,José María de Oliveras,Cuenca,Mahaigaineko ordenagailua,Ordenagailuak,684.3,4
8726,2025-04-25,Teodosio Gabaldón Amigó,Álava,RAM memoria,Osagaiak,93.7,9
8727,2026-01-06,Demetrio Menendez Villaverde,Valladolid,Webkamera,Periferikoak,1923.82,7
8728,2025-09-25,Melania Rios Ayllón,Santa Cruz de Tenerife,RAM memoria,Osagaiak,1468.84,7
8729,2025-04-25,Isabela Iglesia Reyes,Ávila,Teklatua,Periferikoak,1318.4,9
8730,2026-06-25,Tomasa Olga Baeza Blazquez,Vizcaya,Sagua,Periferikoak,731.66,8
8731,2024-12-09,Ainara Ballester Chaves,Cantabria,Teklatua,Periferikoak,30.79,6
8732,2024-10-22,Ezequiel Bayo-Pastor,Álava,Teklatua,Periferikoak,1868.57,8
8733,2026-08-21,Ainara Feliu Molina,Córdoba,Sagua,Periferikoak,647.28,1
8734,2026-04-21,Claudio Morcillo Pedrosa,Cádiz,Webkamera,Periferikoak,1615.84,5
8735,2024-10-12,Pacífica Cintia Salinas Orozco,Salamanca,Mini PC,Ordenagailuak,1291.99,7
8736,2025-07-07,Imelda Llorens Ferrándiz,Las Palmas,Mahaigaineko ordenagailua,Ordenagailuak,402.66,8
8737,2024-10-23,Soledad Saavedra Ferrando,Cáceres,Teklatua,Periferikoak,1130.37,9
8738,2025-08-17,Flavio Moll-Álamo,Navarra,Mini PC,Ordenagailuak,1798.75,2
8739,2025-07-27,Jose Antonio Hernando Llorens,Girona,Ordenagailu eramangarria,Ordenagailuak,385.9,10
8740,2025-04-22,Gastón Abella Sabater,Lugo,Ordenagailu eramangarria,Ordenagailuak,1308.95,1
8741,2026-01-03,Modesto Gaya Luís,Huesca,Prozesadorea,Osagaiak,1257.88,7
8742,2025-10-29,Severo de Gual,Cádiz,Mini PC,Ordenagailuak,1195.71,2
8743,2025-01-18,Teodosio Arnau-Ballesteros,Málaga,RAM memoria,Osagaiak,853.85,10
8744,2026-08-30,Che Jordá,Palencia,Prozesadorea,Osagaiak,126.81,1
8745,2024-12-26,Maristela Cabanillas Rico,Castellón,SSD diskoa,Osagaiak,693.27,5
8746,2026-01-04,Glauco Peiró Camps,Salamanca,RAM memoria,Osagaiak,255.5,4
8747,2026-03-23,Brígida Santamaria Almagro,Córdoba,Mahaigaineko ordenagailua,Ordenagailuak,1500.8,9
8748,2025-05-05,Paulino Mas Gallo,Madrid,Monitorea,Periferikoak,740.34,1
8749,2026-04-03,Nayara Monreal Perez,Córdoba,Monitorea,Periferikoak,299.51,5
8750,2025-06-17,Caridad Gabaldón Bou,Cuenca,Bideratzailea,Sareak,1259.12,7
8751,2026-09-09,Emma Lledó,Huesca,Txartel grafikoa,Osagaiak,1552.43,4
8752,2026-09-20,Rebeca de Zaragoza,Almería,Ordenagailu eramangarria,Ordenagailuak,1621.51,3
8753,2026-08-10,Cristóbal de Real,Palencia,RAM memoria,Osagaiak,1876.2,1
8754,2024-10-25,Adelia Gala Marcos Salinas,Pontevedra,SSD diskoa,Osagaiak,1466.67,1
8755,2026-03-16,Raimundo Taboada Lamas,Asturias,Mini PC,Ordenagailuak,190.59,1
8756,2025-01-16,Victor Manuel de Marquez,La Coruña,Sare-kablea,Sareak,325.79,9
8757,2025-11-26,Joaquina Lina Villena Fajardo,Málaga,Mini PC,Ordenagailuak,1580.35,4
8758,2025-12-30,Iris Nuñez Barrios,Las Palmas,Teklatua,Periferikoak,344.76,2
8759,2024-10-09,Casemiro Solana Barón,Almería,SSD diskoa,Osagaiak,1613.33,7
8760,2026-04-28,Maximiliano Severino Álvaro Catalán,Huelva,Sagua,Periferikoak,415.35,4
8761,2025-05-05,Trinidad Gimenez Castejón,Toledo,Mini PC,Ordenagailuak,301.72,6
8762,2025-11-30,Adrián Ferrández Peinado,Girona,Bideratzailea,Sareak,757.36,5
8763,2025-12-21,Eva Viñas-Belda,Tarragona,Bideratzailea,Sareak,240.2,1
8764,2025-10-04,Augusto Bayo Reguera,Cuenca,Txartel grafikoa,Osagaiak,36.15,7
8765,2025-03-26,Dafne Villa,Barcelona,Sagua,Periferikoak,1289.53,4
8766,2025-09-05,Miriam Borja Tamarit,Álava,Ordenagailu eramangarria,Ordenagailuak,629.82,2
8767,2024-12-02,Saturnino Mariño Vallés,Sevilla,Mahaigaineko ordenagailua,Ordenagailuak,848.6,10
8768,2025-09-27,Dora Barranco Valentín,Baleares,Monitorea,Periferikoak,1573.93,1
8769,2025-02-06,Saturnino Briones Rios,Castellón,Monitorea,Periferikoak,1360.7,2
8770,2025-07-11,Venceslás Bárcena,Pontevedra,Switch-a,Sareak,456.98,8
8771,2025-07-14,Maricela Marco Juárez,Huesca,Txartel grafikoa,Osagaiak,636.83,5
8772,2025-02-17,Eloy Barroso Valencia,Salamanca,Teklatua,Periferikoak,1643.87,7
8773,2026-07-16,Tatiana del Amador,Las Palmas,Monitorea,Periferikoak,1497.2,1
8774,2026-04-07,Virgilio Bermudez-Flores,Madrid,Ordenagailu eramangarria,Ordenagailuak,1168.81,5
8775,2026-07-31,Hector Chaparro Canet,Ciudad,Bideratzailea,Sareak,697.59,8
8776,2024-11-26,Elvira Girón Olmo,Segovia,Bideratzailea,Sareak,1985.28,7
8777,2026-04-21,Mauricio de Cadenas,Zaragoza,Monitorea,Periferikoak,1540.47,3
8778,2025-08-11,Fabián Gálvez Manjón,Alicante,Bideratzailea,Sareak,638.78,3
8779,2025-11-16,Ruben Cánovas Peñalver,Zamora,Wi-Fi egokigailua,Sareak,1807.85,3
8780,2025-07-05,Alejandra Llabrés-Requena,Santa Cruz de Tenerife,Mahaigaineko ordenagailua,Ordenagailuak,586.26,1
8781,2025-04-11,Josefina Ramona Ropero Valentín,Segovia,Teklatua,Periferikoak,1811.4,8
8782,2024-10-27,Rosa Aguado Alemán,Cádiz,Bideratzailea,Sareak,49.18,5
8783,2024-11-13,Sabina de Arce,Salamanca,RAM memoria,Osagaiak,1496.82,6
8784,2025-02-26,Heraclio del Macías,Álava,RAM memoria,Osagaiak,1156.15,7
8785,2026-01-22,Eusebia Múgica Rodríguez,Tarragona,Txartel grafikoa,Osagaiak,134.35,7
8786,2025-08-17,Emperatriz Navas-Céspedes,Guadalajara,Teklatua,Periferikoak,1828.69,4
8787,2026-08-27,Josefa Villaverde Arnaiz,Cáceres,Txartel grafikoa,Osagaiak,1807.24,6
8788,2025-10-22,Jovita Salvador-Coll,Burgos,Monitorea,Periferikoak,848.74,4
8789,2025-05-03,Nadia del Higueras,Santa Cruz de Tenerife,Bideratzailea,Sareak,748.4,4
8790,2025-02-02,Lucila Garzón Heras,Castellón,Wi-Fi egokigailua,Sareak,1660.0,4
8791,2024-10-27,Modesto Torrecilla,Ávila,Wi-Fi egokigailua,Sareak,1897.6,7
8792,2025-03-19,Amarilis Piñol,Pontevedra,Ordenagailu eramangarria,Ordenagailuak,109.96,3
8793,2025-09-18,Kike Gracia,Girona,Ordenagailu eramangarria,Ordenagailuak,600.63,10
8794,2026-03-17,Héctor Cantero Correa,La Rioja,Monitorea,Periferikoak,339.69,10
8795,2026-04-02,Danilo Moreno,Guadalajara,Txartel grafikoa,Osagaiak,1870.32,5
8796,2026-05-23,Gabriel Santana Ledesma,Ceuta,Webkamera,Periferikoak,1625.57,3
8797,2025-04-02,Lucas de Losada,Castellón,Ordenagailu eramangarria,Ordenagailuak,465.78,6
8798,2025-11-19,Ángela Suárez Zabaleta,Tarragona,Ordenagailu eramangarria,Ordenagailuak,497.78,6
8799,2025-03-20,Flavia Leal,Cantabria,Mahaigaineko ordenagailua,Ordenagailuak,810.45,9
8800,2025-12-13,Che de Porta,Lleida,Mini PC,Ordenagailuak,374.12,7
8801,2025-05-10,Mamen Nieto Salvador,Castellón,SSD diskoa,Osagaiak,941.42,9
8802,2024-09-29,José Manuel Romeu Bartolomé,Guadalajara,Webkamera,Periferikoak,315.53,6
8803,2025-09-26,Hector Bernal-Morcillo,Guadalajara,SSD diskoa,Osagaiak,471.73,2
8804,2025-06-08,Iker Patiño Riera,Santa Cruz de Tenerife,Mahaigaineko ordenagailua,Ordenagailuak,507.66,3
8805,2025-07-03,Zaira Galvez Gallo,Barcelona,RAM memoria,Osagaiak,252.94,6
8806,2025-03-21,Narciso Almeida Navarro,Las Palmas,Txartel grafikoa,Osagaiak,1301.45,3
8807,2026-08-03,Anastasio del Pi,Valencia,Txartel grafikoa,Osagaiak,603.79,10
8808,2025-07-27,Octavio José Manuel Mateu Prats,Cuenca,Mini PC,Ordenagailuak,1821.28,2
8809,2026-06-28,Irma Alcalá Heredia,Asturias,Teklatua,Periferikoak,1850.35,7
8810,2025-06-08,Rosaura Márquez-Lopez,Burgos,Prozesadorea,Osagaiak,1386.77,5
8811,2024-09-29,Cloe Llorente Barriga,Palencia,SSD diskoa,Osagaiak,848.58,5
8812,2026-08-04,Arsenio Mateo Montalbán,Huesca,Ordenagailu eramangarria,Ordenagailuak,459.75,6
8813,2025-06-11,Elba Roman Alegre,Lleida,Mini PC,Ordenagailuak,57.69,4
8814,2025-02-06,Áurea Pallarès Figuerola,Madrid,Mini PC,Ordenagailuak,1620.19,3
8815,2025-05-26,Andrés Miralles Salmerón,Teruel,Sagua,Periferikoak,207.33,9
8816,2025-12-27,Tecla Paz Ribes,Baleares,Switch-a,Sareak,1139.72,3
8817,2025-05-26,Olalla Alcolea-Mir,Pontevedra,Switch-a,Sareak,108.19,9
8818,2025-06-01,Javiera Pi,Vizcaya,SSD diskoa,Osagaiak,785.55,8
8819,2026-01-10,Melania Leiva Casanovas,Badajoz,SSD diskoa,Osagaiak,1638.59,10
8820,2026-08-25,Anita Aguilera Solano,Teruel,Wi-Fi egokigailua,Sareak,250.47,3
8821,2026-06-11,Fidel Antúnez,Valladolid,Mahaigaineko ordenagailua,Ordenagailuak,1082.52,1
8822,2025-09-04,Elena Menéndez,Córdoba,Bideratzailea,Sareak,256.3,6
8823,2026-06-27,Noelia Aguado Almeida,Pontevedra,RAM memoria,Osagaiak,182.76,3
8824,2025-01-12,Federico Albino Sabater Pizarro,Girona,Mini PC,Ordenagailuak,831.34,5
8825,2026-06-08,Nidia Noguera-Cabello,Lugo,Mahaigaineko ordenagailua,Ordenagailuak,508.36,1
8826,2024-11-20,Rosaura Barrios Doménech,La Rioja,RAM memoria,Osagaiak,1838.34,9
8827,2025-01-25,Toni José María Roda Ferrero,Ávila,SSD diskoa,Osagaiak,1593.2,2
8828,2025-11-05,Julia Miguel Bustamante,Baleares,SSD diskoa,Osagaiak,626.65,6
8829,2026-04-20,Donato Ibáñez Mínguez,Melilla,Mahaigaineko ordenagailua,Ordenagailuak,744.7,7
8830,2025-08-03,Óscar Lorenzo Vaquero,Vizcaya,Ordenagailu eramangarria,Ordenagailuak,1629.99,9
8831,2026-03-09,Máximo Iglesias Machado,Toledo,SSD diskoa,Osagaiak,1716.66,2
8832,2025-02-26,Nidia Pou,Ceuta,Txartel grafikoa,Osagaiak,1232.49,1
8833,2025-10-13,Nacio Torrecilla Zamora,Girona,Mini PC,Ordenagailuak,1196.4,4
8834,2025-01-20,Chelo Calderon Escalona,Segovia,Prozesadorea,Osagaiak,1600.85,8
8835,2025-07-31,Claudia Ramos,Sevilla,Bideratzailea,Sareak,1904.3,10
8836,2026-07-09,Fernanda de Viña,Córdoba,Ordenagailu eramangarria,Ordenagailuak,570.5,2
8837,2026-04-12,Jose Angel Fernandez Bolaños,Girona,RAM memoria,Osagaiak,184.16,6
8838,2024-10-31,Violeta Sevillano Badía,Soria,Wi-Fi egokigailua,Sareak,551.92,6
8839,2024-11-04,Lucía Casals-Marquez,Navarra,SSD diskoa,Osagaiak,610.68,1
8840,2026-02-06,Virgilio Villaverde Navarrete,Las Palmas,Monitorea,Periferikoak,36.4,3
8841,2025-05-24,Bernabé Alonso-Santana,León,RAM memoria,Osagaiak,114.67,9
8842,2025-02-03,Dulce Porras Millán,Santa Cruz de Tenerife,SSD diskoa,Osagaiak,1079.5,7
8843,2026-06-20,Simón Marqués-Prat,Cáceres,RAM memoria,Osagaiak,600.3,8
8844,2025-02-02,Palmira Cepeda Román,Badajoz,Mini PC,Ordenagailuak,1771.68,1
8845,2025-10-11,Espiridión Moles Alberto,Álava,Txartel grafikoa,Osagaiak,1294.67,3
8846,2026-03-23,Nydia de Marti,Girona,Teklatua,Periferikoak,154.15,7
8847,2025-11-10,Dionisia Lozano Somoza,Pontevedra,Webkamera,Periferikoak,1476.38,10
8848,2025-05-17,María Pilar Balaguer Ballesteros,Segovia,Bideratzailea,Sareak,1006.31,6
8849,2026-07-02,Morena Gil Lloret,Barcelona,Mini PC,Ordenagailuak,1605.87,9
8850,2026-08-21,Marisela del Zapata,Palencia,Ordenagailu eramangarria,Ordenagailuak,1261.0,10
8851,2025-08-27,Alexandra Cases Amaya,Toledo,Mini PC,Ordenagailuak,1059.4,2
8852,2026-05-13,Jorge Vázquez Alcolea,Ávila,Prozesadorea,Osagaiak,1751.38,9
8853,2025-08-28,Sandalio Oller,Tarragona,Txartel grafikoa,Osagaiak,149.79,5
8854,2026-08-07,Malena España Bernal,La Rioja,Teklatua,Periferikoak,1102.69,5
8855,2025-02-15,Esther Galindo Parejo,Jaén,Ordenagailu eramangarria,Ordenagailuak,405.86,6
8856,2025-07-03,Felipa Rosario Gilabert Frías,Madrid,Sagua,Periferikoak,1514.72,6
8857,2025-04-21,Jacinta Farré Seco,Zaragoza,Bideratzailea,Sareak,1640.18,9
8858,2025-06-19,Macario Vicente Almagro,Barcelona,Monitorea,Periferikoak,1656.5,2
8859,2024-11-18,Severiano Nicolás Aguilera,Sevilla,Monitorea,Periferikoak,1719.72,6
8860,2024-12-16,Filomena Prado Torrens,Tarragona,Mini PC,Ordenagailuak,984.68,5
8861,2026-04-25,Gema Sevilla Vilar,Toledo,Ordenagailu eramangarria,Ordenagailuak,361.92,2
8862,2025-01-24,Bernarda Rivero-Otero,Vizcaya,Switch-a,Sareak,1564.32,5
8863,2026-02-02,Amelia Salamanca,Girona,Monitorea,Periferikoak,375.1,5
8864,2026-05-12,Fabio Sanmartín Jove,Sevilla,Webkamera,Periferikoak,581.39,2
8865,2026-05-21,María Pilar Mur Viña,Cantabria,Sagua,Periferikoak,897.49,3
8866,2026-04-16,José de Romeu,Córdoba,Monitorea,Periferikoak,344.83,5
8867,2025-11-17,Cándida Muñoz Tormo,Jaén,Bideratzailea,Sareak,213.96,4
8868,2025-05-10,Pedro Fajardo Adán,Pontevedra,Teklatua,Periferikoak,485.3,4
8869,2024-12-30,Filomena Herminia Crespi Olivera,Huelva,Sare-kablea,Sareak,1911.46,3
8870,2025-04-02,Dora Cerezo Barros,Las Palmas,Mini PC,Ordenagailuak,1639.54,5
8871,2025-08-31,Isidoro del Arana,Jaén,Bideratzailea,Sareak,892.89,10
8872,2024-12-30,Carlos Español Ochoa,Barcelona,Sagua,Periferikoak,1143.35,2
8873,2026-02-24,Victoria Sanabria-Meléndez,Santa Cruz de Tenerife,Wi-Fi egokigailua,Sareak,63.14,9
8874,2025-09-12,Aurora Grande,Tarragona,Mini PC,Ordenagailuak,145.0,4
8875,2025-07-04,Eleuterio Isern Diego,La Coruña,Teklatua,Periferikoak,253.83,7
8876,2025-09-13,Jacobo Solera-Gallardo,Ceuta,Switch-a,Sareak,553.91,2
8877,2025-09-10,Camilo Solera Cañizares,Guipúzcoa,Mini PC,Ordenagailuak,722.73,8
8878,2025-01-14,Priscila Puerta,Asturias,Txartel grafikoa,Osagaiak,1343.63,6
8879,2025-02-05,José Antonio Ferrer-Carlos,Alicante,Mahaigaineko ordenagailua,Ordenagailuak,1378.9,6
8880,2026-07-22,Marisol Exposito,Lleida,Webkamera,Periferikoak,1767.45,3
8881,2026-08-07,Florinda Palau Oliver,Toledo,SSD diskoa,Osagaiak,1906.99,2
8882,2025-09-20,Reyna Lucas Busquets,La Rioja,Txartel grafikoa,Osagaiak,734.65,6
8883,2025-04-12,Fernando Azcona Manzano,Palencia,Prozesadorea,Osagaiak,145.14,7
8884,2025-02-04,Azahar Echeverría,Palencia,Mahaigaineko ordenagailua,Ordenagailuak,553.21,6
8885,2025-04-10,Eutimio del Cañizares,Sevilla,Ordenagailu eramangarria,Ordenagailuak,51.34,8
8886,2026-03-03,Timoteo Julio César Aparicio Verdejo,Córdoba,Mini PC,Ordenagailuak,625.95,8
8887,2025-02-17,Telmo de Balaguer,La Coruña,Webkamera,Periferikoak,833.5,5
8888,2026-04-13,Renato Guardia Rius,Castellón,Sagua,Periferikoak,1571.21,1
8889,2024-10-02,Soledad Barriga Contreras,Las Palmas,Sagua,Periferikoak,1843.3,6
8890,2025-09-05,María Teresa del Alemán,Las Palmas,Prozesadorea,Osagaiak,1243.68,7
8891,2026-02-12,Ricarda Lorenzo Rosales,Guadalajara,Sagua,Periferikoak,750.2,4
8892,2025-09-11,Ulises Cánovas Carvajal,Cáceres,Webkamera,Periferikoak,1808.0,2
8893,2025-11-14,Renato del Salgado,Madrid,Mini PC,Ordenagailuak,1469.93,4
8894,2026-07-15,Rafaela Arias Benavent,Cáceres,Txartel grafikoa,Osagaiak,1355.12,10
8895,2026-07-09,Sofía Alcalde Gomila,Álava,Wi-Fi egokigailua,Sareak,1617.25,8
8896,2026-04-08,Manu Álvaro Colom,Guadalajara,Ordenagailu eramangarria,Ordenagailuak,1350.24,8
8897,2025-05-27,Casemiro Álvarez Llorens,Valencia,Wi-Fi egokigailua,Sareak,507.28,2
8898,2026-03-24,Apolinar Quiroga Rovira,Soria,Monitorea,Periferikoak,1505.36,6
8899,2026-01-02,Ciro Benet-Tejada,Melilla,Mini PC,Ordenagailuak,469.3,1
8900,2026-07-19,Carlota Naranjo Valderrama,Soria,Sagua,Periferikoak,783.36,10
8901,2025-11-03,Gisela Salud Quevedo Bermejo,Las Palmas,RAM memoria,Osagaiak,21.2,8
8902,2024-12-03,Reynaldo Prat Núñez,Toledo,SSD diskoa,Osagaiak,1752.97,4
8903,2024-12-17,Asunción Anaya,Valladolid,SSD diskoa,Osagaiak,283.79,5
8904,2025-01-29,Joan Manzanares-Goñi,Córdoba,SSD diskoa,Osagaiak,242.0,10
8905,2026-03-20,José Torrent,Segovia,Sare-kablea,Sareak,1179.5,1
8906,2026-07-08,Marita María Teresa Fuente Pedraza,Tarragona,Switch-a,Sareak,931.54,3
8907,2024-11-23,Alicia Trillo Salvador,Zamora,RAM memoria,Osagaiak,1357.4,10
8908,2025-08-04,Balduino Ibán Estevez Arco,Baleares,Wi-Fi egokigailua,Sareak,1756.74,2
8909,2026-06-03,Baldomero Miguel,Albacete,Monitorea,Periferikoak,1247.5,2
8910,2024-10-07,Alba Pardo Amores,Guipúzcoa,Bideratzailea,Sareak,1568.66,4
8911,2024-10-24,Agapito Campoy Cerezo,Segovia,Switch-a,Sareak,1123.96,4
8912,2026-05-18,Melisa de Alba,Guadalajara,SSD diskoa,Osagaiak,793.38,3
8913,2025-05-14,Anastasia Santamaría,Ciudad,Webkamera,Periferikoak,213.97,3
8914,2025-01-23,Mohamed Díez Ruiz,La Coruña,Webkamera,Periferikoak,490.31,7
8915,2024-10-25,Juan Bautista Lozano,Guadalajara,Switch-a,Sareak,1997.37,10
8916,2026-01-03,Plácido Roldán Bauzà Gimenez,Castellón,Mahaigaineko ordenagailua,Ordenagailuak,192.45,4
8917,2026-08-22,Martirio Nicolau Grau,Toledo,Monitorea,Periferikoak,1342.46,10
8918,2025-10-28,Plácido Montserrat Calderón,Granada,Txartel grafikoa,Osagaiak,1667.3,7
8919,2025-02-10,Cándida Ferrández-Quesada,Guipúzcoa,Sagua,Periferikoak,1376.0,4
8920,2026-06-07,Antonia Cifuentes Villa,Huelva,Monitorea,Periferikoak,1717.3,10
8921,2026-08-11,Urbano Cañizares,Huesca,Mini PC,Ordenagailuak,690.54,1
8922,2024-12-07,Esteban Nogueira Medina,Navarra,Ordenagailu eramangarria,Ordenagailuak,881.35,4
8923,2025-04-01,Nicodemo Quintana Cañellas,Burgos,Sare-kablea,Sareak,1896.89,2
8924,2025-09-27,Chita Ortiz Beltrán,Zaragoza,Mahaigaineko ordenagailua,Ordenagailuak,902.0,5
8925,2024-12-04,Eduardo Antón Castrillo,Girona,Prozesadorea,Osagaiak,1275.74,2
8926,2026-04-27,Arturo Laguna Briones,Badajoz,Teklatua,Periferikoak,1456.1,10
8927,2026-04-23,Elodia Ballester Córdoba,Vizcaya,Mahaigaineko ordenagailua,Ordenagailuak,1621.69,1
8928,2025-03-26,Fabián Rojas Ferreras,Sevilla,Switch-a,Sareak,46.86,1
8929,2025-08-07,Lázaro Sevilla,Albacete,Txartel grafikoa,Osagaiak,394.34,10
8930,2025-02-11,Adalberto Caro Hervia,Ávila,Teklatua,Periferikoak,1700.99,6
8931,2026-06-15,Esmeralda Saldaña Pacheco,Valencia,Mini PC,Ordenagailuak,815.12,4
8932,2024-11-15,Jose Priego Jódar,Ceuta,Wi-Fi egokigailua,Sareak,70.8,4
8933,2024-12-06,Dorita Aranda,Badajoz,Wi-Fi egokigailua,Sareak,1503.99,9
8934,2026-08-19,Isaac Antúnez-Ayuso,Asturias,Monitorea,Periferikoak,826.4,1
8935,2026-08-02,Remigio Sanmiguel Torrent,La Coruña,Prozesadorea,Osagaiak,677.55,9
8936,2025-12-15,Bartolomé del Salazar,Melilla,Monitorea,Periferikoak,1564.51,4
8937,2025-04-24,Morena Gallardo Anaya,Melilla,SSD diskoa,Osagaiak,643.42,1
8938,2025-06-18,Lisandro Ledesma Giralt,Burgos,SSD diskoa,Osagaiak,562.29,2
8939,2026-05-12,Dimas Perea Escamilla,León,RAM memoria,Osagaiak,1311.25,10
8940,2024-10-01,Itziar Esteban Vila,Guadalajara,Ordenagailu eramangarria,Ordenagailuak,1726.36,5
8941,2026-06-25,Dimas Bou,Castellón,RAM memoria,Osagaiak,932.61,4
8942,2025-01-03,Irma Sarabia Tejada,Valladolid,Monitorea,Periferikoak,751.21,3
8943,2025-05-21,Rebeca Álamo Lobato,Guadalajara,Mahaigaineko ordenagailua,Ordenagailuak,336.89,8
8944,2024-09-26,Aura Reig,Toledo,Prozesadorea,Osagaiak,1041.9,9
8945,2025-01-31,Azahara Palacio,Lleida,RAM memoria,Osagaiak,889.57,7
8946,2026-04-14,Malena Sobrino-Quevedo,Guipúzcoa,Bideratzailea,Sareak,1474.17,8
8947,2026-06-15,Malena Cobos,Zamora,Sare-kablea,Sareak,413.44,9
8948,2026-02-18,Concha Blanca Bellido Barral,Huelva,Webkamera,Periferikoak,665.61,7
8949,2024-12-17,Berta de Rocamora,Ávila,Mahaigaineko ordenagailua,Ordenagailuak,712.8,2
8950,2025-05-24,Narcisa Benítez Recio,Vizcaya,Sare-kablea,Sareak,1840.19,4
8951,2025-03-25,Eligio Casado Murillo,Huelva,Mahaigaineko ordenagailua,Ordenagailuak,1812.66,2
8952,2025-09-01,Iker Vilaplana Escamilla,Albacete,SSD diskoa,Osagaiak,1131.21,1
8953,2026-06-17,Emelina López Bas,Girona,Txartel grafikoa,Osagaiak,1800.75,6
8954,2026-07-05,Pedro Mas Bejarano,Valladolid,Mini PC,Ordenagailuak,116.91,5
8955,2025-06-07,Antonio Cabanillas Salvador,Málaga,Wi-Fi egokigailua,Sareak,424.42,10
8956,2025-12-20,Cleto Perera Piña,Baleares,Bideratzailea,Sareak,864.76,10
8957,2024-09-26,Mireia Vázquez Martínez,Ceuta,Bideratzailea,Sareak,1387.3,6
8958,2026-07-09,Chuy del Alberola,Melilla,Teklatua,Periferikoak,543.85,3
8959,2026-05-06,Ildefonso Ribes Pons,Valencia,Wi-Fi egokigailua,Sareak,1547.75,5
8960,2025-04-08,Catalina Eugenia Río Rico,Córdoba,Sare-kablea,Sareak,1335.41,9
8961,2024-11-05,Bibiana Rebollo Checa,Cáceres,Teklatua,Periferikoak,596.1,8
8962,2025-04-06,Aurelia Arévalo Anaya,Ávila,Monitorea,Periferikoak,472.78,2
8963,2024-11-04,Ale Aroca-Quiroga,Zamora,Txartel grafikoa,Osagaiak,809.28,2
8964,2025-09-26,Viviana Ainoa Maza Paredes,Ciudad,Sagua,Periferikoak,1282.27,2
8965,2025-03-21,Aránzazu Herrero López,Alicante,Mini PC,Ordenagailuak,1954.48,4
8966,2024-11-07,Carmelo Ros Valencia,Albacete,Sare-kablea,Sareak,1237.34,2
8967,2026-04-11,Carmina Jove,Ávila,Monitorea,Periferikoak,566.87,7
8968,2026-09-23,Eloy Aliaga Bertrán,Sevilla,Txartel grafikoa,Osagaiak,1259.35,10
8969,2026-01-31,Melchor Reyes Ordóñez,Ceuta,Mahaigaineko ordenagailua,Ordenagailuak,1574.6,10
8970,2026-02-10,Tomasa Morillo Bellido,Pontevedra,Webkamera,Periferikoak,109.12,4
8971,2025-03-07,Alberto Torre Alberola,Cáceres,Mahaigaineko ordenagailua,Ordenagailuak,948.17,8
8972,2026-04-26,Eutimio Quesada Grande,Melilla,Mahaigaineko ordenagailua,Ordenagailuak,179.71,5
8973,2026-08-04,Fausto de Coello,Álava,Bideratzailea,Sareak,540.55,9
8974,2025-08-09,Gabino Frutos,Valladolid,Sare-kablea,Sareak,1409.48,7
8975,2024-11-09,Ciriaco Sáenz Solsona,Valencia,Bideratzailea,Sareak,1955.11,1
8976,2026-02-08,Ruperto Zaragoza-Gargallo,Badajoz,Sare-kablea,Sareak,984.96,1
8977,2024-10-13,Josefina Márquez Riquelme,Melilla,Mahaigaineko ordenagailua,Ordenagailuak,1372.79,6
8978,2025-07-13,Óscar Nogueira,Valencia,Sagua,Periferikoak,222.74,8
8979,2025-07-13,Remigio Palomino-Baeza,Ávila,Bideratzailea,Sareak,841.35,6
8980,2026-02-27,Zacarías Cortés Lobo,Burgos,Wi-Fi egokigailua,Sareak,1362.91,7
8981,2025-09-28,Geraldo Belmonte Bayona,Lleida,Switch-a,Sareak,655.84,10
8982,2026-08-17,Rosenda Tomas Pol,Cáceres,Webkamera,Periferikoak,1379.65,6
8983,2024-11-15,Vasco Acero Angulo,Ceuta,Txartel grafikoa,Osagaiak,1697.54,8
8984,2025-08-06,Anselma Sales Bayo,Jaén,SSD diskoa,Osagaiak,571.43,10
8985,2025-03-20,Sandalio Torrents-Palomino,Barcelona,SSD diskoa,Osagaiak,829.8,3
8986,2025-06-04,Odalys Ribes Estevez,Asturias,Sagua,Periferikoak,1710.14,5
8987,2026-06-07,Alma Feliu Palomares,Toledo,RAM memoria,Osagaiak,971.26,4
8988,2025-09-25,Máximo Águila-Ribas,Las Palmas,Ordenagailu eramangarria,Ordenagailuak,1396.42,1
8989,2025-10-11,José María Jose Miguel Galindo,Albacete,Sagua,Periferikoak,1516.7,9
8990,2025-04-01,Hilda Lopez-Quintana,Cuenca,Ordenagailu eramangarria,Ordenagailuak,630.72,5
8991,2025-10-25,Etelvina Marqués Gaya,Lleida,Mini PC,Ordenagailuak,232.38,2
8992,2025-05-04,Reynaldo Pavón Serra,Palencia,Sare-kablea,Sareak,1521.33,8
8993,2026-07-18,Ámbar Pou Blanch,Lleida,Txartel grafikoa,Osagaiak,152.34,8
8994,2026-07-11,María Jesús Jover Barrios,Palencia,Mini PC,Ordenagailuak,1364.49,2
8995,2024-12-08,Eliseo Sandoval Carrión,Sevilla,Mahaigaineko ordenagailua,Ordenagailuak,722.3,5
8996,2024-11-22,Serafina Miguela Dueñas Ibáñez,Álava,Bideratzailea,Sareak,1487.17,1
8997,2025-11-20,Mercedes Ordóñez-Palma,Zaragoza,Prozesadorea,Osagaiak,1636.58,3
8998,2025-09-06,Andrés Felipe de Fábregas,Alicante,Wi-Fi egokigailua,Sareak,937.21,2
8999,2025-09-01,Melisa Rodriguez Barrena,Valencia,Mahaigaineko ordenagailua,Ordenagailuak,1633.6,2
9000,2024-10-19,Albano Plaza Franco,León,Webkamera,Periferikoak,524.7,10
9001,2024-12-03,Edelmiro Rozas-Revilla,Valencia,Bideratzailea,Sareak,1964.73,9
9002,2025-08-19,Nicodemo Aller Andreu,Zamora,Switch-a,Sareak,417.5,4
9003,2026-04-12,Chuy Pallarès Terrón,Ávila,Teklatua,Periferikoak,1461.71,2
9004,2026-09-07,Ágata Águeda Aznar Casal,Granada,Prozesadorea,Osagaiak,654.5,3
9005,2025-11-10,Marta Pereira Cadenas,Guadalajara,Switch-a,Sareak,1240.69,10
9006,2026-09-03,Hortensia Agullo Lastra,Guipúzcoa,Webkamera,Periferikoak,462.13,10
9007,2026-05-27,Donato Noguera Valdés,La Rioja,Sagua,Periferikoak,1362.2,5
9008,2025-03-16,Valeria Cañas-Juan,Vizcaya,Mini PC,Ordenagailuak,1067.61,3
9009,2025-07-25,Paco Carrasco Mas,Cáceres,Bideratzailea,Sareak,1639.2,8
9010,2024-12-18,Graciano Pastor Córdoba,Lugo,Txartel grafikoa,Osagaiak,832.58,7
9011,2025-11-17,Jesús Belmonte Andrade,Soria,RAM memoria,Osagaiak,522.91,2
9012,2026-02-23,José Antonio Pujadas Iglesias,Santa Cruz de Tenerife,Mini PC,Ordenagailuak,370.25,2
9013,2026-09-19,Anita Cabello Landa,Toledo,Switch-a,Sareak,629.32,9
9014,2026-05-27,Eligia Catalán Pujadas,Cantabria,Mini PC,Ordenagailuak,1375.54,10
9015,2026-08-04,Asunción Febe Carballo Beltrán,Ávila,Sagua,Periferikoak,213.37,9
9016,2026-02-13,Eulalia Múgica-Cantón,Jaén,Switch-a,Sareak,510.2,2
9017,2025-09-18,Silvio Feliu Colomer,La Coruña,Txartel grafikoa,Osagaiak,762.17,7
9018,2025-03-23,Purificación Marqués Mendez,Badajoz,Monitorea,Periferikoak,1458.24,7
9019,2026-01-22,Pío Román-Albero,Cuenca,Sare-kablea,Sareak,824.53,5
9020,2024-10-27,Marcela Sedano-Benet,Ciudad,Teklatua,Periferikoak,1236.33,8
9021,2025-03-18,Caridad Jimenez Zapata,Lugo,Prozesadorea,Osagaiak,1258.86,7
9022,2024-11-30,Loreto Barroso Múñiz,Jaén,Txartel grafikoa,Osagaiak,322.14,3
9023,2025-03-09,Maximiliano Yuste Carmona,Pontevedra,Webkamera,Periferikoak,1328.24,3
9024,2026-07-28,Octavio Caparrós,Guadalajara,Monitorea,Periferikoak,1910.23,10
9025,2025-10-27,Gaspar Jose Miguel Castell Vila,Cáceres,Sare-kablea,Sareak,39.62,2
9026,2026-05-14,Sancho Salas Nuñez,Vizcaya,Wi-Fi egokigailua,Sareak,137.88,4
9027,2026-09-10,Adriana Marcela Simó Carballo,León,RAM memoria,Osagaiak,1135.69,5
9028,2026-07-29,Néstor Jimenez,Guadalajara,Monitorea,Periferikoak,1245.63,3
9029,2025-08-30,Curro Miguel Palacio,Ourense,Wi-Fi egokigailua,Sareak,1698.71,4
9030,2025-07-03,Judith Pinilla Landa,La Rioja,Txartel grafikoa,Osagaiak,1546.96,10
9031,2026-09-23,Malena Perelló Sala,Lleida,Webkamera,Periferikoak,1526.92,4
9032,2024-10-19,Bienvenida de Solé,Valencia,Monitorea,Periferikoak,1311.54,9
9033,2025-02-02,Cloe Palomares López,Ávila,SSD diskoa,Osagaiak,1362.45,6
9034,2026-01-01,Natanael Alcides Canals Asenjo,Teruel,Txartel grafikoa,Osagaiak,1342.92,5
9035,2025-11-15,Sebastián Santos Feliu,Albacete,Sare-kablea,Sareak,1540.87,5
9036,2025-04-11,Fanny Ariza Almazán,Ourense,Prozesadorea,Osagaiak,1783.76,7
9037,2026-07-10,Alexandra Macías-Egea,Soria,Webkamera,Periferikoak,1699.65,6
9038,2026-07-02,Chelo Oller Téllez,Burgos,Ordenagailu eramangarria,Ordenagailuak,1076.74,8
9039,2026-01-09,Luz Herrero,Ávila,Mahaigaineko ordenagailua,Ordenagailuak,625.47,7
9040,2026-07-05,Rosalinda de Belda,Ávila,Prozesadorea,Osagaiak,1887.76,10
9041,2025-10-08,Pía Cuéllar,Barcelona,Webkamera,Periferikoak,1336.68,2
9042,2025-10-20,Amaro Andrés Tejera,Ciudad,Mahaigaineko ordenagailua,Ordenagailuak,1772.11,5
9043,2025-01-20,Martirio Arteaga Herrera,Cáceres,Txartel grafikoa,Osagaiak,1821.35,5
9044,2025-03-10,Saturnino Sarmiento Vélez,Huelva,Txartel grafikoa,Osagaiak,527.86,10
9045,2026-05-18,Jose Carlos Sedano Samper,Albacete,RAM memoria,Osagaiak,418.54,1
9046,2024-12-07,Alma Vilaplana Sandoval,Huelva,Prozesadorea,Osagaiak,1022.28,10
9047,2026-01-05,Sol Bellido Toro,Ávila,Txartel grafikoa,Osagaiak,520.76,5
9048,2026-07-05,Cándido Carreño Villalobos,Asturias,Monitorea,Periferikoak,120.83,8
9049,2024-12-03,Armida Ofelia Salamanca Ordóñez,Valencia,RAM memoria,Osagaiak,364.51,8
9050,2025-04-07,Petrona Royo Sanchez,Castellón,Mahaigaineko ordenagailua,Ordenagailuak,1064.5,6
9051,2025-08-27,Blas Galindo Baeza,Albacete,Monitorea,Periferikoak,1925.78,4
9052,2024-10-20,Julieta Rosa Vilar,Cáceres,Bideratzailea,Sareak,419.32,8
9053,2026-05-02,Donato de Cerdá,León,Prozesadorea,Osagaiak,1054.1,1
9054,2026-07-23,Cornelio Meléndez Llorens,Melilla,Bideratzailea,Sareak,1832.92,8
9055,2025-02-13,Odalys Gonzalo,Huelva,Switch-a,Sareak,807.41,4
9056,2025-11-30,Pascuala del Puig,Murcia,Teklatua,Periferikoak,717.5,6
9057,2026-06-28,Guiomar Reguera,Jaén,SSD diskoa,Osagaiak,844.34,1
9058,2024-09-29,Clementina Amorós-Hoyos,Granada,Bideratzailea,Sareak,1513.3,7
9059,2025-12-15,Marcelo Lledó-Lasa,Ceuta,Prozesadorea,Osagaiak,474.82,4
9060,2025-09-04,Elena Diaz Leal,Zamora,SSD diskoa,Osagaiak,183.56,8
9061,2025-08-02,Sandra Muñoz Villar,La Rioja,Teklatua,Periferikoak,1122.1,7
9062,2026-08-04,Custodia Pi Vilalta,Huelva,Sagua,Periferikoak,529.41,8
9063,2024-11-29,Godofredo Maestre Pareja,Vizcaya,Webkamera,Periferikoak,780.1,7
9064,2025-06-06,Rafa Escudero Quintero,Córdoba,Sagua,Periferikoak,876.88,6
9065,2026-08-07,Irene Chamorro Busquets,La Coruña,Mahaigaineko ordenagailua,Ordenagailuak,1833.3,6
9066,2025-05-15,Abril Muñoz Calvo,Málaga,Mini PC,Ordenagailuak,1004.52,7
9067,2025-04-30,Roxana de Francisco,Castellón,RAM memoria,Osagaiak,735.55,3
9068,2026-03-18,Joel Burgos,Ourense,Bideratzailea,Sareak,1699.65,3
9069,2026-09-02,Abril Martin Osuna,Albacete,Mini PC,Ordenagailuak,892.99,9
9070,2026-08-17,Anacleto Bermúdez Galiano,Murcia,RAM memoria,Osagaiak,868.47,6
9071,2025-01-01,Manola Fernández Lobato,Segovia,Mini PC,Ordenagailuak,1863.43,8
9072,2025-05-09,Cruz Tamayo Amorós,Cantabria,Mahaigaineko ordenagailua,Ordenagailuak,1698.99,6
9073,2025-12-25,Águeda Baeza Quevedo,Albacete,Prozesadorea,Osagaiak,955.6,3
9074,2025-03-17,Olga Fuente,Palencia,Sare-kablea,Sareak,1333.53,10
9075,2026-09-04,Asdrubal de Goñi,Huelva,Mini PC,Ordenagailuak,1139.77,5
9076,2026-06-13,Custodia Bermudez,Granada,SSD diskoa,Osagaiak,469.6,7
9077,2024-12-12,León Ballesteros Borrego,Madrid,Wi-Fi egokigailua,Sareak,383.46,9
9078,2024-11-21,Valeria Valdés Bustamante,Teruel,Switch-a,Sareak,352.92,8
9079,2025-04-30,Luís Moll Sanmiguel,La Rioja,Monitorea,Periferikoak,1953.91,5
9080,2024-10-11,Isaura Campoy Escudero,Salamanca,SSD diskoa,Osagaiak,552.29,5
9081,2026-06-13,Alberto Roig Alegria,Málaga,Monitorea,Periferikoak,1435.86,9
9082,2025-10-12,Lucio Esteban,Cáceres,Prozesadorea,Osagaiak,183.17,4
9083,2025-01-17,Leandro Cornejo,León,Sare-kablea,Sareak,1111.93,8
9084,2024-12-23,Fausto de Gual,Lugo,SSD diskoa,Osagaiak,512.31,10
9085,2026-06-30,Segismundo Falcón Sainz,Ceuta,Teklatua,Periferikoak,1947.33,1
9086,2025-04-23,Lidia Leyre Vazquez Zamora,La Coruña,Switch-a,Sareak,211.92,9
9087,2025-07-06,Hernán Nicodemo Fortuny Herrera,Ciudad,SSD diskoa,Osagaiak,1794.75,5
9088,2025-08-27,Blas Torres Pina,Santa Cruz de Tenerife,Sare-kablea,Sareak,965.4,5
9089,2025-02-14,Esteban Fajardo,Las Palmas,Mini PC,Ordenagailuak,1835.3,4
9090,2026-03-18,Florinda Lasa Benítez,León,Sagua,Periferikoak,110.79,1
9091,2025-11-09,Cesar Calderon Zamorano,Castellón,Switch-a,Sareak,898.27,2
9092,2024-11-24,Samu de Real,Pontevedra,Mini PC,Ordenagailuak,1534.88,7
9093,2025-01-27,Cleto Carpio Calvo,Cádiz,Sare-kablea,Sareak,865.56,6
9094,2025-06-02,Charo del Galiano,Lugo,Webkamera,Periferikoak,1381.92,4
9095,2026-06-26,Luna Haro Cabañas,Vizcaya,Sagua,Periferikoak,237.99,5
9096,2025-11-11,María Dolores Figueroa Rivera,Navarra,Switch-a,Sareak,1725.86,1
9097,2026-07-07,Flor del Sanz,Melilla,SSD diskoa,Osagaiak,1264.85,5
9098,2024-12-19,Quirino Nuñez-Vilaplana,Jaén,Prozesadorea,Osagaiak,1159.62,9
9099,2026-05-14,Valero Teodosio Cabeza Valverde,Burgos,Mini PC,Ordenagailuak,85.12,9
9100,2025-10-18,Alejandro Segarra-Cerezo,Navarra,Mini PC,Ordenagailuak,1816.26,2
9101,2024-09-27,Nazaret Amaya Palomino,Ciudad,Mahaigaineko ordenagailua,Ordenagailuak,988.31,4
9102,2024-12-05,Manu Prat Bello,Ciudad,Switch-a,Sareak,363.3,4
9103,2026-07-19,Epifanio Alejo Carrillo Iborra,Zaragoza,RAM memoria,Osagaiak,1457.62,8
9104,2026-03-18,Silvestre Báez Moliner,Vizcaya,Switch-a,Sareak,839.5,6
9105,2026-04-18,Aitor del Suárez,Zaragoza,Ordenagailu eramangarria,Ordenagailuak,470.71,5
9106,2026-02-22,Coral Belda Vélez,León,Txartel grafikoa,Osagaiak,231.21,5
9107,2025-07-05,Marcelino Frutos Salom,Soria,Mahaigaineko ordenagailua,Ordenagailuak,111.34,8
9108,2026-07-30,Maristela Huguet Domínguez,Málaga,Switch-a,Sareak,1117.88,5
9109,2025-10-08,Áurea del Reyes,Navarra,Mini PC,Ordenagailuak,553.63,2
9110,2026-07-26,Montserrat Villar Robledo,Santa Cruz de Tenerife,RAM memoria,Osagaiak,849.71,2
9111,2025-10-05,Jose Antonio Gaya Benitez,Guadalajara,RAM memoria,Osagaiak,1400.95,2
9112,2025-07-22,Águeda Galiano Bejarano,Ceuta,Monitorea,Periferikoak,304.78,10
9113,2025-07-01,Fátima Ribas Montes,Ciudad,Prozesadorea,Osagaiak,137.67,6
9114,2025-08-18,Cecilia Anglada Perea,Sevilla,Mini PC,Ordenagailuak,1501.63,8
9115,2025-04-05,Marcia Báez Sales,Guadalajara,Mini PC,Ordenagailuak,1379.1,3
9116,2025-04-17,Encarnación Mariño Mariscal,Barcelona,Mahaigaineko ordenagailua,Ordenagailuak,544.8,4
9117,2026-06-26,Graciela Gual Mateu,Vizcaya,Wi-Fi egokigailua,Sareak,1225.7,6
9118,2025-05-11,Javi Dueñas Menendez,Cantabria,Bideratzailea,Sareak,1361.8,4
9119,2025-02-18,Araceli de Corominas,Segovia,Teklatua,Periferikoak,886.2,8
9120,2025-01-09,Ale Roldan Miguel,Castellón,Sare-kablea,Sareak,1112.38,1
9121,2026-04-28,Candelaria Criado Palacio,Cádiz,Switch-a,Sareak,1317.8,3
9122,2024-10-20,René Pineda Maza,Madrid,Ordenagailu eramangarria,Ordenagailuak,666.8,7
9123,2026-04-09,Ruth Ignacia Jurado Serra,Ávila,Mahaigaineko ordenagailua,Ordenagailuak,1906.41,4
9124,2025-04-14,Isaías Melero-Yáñez,Guadalajara,Webkamera,Periferikoak,133.65,2
9125,2025-10-10,Silvio Tomás Segarra,Pontevedra,Sare-kablea,Sareak,809.24,3
9126,2025-02-23,Bonifacio Fuertes,Baleares,SSD diskoa,Osagaiak,1599.19,4
9127,2026-04-23,Eugenio Osvaldo Hidalgo Español,Álava,Webkamera,Periferikoak,504.17,9
9128,2024-12-05,Pili de Piñeiro,Lugo,Prozesadorea,Osagaiak,1644.65,7
9129,2026-07-31,Anastasio Gimenez Roca,Málaga,Teklatua,Periferikoak,1940.49,1
9130,2026-05-11,Quique Talavera Linares,Zaragoza,Txartel grafikoa,Osagaiak,535.36,9
9131,2025-06-29,Nydia de Mayol,Cáceres,Mahaigaineko ordenagailua,Ordenagailuak,377.94,6
9132,2025-04-25,Lino Morante Pareja,Huelva,Mahaigaineko ordenagailua,Ordenagailuak,881.12,1
9133,2025-10-09,Custodia Jove,Ourense,Prozesadorea,Osagaiak,1243.0,7
9134,2025-05-20,Máxima Planas Folch,Guadalajara,Sagua,Periferikoak,672.23,7
9135,2025-05-13,Perlita de Piquer,Tarragona,Ordenagailu eramangarria,Ordenagailuak,1917.4,7
9136,2025-05-30,Florina Armengol Ferrera,Almería,RAM memoria,Osagaiak,843.4,2
9137,2025-03-10,Jose Fernandez,Castellón,Wi-Fi egokigailua,Sareak,377.77,1
9138,2024-09-25,Jose Manuel Rivas-Pulido,Guadalajara,Mini PC,Ordenagailuak,1631.2,7
9139,2025-10-25,Sol Grande Armengol,Ourense,Mini PC,Ordenagailuak,673.21,4
9140,2025-06-29,Edu Narváez Lillo,Ávila,SSD diskoa,Osagaiak,374.23,6
9141,2026-06-07,Teo Pou Valencia,Madrid,Webkamera,Periferikoak,884.1,7
9142,2026-03-06,América Llopis,Vizcaya,Teklatua,Periferikoak,1602.1,1
9143,2026-07-17,Bernabé Dueñas Galvez,Melilla,Mahaigaineko ordenagailua,Ordenagailuak,422.5,4
9144,2025-11-01,Armando Leal,Granada,Wi-Fi egokigailua,Sareak,1165.98,6
9145,2025-07-20,Susana Lloret Pedraza,Almería,RAM memoria,Osagaiak,1825.88,7
9146,2026-07-08,Nieves Alarcón,Alicante,Mahaigaineko ordenagailua,Ordenagailuak,543.13,3
9147,2025-03-05,Gervasio Amado Pareja Piñeiro,Huesca,Switch-a,Sareak,1887.99,9
9148,2026-06-03,Carmela Garcés Posada,Burgos,Sagua,Periferikoak,1865.87,10
9149,2026-01-13,Azucena Gual Monreal,Pontevedra,Sare-kablea,Sareak,842.76,10
9150,2025-03-22,María Del Carmen Pallarès Cadenas,Palencia,Monitorea,Periferikoak,958.41,10
9151,2025-03-11,Gabriela Jennifer Segura Sureda,Lleida,Teklatua,Periferikoak,1368.46,3
9152,2025-02-14,Máximo Aznar Roman,Lugo,Sare-kablea,Sareak,296.81,8
9153,2024-11-09,Fermín del Lluch,Tarragona,Mini PC,Ordenagailuak,142.21,7
9154,2025-03-06,Amor Sosa Galiano,Baleares,Wi-Fi egokigailua,Sareak,1810.3,8
9155,2025-12-09,Abraham Rojas Vazquez,Sevilla,Sagua,Periferikoak,898.18,1
9156,2026-01-20,Dan Alsina Alberola,Baleares,RAM memoria,Osagaiak,38.64,9
9157,2025-11-07,Gregorio Mur Prada,Ceuta,Monitorea,Periferikoak,416.48,9
9158,2026-02-19,Mohamed Cerdán Jover,Tarragona,Webkamera,Periferikoak,1620.4,8
9159,2026-09-21,Emilia Acero Figuerola,Toledo,Txartel grafikoa,Osagaiak,1012.41,1
9160,2026-09-16,Octavia Santamaria-Mármol,Guadalajara,Mini PC,Ordenagailuak,639.88,10
9161,2025-04-25,Reina Rosales Gilabert,Huelva,Mini PC,Ordenagailuak,895.44,3
9162,2026-07-08,Haroldo Ferrero Peláez,Cuenca,Sagua,Periferikoak,1883.35,3
9163,2025-08-28,Jovita Prada Porras,Ciudad,Ordenagailu eramangarria,Ordenagailuak,466.2,7
9164,2024-12-10,Gabriela Sabater Téllez,Ávila,Mini PC,Ordenagailuak,1132.35,3
9165,2025-04-06,María Belén de Barrios,Ourense,RAM memoria,Osagaiak,1966.78,1
9166,2026-07-09,Emilia Francisco Villanueva,Cáceres,Monitorea,Periferikoak,1430.69,3
9167,2025-02-25,Alma de Espejo,Badajoz,Sagua,Periferikoak,833.95,1
9168,2025-05-25,Cipriano Felipe Palmer Mir,Asturias,RAM memoria,Osagaiak,262.49,5
9169,2025-09-13,Malena Jerez-Terrón,Salamanca,Webkamera,Periferikoak,1346.36,9
9170,2025-12-27,Cloe Bárcena Dávila,Huesca,Switch-a,Sareak,925.76,10
9171,2025-06-30,Francisco Jose Mate Vara,Baleares,Prozesadorea,Osagaiak,470.95,2
9172,2026-02-06,Yéssica Trillo,Girona,Bideratzailea,Sareak,1617.67,8
9173,2025-10-27,Delfina Alfaro Sarabia,Melilla,Bideratzailea,Sareak,788.43,10
9174,2025-03-10,Raquel Bou,Sevilla,Switch-a,Sareak,653.84,10
9175,2025-02-17,Fulgencio Bilbao,Guipúzcoa,Wi-Fi egokigailua,Sareak,1645.18,5
9176,2025-06-05,Itziar Domingo Mulet,Castellón,Ordenagailu eramangarria,Ordenagailuak,1873.73,3
9177,2025-08-08,Filomena Villegas Castillo,Sevilla,Prozesadorea,Osagaiak,1817.96,5
9178,2026-09-02,Celestina Catalina Oliver Nicolau,Pontevedra,Teklatua,Periferikoak,1061.86,1
9179,2025-02-09,Jonatan Miranda,Cáceres,Sagua,Periferikoak,357.93,10
9180,2025-12-31,Ruperto Nadal,Cuenca,Webkamera,Periferikoak,130.1,6
9181,2026-06-03,Arsenio Régulo Artigas Lasa,Málaga,Sare-kablea,Sareak,707.56,2
9182,2025-07-27,Eli Tur,Málaga,Webkamera,Periferikoak,462.0,9
9183,2024-12-26,Macario Roselló Sanjuan,Santa Cruz de Tenerife,Mini PC,Ordenagailuak,993.15,3
9184,2025-02-25,Catalina Tenorio Fortuny,Zaragoza,Bideratzailea,Sareak,603.3,9
9185,2024-10-14,Almudena Vilanova Novoa,Lleida,Webkamera,Periferikoak,1951.56,6
9186,2026-01-16,Angélica Anguita Castell,Santa Cruz de Tenerife,Mahaigaineko ordenagailua,Ordenagailuak,1190.71,9
9187,2025-03-19,Iris Botella-Fonseca,Vizcaya,Teklatua,Periferikoak,989.7,3
9188,2025-07-22,Hilda Odalis Cantón Chamorro,Zaragoza,Txartel grafikoa,Osagaiak,1180.46,10
9189,2024-10-06,Cebrián Calvo,Baleares,Bideratzailea,Sareak,1387.69,5
9190,2026-04-17,José Nuria Azcona Burgos,Teruel,SSD diskoa,Osagaiak,1678.2,4
9191,2026-08-12,Duilio Lobo Duran,Zaragoza,Wi-Fi egokigailua,Sareak,621.27,9
9192,2024-10-07,Belén Checa Gallego,Huelva,Mini PC,Ordenagailuak,1848.56,10
9193,2025-04-18,Evangelina del Jaén,Burgos,Mahaigaineko ordenagailua,Ordenagailuak,1717.7,5
9194,2024-12-12,Gerardo Lloret Arce,Córdoba,Txartel grafikoa,Osagaiak,208.18,8
9195,2026-07-25,Aitana Eusebia Ferrera Rey,Las Palmas,Ordenagailu eramangarria,Ordenagailuak,902.63,2
9196,2026-08-11,Juan Antonio Barbero,Vizcaya,SSD diskoa,Osagaiak,1179.37,7
9197,2025-01-12,Tristán Mascaró Aguiló,Navarra,Bideratzailea,Sareak,1904.94,8
9198,2026-06-27,Georgina Bernal Blanch,Valencia,SSD diskoa,Osagaiak,108.91,8
9199,2025-12-14,Ricardo Carrera Pardo,Cantabria,Teklatua,Periferikoak,1990.15,6
9200,2025-02-10,Victorino Danilo Morera Anaya,Alicante,Bideratzailea,Sareak,1292.79,3
9201,2024-09-26,Tamara Armas Villena,Zamora,Webkamera,Periferikoak,166.0,10
9202,2026-03-13,Fernanda Arellano Luz,Ourense,Mini PC,Ordenagailuak,1438.67,1
9203,2024-09-28,Celso Armando Zamora Montero,Barcelona,Teklatua,Periferikoak,515.82,7
9204,2025-07-31,Pili Gimenez Gabaldón,Guipúzcoa,Txartel grafikoa,Osagaiak,601.31,7
9205,2026-01-06,Jacinto Pelayo Lucena,Guadalajara,Monitorea,Periferikoak,344.31,5
9206,2026-02-24,Roque Lozano Blanca,Soria,Txartel grafikoa,Osagaiak,1036.7,1
9207,2025-01-06,Iris Aguilera Andrade,Ceuta,Wi-Fi egokigailua,Sareak,40.82,2
9208,2026-07-28,Ani Agullo Pellicer,Tarragona,Mini PC,Ordenagailuak,168.73,4
9209,2026-03-26,Federico Adrián Merino Carbajo,Santa Cruz de Tenerife,Mahaigaineko ordenagailua,Ordenagailuak,1039.9,3
9210,2025-10-13,Ligia Palmer Solano,Álava,RAM memoria,Osagaiak,1157.71,1
9211,2026-02-22,Marco Pedro Robledo,Huelva,Switch-a,Sareak,1049.46,7
9212,2025-05-30,Angélica Herrera,Jaén,Txartel grafikoa,Osagaiak,1894.1,9
9213,2024-10-31,Calixta Llopis Peinado,Guadalajara,Ordenagailu eramangarria,Ordenagailuak,198.17,3
9214,2026-06-13,Graciela Feliu Campillo,Sevilla,Mahaigaineko ordenagailua,Ordenagailuak,1368.3,5
9215,2026-02-03,Rosaura Jáuregui,Lleida,Monitorea,Periferikoak,1709.55,3
9216,2025-12-21,Chucho Porfirio Cáceres Codina,Badajoz,Bideratzailea,Sareak,792.75,8
9217,2026-05-02,Patricia Navarrete Villegas,Badajoz,Bideratzailea,Sareak,120.68,2
9218,2025-02-11,María Cristina de Estrada,Jaén,SSD diskoa,Osagaiak,1311.42,2
9219,2025-10-27,Eufemia Zabala Boix,Valencia,Mahaigaineko ordenagailua,Ordenagailuak,1893.0,9
9220,2025-09-04,Silvestre Severo Quintero Reig,Ceuta,Ordenagailu eramangarria,Ordenagailuak,417.3,4
9221,2025-06-30,Aristides Falcó Nicolau,La Coruña,Monitorea,Periferikoak,968.17,1
9222,2025-10-18,Adora Bayón Cueto,Ciudad,Sagua,Periferikoak,107.95,6
9223,2026-01-21,Ascensión Pardo Girón,Lugo,Switch-a,Sareak,758.1,4
9224,2025-10-18,Lucio Sanmartín,Girona,Txartel grafikoa,Osagaiak,1124.19,4
9225,2025-09-04,Berto Peinado Salvà,Ceuta,Monitorea,Periferikoak,81.4,4
9226,2025-11-09,Zaira Aguiló-Donaire,Guipúzcoa,RAM memoria,Osagaiak,895.51,6
9227,2026-05-24,Severo del Font,Almería,Ordenagailu eramangarria,Ordenagailuak,850.25,9
9228,2025-09-05,Nico Cornejo Alcaraz,Álava,Mini PC,Ordenagailuak,1481.24,3
9229,2024-11-25,Abilio Expósito Sevilla,Lugo,RAM memoria,Osagaiak,1978.91,10
9230,2025-08-07,Héctor Nacio Marti Tovar,Ciudad,Teklatua,Periferikoak,1654.58,3
9231,2025-07-28,Cipriano Vargas Hernández,Ourense,Mahaigaineko ordenagailua,Ordenagailuak,1312.0,7
9232,2025-07-04,Pancho García-Cardona,Cantabria,Ordenagailu eramangarria,Ordenagailuak,818.65,2
9233,2026-08-15,Violeta Sáez,Segovia,Prozesadorea,Osagaiak,1384.7,3
9234,2025-01-31,Vicente Roldan Cabello,Barcelona,Webkamera,Periferikoak,1712.4,7
9235,2025-04-21,Edgardo Milla Rosselló,Ávila,Mahaigaineko ordenagailua,Ordenagailuak,694.95,9
9236,2025-03-08,Urbano Mata,Navarra,Txartel grafikoa,Osagaiak,1699.25,4
9237,2024-10-09,Clara Soler Peiró,Granada,Txartel grafikoa,Osagaiak,560.59,5
9238,2025-04-28,Clemente Alcolea Pablo,Segovia,Wi-Fi egokigailua,Sareak,1426.1,3
9239,2025-01-16,Juan Bautista Garay Mínguez,La Coruña,Ordenagailu eramangarria,Ordenagailuak,126.84,7
9240,2026-07-13,Victoriano Lucas Ayala,Ceuta,Mahaigaineko ordenagailua,Ordenagailuak,1020.54,10
9241,2025-01-01,Nereida Salvador Calzada,Álava,Mini PC,Ordenagailuak,389.25,2
9242,2026-07-12,Visitación Agullo Prat,Alicante,Sare-kablea,Sareak,1807.1,10
9243,2025-08-18,Eva Boada-Martin,Teruel,Bideratzailea,Sareak,828.47,9
9244,2025-05-13,Samanta Salazar Orozco,Zamora,Monitorea,Periferikoak,1931.71,2
9245,2026-08-30,Antonia Tudela Dalmau,Huelva,Sare-kablea,Sareak,842.24,10
9246,2025-02-01,Zaida Fernanda Linares Flores,Girona,Bideratzailea,Sareak,1377.54,5
9247,2024-11-18,Jonatan Abad Leon,Sevilla,Sare-kablea,Sareak,1700.86,5
9248,2024-12-06,Modesta Jordá Manrique,Alicante,Ordenagailu eramangarria,Ordenagailuak,1676.3,7
9249,2025-07-20,Jeremías Molins Caro,Zaragoza,Ordenagailu eramangarria,Ordenagailuak,1691.7,1
9250,2026-04-28,Clotilde del Arias,Huelva,Mini PC,Ordenagailuak,840.22,1
9251,2026-07-29,Ruth de Pascual,Barcelona,Prozesadorea,Osagaiak,615.28,9
9252,2024-11-01,Eli Bayona Gilabert,Jaén,Monitorea,Periferikoak,1082.91,8
9253,2025-01-12,Amelia Canals Castillo,Sevilla,Ordenagailu eramangarria,Ordenagailuak,1806.17,8
9254,2026-03-09,Aitor Barriga Menendez,Jaén,Mini PC,Ordenagailuak,1822.15,3
9255,2026-05-21,Teodoro Bellido Pavón,Ourense,Sare-kablea,Sareak,211.91,8
9256,2026-08-30,Horacio Valera Castillo,Cuenca,Mahaigaineko ordenagailua,Ordenagailuak,1336.49,8
9257,2026-03-01,Alicia Domingo Ramirez,Sevilla,Monitorea,Periferikoak,1072.53,2
9258,2024-11-15,Ezequiel del Bayona,La Coruña,Bideratzailea,Sareak,1356.24,8
9259,2026-06-20,Serafina Mariño Iglesias,Pontevedra,Sare-kablea,Sareak,450.56,9
9260,2026-01-18,Feliciana Carrillo Casado,Pontevedra,Sare-kablea,Sareak,404.72,2
9261,2025-09-13,Miguel Ángel Gibert Valle,Cuenca,Ordenagailu eramangarria,Ordenagailuak,1378.23,6
9262,2025-01-21,Juan Pablo Andres,Pontevedra,Switch-a,Sareak,939.3,3
9263,2024-10-04,Jessica Gárate,León,Mahaigaineko ordenagailua,Ordenagailuak,359.82,5
9264,2026-04-17,Vanesa Rojas Martínez,Lugo,Monitorea,Periferikoak,121.5,3
9265,2025-11-17,Severino Navarrete Sola,Granada,Switch-a,Sareak,1129.7,8
9266,2025-02-22,Candelaria Céspedes López,Cuenca,SSD diskoa,Osagaiak,262.68,8
9267,2025-01-26,Aureliano de Aguilera,Álava,Prozesadorea,Osagaiak,1312.42,2
9268,2026-03-14,Juan Luis Ricart-Fajardo,Zamora,Prozesadorea,Osagaiak,614.77,6
9269,2025-08-07,Amador Desiderio Ortiz Cuervo,Alicante,RAM memoria,Osagaiak,1383.8,3
9270,2025-02-16,Daniel Piquer Checa,Ceuta,Mini PC,Ordenagailuak,1113.3,9
9271,2026-07-27,Eugenio Blanch Conde,Álava,Monitorea,Periferikoak,558.11,4
9272,2026-06-23,Begoña Cáceres Verdú,Albacete,Monitorea,Periferikoak,92.4,1
9273,2026-03-09,Genoveva Narváez Solís,Baleares,Ordenagailu eramangarria,Ordenagailuak,1614.46,1
9274,2024-12-06,Petrona Blanch Bilbao,Valencia,Txartel grafikoa,Osagaiak,1346.0,9
9275,2026-08-05,Carmelo Guillén Vilaplana,Guipúzcoa,Wi-Fi egokigailua,Sareak,1716.63,7
9276,2025-08-28,Juliana Millán Aparicio,Cantabria,Monitorea,Periferikoak,522.59,1
9277,2026-09-14,Chuy Jose Miguel Jáuregui Azorin,La Coruña,Webkamera,Periferikoak,579.38,5
9278,2024-10-29,Azucena Delgado Arteaga,Valladolid,Ordenagailu eramangarria,Ordenagailuak,1448.17,3
9279,2024-10-20,Quique del Roselló,Castellón,SSD diskoa,Osagaiak,286.74,2
9280,2026-06-19,Calisto Chacón Herrera,Málaga,Sagua,Periferikoak,617.95,6
9281,2026-03-19,Rafa Ale Reina Pedrosa,Girona,Ordenagailu eramangarria,Ordenagailuak,343.79,3
9282,2026-07-05,Susanita Gelabert Camacho,León,Wi-Fi egokigailua,Sareak,62.39,4
9283,2026-06-24,Eric Haro-Bayona,Tarragona,Wi-Fi egokigailua,Sareak,535.17,4
9284,2026-07-24,Adelia Calzada,Albacete,Wi-Fi egokigailua,Sareak,1512.22,9
9285,2025-06-09,Bautista Palacio Ángel,Alicante,Webkamera,Periferikoak,1233.1,5
9286,2026-02-12,Marcial Villegas,Palencia,Mini PC,Ordenagailuak,1752.9,1
9287,2024-10-23,Maxi Cabezas-Oliva,Melilla,Wi-Fi egokigailua,Sareak,113.75,9
9288,2025-10-10,Luís Pi-Ribes,Segovia,Mahaigaineko ordenagailua,Ordenagailuak,438.3,8
9289,2026-03-10,José Jáuregui-Gras,Cantabria,Mahaigaineko ordenagailua,Ordenagailuak,430.34,2
9290,2026-04-09,Carmina Parejo,Zamora,Mahaigaineko ordenagailua,Ordenagailuak,1916.68,7
9291,2024-10-14,Celso Juárez Valls,Almería,Sagua,Periferikoak,1931.82,3
9292,2026-03-15,Isabel Doménech,Granada,Mini PC,Ordenagailuak,465.83,10
9293,2025-02-09,Manuela Portero Cepeda,Ciudad,Teklatua,Periferikoak,1869.68,5
9294,2026-07-06,Tania de Tejedor,Santa Cruz de Tenerife,Mahaigaineko ordenagailua,Ordenagailuak,1155.6,10
9295,2026-05-26,Lorenza Ortuño-Mascaró,Madrid,Switch-a,Sareak,369.24,5
9296,2025-05-25,José Antonio Rueda,León,SSD diskoa,Osagaiak,1321.4,7
9297,2024-11-10,Mohamed Jordá,La Coruña,Sagua,Periferikoak,1516.4,7
9298,2025-11-14,Sandalio Rafael Gimeno Lago,Cáceres,Ordenagailu eramangarria,Ordenagailuak,1583.45,9
9299,2025-08-22,Julián Novoa Madrigal,Soria,Sagua,Periferikoak,592.91,5
9300,2025-10-10,Curro Amando Alfaro Navas,Lleida,Switch-a,Sareak,672.24,6
9301,2025-02-01,Edgardo Mariano Contreras Nieto,Zaragoza,Txartel grafikoa,Osagaiak,1126.49,2
9302,2025-11-05,Adelaida Baquero Garmendia,Barcelona,RAM memoria,Osagaiak,1766.83,3
9303,2025-07-02,Herberto Uría-Sáez,Asturias,Webkamera,Periferikoak,809.91,7
9304,2024-09-25,Jose Miguel Conde Carlos,Las Palmas,RAM memoria,Osagaiak,1413.38,5
9305,2024-11-11,Francisca Bautista-Salazar,Alicante,Prozesadorea,Osagaiak,1986.0,5
9306,2026-02-17,Rogelio Feliu,Soria,Mahaigaineko ordenagailua,Ordenagailuak,1396.52,7
9307,2026-04-03,Virginia Angulo Vera,Tarragona,Wi-Fi egokigailua,Sareak,1130.64,4
9308,2026-06-23,Cristóbal Murillo Moya,Huelva,Switch-a,Sareak,1955.63,8
9309,2026-08-24,Benigno Joan Menendez Agustín,Madrid,Bideratzailea,Sareak,1905.44,10
9310,2025-11-13,Pablo Carreño Huertas,Zaragoza,Txartel grafikoa,Osagaiak,1990.3,5
9311,2025-01-05,Victorino Alfonso Lara,Melilla,Prozesadorea,Osagaiak,110.74,9
9312,2025-05-19,Ramona Ferrándiz Ferrández,Segovia,Wi-Fi egokigailua,Sareak,1206.64,5
9313,2026-03-22,Asunción Sevillano Mosquera,Girona,Mahaigaineko ordenagailua,Ordenagailuak,1480.54,10
9314,2026-05-13,Eulalia Adriana Corbacho Aguilar,Guadalajara,RAM memoria,Osagaiak,1214.43,7
9315,2025-01-16,Eusebio Nevado Royo,Cantabria,Monitorea,Periferikoak,944.48,2
9316,2025-04-26,Baltasar Exposito Valle,Ávila,Monitorea,Periferikoak,495.38,2
9317,2025-04-18,Tito Villegas,La Coruña,Txartel grafikoa,Osagaiak,1703.61,3
9318,2025-04-30,Lucio de Priego,Toledo,SSD diskoa,Osagaiak,1300.2,3
9319,2024-12-01,Chucho Mir Bartolomé,Navarra,RAM memoria,Osagaiak,455.6,1
9320,2025-12-17,Ale Gallego Barriga,Cádiz,Wi-Fi egokigailua,Sareak,1297.21,8
9321,2024-12-03,Custodia Cifuentes Lobo,Málaga,Prozesadorea,Osagaiak,1937.65,2
9322,2026-08-09,Susana del Baró,Barcelona,Sagua,Periferikoak,738.64,9
9323,2026-03-07,Pepito Figuerola Beltrán,Valencia,SSD diskoa,Osagaiak,1790.26,9
9324,2026-04-21,Jacinto Puente Fuertes,Girona,Bideratzailea,Sareak,310.59,9
9325,2025-12-12,Marcio Collado Falcón,Lugo,Sagua,Periferikoak,1589.74,8
9326,2025-06-10,Crescencia Febe Oliva Alegre,Burgos,Monitorea,Periferikoak,276.94,1
9327,2025-12-25,Guiomar Galan Guillen,Ávila,Teklatua,Periferikoak,350.3,6
9328,2026-08-08,Zacarías Vizcaíno-Lopez,Lleida,Mahaigaineko ordenagailua,Ordenagailuak,1131.71,6
9329,2024-11-15,Bernardo Sanmartín Garzón,Murcia,Sare-kablea,Sareak,543.42,2
9330,2025-09-13,Loreto del Alfonso,Zaragoza,Bideratzailea,Sareak,1076.0,10
9331,2024-10-29,Maximino de Peral,Sevilla,Bideratzailea,Sareak,876.2,8
9332,2026-08-12,Emperatriz Beltran Cueto,Vizcaya,RAM memoria,Osagaiak,1823.23,3
9333,2025-04-21,Darío Daza Clavero,Alicante,Txartel grafikoa,Osagaiak,1876.8,1
9334,2026-02-22,Malena Cañete Cal,Cantabria,Mahaigaineko ordenagailua,Ordenagailuak,267.24,8
9335,2026-08-14,Román del Colomer,Cantabria,Sagua,Periferikoak,994.7,1
9336,2025-07-31,Eliana Cecilia Tirado Domingo,Barcelona,Switch-a,Sareak,903.73,4
9337,2026-03-09,Narciso Ariza Taboada,Zaragoza,Sagua,Periferikoak,348.56,8
9338,2026-09-11,Tatiana Sanmiguel,Girona,Sagua,Periferikoak,1413.5,6
9339,2026-01-29,Eleuterio Sierra,Almería,RAM memoria,Osagaiak,261.66,9
9340,2026-03-12,Rico Mancebo-Ropero,Las Palmas,Monitorea,Periferikoak,1171.89,5
9341,2026-08-27,Perlita Tejero Castro,Murcia,SSD diskoa,Osagaiak,740.51,2
9342,2026-02-21,Jordi Múñiz Tello,Santa Cruz de Tenerife,RAM memoria,Osagaiak,873.54,2
9343,2024-11-08,Rosario del Guitart,Ceuta,Bideratzailea,Sareak,8.33,7
9344,2026-02-07,Rolando Salinas Villar,Navarra,Teklatua,Periferikoak,950.4,4
9345,2026-05-29,Elba Lina Diéguez Valera,Valladolid,Webkamera,Periferikoak,1141.16,2
9346,2025-03-09,Arcelia Pizarro Rosselló,Zamora,Prozesadorea,Osagaiak,1056.33,10
9347,2025-04-20,Eustaquio Pellicer,Almería,Prozesadorea,Osagaiak,1782.63,8
9348,2026-02-02,Esteban Gallart,Lugo,Monitorea,Periferikoak,1817.6,10
9349,2026-03-25,Fidela Godoy Amor,Burgos,Webkamera,Periferikoak,858.13,4
9350,2026-05-18,Guadalupe Gárate Jordá,Cuenca,Mini PC,Ordenagailuak,1618.89,4
9351,2025-11-04,Bernardita Mínguez,Murcia,SSD diskoa,Osagaiak,627.45,6
9352,2024-10-07,Silvio Óscar Canales Miranda,Segovia,Teklatua,Periferikoak,1609.35,9
9353,2026-07-13,Román Páez Solé,Cuenca,Mini PC,Ordenagailuak,539.77,4
9354,2025-02-12,Benita de Mur,Granada,Txartel grafikoa,Osagaiak,1121.93,5
9355,2026-04-18,Nuria Mariscal,Salamanca,Mahaigaineko ordenagailua,Ordenagailuak,1811.25,5
9356,2026-05-10,María Ángeles Toro Tormo,La Rioja,Sare-kablea,Sareak,323.37,6
9357,2024-11-15,Ale Luis Caro Salamanca,Cuenca,Txartel grafikoa,Osagaiak,363.56,1
9358,2026-04-10,Chita Marita Palomares Larrañaga,Guadalajara,RAM memoria,Osagaiak,475.52,3
9359,2025-12-21,Josefa Morata Balaguer,Cantabria,Txartel grafikoa,Osagaiak,1347.88,10
9360,2026-03-27,Pedro Novoa Pedrosa,Ourense,Prozesadorea,Osagaiak,530.14,9
9361,2025-06-13,Candela Folch Benítez,Salamanca,Webkamera,Periferikoak,1015.56,5
9362,2025-03-30,Sebastián Leal Peñalver,Asturias,Txartel grafikoa,Osagaiak,1346.1,2
9363,2025-04-29,Trinidad Tolosa Gallo,Burgos,Bideratzailea,Sareak,142.28,4
9364,2026-02-24,Primitivo del Martí,Girona,Monitorea,Periferikoak,1168.36,5
9365,2024-10-31,Albino Baltasar Salvà Sans,Lleida,Monitorea,Periferikoak,289.4,1
9366,2025-05-06,Paula Dulce Bastida Cantón,Barcelona,RAM memoria,Osagaiak,830.37,5
9367,2025-11-04,Asdrubal Alfaro-Perez,Burgos,Mahaigaineko ordenagailua,Ordenagailuak,64.85,4
9368,2025-05-25,Ignacio Paniagua-Valderrama,Zamora,Mahaigaineko ordenagailua,Ordenagailuak,1322.93,8
9369,2025-09-24,Lorenzo Hernando Colom,Cantabria,Switch-a,Sareak,943.27,2
9370,2025-12-24,Manuela Candela Vives Guitart,Valladolid,Mini PC,Ordenagailuak,568.14,7
9371,2025-08-23,Pilar Salamanca Acuña,Ceuta,RAM memoria,Osagaiak,1186.45,7
9372,2025-05-22,Luis Ángel Gilabert-Casal,Teruel,Wi-Fi egokigailua,Sareak,512.49,3
9373,2026-04-28,Simón Jimenez Carrillo,Cádiz,Switch-a,Sareak,1863.19,9
9374,2024-10-08,Hortensia Segovia,Melilla,SSD diskoa,Osagaiak,432.61,9
9375,2025-10-14,Román Martí Pérez,Ciudad,SSD diskoa,Osagaiak,1309.1,3
9376,2025-06-28,Rita Rodriguez Sanmartín,Salamanca,Ordenagailu eramangarria,Ordenagailuak,570.84,3
9377,2024-12-25,Benigna de Espejo,Ceuta,Switch-a,Sareak,337.88,8
9378,2026-07-16,Feliciano Castells Galan,Toledo,Mahaigaineko ordenagailua,Ordenagailuak,1067.9,5
9379,2026-06-05,Cipriano Arco Pedro,Vizcaya,Ordenagailu eramangarria,Ordenagailuak,692.65,3
9380,2026-01-28,Anabel Elisa Alcalde Julián,Toledo,Sare-kablea,Sareak,1426.75,1
9381,2025-07-16,Josué de Martin,Albacete,Monitorea,Periferikoak,749.46,3
9382,2026-07-26,Estefanía Lobo Portero,La Coruña,Webkamera,Periferikoak,1242.22,7
9383,2025-03-24,Lucila Agullo Roselló,Ciudad,Prozesadorea,Osagaiak,1180.4,7
9384,2025-06-15,Nacio Font Salas,Sevilla,Wi-Fi egokigailua,Sareak,1517.62,9
9385,2025-03-09,Mariano de Aguilera,Granada,Mahaigaineko ordenagailua,Ordenagailuak,337.66,7
9386,2024-12-22,Teresa Acosta Rico,Huesca,Mini PC,Ordenagailuak,1420.61,8
9387,2025-07-09,Venceslás Rubio Benavent,Córdoba,Bideratzailea,Sareak,767.31,8
9388,2025-08-12,Osvaldo Iñiguez Blanch,Baleares,Bideratzailea,Sareak,821.11,3
9389,2025-01-06,Heriberto Barrio Milla,Pontevedra,Sagua,Periferikoak,559.9,2
9390,2024-11-09,José Wálter Montalbán Bonilla,Guipúzcoa,Txartel grafikoa,Osagaiak,1435.72,6
9391,2024-10-27,Raquel Antúnez Tena,Lleida,Sare-kablea,Sareak,1992.1,2
9392,2026-01-08,Alberto Montalbán Carvajal,Huesca,RAM memoria,Osagaiak,337.17,1
9393,2026-01-03,Dolores Camino-Salvador,Lugo,Bideratzailea,Sareak,1864.36,5
9394,2026-06-25,Sigfrido Aitor Crespi Arnaiz,Asturias,Prozesadorea,Osagaiak,1499.16,9
9395,2026-02-27,Ignacia Fabra,Guadalajara,Txartel grafikoa,Osagaiak,1700.87,8
9396,2025-04-01,Teófila Escobar Montalbán,Asturias,Sagua,Periferikoak,1933.41,3
9397,2026-03-21,Salomón Priego Sacristán,La Coruña,Mahaigaineko ordenagailua,Ordenagailuak,763.34,1
9398,2024-10-25,Clímaco Vigil-Prat,Cádiz,Mahaigaineko ordenagailua,Ordenagailuak,1753.66,5
9399,2025-10-31,Palmira Amorós Moliner,Salamanca,Ordenagailu eramangarria,Ordenagailuak,1945.5,10
9400,2026-08-10,Mar Lloret Zamora,Ciudad,Mahaigaineko ordenagailua,Ordenagailuak,1400.96,10
9401,2025-07-26,Xiomara Riba Nuñez,La Coruña,Webkamera,Periferikoak,495.25,1
9402,2025-01-21,Dominga Garmendia Solís,Badajoz,Mahaigaineko ordenagailua,Ordenagailuak,923.53,10
9403,2025-05-11,Rafael Menendez Puga,La Coruña,Bideratzailea,Sareak,1435.5,3
9404,2026-02-26,Alcides Leiva Díez,Asturias,Webkamera,Periferikoak,1537.36,6
9405,2025-08-05,Graciana Escalona Rodriguez,Murcia,Webkamera,Periferikoak,413.82,1
9406,2025-02-05,Severiano Parra Prats,Cáceres,Mahaigaineko ordenagailua,Ordenagailuak,1176.6,10
9407,2026-06-03,Pablo Porta,La Rioja,Monitorea,Periferikoak,1177.5,3
9408,2026-04-14,Irene Oliveras Varela,Sevilla,Ordenagailu eramangarria,Ordenagailuak,1448.7,2
9409,2025-06-07,Miguel Blanch Gil,Salamanca,Txartel grafikoa,Osagaiak,980.22,8
9410,2026-09-17,Anastasio Pinto-Mendez,La Coruña,Mini PC,Ordenagailuak,149.46,8
9411,2026-05-14,Gastón del Bermúdez,Las Palmas,RAM memoria,Osagaiak,1318.69,4
9412,2024-10-04,Rufina Moll Capdevila,Las Palmas,Bideratzailea,Sareak,1991.92,4
9413,2025-04-01,Valentín Guzman Soler,Valladolid,Mini PC,Ordenagailuak,1205.18,7
9414,2026-09-14,Ignacio Jódar Barrena,Alicante,Mahaigaineko ordenagailua,Ordenagailuak,1197.7,3
9415,2025-12-29,Duilio Bustos,Sevilla,Ordenagailu eramangarria,Ordenagailuak,846.81,8
9416,2025-07-26,Adelardo Samper Bilbao,Asturias,Prozesadorea,Osagaiak,406.8,9
9417,2026-07-02,Severino Sanjuan Amigó,Palencia,Sare-kablea,Sareak,1962.92,2
9418,2026-06-11,Josué Jaime Bustos Fortuny,Santa Cruz de Tenerife,Teklatua,Periferikoak,1416.68,4
9419,2026-07-20,Melania Boada Galvez,Salamanca,Wi-Fi egokigailua,Sareak,714.18,3
9420,2026-05-01,Octavia Morera Adadia,Valencia,Webkamera,Periferikoak,574.35,10
9421,2025-04-20,Danilo Losa Serrano,Palencia,Mini PC,Ordenagailuak,1772.7,6
9422,2026-05-19,Roldán Salmerón Galiano,Ávila,Wi-Fi egokigailua,Sareak,591.38,1
9423,2025-03-31,José Ángel Chacón Ramón,Pontevedra,Bideratzailea,Sareak,1871.43,3
9424,2025-11-16,Paulina de Madrid,Asturias,Bideratzailea,Sareak,1961.52,10
9425,2026-02-23,Cayetana Morata Benítez,La Coruña,Monitorea,Periferikoak,1569.67,10
9426,2026-02-03,Rosa María Georgina Gámez Benet,Lugo,Txartel grafikoa,Osagaiak,1431.15,9
9427,2025-03-12,Beatriz Cueto Bosch,La Rioja,Mini PC,Ordenagailuak,494.32,3
9428,2026-02-14,Victor Ruano Roig,Alicante,SSD diskoa,Osagaiak,1887.85,9
9429,2026-03-27,Rafa Luís Meléndez Palacio,Badajoz,Bideratzailea,Sareak,63.19,10
9430,2025-02-21,Lidia Llorens Aguado,Granada,Ordenagailu eramangarria,Ordenagailuak,1269.94,9
9431,2025-10-01,Teófila Sans Hierro,Melilla,Txartel grafikoa,Osagaiak,1157.69,8
9432,2024-11-17,Cirino Ródenas,Santa Cruz de Tenerife,Mini PC,Ordenagailuak,1384.23,2
9433,2026-08-01,Herminio Bilbao Castellanos,Burgos,Mahaigaineko ordenagailua,Ordenagailuak,46.64,10
9434,2026-02-03,Candelario Quesada Cámara,Salamanca,Txartel grafikoa,Osagaiak,1684.17,5
9435,2026-05-18,Ildefonso Pardo Garcia,Burgos,Teklatua,Periferikoak,1315.27,4
9436,2026-01-30,Benigno David Font Vilalta,Albacete,Ordenagailu eramangarria,Ordenagailuak,945.72,8
9437,2025-02-10,Teobaldo Luís Camino Pardo,Guadalajara,Ordenagailu eramangarria,Ordenagailuak,540.91,1
9438,2025-03-28,Merche Fábregas Tur,Almería,Teklatua,Periferikoak,1835.52,8
9439,2026-07-23,Custodio de Pons,Huesca,Wi-Fi egokigailua,Sareak,866.23,2
9440,2025-06-28,Joan Blanes,Granada,Prozesadorea,Osagaiak,511.19,5
9441,2025-12-24,Fulgencio Serrano,Alicante,Bideratzailea,Sareak,1615.59,2
9442,2026-06-25,Paz Blanes Sanmiguel,Badajoz,Mini PC,Ordenagailuak,903.65,7
9443,2026-08-21,Leoncio Río-Frutos,Girona,Mini PC,Ordenagailuak,1691.54,1
9444,2024-10-30,Filomena Torrent Pastor,Asturias,Mahaigaineko ordenagailua,Ordenagailuak,1320.3,1
9445,2026-06-15,Purificación Bartolomé Camps,La Coruña,Mahaigaineko ordenagailua,Ordenagailuak,1036.24,9
9446,2026-06-27,Jesusa Clavero Espejo,Zamora,Monitorea,Periferikoak,1032.8,6
9447,2024-12-02,Primitivo Céspedes Larrea,Pontevedra,Monitorea,Periferikoak,1920.66,9
9448,2024-11-05,Clotilde Lucas-Quintero,Girona,Wi-Fi egokigailua,Sareak,1741.64,5
9449,2025-12-02,Chita Modesta Pineda Hervás,La Coruña,Switch-a,Sareak,132.46,8
9450,2026-05-12,Jaime Sans Saldaña,Toledo,Ordenagailu eramangarria,Ordenagailuak,388.59,9
9451,2025-06-28,Aurelio Pol,Castellón,Mini PC,Ordenagailuak,1802.72,1
9452,2026-02-06,Florentina Morcillo,Jaén,Mahaigaineko ordenagailua,Ordenagailuak,938.2,1
9453,2025-08-18,Maximiano Cuadrado Arteaga,Ceuta,Ordenagailu eramangarria,Ordenagailuak,1411.22,5
9454,2026-05-13,Elodia Rodríguez Acuña,Toledo,Ordenagailu eramangarria,Ordenagailuak,496.39,9
9455,2026-04-10,Gustavo Zapata,Ourense,Teklatua,Periferikoak,1199.68,8
9456,2026-05-17,Elvira Rey Sans,Ourense,Wi-Fi egokigailua,Sareak,1561.63,2
9457,2025-06-18,Osvaldo Herrero Sureda,Zaragoza,Prozesadorea,Osagaiak,1241.13,2
9458,2025-07-18,Chita Tamarit Tejera,Girona,Mahaigaineko ordenagailua,Ordenagailuak,1818.22,9
9459,2026-09-22,Aránzazu Pol Fuertes,Teruel,Sagua,Periferikoak,1182.52,8
9460,2026-08-02,Cayetana Palmer Izquierdo,Lleida,Bideratzailea,Sareak,615.73,10
9461,2025-11-03,Isaac Cuadrado Bueno,Burgos,Mini PC,Ordenagailuak,1610.3,9
9462,2025-03-07,Fabricio Baró Acosta,Segovia,Txartel grafikoa,Osagaiak,1113.57,2
9463,2026-04-06,Apolonia Clemente Estrada,Las Palmas,Webkamera,Periferikoak,1474.57,2
9464,2025-06-19,Gisela Nieto Alcaraz,Sevilla,Webkamera,Periferikoak,910.49,6
9465,2024-10-20,Amaya Nuñez Sevillano,Castellón,Webkamera,Periferikoak,1313.36,8
9466,2025-11-03,Mariano Castañeda Alba,Las Palmas,Webkamera,Periferikoak,170.89,5
9467,2025-01-17,Ascensión Cardona Vila,Segovia,Switch-a,Sareak,354.34,9
9468,2026-04-23,Azahara del Escribano,Lleida,Teklatua,Periferikoak,1736.9,4
9469,2025-06-04,Irma Toledo Valle,Ciudad,Mahaigaineko ordenagailua,Ordenagailuak,742.9,4
9470,2025-02-16,Feliciana Chaparro Girón,Ávila,Monitorea,Periferikoak,95.28,9
9471,2025-12-13,Rosaura Sierra Vicens,Asturias,Mini PC,Ordenagailuak,618.84,6
9472,2026-01-26,Estefanía de Vilaplana,Melilla,Txartel grafikoa,Osagaiak,1649.48,5
9473,2024-10-09,Liliana Reyes-Hernandez,Lleida,Wi-Fi egokigailua,Sareak,451.24,10
9474,2026-01-14,Pascuala Piquer Llopis,Burgos,Sagua,Periferikoak,157.38,5
9475,2025-10-18,Jesús Escamilla Cervantes,Melilla,Ordenagailu eramangarria,Ordenagailuak,1753.24,10
9476,2024-12-29,Aura Ramos,Castellón,Sare-kablea,Sareak,1679.37,10
9477,2025-07-04,Joan Moliner Tomé,Tarragona,Teklatua,Periferikoak,174.26,7
9478,2024-12-30,Rosendo Roldan Galán,La Coruña,Bideratzailea,Sareak,829.51,1
9479,2026-07-22,María Carmen Lucas Ochoa,Zaragoza,RAM memoria,Osagaiak,724.29,4
9480,2025-11-21,Alba del Hoz,Santa Cruz de Tenerife,Bideratzailea,Sareak,896.76,6
9481,2026-07-25,Jacinta de Gallo,Lleida,Wi-Fi egokigailua,Sareak,642.43,10
9482,2024-10-28,Ariadna Cerdán Escrivá,La Coruña,RAM memoria,Osagaiak,1886.68,8
9483,2025-08-20,Antonia del Estévez,Melilla,Ordenagailu eramangarria,Ordenagailuak,776.76,8
9484,2025-05-25,Melania Salinas Lucena,Zaragoza,Wi-Fi egokigailua,Sareak,180.45,8
9485,2026-08-11,Adora del Piñol,Ávila,Webkamera,Periferikoak,1474.36,9
9486,2025-12-13,Francisco de Raya,Zaragoza,Teklatua,Periferikoak,509.68,8
9487,2025-10-31,Guiomar Jiménez Martín,La Coruña,Teklatua,Periferikoak,1707.18,1
9488,2026-04-25,Donato Caro,Girona,Ordenagailu eramangarria,Ordenagailuak,1421.6,8
9489,2025-06-21,Ana Sofía Manso-Samper,Huesca,Bideratzailea,Sareak,1160.0,2
9490,2025-04-12,Merche Viviana Gimenez Villalobos,Lleida,Sare-kablea,Sareak,1035.44,8
9491,2026-09-02,Dora Terrón,León,Mini PC,Ordenagailuak,917.57,1
9492,2025-04-28,Samuel Ortuño Cortina,Valencia,Mahaigaineko ordenagailua,Ordenagailuak,1271.47,10
9493,2025-03-12,Nacho Pastor Casal Ballester,Vizcaya,Monitorea,Periferikoak,630.28,1
9494,2026-05-10,Agustín Carballo Julián,Ávila,SSD diskoa,Osagaiak,230.71,7
9495,2025-02-07,Óscar Pedrosa,Albacete,Monitorea,Periferikoak,1951.26,10
9496,2026-04-11,Eutimio Vigil Tur,Girona,Switch-a,Sareak,1992.78,5
9497,2024-12-15,Renata Hernando Luján,Valladolid,Sare-kablea,Sareak,1904.58,3
9498,2025-02-27,Natanael Manuel Anguita,Navarra,Webkamera,Periferikoak,1940.51,4
9499,2026-08-30,Úrsula Cuéllar-Acuña,Guadalajara,Mahaigaineko ordenagailua,Ordenagailuak,611.3,2
9500,2024-10-03,Berta Mosquera Barral,Alicante,Teklatua,Periferikoak,1492.5,5
9501,2026-05-21,Jose Ramón Hurtado Bustamante,Guipúzcoa,Bideratzailea,Sareak,1229.78,5
9502,2026-04-09,Jovita Céspedes Pinto,Asturias,Teklatua,Periferikoak,1853.3,5
9503,2025-03-27,Jaime Mayol Barranco,Córdoba,Mini PC,Ordenagailuak,895.25,6
9504,2024-11-24,Asdrubal Azcona Viña,Navarra,Mahaigaineko ordenagailua,Ordenagailuak,443.79,4
9505,2025-03-01,Marina del Peralta,Ávila,Mini PC,Ordenagailuak,961.83,10
9506,2025-03-15,Eugenia Giner Cerro,Burgos,Webkamera,Periferikoak,1943.29,4
9507,2025-12-05,Adelina Espada,Alicante,Switch-a,Sareak,1502.85,3
9508,2025-07-09,Julián Domínguez Quevedo,Murcia,Bideratzailea,Sareak,515.84,2
9509,2026-05-25,César Alcolea-Jódar,Málaga,SSD diskoa,Osagaiak,890.86,5
9510,2026-01-26,Patricio Expósito Castrillo,Toledo,Teklatua,Periferikoak,1819.61,2
9511,2025-10-24,Candelario Ortuño-Pinto,Navarra,Mini PC,Ordenagailuak,1923.19,9
9512,2026-04-15,Ofelia Carlos,Pontevedra,Teklatua,Periferikoak,1704.55,2
9513,2025-11-24,René Duque Benavent,Cáceres,Txartel grafikoa,Osagaiak,634.66,5
9514,2026-02-07,Dorita Batlle Solana,Ávila,Wi-Fi egokigailua,Sareak,204.7,9
9515,2025-10-22,Hermenegildo Wilfredo Cabañas Verdugo,Huelva,Switch-a,Sareak,519.31,5
9516,2026-04-27,Danilo Severo Pérez Viana,Ávila,Webkamera,Periferikoak,1852.7,9
9517,2025-10-23,José Aguirre-Arenas,Tarragona,Prozesadorea,Osagaiak,1117.42,4
9518,2024-12-16,Felicidad Sevillano Pallarès,Girona,Txartel grafikoa,Osagaiak,1264.47,5
9519,2024-10-03,Modesta Clemente Ferrández,Santa Cruz de Tenerife,Wi-Fi egokigailua,Sareak,1589.46,8
9520,2024-12-19,Amando Cordero Estrada,Ávila,Wi-Fi egokigailua,Sareak,612.51,5
9521,2026-06-13,Daniel Diez Roig,Segovia,Teklatua,Periferikoak,995.84,10
9522,2025-01-27,Rebeca del Vilanova,Cuenca,RAM memoria,Osagaiak,1002.8,6
9523,2026-06-02,Goyo Hernández Mariscal,La Coruña,Sare-kablea,Sareak,1863.4,2
9524,2026-07-23,Jonatan Mayoral Sanabria,Asturias,Mini PC,Ordenagailuak,1085.61,5
9525,2025-07-12,Félix Cañas Valenciano,Valladolid,Mini PC,Ordenagailuak,1820.69,2
9526,2025-05-27,Eva María Menendez-Peláez,Toledo,Teklatua,Periferikoak,1581.63,6
9527,2025-07-12,Toni Crespo-Esparza,León,RAM memoria,Osagaiak,1801.62,4
9528,2025-08-26,Candelario Arcos Sastre,Huelva,Ordenagailu eramangarria,Ordenagailuak,522.22,1
9529,2026-09-03,Epifanio del Arnaiz,Albacete,SSD diskoa,Osagaiak,207.75,5
9530,2025-01-23,Román Gomila Carvajal,Guadalajara,Ordenagailu eramangarria,Ordenagailuak,1137.24,2
9531,2024-12-19,Rodrigo de Villena,Almería,Switch-a,Sareak,1660.2,4
9532,2026-09-02,María Del Carmen Recio Mayol,Zamora,Switch-a,Sareak,1280.87,2
9533,2024-09-28,Pacífica Cases-González,Zamora,Prozesadorea,Osagaiak,1000.6,4
9534,2025-04-17,Jose Antonio Belda Guitart,Salamanca,Webkamera,Periferikoak,1637.32,1
9535,2025-06-30,Feliciano Ariño Alsina,Valladolid,Switch-a,Sareak,1078.46,3
9536,2025-11-25,Bartolomé Galindo-Cepeda,Albacete,Wi-Fi egokigailua,Sareak,507.97,10
9537,2025-08-09,Victoria de Arias,Barcelona,Ordenagailu eramangarria,Ordenagailuak,1552.13,2
9538,2025-12-24,Socorro Soto,Zamora,Ordenagailu eramangarria,Ordenagailuak,1449.73,6
9539,2026-07-30,Cintia Patiño Torrent,Palencia,Switch-a,Sareak,1406.9,3
9540,2026-07-12,Marta España,Segovia,SSD diskoa,Osagaiak,887.74,9
9541,2025-04-19,Maximino Luján Iñiguez,Cuenca,Sare-kablea,Sareak,1797.72,3
9542,2026-05-19,Regina Amador Bravo,Salamanca,SSD diskoa,Osagaiak,504.33,4
9543,2025-09-19,Eloy Abellán Salvà,Pontevedra,RAM memoria,Osagaiak,225.93,3
9544,2025-09-25,Manuela Garcia Miranda,Zamora,RAM memoria,Osagaiak,1671.0,5
9545,2025-06-20,Eutropio del Feliu,Cádiz,Prozesadorea,Osagaiak,1446.54,10
9546,2025-11-26,Marisol Ferrándiz Portero,La Coruña,Mini PC,Ordenagailuak,1302.69,3
9547,2026-05-24,Trinidad Teruel Pozuelo,Guipúzcoa,Sare-kablea,Sareak,372.13,5
9548,2025-07-02,Tito Luque Céspedes,Asturias,SSD diskoa,Osagaiak,1336.65,7
9549,2025-05-28,Palmira García Puerta,Cantabria,Switch-a,Sareak,179.76,4
9550,2025-03-18,Carmelita del Pinto,Albacete,RAM memoria,Osagaiak,1000.31,3
9551,2026-09-03,Natalio Carbó Moll,Tarragona,Prozesadorea,Osagaiak,899.63,6
9552,2024-10-08,Plinio Águila Riera,Ciudad,RAM memoria,Osagaiak,237.39,5
9553,2025-05-14,Marcio Marcelo Pozuelo Aragonés,Guipúzcoa,Switch-a,Sareak,348.6,3
9554,2025-05-03,Natalia Benito,Ávila,Ordenagailu eramangarria,Ordenagailuak,140.35,6
9555,2025-07-28,Emiliano Simón Parejo Tamarit,Burgos,Teklatua,Periferikoak,12.71,1
9556,2024-10-06,Amada Juliá,Murcia,Monitorea,Periferikoak,572.19,9
9557,2025-02-04,Fermín Viñas Ferrer,Burgos,Monitorea,Periferikoak,1778.2,9
9558,2025-12-01,Julio Portero,La Coruña,Teklatua,Periferikoak,854.98,1
9559,2026-06-11,María Teresa Mercader Núñez,Salamanca,Mini PC,Ordenagailuak,1121.45,5
9560,2025-06-13,María Luisa Palma Ramirez,Ourense,Mahaigaineko ordenagailua,Ordenagailuak,1824.6,3
9561,2026-04-04,Soraya Vives Lasa,Vizcaya,Ordenagailu eramangarria,Ordenagailuak,1450.48,7
9562,2026-02-05,Eligia Gonzalez Zamora,Cantabria,Bideratzailea,Sareak,665.25,4
9563,2025-02-26,Evangelina Vargas Estévez,La Rioja,Teklatua,Periferikoak,1904.44,1
9564,2024-10-30,Celso Baena Toro,La Rioja,Monitorea,Periferikoak,1888.69,3
9565,2026-01-04,Josep Hernández Perales,León,Mahaigaineko ordenagailua,Ordenagailuak,294.66,1
9566,2026-05-30,Irma Camino,Alicante,Sagua,Periferikoak,12.72,2
9567,2025-09-01,Juanito Gómez Ureña,Alicante,Prozesadorea,Osagaiak,312.62,4
9568,2026-05-22,Mercedes Girón Nogués,Córdoba,Bideratzailea,Sareak,536.3,8
9569,2025-05-27,Dionisia Lluch,Palencia,RAM memoria,Osagaiak,279.65,10
9570,2026-04-06,Paz Angulo Díez,Cuenca,SSD diskoa,Osagaiak,110.52,1
9571,2025-08-17,Cándida Sierra,Ceuta,Switch-a,Sareak,1621.77,7
9572,2026-03-06,Ariel Díaz Coll,Lleida,Switch-a,Sareak,1178.17,3
9573,2025-02-23,Joan Peralta Alvarado,Zaragoza,Mini PC,Ordenagailuak,980.7,3
9574,2026-06-01,Jonatan Arco Dueñas,Lleida,Bideratzailea,Sareak,334.94,2
9575,2024-10-12,Ruperto Pepe Arias Casanova,Vizcaya,Sare-kablea,Sareak,1735.43,1
9576,2025-03-11,Marcela Soraya Bastida Paredes,Murcia,Ordenagailu eramangarria,Ordenagailuak,1767.39,4
9577,2026-08-04,Sandalio Carrasco Galiano,Segovia,Teklatua,Periferikoak,401.75,6
9578,2026-05-22,Gregorio Cabanillas-Rocamora,Álava,RAM memoria,Osagaiak,894.66,9
9579,2025-08-14,Gabino Tirado Briones,Albacete,Txartel grafikoa,Osagaiak,1244.21,5
9580,2024-12-20,Duilio Neira Caballero,Ceuta,Wi-Fi egokigailua,Sareak,1179.42,8
9581,2025-05-08,Reyes Marcial Fernández Sastre,Segovia,RAM memoria,Osagaiak,1907.8,4
9582,2024-11-03,Merche Ordóñez Rosado,Granada,Mini PC,Ordenagailuak,1202.1,8
9583,2025-06-03,Encarna Anastasia Sancho Sotelo,Huesca,Switch-a,Sareak,479.12,7
9584,2026-08-17,Elba Segura Arroyo,Las Palmas,Teklatua,Periferikoak,177.99,7
9585,2026-08-26,Rosalva Larrañaga Flor,Palencia,Mini PC,Ordenagailuak,1851.36,7
9586,2025-06-15,Crescencia Navarro Llanos,Guadalajara,Ordenagailu eramangarria,Ordenagailuak,97.4,4
9587,2025-03-19,Jordana Dalmau Perera,Valencia,Switch-a,Sareak,1469.72,2
9588,2025-08-07,Imelda Lucila Olivera Berenguer,La Coruña,Webkamera,Periferikoak,468.75,1
9589,2025-11-27,Nazario Gras-Álvarez,Madrid,Wi-Fi egokigailua,Sareak,90.91,3
9590,2026-02-08,Sebastián Linares Angulo,Ceuta,Monitorea,Periferikoak,450.18,5
9591,2025-05-15,Leyre Huguet Gallego,Ávila,Webkamera,Periferikoak,817.4,8
9592,2025-02-08,Georgina Santos Feliu,Málaga,Sare-kablea,Sareak,1472.9,9
9593,2025-08-19,Zoraida Otilia Sastre Calzada,Cádiz,Bideratzailea,Sareak,1247.83,3
9594,2026-04-10,Plinio Requena Torres,Cádiz,RAM memoria,Osagaiak,988.86,7
9595,2025-01-10,Custodio Diego Agudo,Guipúzcoa,Sare-kablea,Sareak,1088.14,9
9596,2025-11-13,Trini Soto Salinas,Córdoba,Mahaigaineko ordenagailua,Ordenagailuak,793.89,10
9597,2024-12-06,Alma Aroa Rico Dávila,Albacete,Switch-a,Sareak,1487.7,10
9598,2025-04-23,Amalia Acosta Mena,Murcia,Txartel grafikoa,Osagaiak,1765.82,1
9599,2025-08-07,Haroldo Casares Cánovas,León,Prozesadorea,Osagaiak,97.94,3
9600,2024-11-30,Marianela Orozco Garmendia,Ceuta,Switch-a,Sareak,1279.43,1
9601,2026-01-17,Aitana Andres Bou,Zaragoza,Wi-Fi egokigailua,Sareak,246.5,7
9602,2025-09-05,Zaira del Morell,Almería,Mini PC,Ordenagailuak,1059.28,7
9603,2026-01-14,Telmo Ribes Perelló,Zaragoza,Sare-kablea,Sareak,1475.49,6
9604,2025-09-09,Julio César del Sedano,Asturias,Sare-kablea,Sareak,187.36,6
9605,2025-01-24,Saturnino Leiva Carmona,Ourense,Prozesadorea,Osagaiak,1292.41,4
9606,2025-04-18,Vinicio Ledesma Manrique,Badajoz,Mini PC,Ordenagailuak,237.59,7
9607,2025-06-01,Rebeca de Sosa,Almería,Txartel grafikoa,Osagaiak,647.65,7
9608,2025-02-24,Óscar del Cifuentes,La Coruña,RAM memoria,Osagaiak,1106.3,8
9609,2025-11-25,Áurea Leonor Cortés Angulo,Jaén,Wi-Fi egokigailua,Sareak,495.86,9
9610,2025-01-15,Edelmiro Rojas Guerra,La Coruña,Sagua,Periferikoak,1824.98,9
9611,2024-10-07,Jorge Puig Valverde,León,Switch-a,Sareak,1824.42,5
9612,2025-07-15,Arcelia Luque-Cañas,Zamora,Wi-Fi egokigailua,Sareak,636.18,6
9613,2025-06-03,Marisol Calista Viñas Nogués,Cantabria,Webkamera,Periferikoak,826.41,8
9614,2025-11-03,Alberto Goñi-Laguna,Huelva,Monitorea,Periferikoak,1156.26,10
9615,2025-07-06,Fito Peinado Fernandez,Toledo,RAM memoria,Osagaiak,1881.73,2
9616,2025-11-13,Timoteo Sola Cabrero,Barcelona,Webkamera,Periferikoak,1036.99,6
9617,2025-09-14,Lucho Arnau Peral,Melilla,Monitorea,Periferikoak,1335.66,5
9618,2026-08-28,Susana Eulalia Escalona Luz,Zaragoza,Txartel grafikoa,Osagaiak,335.48,10
9619,2024-11-28,Severino Echeverría Ferrer,Guipúzcoa,Bideratzailea,Sareak,1064.99,4
9620,2025-05-11,Celso Félix Zabaleta Palau,Santa Cruz de Tenerife,Txartel grafikoa,Osagaiak,1037.24,6
9621,2024-11-12,Pánfilo Frutos Otero,León,Mini PC,Ordenagailuak,1999.46,7
9622,2025-10-03,Gema Ordóñez Hernandez,Valencia,RAM memoria,Osagaiak,1655.44,6
9623,2026-01-15,Martín Cañizares Suárez,Murcia,Switch-a,Sareak,411.51,9
9624,2026-07-11,Samu de Llabrés,Granada,Ordenagailu eramangarria,Ordenagailuak,10.32,3
9625,2025-12-18,Pío del Ropero,Sevilla,Monitorea,Periferikoak,1255.3,1
9626,2025-06-25,Maximiano Ferrera Coloma,Salamanca,Mahaigaineko ordenagailua,Ordenagailuak,1194.71,10
9627,2026-04-11,Osvaldo Mendez Morante,Tarragona,Txartel grafikoa,Osagaiak,324.41,3
9628,2025-12-30,Aroa Pizarro Mate,Toledo,SSD diskoa,Osagaiak,464.82,1
9629,2025-12-16,Julio César Martí,Albacete,Mahaigaineko ordenagailua,Ordenagailuak,917.9,8
9630,2024-11-28,Pepe Milla Rey,Cádiz,Monitorea,Periferikoak,1787.19,6
9631,2026-04-08,Valerio Borrás Raya,Cantabria,Prozesadorea,Osagaiak,628.57,7
9632,2026-05-30,Rosalva Hoyos Ballesteros,Málaga,Switch-a,Sareak,1440.67,5
9633,2024-11-05,Amor Ariadna Azcona Flores,Salamanca,Teklatua,Periferikoak,388.22,6
9634,2025-12-05,Anabel Zaragoza Suárez,Barcelona,Sagua,Periferikoak,1314.8,6
9635,2026-03-19,Dan del Terrón,Cáceres,Prozesadorea,Osagaiak,799.53,2
9636,2025-07-01,Rufina Campos,Santa Cruz de Tenerife,RAM memoria,Osagaiak,1343.39,10
9637,2026-03-06,Petrona de Cuesta,Guadalajara,Txartel grafikoa,Osagaiak,1339.37,5
9638,2025-05-26,Marisa Gámez Peláez,Huesca,Monitorea,Periferikoak,164.7,4
9639,2026-03-13,Manola Santos Rocha,Baleares,Prozesadorea,Osagaiak,490.0,2
9640,2025-04-19,Baudelio Urbano Atienza Melero,Melilla,Teklatua,Periferikoak,878.28,8
9641,2025-07-09,Edu Balaguer-Porta,Palencia,Switch-a,Sareak,935.79,4
9642,2024-11-09,Amor Múgica Segura,Las Palmas,Mini PC,Ordenagailuak,1495.77,5
9643,2025-11-09,Pedro Zorrilla Morán,Navarra,Txartel grafikoa,Osagaiak,1556.6,5
9644,2025-08-17,Lorenza Portillo Codina,Melilla,Webkamera,Periferikoak,681.36,1
9645,2026-03-27,Adelaida Corbacho Correa,Guipúzcoa,Wi-Fi egokigailua,Sareak,319.58,8
9646,2026-05-11,Moreno Orozco Soriano,Badajoz,Mini PC,Ordenagailuak,1348.95,1
9647,2025-06-18,Beatriz Gallart Falcón,Badajoz,Ordenagailu eramangarria,Ordenagailuak,408.92,2
9648,2024-10-30,Duilio Sáez,Lugo,Monitorea,Periferikoak,1825.93,8
9649,2026-08-22,Juana Gálvez Villegas,Toledo,Teklatua,Periferikoak,21.6,4
9650,2024-10-16,Visitación Gras Benitez,Zaragoza,Txartel grafikoa,Osagaiak,1878.14,3
9651,2026-08-29,Amarilis del Luís,Cuenca,Prozesadorea,Osagaiak,785.53,1
9652,2025-01-27,Silvia Lola Osuna Nicolás,Valladolid,Wi-Fi egokigailua,Sareak,677.62,6
9653,2025-10-15,Eusebio de Clavero,Lugo,Switch-a,Sareak,534.67,5
9654,2025-02-16,Cleto Quevedo,Cuenca,Prozesadorea,Osagaiak,1632.0,1
9655,2026-08-18,Luis Fuertes Sánchez,Soria,Mini PC,Ordenagailuak,1336.1,5
9656,2025-02-10,Ciriaco Casas,Sevilla,Sare-kablea,Sareak,1525.85,4
9657,2026-07-30,Florentina Mónica Gonzalo Lucas,Álava,RAM memoria,Osagaiak,1628.99,5
9658,2026-09-21,Amor Campo Lago,Castellón,Teklatua,Periferikoak,1391.62,4
9659,2024-10-15,Silvio Acevedo Ballester,León,Ordenagailu eramangarria,Ordenagailuak,987.84,7
9660,2025-06-23,Reynaldo Maldonado Maza,Valladolid,Sagua,Periferikoak,358.1,4
9661,2025-12-07,Eva María Sáez-Oliver,Melilla,Bideratzailea,Sareak,1902.82,3
9662,2026-03-04,Maximiliano Almeida Castillo,Cáceres,Ordenagailu eramangarria,Ordenagailuak,474.22,7
9663,2026-02-19,Primitivo Campillo Pozuelo,Barcelona,Sagua,Periferikoak,910.73,4
9664,2026-08-26,Araceli del Mosquera,Alicante,Mahaigaineko ordenagailua,Ordenagailuak,1141.98,7
9665,2026-04-22,Norberto de Morillo,Albacete,Mini PC,Ordenagailuak,115.14,8
9666,2026-08-05,Carlota Aparicio-Arribas,Cáceres,Sare-kablea,Sareak,1869.69,1
9667,2026-05-13,Rosenda Pareja,Guipúzcoa,Mini PC,Ordenagailuak,596.52,4
9668,2026-03-11,Inés Mayol-Ruano,Cádiz,Mahaigaineko ordenagailua,Ordenagailuak,1741.24,5
9669,2025-03-16,Marcela María Dolores Codina Narváez,Girona,Mini PC,Ordenagailuak,731.73,6
9670,2025-11-08,Rosalinda Calixta Bravo Ropero,Barcelona,RAM memoria,Osagaiak,1807.89,4
9671,2024-10-16,Jesusa del Sedano,Las Palmas,Sagua,Periferikoak,1638.81,8
9672,2025-12-09,Constanza Cañellas León,Jaén,Webkamera,Periferikoak,1016.48,2
9673,2025-07-17,Corona Ramos Real,Córdoba,Prozesadorea,Osagaiak,1295.25,6
9674,2026-04-03,Jesusa Martínez,Salamanca,Bideratzailea,Sareak,290.74,4
9675,2025-04-24,Apolinar Guardia Aparicio,Burgos,Ordenagailu eramangarria,Ordenagailuak,1626.45,6
9676,2024-10-19,Melania Cárdenas Cervera,Vizcaya,Mini PC,Ordenagailuak,884.52,5
9677,2025-10-13,Carlos Lledó-Antón,Cuenca,Mini PC,Ordenagailuak,1568.97,1
9678,2025-10-08,Magdalena Agustí Piñol,Ciudad,Wi-Fi egokigailua,Sareak,1312.75,6
9679,2025-12-03,Rebeca Diaz,Burgos,Wi-Fi egokigailua,Sareak,967.8,2
9680,2025-08-08,Juana Cobos Abascal,Lleida,Monitorea,Periferikoak,1124.25,6
9681,2025-02-12,Ani de Prat,La Coruña,Teklatua,Periferikoak,368.7,2
9682,2025-04-13,Cirino de Puente,Santa Cruz de Tenerife,Wi-Fi egokigailua,Sareak,1118.88,8
9683,2026-05-24,Martin Mulet Bonilla,Álava,RAM memoria,Osagaiak,1716.72,10
9684,2025-06-16,Aureliano Neira Cañellas,Toledo,Mahaigaineko ordenagailua,Ordenagailuak,1802.37,2
9685,2025-01-11,Anita Mir-Ferrández,Santa Cruz de Tenerife,Txartel grafikoa,Osagaiak,178.78,2
9686,2025-10-13,Manuela Cazorla Salmerón,Guipúzcoa,Sare-kablea,Sareak,371.26,3
9687,2024-12-14,Ciriaco Somoza Antón,Baleares,Wi-Fi egokigailua,Sareak,1550.38,3
9688,2026-04-04,Ambrosio Canals Bonet,Pontevedra,Teklatua,Periferikoak,1585.0,6
9689,2025-12-24,Amanda Vergara Pizarro,Vizcaya,Txartel grafikoa,Osagaiak,267.91,10
9690,2026-07-17,Lorena de Cervera,Segovia,RAM memoria,Osagaiak,1558.62,5
9691,2024-11-19,Albano Serra Baeza,Castellón,Bideratzailea,Sareak,1903.79,8
9692,2025-09-08,Gisela España Villa,León,Mini PC,Ordenagailuak,1780.48,8
9693,2026-07-29,Gloria Giménez Santos,Ciudad,Webkamera,Periferikoak,414.99,4
9694,2026-08-28,Bibiana Lopez Anglada,Melilla,Teklatua,Periferikoak,744.79,10
9695,2024-09-30,Noelia del Ricart,Baleares,Mahaigaineko ordenagailua,Ordenagailuak,1715.47,6
9696,2025-05-12,Reinaldo Gálvez Morales,Almería,Txartel grafikoa,Osagaiak,816.53,8
9697,2025-09-29,Sandalio Urrutia Mulet,Soria,Sare-kablea,Sareak,1594.5,3
9698,2025-05-03,Gertrudis Rosaura Esparza Cañellas,Murcia,Txartel grafikoa,Osagaiak,798.1,9
9699,2024-09-29,Ale Zamorano Carretero,Palencia,Bideratzailea,Sareak,430.38,4
9700,2025-01-06,Hortensia Mendoza Galán,Burgos,Teklatua,Periferikoak,1035.81,9
9701,2024-12-14,Armando Quintero Lamas,Almería,Teklatua,Periferikoak,110.77,1
9702,2026-01-27,Fortunata del Cuadrado,Salamanca,Wi-Fi egokigailua,Sareak,929.67,2
9703,2024-12-05,Diego Peiró Hurtado,Córdoba,Mini PC,Ordenagailuak,533.61,7
9704,2026-05-11,Marcelo Toledo,La Coruña,Wi-Fi egokigailua,Sareak,998.79,10
9705,2025-12-22,Calisto Pascual Chico Hierro,Alicante,Ordenagailu eramangarria,Ordenagailuak,1170.15,4
9706,2026-01-13,Ciro Gaya Cueto,Granada,Txartel grafikoa,Osagaiak,954.3,4
9707,2024-10-24,Adolfo Puente Costa,Huesca,Mini PC,Ordenagailuak,1344.81,5
9708,2025-05-16,Rosa María Camino Montserrat,Ciudad,Mini PC,Ordenagailuak,1566.25,9
9709,2025-05-31,Alexandra Jerez Quintanilla,Cáceres,Bideratzailea,Sareak,882.42,9
9710,2025-10-24,Augusto Girona Osorio,Santa Cruz de Tenerife,Txartel grafikoa,Osagaiak,220.24,7
9711,2025-09-16,Rafaela Manjón Donaire,Salamanca,Monitorea,Periferikoak,933.7,4
9712,2024-09-30,Maristela Gonzalo Hernández,Zaragoza,Webkamera,Periferikoak,212.41,10
9713,2026-08-20,Carolina Ruiz Rocha,Asturias,Mahaigaineko ordenagailua,Ordenagailuak,284.85,6
9714,2025-01-13,Piedad Palacio Tena,Jaén,Wi-Fi egokigailua,Sareak,947.36,6
9715,2025-01-08,Severino Lluch Arteaga,Soria,Mini PC,Ordenagailuak,212.4,2
9716,2025-02-10,Amanda Contreras Rivera,Ourense,Prozesadorea,Osagaiak,1781.76,2
9717,2025-09-14,Evita Cuadrado Bárcena,Las Palmas,Monitorea,Periferikoak,1403.89,3
9718,2025-02-23,Cristian Rubén Méndez Roma,Teruel,Teklatua,Periferikoak,83.51,6
9719,2024-11-18,Dionisia Grau,Navarra,Bideratzailea,Sareak,634.79,2
9720,2025-04-26,Rosalinda Tormo Padilla,Alicante,Txartel grafikoa,Osagaiak,849.2,3
9721,2025-09-20,Balduino Alarcón Daza,Segovia,Sare-kablea,Sareak,628.31,3
9722,2024-11-03,María Luisa Angulo Carrera,Badajoz,Mahaigaineko ordenagailua,Ordenagailuak,1794.34,6
9723,2025-04-24,Pedro Escamilla Navarro,León,Sagua,Periferikoak,1608.96,9
9724,2024-11-24,Florentina Andreu Exposito,Lugo,Sagua,Periferikoak,1366.13,2
9725,2025-11-17,Edelmiro Patiño Ferrera,Segovia,Switch-a,Sareak,117.74,1
9726,2025-01-20,Américo Amorós-Santamaria,Soria,Prozesadorea,Osagaiak,277.13,9
9727,2025-10-30,Emelina Dávila Tejera,Cádiz,Bideratzailea,Sareak,1211.38,6
9728,2025-08-21,Chelo Almansa Manuel,Toledo,Sagua,Periferikoak,236.86,7
9729,2024-10-14,Lourdes Pedrosa Córdoba,Guipúzcoa,RAM memoria,Osagaiak,279.95,1
9730,2026-01-06,Eutimio Carreño,Teruel,Sare-kablea,Sareak,226.24,4
9731,2026-01-20,Alejandra Cámara Carranza,Huesca,Switch-a,Sareak,223.11,6
9732,2025-04-29,Manu Rozas Ribes,Cantabria,Bideratzailea,Sareak,442.23,7
9733,2025-04-22,Amor Duarte Millán,Álava,Mini PC,Ordenagailuak,1916.29,5
9734,2024-11-18,Arcelia Montesinos-Sureda,Pontevedra,Monitorea,Periferikoak,357.55,4
9735,2026-04-15,Ismael Llamas Elorza,Guadalajara,Wi-Fi egokigailua,Sareak,446.73,7
9736,2026-07-11,Casemiro Garriga Nevado,Lugo,Prozesadorea,Osagaiak,1296.67,8
9737,2025-08-20,Bernardita Zapata Pujadas,Soria,Monitorea,Periferikoak,418.2,5
9738,2026-05-06,Apolonia Bautista Mercader,Córdoba,Switch-a,Sareak,1051.28,4
9739,2024-10-13,Margarita Tena,Girona,Monitorea,Periferikoak,873.71,8
9740,2025-08-17,Adelaida María Luisa Morcillo Moles,Salamanca,Mini PC,Ordenagailuak,17.57,2
9741,2026-07-14,Ileana Ofelia Paredes Fuentes,Asturias,Sare-kablea,Sareak,1315.0,10
9742,2024-12-12,Miriam Ramírez Malo,Granada,Mini PC,Ordenagailuak,781.94,6
9743,2025-12-09,Nicodemo Mesa Uría,Murcia,Monitorea,Periferikoak,914.7,5
9744,2025-11-18,Natividad Perla Cuadrado Prieto,Santa Cruz de Tenerife,Ordenagailu eramangarria,Ordenagailuak,1751.5,10
9745,2024-12-26,Rosalía Villalobos Milla,Valladolid,Ordenagailu eramangarria,Ordenagailuak,724.8,7
9746,2025-01-07,Sofía Montes-Lumbreras,Ávila,Mahaigaineko ordenagailua,Ordenagailuak,1248.9,6
9747,2026-07-27,Sara Heras,Cantabria,Webkamera,Periferikoak,95.21,5
9748,2024-10-26,José Luis Gámez Pastor,Toledo,Ordenagailu eramangarria,Ordenagailuak,419.7,1
9749,2026-08-25,Dorotea Carranza Valenzuela,Lugo,Prozesadorea,Osagaiak,518.97,8
9750,2025-10-30,Genoveva Adora Estrada Ayala,Huelva,Bideratzailea,Sareak,1597.23,9
9751,2024-11-01,Maricruz Feijoo Castell,Tarragona,Bideratzailea,Sareak,1748.16,5
9752,2025-08-01,Édgar Prat,Cádiz,Txartel grafikoa,Osagaiak,151.66,5
9753,2025-08-08,Graciano Heras Valderrama,Tarragona,Switch-a,Sareak,215.7,4
9754,2026-04-20,Julián Lopez,Cádiz,Webkamera,Periferikoak,456.15,1
9755,2026-03-21,Arcelia del Casanovas,Teruel,Wi-Fi egokigailua,Sareak,1210.86,7
9756,2025-09-04,Nazario Diéguez Valencia,Albacete,RAM memoria,Osagaiak,245.99,1
9757,2026-01-19,Malena Andrés Donaire,Valencia,Ordenagailu eramangarria,Ordenagailuak,881.52,6
9758,2026-06-01,Toni López Coca,Álava,Switch-a,Sareak,1096.69,6
9759,2025-08-07,Javier Porras Montalbán,Cuenca,Txartel grafikoa,Osagaiak,471.66,4
9760,2025-01-31,René Marqués Batlle,Zamora,Monitorea,Periferikoak,1422.59,2
9761,2024-10-11,Paulino de Aragonés,Ávila,RAM memoria,Osagaiak,953.33,8
9762,2026-01-19,Ambrosio Nico Zurita Morera,Lleida,Ordenagailu eramangarria,Ordenagailuak,783.94,3
9763,2025-06-22,Gustavo Marcos-Tejada,Zaragoza,Mahaigaineko ordenagailua,Ordenagailuak,221.69,6
9764,2025-12-29,José Antonio del Recio,Huelva,Bideratzailea,Sareak,355.97,9
9765,2026-04-03,Leandro Blanch Varela,Ciudad,Teklatua,Periferikoak,1343.22,5
9766,2025-11-07,Armando Calvet,Badajoz,Prozesadorea,Osagaiak,91.76,6
9767,2025-10-16,Susanita Lastra-Borrell,La Coruña,Wi-Fi egokigailua,Sareak,1427.3,1
9768,2025-10-11,Javi Cerro Borrás,Huelva,Teklatua,Periferikoak,1563.24,10
9769,2026-02-18,Bernabé Becerra Recio,Asturias,Sare-kablea,Sareak,525.4,7
9770,2025-11-13,Alex Sanmiguel Hurtado,Sevilla,Monitorea,Periferikoak,809.16,1
9771,2026-02-06,Luís Infante Lumbreras,Badajoz,RAM memoria,Osagaiak,1299.9,10
9772,2026-01-22,Pili Mendoza,Santa Cruz de Tenerife,Teklatua,Periferikoak,1452.6,2
9773,2025-03-18,Nazario España Boada,La Coruña,Bideratzailea,Sareak,218.26,10
9774,2026-07-06,Graciela Neira Vergara,Huelva,Webkamera,Periferikoak,825.2,2
9775,2026-01-14,Albino Roselló Carreño,Zamora,Mini PC,Ordenagailuak,862.75,7
9776,2025-02-13,Regina Hervás Madrid,Guadalajara,Mahaigaineko ordenagailua,Ordenagailuak,1753.9,2
9777,2026-03-01,Fabricio del Seco,Cuenca,Mahaigaineko ordenagailua,Ordenagailuak,1483.17,10
9778,2026-04-28,Rubén Villegas,Segovia,Ordenagailu eramangarria,Ordenagailuak,1165.91,4
9779,2024-12-30,Macaria Azahar Trujillo Pozuelo,Cáceres,Switch-a,Sareak,1858.83,2
9780,2025-10-12,Timoteo Lopez Jáuregui,Pontevedra,Ordenagailu eramangarria,Ordenagailuak,1823.2,7
9781,2025-10-26,Pía Castilla Bilbao,Málaga,Monitorea,Periferikoak,799.3,5
9782,2025-01-29,Apolonia Iñiguez Crespi,Granada,Sare-kablea,Sareak,1400.31,4
9783,2025-09-20,Morena Garcia Batalla,Valencia,Mahaigaineko ordenagailua,Ordenagailuak,892.72,7
9784,2024-12-02,Gustavo Victoriano Palacio Portillo,Córdoba,Switch-a,Sareak,1396.5,7
9785,2026-07-14,Ciríaco de Aguirre,Ceuta,Mini PC,Ordenagailuak,14.2,10
9786,2025-11-28,Yago Muro Torralba,Girona,RAM memoria,Osagaiak,1522.33,3
9787,2026-07-16,José Mari Mendez Pujol,Palencia,Mini PC,Ordenagailuak,1442.93,3
9788,2024-12-14,Begoña Escalona Solana,Valencia,Ordenagailu eramangarria,Ordenagailuak,852.36,9
9789,2025-10-30,Luisina Socorro Guijarro Gonzalez,Ceuta,Switch-a,Sareak,68.23,6
9790,2026-09-13,Marino del Moles,Álava,RAM memoria,Osagaiak,1436.59,9
9791,2026-05-17,Nieves Rico Arnaiz,Cuenca,Bideratzailea,Sareak,861.68,9
9792,2025-12-29,Samuel del Recio,Ávila,Mini PC,Ordenagailuak,1561.7,6
9793,2026-07-20,Maribel Granados,Soria,Webkamera,Periferikoak,706.81,1
9794,2026-06-02,Eva María Real-Bermudez,Navarra,Mini PC,Ordenagailuak,49.84,2
9795,2025-12-23,Espiridión Haro,Ávila,RAM memoria,Osagaiak,1544.32,5
9796,2025-11-10,Nadia Garay Real,Huelva,RAM memoria,Osagaiak,729.79,5
9797,2025-05-04,Felipa Esparza Romeu,Zaragoza,Bideratzailea,Sareak,1773.96,4
9798,2026-04-04,Nayara del Quintero,Burgos,Prozesadorea,Osagaiak,636.14,6
9799,2026-01-05,Reyes de Caparrós,Tarragona,Webkamera,Periferikoak,612.96,7
9800,2024-12-24,Raimundo Conde Ibarra,Toledo,Prozesadorea,Osagaiak,1986.0,10
9801,2026-01-09,Brunilda Miralles-Carnero,Santa Cruz de Tenerife,Mahaigaineko ordenagailua,Ordenagailuak,1400.83,10
9802,2025-11-30,Juan Carlos Arnal Barrios,Palencia,Ordenagailu eramangarria,Ordenagailuak,506.98,3
9803,2026-09-01,Salvador Calderón Company,Tarragona,Monitorea,Periferikoak,953.88,3
9804,2026-03-08,Dimas Calderón Vendrell,Asturias,Switch-a,Sareak,1766.21,6
9805,2026-05-18,Teodosio de Gimeno,La Coruña,Mahaigaineko ordenagailua,Ordenagailuak,1054.41,6
9806,2026-03-24,Seve Lumbreras Guijarro,Alicante,Monitorea,Periferikoak,214.13,1
9807,2025-08-12,Alfonso Roman-Avilés,Girona,SSD diskoa,Osagaiak,257.17,7
9808,2025-04-07,Manu Lladó Mateu,Lugo,Sare-kablea,Sareak,1740.14,1
9809,2025-06-16,Eligia Macias-Perales,Murcia,Txartel grafikoa,Osagaiak,1715.75,2
9810,2025-10-10,Natalio Galindo Martí,Huesca,Webkamera,Periferikoak,1492.75,2
9811,2025-11-29,Héctor Ledesma Tovar,Jaén,Txartel grafikoa,Osagaiak,217.9,1
9812,2025-08-19,Felicidad de Enríquez,Murcia,Ordenagailu eramangarria,Ordenagailuak,555.3,10
9813,2025-11-23,Rufina Carrera Salmerón,Palencia,Switch-a,Sareak,531.27,2
9814,2025-06-19,Alcides de Peláez,La Rioja,Bideratzailea,Sareak,385.35,9
9815,2025-12-10,Zaira Gómez Oliver,Cantabria,Wi-Fi egokigailua,Sareak,1592.93,7
9816,2025-03-13,Hector Álvaro Dominguez,Vizcaya,Prozesadorea,Osagaiak,1200.56,6
9817,2025-02-26,León Lorenzo Aparicio,Pontevedra,SSD diskoa,Osagaiak,298.31,6
9818,2025-02-24,Héctor Moreno,Cuenca,Ordenagailu eramangarria,Ordenagailuak,1112.15,7
9819,2025-02-22,Caridad Jennifer Armas Valentín,Murcia,Prozesadorea,Osagaiak,93.99,1
9820,2025-01-18,Eduardo Cañellas Asenjo,Cantabria,Sare-kablea,Sareak,1006.57,4
9821,2026-04-21,Nacho de Múñiz,Baleares,RAM memoria,Osagaiak,854.99,9
9822,2025-03-18,Ulises Saldaña Luján,Alicante,Prozesadorea,Osagaiak,1004.9,10
9823,2026-05-29,Estrella Baró Soriano,Guipúzcoa,Mini PC,Ordenagailuak,87.78,10
9824,2025-04-30,Victor Roda Luque,León,Switch-a,Sareak,54.43,6
9825,2026-09-09,Eloísa Begoña Reig Barbero,Badajoz,Prozesadorea,Osagaiak,1491.22,10
9826,2026-01-14,Felicidad Adán,Soria,Teklatua,Periferikoak,868.57,9
9827,2026-08-24,Clara Nevado Pérez,Ceuta,Mini PC,Ordenagailuak,202.99,3
9828,2026-03-29,Macarena Larrañaga Ayuso,La Coruña,Sare-kablea,Sareak,1843.18,8
9829,2025-10-21,Anita Giménez Pont,Cáceres,Webkamera,Periferikoak,365.71,8
9830,2025-04-27,Julián Joan Poza Castro,Ourense,RAM memoria,Osagaiak,1588.9,2
9831,2024-12-05,Evangelina Alarcón,Barcelona,Txartel grafikoa,Osagaiak,1364.1,3
9832,2025-03-02,Leoncio Mancebo-Alcázar,Palencia,Teklatua,Periferikoak,527.63,1
9833,2026-03-20,Amor Pina Lloret,Cantabria,Txartel grafikoa,Osagaiak,1245.48,2
9834,2025-06-22,Carolina Raya,Tarragona,RAM memoria,Osagaiak,334.73,5
9835,2024-11-17,Lucía Rocamora Piñol,Ourense,Mahaigaineko ordenagailua,Ordenagailuak,1770.76,6
9836,2025-08-05,Sebastian Martínez Alonso,Alicante,Mini PC,Ordenagailuak,1260.21,3
9837,2026-08-24,Juanito Pou Ruano,Vizcaya,Wi-Fi egokigailua,Sareak,727.81,4
9838,2024-09-30,Jose Manuel Arroyo-Gimeno,Teruel,Mini PC,Ordenagailuak,583.88,2
9839,2025-05-02,Eladio Ferrero-Gordillo,Navarra,Wi-Fi egokigailua,Sareak,386.38,7
9840,2026-03-18,Xiomara del Millán,Cuenca,Switch-a,Sareak,1004.25,8
9841,2026-01-17,Gisela Blasco Cabello,Teruel,Mahaigaineko ordenagailua,Ordenagailuak,966.81,5
9842,2026-06-17,Rodrigo de Vicens,Granada,Webkamera,Periferikoak,1630.89,8
9843,2024-12-07,Mar Cabezas,Zaragoza,Mahaigaineko ordenagailua,Ordenagailuak,1289.33,4
9844,2024-11-21,Sergio Cazorla Rivero,Baleares,SSD diskoa,Osagaiak,93.58,10
9845,2025-07-19,Melisa Silva Roma,Tarragona,Sagua,Periferikoak,99.13,4
9846,2025-09-30,Cecilio Calixto Verdejo Clemente,Zamora,Webkamera,Periferikoak,203.75,6
9847,2025-05-24,Luciana Saez Checa,Cantabria,Txartel grafikoa,Osagaiak,266.18,8
9848,2025-08-30,Jacinto Arrieta Nebot,Asturias,Switch-a,Sareak,1812.24,2
9849,2025-11-26,Raúl Iker Corral Herrero,Soria,Sare-kablea,Sareak,1300.26,7
9850,2025-06-01,Constanza Batlle Menendez,Valencia,Ordenagailu eramangarria,Ordenagailuak,294.3,5
9851,2025-04-29,Manuel del Escrivá,La Coruña,Sare-kablea,Sareak,396.92,3
9852,2026-04-06,Ainara Gallardo Vallés,Melilla,Ordenagailu eramangarria,Ordenagailuak,918.27,7
9853,2024-12-05,Clímaco Cuesta,Cuenca,Monitorea,Periferikoak,1244.6,6
9854,2024-12-20,Juan Francisco Ciro Bou Valle,Tarragona,Mini PC,Ordenagailuak,907.78,1
9855,2025-04-08,Toño del Hurtado,León,Mahaigaineko ordenagailua,Ordenagailuak,31.1,2
9856,2025-01-15,Demetrio de Amo,Pontevedra,RAM memoria,Osagaiak,1213.94,9
9857,2025-12-22,Leoncio Vilalta Castilla,Alicante,Mahaigaineko ordenagailua,Ordenagailuak,677.3,9
9858,2026-08-30,Apolonia Leyre Ríos Pedro,Jaén,Sagua,Periferikoak,857.9,4
9859,2025-01-10,Rosalina Álamo Escudero,Soria,Prozesadorea,Osagaiak,782.22,2
9860,2025-03-18,Abel Cuervo Santiago,Ciudad,Wi-Fi egokigailua,Sareak,1980.96,7
9861,2026-03-12,Julio César del Madrigal,Las Palmas,Txartel grafikoa,Osagaiak,683.18,1
9862,2024-12-10,Herberto Villena Alfaro,Ciudad,Teklatua,Periferikoak,1305.58,7
9863,2024-10-26,Josefa de Heras,Tarragona,Monitorea,Periferikoak,218.6,9
9864,2026-03-14,Teodoro Frutos-Benítez,Zamora,Mini PC,Ordenagailuak,314.17,9
9865,2025-12-07,Roque Puente Luís,Huelva,Mini PC,Ordenagailuak,310.54,3
9866,2025-04-13,Genoveva Farré,Lugo,Teklatua,Periferikoak,650.48,6
9867,2024-11-08,Valerio Carrera Zabala,Vizcaya,Mini PC,Ordenagailuak,1908.29,6
9868,2025-09-02,Armando Muñoz Español,Albacete,Switch-a,Sareak,1451.68,4
9869,2024-12-30,Graciela Bertrán Sanmartín,Sevilla,Sagua,Periferikoak,1178.58,10
9870,2025-09-16,Itziar Alcaraz Ledesma,Cádiz,Wi-Fi egokigailua,Sareak,1990.51,3
9871,2026-06-09,Raquel Sanmartín,Pontevedra,Sagua,Periferikoak,734.99,8
9872,2026-05-03,Nadia Hervia Trujillo,Alicante,RAM memoria,Osagaiak,658.15,3
9873,2025-10-17,Reinaldo Pou Exposito,Toledo,RAM memoria,Osagaiak,1343.29,7
9874,2026-04-16,Nilo Viña,Madrid,Webkamera,Periferikoak,918.3,4
9875,2025-01-20,Erasmo Enríquez,Sevilla,Switch-a,Sareak,1106.76,7
9876,2026-03-17,Dora Sancho Nebot,Burgos,Wi-Fi egokigailua,Sareak,1400.45,8
9877,2025-11-03,Agustín Segismundo Sanmartín Feliu,Guipúzcoa,RAM memoria,Osagaiak,1570.64,10
9878,2026-09-03,Almudena Palomares Cáceres,La Coruña,Sagua,Periferikoak,510.62,1
9879,2026-01-09,María Pilar Carlos Andres,Barcelona,Wi-Fi egokigailua,Sareak,1916.4,8
9880,2025-02-17,Ruperto Carretero Quero,Valladolid,Switch-a,Sareak,440.3,9
9881,2026-07-12,Gervasio del Salvador,Córdoba,Ordenagailu eramangarria,Ordenagailuak,257.78,3
9882,2026-03-13,Dorita Pombo Puga,Almería,SSD diskoa,Osagaiak,1424.47,9
9883,2025-05-26,Leandro Ledesma Gonzalez,León,Monitorea,Periferikoak,935.98,2
9884,2026-02-10,Basilio Palomino-Valderrama,Segovia,Monitorea,Periferikoak,1774.32,2
9885,2025-05-04,Alejo del Palau,Ciudad,SSD diskoa,Osagaiak,1850.55,7
9886,2026-05-12,Ignacio Estrada Pablo,Cáceres,Webkamera,Periferikoak,1614.45,9
9887,2025-11-15,Roxana Coloma Murcia,Sevilla,Teklatua,Periferikoak,1047.11,1
9888,2025-08-12,Salomé de Agustí,Huelva,Sagua,Periferikoak,568.1,10
9889,2026-05-31,Nayara Reig Maldonado,Ciudad,Switch-a,Sareak,1245.0,8
9890,2025-05-18,Edgardo Macías Vergara,Lleida,Wi-Fi egokigailua,Sareak,1167.71,6
9891,2026-03-24,Amparo Pujadas Simó,Córdoba,Monitorea,Periferikoak,1978.55,5
9892,2026-01-06,Martirio Contreras-Jáuregui,Pontevedra,Teklatua,Periferikoak,1839.5,7
9893,2026-08-25,Sancho del Giménez,La Coruña,Mahaigaineko ordenagailua,Ordenagailuak,977.13,3
9894,2026-09-01,Octavio Saavedra Beltran,Zaragoza,Mini PC,Ordenagailuak,1979.32,9
9895,2025-05-02,Marcia Luján Perez,Cádiz,RAM memoria,Osagaiak,724.49,7
9896,2025-12-13,Nilo Galan Acero,Ceuta,Prozesadorea,Osagaiak,711.1,4
9897,2025-09-19,Laura Espejo,Soria,SSD diskoa,Osagaiak,1924.51,7
9898,2025-01-22,Kike Vilar Pont,Guipúzcoa,RAM memoria,Osagaiak,683.6,8
9899,2025-02-08,Manuel Nicolás,Guadalajara,Ordenagailu eramangarria,Ordenagailuak,1787.27,6
9900,2025-11-21,Marisa Gallardo Bertrán,Pontevedra,Bideratzailea,Sareak,1536.58,1
9901,2025-09-05,Pascuala Lozano Arellano,Jaén,Bideratzailea,Sareak,376.38,3
9902,2024-11-17,Isabel Angulo-Cañizares,Valladolid,Mahaigaineko ordenagailua,Ordenagailuak,296.27,7
9903,2024-10-27,José María Reina,Las Palmas,Teklatua,Periferikoak,1886.47,8
9904,2025-09-05,Rodolfo Sacristán Reyes,Almería,Sagua,Periferikoak,180.5,1
9905,2024-12-20,Valero Duarte Trillo,Las Palmas,Teklatua,Periferikoak,420.65,7
9906,2025-01-06,Maximino de Palma,Guipúzcoa,Wi-Fi egokigailua,Sareak,1107.9,2
9907,2026-07-08,Julio Morán-Narváez,Guadalajara,Txartel grafikoa,Osagaiak,514.47,4
9908,2026-02-08,Lourdes Sainz Girona,Asturias,Ordenagailu eramangarria,Ordenagailuak,53.81,8
9909,2026-01-20,Manu Llanos Pineda,Valladolid,Prozesadorea,Osagaiak,1518.11,8
9910,2026-06-04,Celestina Portillo-Garrido,Vizcaya,Mini PC,Ordenagailuak,1952.86,6
9911,2026-03-23,Maricruz Cobo Vélez,Zamora,Prozesadorea,Osagaiak,340.18,9
9912,2025-08-03,Nilo Cózar Garay,Vizcaya,Ordenagailu eramangarria,Ordenagailuak,1168.32,2
9913,2026-09-06,Pancho Acuña Tejera,Badajoz,Teklatua,Periferikoak,676.91,8
9914,2025-06-14,Armando Camps-Alcalá,Álava,Sare-kablea,Sareak,1070.27,2
9915,2025-07-09,Bruno Figuerola Rodriguez,Murcia,Txartel grafikoa,Osagaiak,1378.16,10
9916,2025-07-20,Pánfilo Tenorio Vilalta,Murcia,Prozesadorea,Osagaiak,1130.84,9
9917,2026-01-11,Susanita Amor Atienza Otero,Cáceres,RAM memoria,Osagaiak,1053.73,3
9918,2024-11-16,Melchor Perales Rius,Lleida,Monitorea,Periferikoak,994.51,3
9919,2025-07-26,Emperatriz Arregui,Tarragona,Bideratzailea,Sareak,1669.68,8
9920,2025-08-26,Graciano Beltran Trillo,Baleares,RAM memoria,Osagaiak,751.88,3
9921,2024-09-27,Juan Luis Tamarit Verdugo,Castellón,Switch-a,Sareak,584.0,10
9922,2026-07-17,Hugo Estevez Heras,Madrid,Wi-Fi egokigailua,Sareak,642.68,1
9923,2026-06-06,Marcos Briones Lerma,Madrid,Ordenagailu eramangarria,Ordenagailuak,840.1,9
9924,2024-11-03,Aitana Tejero Cañellas,Castellón,Sare-kablea,Sareak,80.69,10
9925,2025-01-06,Matías Vigil Camino,Santa Cruz de Tenerife,Monitorea,Periferikoak,1273.6,1
9926,2026-03-05,Jacinta de Barreda,Cádiz,Mini PC,Ordenagailuak,862.93,8
9927,2024-11-16,Azahar de Zabaleta,Sevilla,Bideratzailea,Sareak,36.88,4
9928,2025-11-16,Pepita Manuela Benavent Alcalá,Guadalajara,Mahaigaineko ordenagailua,Ordenagailuak,643.14,3
9929,2024-11-08,Itziar Abascal Torrens,Ceuta,Prozesadorea,Osagaiak,158.81,10
9930,2025-10-31,Melania Chamorro Bejarano,Baleares,Prozesadorea,Osagaiak,454.11,7
9931,2026-07-11,Macaria Elodia Ballester Vallejo,Castellón,Prozesadorea,Osagaiak,1509.89,10
9932,2025-07-14,Nazaret Fausto Niño Romero,Cuenca,SSD diskoa,Osagaiak,1681.4,8
9933,2025-10-20,Pablo Iborra Carreras,Palencia,Sagua,Periferikoak,165.74,9
9934,2025-08-02,Alex Fabregat,Pontevedra,SSD diskoa,Osagaiak,1404.0,2
9935,2025-03-09,Sancho Rodrigo Prado,Castellón,RAM memoria,Osagaiak,516.72,8
9936,2026-04-08,Nerea Álamo Valle,Ávila,Mahaigaineko ordenagailua,Ordenagailuak,862.9,6
9937,2026-01-11,Cristian Marqués Benito,Madrid,Txartel grafikoa,Osagaiak,700.95,1
9938,2025-03-30,Bernabé Reina-Giner,León,Mahaigaineko ordenagailua,Ordenagailuak,1434.1,3
9939,2025-01-28,Isidoro Paniagua Arenas,Cuenca,SSD diskoa,Osagaiak,1040.63,4
9940,2025-02-06,Jenaro Sáenz Arnau,Guadalajara,Wi-Fi egokigailua,Sareak,1270.4,1
9941,2025-02-16,Ileana Cabezas Goñi,Valencia,Teklatua,Periferikoak,1759.55,8
9942,2026-01-22,Pelayo Amat Vaquero,Salamanca,Sare-kablea,Sareak,557.73,3
9943,2026-07-14,Jordana Corral Riquelme,Ceuta,Sare-kablea,Sareak,104.72,6
9944,2025-12-14,Marciano Espejo-Garcés,La Coruña,Txartel grafikoa,Osagaiak,1234.37,7
9945,2025-02-26,Guiomar Tirado Benavides,La Coruña,Sare-kablea,Sareak,240.29,4
9946,2026-04-18,Juan Carlos Carro Villena,Toledo,Txartel grafikoa,Osagaiak,1759.69,10
9947,2025-02-07,Marino Cañellas-Pedrero,Huesca,Sagua,Periferikoak,1443.45,3
9948,2024-11-16,Guillermo Pombo Herrero,Cádiz,Sagua,Periferikoak,1171.45,2
9949,2026-02-09,Maura Bayona Larrañaga,Ciudad,Switch-a,Sareak,1529.86,7
9950,2026-01-08,Cruz Iglesia,Baleares,Sare-kablea,Sareak,1113.26,8
9951,2025-07-09,Valentín Marcial Parra Cuenca,Zamora,Txartel grafikoa,Osagaiak,235.87,4
9952,2024-10-16,Anastasio Goicoechea,Baleares,Prozesadorea,Osagaiak,507.26,8
9953,2026-03-05,Rogelio del Borrell,Zaragoza,RAM memoria,Osagaiak,1728.39,4
9954,2025-08-04,Azahar Paca Tena Gelabert,Palencia,Mini PC,Ordenagailuak,1096.3,3
9955,2025-05-16,Anselmo Peinado Correa,Zaragoza,Webkamera,Periferikoak,1984.49,4
9956,2025-05-23,Joel Soler Roig,Badajoz,RAM memoria,Osagaiak,349.53,9
9957,2025-03-13,Matías Llobet Alcalá,Zamora,Teklatua,Periferikoak,555.48,8
9958,2025-01-29,Hernán Suarez,Huesca,RAM memoria,Osagaiak,1953.53,2
9959,2025-05-27,Araceli Fiol Julián,Lleida,Mini PC,Ordenagailuak,301.67,3
9960,2025-05-24,Fabricio Pomares Arribas,Ávila,Monitorea,Periferikoak,1372.98,4
9961,2026-03-05,Georgina Ximena Carballo Fernández,Badajoz,Txartel grafikoa,Osagaiak,1943.23,6
9962,2025-02-19,Micaela Cardona Barrios,Tarragona,RAM memoria,Osagaiak,1638.83,4
9963,2025-02-09,Leandro Lago-Rueda,Almería,Txartel grafikoa,Osagaiak,85.26,1
9964,2025-10-19,José María del Juan,Madrid,Mini PC,Ordenagailuak,299.33,3
9965,2025-09-24,Sarita Badía Calzada,Córdoba,Ordenagailu eramangarria,Ordenagailuak,58.5,10
9966,2026-01-02,Fátima Patiño Castellanos,Palencia,RAM memoria,Osagaiak,6.47,7
9967,2026-02-05,Efraín Sedano Egea,Soria,Sare-kablea,Sareak,1124.91,10
9968,2025-04-14,Carlos Alcántara Ríos,Navarra,Mini PC,Ordenagailuak,520.65,2
9969,2025-02-12,Jerónimo Camps Villalonga,Cantabria,Mini PC,Ordenagailuak,748.95,2
9970,2025-04-02,Domitila Prat Morán,Ceuta,Bideratzailea,Sareak,1755.5,1
9971,2026-06-01,Vicente Canales,Cádiz,SSD diskoa,Osagaiak,1349.15,2
9972,2026-04-15,Chelo Sotelo Ureña,Zaragoza,Bideratzailea,Sareak,382.39,10
9973,2024-10-17,Eufemia Montaña,Granada,SSD diskoa,Osagaiak,1268.46,1
9974,2024-11-24,Alfredo Téllez Perera,Zamora,Sagua,Periferikoak,1106.82,8
9975,2025-11-20,Máxima Figueras,Navarra,Ordenagailu eramangarria,Ordenagailuak,323.11,10
9976,2024-10-09,Isidro de Verdejo,Ciudad,Ordenagailu eramangarria,Ordenagailuak,1578.71,4
9977,2024-12-23,Ciriaco Torres,Castellón,Switch-a,Sareak,347.21,6
9978,2025-12-28,Eustaquio Bayón Aramburu,Murcia,Prozesadorea,Osagaiak,596.85,6
9979,2026-08-15,Nico Pomares Aller,Granada,RAM memoria,Osagaiak,917.61,3
9980,2025-11-18,Casandra Benitez Manjón,Cádiz,Webkamera,Periferikoak,53.21,3
9981,2026-01-21,Tania Cañizares Peñas,Guipúzcoa,Teklatua,Periferikoak,353.57,7
9982,2026-06-01,Victor Manuel Real Vega,Melilla,Bideratzailea,Sareak,1152.36,9
9983,2025-09-02,Vasco Viana Puerta,Huesca,Mahaigaineko ordenagailua,Ordenagailuak,169.65,9
9984,2025-04-19,Osvaldo Baró,Ciudad,Ordenagailu eramangarria,Ordenagailuak,1582.7,3
9985,2026-02-14,Matías Soria Bejarano,León,Ordenagailu eramangarria,Ordenagailuak,120.96,6
9986,2026-01-18,Urbano Silvestre Campoy Hoyos,Madrid,Teklatua,Periferikoak,560.54,5
9987,2024-11-28,Marco Sastre,Barcelona,SSD diskoa,Osagaiak,723.64,9
9988,2024-12-26,Petrona Barba Ugarte,Córdoba,RAM memoria,Osagaiak,1959.28,3
9989,2026-02-01,Berto Cases Aramburu,Salamanca,Bideratzailea,Sareak,1362.67,8
9990,2026-01-16,Candelaria Morán Lumbreras,Palencia,Bideratzailea,Sareak,1694.56,10
9991,2025-01-01,Curro Pereira Campillo,Huelva,Txartel grafikoa,Osagaiak,261.36,8
9992,2026-03-23,Albert Rozas-Capdevila,Málaga,Webkamera,Periferikoak,387.9,8
9993,2025-06-23,Elisabet Gárate Lobo,Navarra,Switch-a,Sareak,67.56,3
9994,2024-11-26,Curro Iglesias-Ropero,Huelva,Webkamera,Periferikoak,1635.97,9
9995,2024-10-09,Ricardo Martí Cepeda,Córdoba,Sare-kablea,Sareak,190.3,4
9996,2024-10-13,Nuria de Juliá,Cuenca,Wi-Fi egokigailua,Sareak,1886.6,7
9997,2025-03-10,Chelo Donaire Maza,Álava,Switch-a,Sareak,897.49,8
9998,2025-04-04,Alcides Bayona Roma,Lugo,Mahaigaineko ordenagailua,Ordenagailuak,372.64,6
9999,2026-03-24,Ofelia Fiol Bejarano,Zamora,Wi-Fi egokigailua,Sareak,249.52,5
10000,2025-09-19,Rebeca Oller Tejero,Salamanca,RAM memoria,Osagaiak,1300.2,9
